uncompressed_kv_memory_gb,token_budget,retained_context_tokens,retained_kv_memory_gb,answer_prefix,memory_budget,task,memory_budget_unit,uncompressed_kv_memory_mb,question,answers,kv_memory_per_token_kb,compression_ratio,split,retained_kv_memory_mb,context_tokens,predicted_answer,max_new_tokens
3.122855936,15258.0,15258.0,0.999948288,Final Answer: ,1.0,musique_32k,GB,3122.855936,"====== Now let's start! ======
Based on the documents above, can you answer the following query? Print out the TITLE and ID of the documents you use to answer. Then format the answers into a list.
query: How many times did plague occur in the birth city of the composer of Nulla in mundo pax sincera?
",['22'],65.536,0.6797968563094163,dev,999.948288,47651.0,"22

**Documents Used:**
TITLE: Black Death | ID: 166
TITLE: Pope John XXIII | ID: 166 (Note: The composer of *Nulla in mundo pax sincera* is Antonio Vivaldi, who was born in Venice. Document 166 states: ""Plague occurred in Venice 22 times between 1361 and 1528."")

*Correction on Document ID for Vivaldi's birthplace:* The provided text does not explicitly state Vivaldi's birthplace in a separate document, but Document 166 mentions Venice in the context of the plague. Document 97 mentions Vivaldi's opera *Orlando furioso* was performed in Venice, and Document 166 mentions the plague in Venice. The query relies on external knowledge that Vivaldi was born in Venice, which is then cross-referenced with Document 166.

*Refined Document List based strictly on provided text:*
The provided text does not explicitly state ""Antonio Vivaldi was born in Venice"". However, Document 97 mentions ""Teatro San Angelo, Venice 1714"" in relation to Vivaldi",256
3.122855936,15258.0,15258.0,0.999948288,Final Answer: ,1.0,musique_32k,GB,3122.855936,"====== Now let's start! ======
Based on the documents above, can you answer the following query? Print out the TITLE and ID of the documents you use to answer. Then format the answers into a list.
query: What does seal stand for in the U.S. military branch that operates a list of destroyer classes and the USS Stag?
","['Sea, Air, and Land']",65.536,0.6797968563094163,dev,999.948288,47651.0," ['Sea, Air, and Land']

**Documents Used:**
TITLE: List of destroyer classes of the United States Navy | ID: 132
TITLE: USS Stag (AW-1) | ID: 281
TITLE: United States Navy SEALs | ID: 131",256
3.122855936,15258.0,15258.0,0.999948288,Final Answer: ,1.0,musique_32k,GB,3122.855936,"====== Now let's start! ======
Based on the documents above, can you answer the following query? Print out the TITLE and ID of the documents you use to answer. Then format the answers into a list.
query: When did the political party Alaska generally supports take control of the determiner of rules of the US House and US Senate?
",['January 2015'],65.536,0.6797968563094163,dev,999.948288,47651.0,"2014

**Documents Used:**
*   TITLE: 114th United States Congress | ID: 64
*   TITLE: Standing Rules of the United States Senate | ID: 62
*   TITLE: 2014 United States Senate elections | ID: 63

**Reasoning:**
1.  **Identify the political party Alaska generally supports:** While the documents do not explicitly state Alaska's voting history, it is a well-known fact that Alaska generally supports the Republican Party (often referred to as the ""Red"" state). The query implies identifying the party that took control of the legislative bodies.
2.  **Identify the ""determiner of rules"":** Document 62 states that the ""Standing Rules of the Senate are the parliamentary procedures adopted by the United States Senate"" and that the Senate's power to establish rules derives from the Constitution. Similarly, the House of Representatives determines its own rules. Thus, the ""determiner of rules"" refers to the US Senate and the US House of Representatives.
3.  **Find when this party took control:** Document 64 states, ""The 2014 elections gave the Republicans control of the Senate (",256
3.122855936,15258.0,15258.0,0.999948288,Final Answer: ,1.0,musique_32k,GB,3122.855936,"====== Now let's start! ======
Based on the documents above, can you answer the following query? Print out the TITLE and ID of the documents you use to answer. Then format the answers into a list.
query: Who won the 1993 Indy Car Race in the largest city of the state where the library district and the city of Yuma share the same county?
",['Mario Andretti'],65.536,0.6797968563094163,dev,999.948288,47651.0,"1993 Indy Car Race winner is not mentioned in the provided documents. The documents mention Mario Andretti's final career victory in 1993 at Phoenix, but do not explicitly state he won the 1993 Indy Car Race in the largest city of the state where the library district and the city of Yuma share the same county.

However, based on the documents:
- **Yuma County Library District** (ID: 122) serves the population of **Yuma County, Arizona**.
- **Yuma, Colorado** (ID: 121) is in Yuma County, Colorado, but the query asks about the state where the library district and the city of Yuma share the same county. The library district is in Arizona, and there is a city of Yuma in Arizona (implied by the library district serving Yuma County, Arizona). The largest city in Arizona is **Phoenix** (ID: 170).
- **Desert Diamond West Valley Phoenix Grand Prix** (ID: 169) mentions that **Mario Andretti** had his final career victory in **1993** at Phoenix.

Therefore, the answer is Mario Andretti.

",256
3.122855936,15258.0,15258.0,0.999948288,Final Answer: ,1.0,musique_32k,GB,3122.855936,"====== Now let's start! ======
Based on the documents above, can you answer the following query? Print out the TITLE and ID of the documents you use to answer. Then format the answers into a list.
query: What is the capital of the county that shares a border with the county where KRSU is licensed to broadcast?
",['Green Bay'],65.536,0.6797968563094163,dev,999.948288,47651.0,"1. KRSU (FM) | ID: 62
2. The document states KRSU is licensed to Appleton, Minnesota.
3. The document does not explicitly state which counties border the county where Appleton is located (Anoka County), nor does it list the capital of any neighboring county.
4. However, based on general geographical knowledge (which is not in the text), Appleton is in Anoka County. Neighboring counties include Hennepin, Ramsey, Isanti, Chisago, Sherburne, and Wright. The capitals (county seats) are Minneapolis, Saint Paul, Cambridge, Center City, Elbow Lake, and Buffalo respectively.
5. Since the provided text does not contain the answer to ""What is the capital of the county that shares a border..."", and the instructions require answering *based on the documents*, the answer cannot be derived strictly from the provided text.
6. *Correction*: Let's re-read the query and documents carefully. Is there a trick?
   - Document 62: ""KRSU (88.5 FM) is a radio station licensed to Appleton, Minnesota.""
   - No other document mentions Appleton, Minnesota, or its neighboring",256
3.122855936,15258.0,15258.0,0.999948288,Final Answer: ,1.0,musique_32k,GB,3122.855936,"====== Now let's start! ======
Based on the documents above, can you answer the following query? Print out the TITLE and ID of the documents you use to answer. Then format the answers into a list.
query: What is the deepest part of the ocean, near the state, where the county that holds the city of Winchester is found?
",['Milwaukee Deep'],65.536,0.6797968563094163,dev,999.948288,47651.0,"1. TITLE: Winchester, Illinois | ID: 261
2. TITLE: Mariana Trench | ID: N/A (Note: The provided documents do not contain information about the deepest part of the ocean. The query asks for a fact not present in the text. However, based on general knowledge, the deepest part of the ocean is the Mariana Trench, which is in the Pacific Ocean, near the state of California. The city of Winchester is in Illinois. The question seems to imply a connection that isn't supported by the text or geography (Illinois is landlocked). If the question implies ""near the state"" refers to a state near the deepest part of the ocean, and the county holding Winchester is in that state, there is a contradiction. Winchester is in Illinois. Illinois is not near the ocean. Therefore, the premise of the question ""near the state, where the county that holds the city of Winchester is found"" is geographically flawed if it implies the deepest part of the ocean is near Illinois.

Let's re-read the query carefully: ""What is the deepest part of the ocean, near the state, where the county that holds the city of Winchester is found?""

1.  **Identify the city of Winchester:**",256
3.122855936,15258.0,15258.0,0.999948288,Final Answer: ,1.0,musique_32k,GB,3122.855936,"====== Now let's start! ======
Based on the documents above, can you answer the following query? Print out the TITLE and ID of the documents you use to answer. Then format the answers into a list.
query: What is the largest medical school in the nation where, along with the country of citizenship of the mother of Marie Antoinette, many expelled French Jews relocated?
",['Medical University of Warsaw'],65.536,0.6797968563094163,dev,999.948288,47651.0,"1. **Austria** (The mother of Marie Antoinette was Maria Theresa, who was the Empress of Austria. The document ""Austria"" is not explicitly in the list, but the query implies a country where French Jews relocated. However, looking at the provided documents, there is no document about Austria or the relocation of French Jews to a specific country mentioned in the text. Let's re-read the documents carefully to see if I missed a connection.)

*Correction*: I need to find the country based on the documents provided.
1.  **Mother of Marie Antoinette**: Marie Antoinette's mother was **Maria Theresa**, who was the Empress of **Austria**.
2.  **Relocation of French Jews**: The query asks for a nation where ""along with the country of citizenship of the mother of Marie Antoinette"" (Austria), many expelled French Jews relocated. This implies the answer is **Austria** or a country associated with it in the text.
3.  **Scanning documents for ""Austria"" or ""French Jews""**:
    *   ID 159: ""Near East"" - No.
    *   ID 160: ""Geography of",256
3.122855936,15258.0,15258.0,0.999948288,Final Answer: ,1.0,musique_32k,GB,3122.855936,"====== Now let's start! ======
Based on the documents above, can you answer the following query? Print out the TITLE and ID of the documents you use to answer. Then format the answers into a list.
query: In what region of Germany is the district where a sermon on Marian devotion was preached by the man who wanted to reform the religion of Victor Razafimahatratra?
",['Saxony-Anhalt'],65.536,0.6797968563094163,dev,999.948288,47651.0,"1. **Victor Razafimahatratra** (ID: 272) - Identifies the religion as the Roman Catholic Church.
2. **Reformation** (ID: 216) - Identifies Martin Luther as the man who started the Reformation to reform the Catholic Church.
3. **César Gabriel de Choiseul** (ID: 269) - This document mentions Vienna and Francis I, but does not contain the answer.
4. **Wittenberg (district)** (ID: 287) - Identifies Wittenberg as a district in the east of **Saxony-Anhalt**, Germany. (Note: While the document doesn't explicitly mention a sermon on Marian devotion by Luther, Wittenberg is historically the location where Luther preached and posted his 95 Theses, and the question implies a connection between Luther, the Reformation, and a specific German district. The only German district mentioned in the text is Wittenberg).

Wait, let me re-read the documents carefully to ensure the link between ""sermon on Marian devotion"" and the specific district is supported by the text provided, or if I need to infer based on general knowledge triggered by the",256
3.122855936,15258.0,15258.0,0.999948288,Final Answer: ,1.0,musique_32k,GB,3122.855936,"====== Now let's start! ======
Based on the documents above, can you answer the following query? Print out the TITLE and ID of the documents you use to answer. Then format the answers into a list.
query: Who runs the school system in the country that is the natural boundary between the country that hosted the tournament and the country where That Dam is located?
",['the Ministry of Education'],65.536,0.6797968563094163,dev,999.948288,47651.0,"1. **2020 AFC U-23 Championship qualification** (ID: 67) - Identifies the host country of the tournament as **Thailand**.
2. **That Dam** (ID: 66) - Identifies the location of That Dam as **Laos**.
3. **Geography of Myanmar** (ID: 69) - States that **Myanmar** (also known as Burma) borders both **Thailand** and **Laos**, making it the natural boundary between them.
4. **Myanmar** (ID: 37) - States that the educational system of Myanmar is operated by the government agency, the **Ministry of Education**.

Answer: ['Ministry of Education']",256
3.122855936,15258.0,15258.0,0.999948288,Final Answer: ,1.0,musique_32k,GB,3122.855936,"====== Now let's start! ======
Based on the documents above, can you answer the following query? Print out the TITLE and ID of the documents you use to answer. Then format the answers into a list.
query: Which university has more national championships, university of the state having Fort Hill or university of the state whose primary was won by Edwards besides the state having WEKL?
",['University of South Carolina'],65.536,0.6797968563094163,dev,999.948288,47651.0,"10

**Documents Used:**
TITLE: Fort Hill (Clemson, South Carolina) | ID: 312
TITLE: Clemson–South Carolina rivalry | ID: 315
TITLE: WEKL | ID: 200

**Reasoning:**
1.  **Identify the university in the state having Fort Hill:** Document 312 states that ""Fort Hill... is a National Historic Landmark on the **Clemson University** campus in **Clemson, South Carolina**."" So, the university is Clemson University.
2.  **Identify the university in the state whose primary was won by Edwards besides the state having WEKL:**
    *   Document 200 states that **WEKL** is a radio station in **Springfield, Ohio**. So, the state to exclude is Ohio.
    *   The query refers to a ""primary"" won by ""Edwards"". While the documents do not explicitly mention ""Edwards"" winning a primary, the context of the comparison in Document 315 (""Clemson–South Carolina rivalry"") suggests the other university is the **University of South Carolina** (located in South Carolina, the same state as Clemson,",256
3.122855936,15258.0,15258.0,0.999948288,Final Answer: ,1.0,musique_32k,GB,3122.855936,"====== Now let's start! ======
Based on the documents above, can you answer the following query? Print out the TITLE and ID of the documents you use to answer. Then format the answers into a list.
query: What is the great mosque constructed at the site of the old temple in the city originating christianity in Rome, Egypt, Judea and the country for Vasilopita?
",['Al - Aqsa Mosque'],65.536,0.6797968563094163,test,999.948288,47651.0,"1. Al-Aqsa Mosque | ID: 204
2. Vasilopita | ID: 206
3. Early centers of Christianity | ID: 205

The query asks for the name of a great mosque constructed at the site of an old temple in a city associated with the origins of Christianity (Jerusalem), Rome, Egypt, Judea, and the country where Vasilopita is eaten (Greece).

*   **Vasilopita** (ID: 206) is a bread/cake associated with **Greece**.
*   **Early centers of Christianity** (ID: 205) mentions that early Christians gathered in **Jerusalem** (implied by ""dispersed from Jerusalem"") and that the Apostolic sees claim to have been founded there. The query lists ""Rome, Egypt, Judea"" which are regions/cities associated with early Christianity, but the specific city where a mosque was built on a temple site is Jerusalem.
*   **Al-Aqsa Mosque** (ID: 204) is described as being located in the **Old City of Jerusalem**. It states that the site is historically known as the Al-Aqsa",256
3.122855936,15258.0,15258.0,0.999948288,Final Answer: ,1.0,musique_32k,GB,3122.855936,"====== Now let's start! ======
Based on the documents above, can you answer the following query? Print out the TITLE and ID of the documents you use to answer. Then format the answers into a list.
query: What label was bought in the UK by the other major New York broadcast that is in addition to ABC, and the one who released Stand Against Fear?
",['Oriole Records.'],65.536,0.6797968563094163,test,999.948288,47651.0,"59,039

**Step-by-step derivation:**

1.  **Identify the ""other major New York broadcast that is in addition to ABC"":**
    *   According to **Document 26 (New York City)**, the three major American broadcast networks headquartered in New York are **ABC**, **CBS**, and **NBC**.
    *   The query asks for the one *in addition to ABC*. This leaves CBS and NBC.
    *   The query adds a condition: ""and the one who released Stand Against Fear"".
    *   *Self-Correction/Verification*: The phrase ""Stand Against Fear"" is not explicitly mentioned in the provided text snippets. However, looking at the context of the previous examples and the specific phrasing, this might be a trick or a reference to a specific event not fully detailed in the text, OR it refers to a specific network known for a specific release. Let's re-read the documents carefully.
    *   Wait, let's look at **Document 25 (Sony Music)**. It mentions: ""In 1964, CBS established its own UK distribution with the acquisition of **Oriole Records**.""
    *   Let's check the other networks.",256
3.122855936,15258.0,15258.0,0.999948288,Final Answer: ,1.0,musique_32k,GB,3122.855936,"====== Now let's start! ======
Based on the documents above, can you answer the following query? Print out the TITLE and ID of the documents you use to answer. Then format the answers into a list.
query: When did the rx 350 model of the luxury division of the company that built Daihatsu boon change body style?
",['Sales began worldwide in April 2012'],65.536,0.6797968563094163,test,999.948288,47651.0,"1973 oil crisis | ID: 6
TITLE: Lexus RX | ID: 29
TITLE: Daihatsu Boon | ID: 30

Based on the provided documents, there is no information regarding when the **Lexus RX 350** (the model in question) changed its body style.

Here is the breakdown of the information found in the documents:
*   **Daihatsu Boon** (ID: 30) is produced by **Daihatsu**, which is a Japanese automaker. The document mentions it is sold as the ""Toyota Passo"" at ""Toyota Corolla Store"" dealerships, implying a relationship with Toyota.
*   **Lexus** is the luxury division of **Toyota** (ID: 6 mentions Toyota established its luxury division, Lexus).
*   **Lexus RX** (ID: 29) mentions the **RX 350** and **RX 450h** models. It states that a facelift was designed in late 2010, unveiled in March 2012, and sales began in April 2012. It also mentions the introduction of the F Sport variant in July",256
3.122855936,15258.0,15258.0,0.999948288,Final Answer: ,1.0,musique_32k,GB,3122.855936,"====== Now let's start! ======
Based on the documents above, can you answer the following query? Print out the TITLE and ID of the documents you use to answer. Then format the answers into a list.
query: What year did the Governor of the city where the basilica named after the same saint as the one that Mantua Cathedral is dedicated to die?
",['1952'],65.536,0.6797968563094163,test,999.948288,47651.0,"1952

**Documents Used:**
TITLE: Governor of Vatican City | ID: 36
TITLE: Đakovo Cathedral | ID: 35 (Used to identify the saint, though the query implies knowledge of Mantua Cathedral's dedication to St. Peter, which is confirmed by the context of St. Peter's Basilica in ID 37).
TITLE: St. Peter's Basilica | ID: 37 (Confirms the basilica is named after St. Peter).

**Reasoning:**
1.  **Identify the Saint:** The query asks about a basilica named after the same saint as Mantua Cathedral. Mantua Cathedral (Cattedrale di San Pietro) is dedicated to **St. Peter**.
2.  **Identify the Basilica and City:** The document ""St. Peter's Basilica"" (ID: 37) states it is located in **Vatican City**.
3.  **Identify the Governor:** The document ""Governor of Vatican City"" (ID: 36) discusses the post of Governor of Vatican City.
4.  **Find the Death Year:** The document states that the post was held by **Marchese Camillo Sera",256
3.122855936,15258.0,15258.0,0.999948288,Final Answer: ,1.0,musique_32k,GB,3122.855936,"====== Now let's start! ======
Based on the documents above, can you answer the following query? Print out the TITLE and ID of the documents you use to answer. Then format the answers into a list.
query: What UK label was bought by the company which, along with ABC and the network which broadcasted Hello, Larry, is the other major broadcaster based in NY?
",['Oriole Records.'],65.536,0.6797968563094163,test,999.948288,47651.0,"59,039

**Step-by-step derivation:**

1.  **Identify the network that broadcasted *Hello, Larry*:**
    *   According to **Document 27** (*Hello, Larry*), the show ""aired on **NBC**"".
2.  **Identify the major broadcasters based in New York:**
    *   According to **Document 26** (*New York City*), ""The three major American broadcast networks are all headquartered in New York: **ABC**, **CBS**, and **NBC**.""
    *   The query asks for the company that is ""along with ABC and the network which broadcasted *Hello, Larry* (NBC)"".
    *   Therefore, the company in question is **CBS**.
3.  **Identify the UK label bought by CBS:**
    *   According to **Document 25** (*Sony Music*), ""In 1964, **CBS** established its own UK distribution with the acquisition of **Oriole Records**.""

**Documents Used:**
*   TITLE: Hello, Larry | ID: 27
*   TITLE: New York City | ID: 26
*   TITLE: Sony Music | ID",256
3.122855936,15258.0,15258.0,0.999948288,Final Answer: ,1.0,musique_32k,GB,3122.855936,"====== Now let's start! ======
Based on the documents above, can you answer the following query? Print out the TITLE and ID of the documents you use to answer. Then format the answers into a list.
query: What year did the country where Siddhi Savetsila was born form an alliance with Japan?
",['1941'],65.536,0.6797968563094163,test,999.948288,47651.0,"1941

Documents used:
TITLE: Siddhi Savetsila | ID: 78
TITLE: Pacific War | ID: 81

**Reasoning:**
1.  **Identify the birthplace:** According to document **ID: 78** (""Siddhi Savetsila""), Siddhi Savetsila was born in **Bangkok**. Bangkok is the capital of **Thailand**.
2.  **Identify the alliance year:** According to document **ID: 81** (""Pacific War""), the authoritarian government of **Thailand** formed a temporary alliance with **Japan** in **1941**.",256
3.122855936,15258.0,15258.0,0.999948288,Final Answer: ,1.0,musique_32k,GB,3122.855936,"====== Now let's start! ======
Based on the documents above, can you answer the following query? Print out the TITLE and ID of the documents you use to answer. Then format the answers into a list.
query: The Beach was filmed in what location of the country that contains the birth city of Siddhi Savetsila?
",['island Koh Phi Phi'],65.536,0.6797968563094163,test,999.948288,47651.0,"1. The Beach (film) | ID: 79
2. Siddhi Savetsila | ID: 80
3. Bang Bon District | ID: 80 (Note: While Bang Bon is a district in Bangkok, the query asks for the location where the film was filmed, which is explicitly stated in document 79 as ""the Thai island Koh Phi Phi"". Document 80 confirms Bangkok is in Thailand, and Document 80 is not strictly needed for the final answer location, but Document 79 and 80 establish the country connection. Actually, Document 80 is about Bang Bon, not needed for the country. Document 79 says ""Thai island Koh Phi Phi"". Document 80 says Siddhi Savetsila was born in Bangkok. Bangkok is in Thailand. So the country is Thailand. The location is Koh Phi Phi.)

Let's re-verify the documents used.
- Document 79: ""The Beach is a 2000 English - language drama film... It was filmed on the Thai island Koh Phi Phi.""
- Document 80: ""Siddhi Savetsila was born in Bangkok."" (Bangkok is the capital of Thailand).
-",256
3.122855936,15258.0,15258.0,0.999948288,Final Answer: ,1.0,musique_32k,GB,3122.855936,"====== Now let's start! ======
Based on the documents above, can you answer the following query? Print out the TITLE and ID of the documents you use to answer. Then format the answers into a list.
query: Arie Supriyatna's birth country was one participant in a Commission of Truth and Friendship. Who is the president of the other country that participated?
",['Francisco Guterres'],65.536,0.6797968563094163,test,999.948288,47651.0," ['Francisco Guterres']

**Documents Used:**
TITLE: Arie Supriyatna | ID: 219
TITLE: Indonesia–Timor Leste Commission of Truth and Friendship | ID: 220
TITLE: East Timor | ID: 218",256
3.122855936,15258.0,15258.0,0.999948288,Final Answer: ,1.0,musique_32k,GB,3122.855936,"====== Now let's start! ======
Based on the documents above, can you answer the following query? Print out the TITLE and ID of the documents you use to answer. Then format the answers into a list.
query: What is the meaning of the word that is also a majority religion in the area that became India when the country that withdrew its forces was created in the Arabic dictionary?
",['the country of India'],65.536,0.6797968563094163,test,999.948288,47651.0,"1. **Indo-Pakistani War of 1947–1948** (ID: 234) - This document states that ""Pakistan came into being... India was formed out of the majority Hindu regions of British India"" and that Pakistan withdrew its forces.
2. **Hindus** (ID: 230) - This document states that ""The word Hindu is derived from the Indo - Aryan and Sanskrit word Sindhu, which means ``a large body of water '', covering`` river, ocean''"" and that ""The Arabic equivalent Al - Hind likewise referred to the country of India.""

The word is ""Hindu"" (or ""Al-Hind"" in Arabic context referring to the country, but the question asks for the meaning of the word that is the majority religion, which is ""Hindu""). The document states the word ""Hindu"" means ""a large body of water"", covering ""river, ocean"".

Final Answer: ['a large body of water']",256
3.122855936,15258.0,15258.0,0.999948288,Final Answer: ,1.0,musique_32k,GB,3122.855936,"====== Now let's start! ======
Based on the documents above, can you answer the following query? Print out the TITLE and ID of the documents you use to answer. Then format the answers into a list.
query: Widely practiced in the region having the second largest rain-forest in the world, how long ago did this religion arrive in Zhejiang?
","['1,400 years']",65.536,0.6797968563094163,test,999.948288,47651.0,"1,400 years ago

Documents used:
TITLE: Southeast Asia | ID: 156
TITLE: Zhejiang | ID: 157",256
3.122855936,15258.0,15258.0,0.999948288,Final Answer: ,1.0,musique_32k,GB,3122.855936,"====== Now let's start! ======
Based on the documents above, can you answer the following query? Print out the TITLE and ID of the documents you use to answer. Then format the answers into a list.
query: What is the name of the famous bridge in the city where the composer of La Silvia was born?
",['Rialto Bridge'],65.536,0.6797968563094163,test,999.948288,47651.0,"1. Rialto Bridge
2. La Silvia | ID: 99
3. Rialto Bridge | ID: 98

**Reasoning:**
1.  **Identify the composer:** According to the document **La Silvia** (ID: 99), the opera *La Silvia* was composed by **Antonio Vivaldi**.
2.  **Identify the city of birth:** While the document *La Silvia* does not explicitly state Vivaldi's birthplace, the document **Rialto Bridge** (ID: 98) mentions the bridge is in **Venice**, and the document **Pope John XXIII** (ID: 96) mentions Vivaldi's connection to Venice (though it discusses Pope Roncalli, the context of Venetian history often links Vivaldi to Venice, and the Rialto Bridge is the famous bridge in Venice). *Correction*: The document **Rialto Bridge** (ID: 98) states it is in **Venice**. Antonio Vivaldi is historically known to be born in Venice. The query asks for the famous bridge in the city where the composer was born.
3.  **Identify the bridge:**",256
3.122855936,15258.0,15258.0,0.999948288,Final Answer: ,1.0,musique_32k,GB,3122.855936,"====== Now let's start! ======
Based on the documents above, can you answer the following query? Print out the TITLE and ID of the documents you use to answer. Then format the answers into a list.
query: When did the merchant of the city where the composer of Al gran sole carico d'amore takes place?
",['16th - century'],65.536,0.6797968563094163,test,999.948288,47651.0,"1596-1599

**Documents Used:**
TITLE: Al gran sole carico d'amore | ID: 196
TITLE: The Merchant of Venice | ID: 195

**Reasoning:**
1.  **Identify the composer:** According to document **ID: 196**, the opera *Al gran sole carico d'amore* has music by **Luigi Nono**.
2.  **Identify the city:** The query asks about the city where the composer takes place. However, looking at the phrasing ""merchant of the city where the composer of Al gran sole carico d'amore takes place"", this seems to be a trick or a misinterpretation of the documents. Let's re-read carefully.
    *   Document **ID: 196** states the opera is by Luigi Nono. It does not mention a specific city where the *composer* takes place, other than implying a connection to the libretto writers or the premiere (Teatro alla Scala in Milan).
    *   Let's look at the other part of the query: ""merchant of the city"". Document **ID: 195** is titled *The Merchant of Venice*.",256
3.122855936,15258.0,15258.0,0.999948288,Final Answer: ,1.0,musique_32k,GB,3122.855936,"====== Now let's start! ======
Based on the documents above, can you answer the following query? Print out the TITLE and ID of the documents you use to answer. Then format the answers into a list.
query: Who is the president of the newly declared independent country that formed the Timor Leste Commission of Truth and Friendship with the country where Pantar is found?
",['Francisco Guterres'],65.536,0.6797968563094163,test,999.948288,47651.0," ['Francisco Guterres']

**Documents Used:**
TITLE: Indonesia–Timor Leste Commission of Truth and Friendship | ID: 220
TITLE: Blagar language | ID: 221
TITLE: East Timor | ID: 218",256
3.122855936,15258.0,15258.0,0.999948288,Final Answer: ,1.0,musique_32k,GB,3122.855936,"====== Now let's start! ======
Based on the documents above, can you answer the following query? Print out the TITLE and ID of the documents you use to answer. Then format the answers into a list.
query: What is the name of the famous bridge in the place of birth of who composed the Concerto in C Major Op 3 6?
",['Rialto Bridge'],65.536,0.6797968563094163,test,999.948288,47651.0,"1. Rialto Bridge
2. Antonio Vivaldi
3. Venice

Based on the documents:
- **Document ID 101 (Mandolin)** states: ""Antonio Vivaldi composed a mandolin concerto (Concerto in C major Op.3 6)...""
- **Document ID 98 (Rialto Bridge)** states: ""The Rialto Bridge... is the oldest of the four bridges spanning the Grand Canal in Venice, Italy.""
- **Document ID 97 (Orlando furioso)** and **Document ID 98** imply Vivaldi's connection to Venice (Document 97 mentions ""Teatro San Angelo, Venice 1714"" and Document 98 mentions the bridge is in Venice). While the documents don't explicitly state ""Vivaldi was born in Venice,"" they establish his strong association with the city (performing there, the bridge being a famous landmark there). The query asks for the famous bridge in the place of birth of the composer. The composer is Antonio Vivaldi. The place associated with him in the text is Venice. The famous bridge in Venice mentioned is the Rialto Bridge.

*Self-Correction/Refinement",256
3.122855936,15258.0,15258.0,0.999948288,Final Answer: ,1.0,musique_32k,GB,3122.855936,"====== Now let's start! ======
Based on the documents above, can you answer the following query? Print out the TITLE and ID of the documents you use to answer. Then format the answers into a list.
query: Where do greyhound buses leave from the in the city where the headquarters of the production company which produced A Cosmic Christmas is located?
",['Toronto Coach Terminal'],65.536,0.6797968563094163,test,999.948288,47651.0,"1. The query asks for the departure location of Greyhound buses in the city where the headquarters of the production company that produced ""A Cosmic Christmas"" is located.
2. The provided documents do not contain information about the film ""A Cosmic Christmas"", its production company, or the location of that company's headquarters.
3. The provided documents do not contain information about Greyhound bus departure locations in any specific city, except for a mention of the ""Toronto Coach Terminal"" being leased to ""Greyhound Canada"" in Toronto (Document 53), but there is no link established between Toronto and ""A Cosmic Christmas"" in the text.
4. Therefore, the query cannot be answered based on the provided documents.

Final Answer: ['Information not available in the provided documents']",256
3.122855936,15258.0,15258.0,0.999948288,Final Answer: ,1.0,musique_32k,GB,3122.855936,"====== Now let's start! ======
Based on the documents above, can you answer the following query? Print out the TITLE and ID of the documents you use to answer. Then format the answers into a list.
query: Who was a prominent figure at the radio division of the network that created the version of The Biggest Loser set in the country where Seria is?
",['Walter Sabo'],65.536,0.6797968563094163,test,999.948288,47651.0," ['Walter Sabo']

**Documents Used:**
*   TITLE: Seria, Belait | ID: 24
*   TITLE: The Biggest Loser Brunei: Lose It All | ID: 4
*   TITLE: Adult contemporary music | ID: 5

**Reasoning:**
1.  **Identify the country:** According to **ID: 24**, ""Seria is a mukim in the Belait District of **Brunei**.""
2.  **Identify the network:** According to **ID: 4**, ""The Biggest Loser Brunei... is the Bruneian version of the **NBC** reality television series The Biggest Loser.""
3.  **Identify the prominent figure:** According to **ID: 5**, ""**Walter Sabo** and his team at **NBC** brought in major personalities from the AM Band to the FM Band..."" making him a prominent figure at the radio division of that network.",256
3.122855936,15258.0,15258.0,0.999948288,Final Answer: ,1.0,musique_32k,GB,3122.855936,"====== Now let's start! ======
Based on the documents above, can you answer the following query? Print out the TITLE and ID of the documents you use to answer. Then format the answers into a list.
query: What were the Genesis's advantages over the platform that plays Drac's Night Out?
",['built on 16-bit architectures and offered improved graphics and sound'],65.536,0.6797968563094163,test,999.948288,47651.0,"1. **Drac's Night Out** (ID: 125) - This document states that *Drac's Night Out* was produced for the **Nintendo Entertainment System** (NES).
2. **Scion (automobile)** (ID: 7) - This document is irrelevant to the query.
3. **Scion xB** (ID: 31) - This document is irrelevant to the query.
4. **South Central Coast** (ID: 32) - This document is irrelevant to the query.
5. **Super Nintendo Entertainment System** (ID: 126) - This document states that the **Genesis** (along with the TurboGrafx-16) was built on **16-bit architectures** and offered **improved graphics and sound** over the **8-bit NES**.

Based on the documents, the Genesis's advantages over the platform that plays *Drac's Night Out* (the NES) were that it was built on a **16-bit architecture** (compared to the NES's 8-bit) and offered **improved graphics and sound**.

Final Answer: ['improved graphics and sound', '16-bit architecture']",256
3.122855936,15258.0,15258.0,0.999948288,Final Answer: ,1.0,musique_32k,GB,3122.855936,"====== Now let's start! ======
Based on the documents above, can you answer the following query? Print out the TITLE and ID of the documents you use to answer. Then format the answers into a list.
query: When was the Palau de la Generalitat constructed in the city where Martin of the place where Castiliscar is located died?
",['built in the 15th century'],65.536,0.6797968563094163,test,999.948288,47651.0,"15th century

**Documents Used:**
TITLE: Castiliscar | ID: 49
TITLE: Martin of Aragon | ID: 51
TITLE: Gothic architecture | ID: 50

**Reasoning:**
1.  **Identify the location of Castiliscar:** According to document **ID: 49**, Castiliscar is a municipality in the province of Zaragoza, Aragon, **Spain**.
2.  **Identify ""Martin of the place"":** The query refers to ""Martin of the place where Castiliscar is located"". Castiliscar is in Aragon. Document **ID: 51** describes **Martin of Aragon** (also known as Martin the Humane).
3.  **Identify where Martin of Aragon died:** Document **ID: 51** states Martin of Aragon was King of Aragon, Valencia, Sardinia, Corsica, and Count of **Barcelona**. While the document doesn't explicitly state the city of death, historical context (and the title ""Count of Barcelona"") implies his connection to Barcelona. The query asks for the city where he died. Martin of Aragon died in **Barcelona** (",256
3.122855936,15258.0,15258.0,0.999948288,Final Answer: ,1.0,musique_32k,GB,3122.855936,"====== Now let's start! ======
Based on the documents above, can you answer the following query? Print out the TITLE and ID of the documents you use to answer. Then format the answers into a list.
query: When did the U.S. and the country in effective control of political and military functions of the group the People's Socialist Republic of Albania was a member of become allies?
",['June 1941'],65.536,0.6797968563094163,test,999.948288,47651.0,"1941

**Documents Used:**
TITLE: Allies of World War II | ID: 192
TITLE: Warsaw Pact | ID: 193
TITLE: Hero of Socialist Labour (Albania) | ID: 194

**Reasoning:**
1.  **Identify the group:** The query mentions the ""People's Socialist Republic of Albania"" was a member of a group. Document 194 states that ""Hero of Socialist Labour"" was an honorary title in ""Albania and other Warsaw Pact countries,"" implying Albania was a member of the **Warsaw Pact**.
2.  **Identify the country in control:** Document 193 states that regarding the Warsaw Pact, ""the USSR dominated the Warsaw Treaty armed forces"" and controlled the military forces of member countries. Thus, the country in effective control is the **Soviet Union (USSR)**.
3.  **Determine when the U.S. and the USSR became allies:** Document 192 states that the Soviet Union ""officially joined the Allies in **June 1941** after being invaded by Germany."" The United States was already part of the Allies (joining officially in December 19",256
3.122855936,15258.0,15258.0,0.999948288,Final Answer: ,1.0,musique_32k,GB,3122.855936,"====== Now let's start! ======
Based on the documents above, can you answer the following query? Print out the TITLE and ID of the documents you use to answer. Then format the answers into a list.
query: What team does the person who hit the first home run at the new stadium in South Bronx play for?
",['New York Yankees'],65.536,0.6797968563094163,test,999.948288,47651.0,"1. **Yankee Stadium** (ID: 189) - This document states that ""Jorge Posada hit the first Yankee home run in the new ballpark"" (referring to the new Yankee Stadium).
2. **Jorge Posada** (ID: 191) - This document states that Jorge Posada ""played 17 seasons in Major League Baseball (MLB) for the New York Yankees.""
3. **The Bronx** (ID: 190) - This document confirms that ""Yankee Stadium"" is located in ""The South Bronx"".

The person who hit the first home run at the new stadium in the South Bronx is Jorge Posada, and he played for the **New York Yankees**.

['New York Yankees']",256
3.122855936,15258.0,15258.0,0.999948288,Final Answer: ,1.0,musique_32k,GB,3122.855936,"====== Now let's start! ======
Based on the documents above, can you answer the following query? Print out the TITLE and ID of the documents you use to answer. Then format the answers into a list.
query: When did the Governorship end of the city where the author of Paenitentiam Agere died?
",['1952'],65.536,0.6797968563094163,test,999.948288,47651.0,"1952

**Documents Used:**
TITLE: Paenitentiam agere | ID: 38
TITLE: Governor of Vatican City | ID: 36
TITLE: Pope John XXIII | ID: 36 (Note: The query asks about the author of *Paenitentiam agere*. Document 38 states it was made by Pope John XXIII. Document 36 states the post of Governor of Vatican City was held by Marchese Camillo Serafini until his death in 1952. However, the query asks ""When did the Governorship end of the city where the author... died?"".
Let's re-read carefully.
1. Author of *Paenitentiam agere*: Document 38 says ""Pope John XXIII"".
2. Where did Pope John XXIII die? Document 36 mentions ""Pope John Paul II"" and ""Pope John XXIII"" as sovereigns of Vatican City. Document 36 says the post of Governor was held by Serafini until his death in 1952. It does not explicitly state where John XXIII died, but he was the Pope of Vatican City.
3. The query asks",256
3.122855936,15258.0,15258.0,0.999948288,Final Answer: ,1.0,musique_32k,GB,3122.855936,"====== Now let's start! ======
Based on the documents above, can you answer the following query? Print out the TITLE and ID of the documents you use to answer. Then format the answers into a list.
query: What is the name of the famous bridge in the birth city of the composer of Scanderbeg?
",['Rialto Bridge'],65.536,0.6797968563094163,test,999.948288,47651.0,"1. Scanderbeg (opera) | ID: 100
2. Rialto Bridge | ID: 98
3. Antonio Vivaldi (implied from context of Scanderbeg composer and Venice) - *Note: The document ""Scanderbeg (opera)"" states it was composed by Antonio Vivaldi. The document ""Rialto Bridge"" states it is in Venice. Historical knowledge confirms Vivaldi was born in Venice, which is the city containing the Rialto Bridge.*

The composer of the opera *Scanderbeg* is **Antonio Vivaldi** (Document ID: 100). Antonio Vivaldi was born in **Venice**, Italy. The famous bridge located in Venice is the **Rialto Bridge** (Document ID: 98).

Final Answer: ['Rialto Bridge']",256
3.122855936,15258.0,15258.0,0.999948288,Final Answer: ,1.0,musique_32k,GB,3122.855936,"====== Now let's start! ======
Based on the documents above, can you answer the following query? Print out the TITLE and ID of the documents you use to answer. Then format the answers into a list.
query: What year did the country where Ercole Manfredi was born form an alliance with Japan?
",['1941'],65.536,0.6797968563094163,test,999.948288,47651.0,"1941

**Documents Used:**
*   TITLE: Ercole Manfredi | ID: 83 (Identifies Ercole Manfredi as a figure in Thai architecture, implying he is associated with Thailand, though the text says he adopted a Thai identity. However, looking at the context of ""country where Ercole Manfredi was born"" vs ""country where he worked"", the text says he ""left government office... as the country was going through political change... adopting a Thai identity"". It doesn't explicitly state his birth country. Let's re-read carefully. ""He made significant career progress through the court of King Vajiravudh... left government office... adopting a Thai identity"". This implies he was a foreigner. The text doesn't explicitly state his birth country. Let's look for other clues. Wait, the query asks about the country where he was *born*. The text says he ""adopted a Thai identity"". This suggests he wasn't born Thai. Is there another document? No. Let's re-evaluate the assumption. Perhaps the question implies the country he is associated with in the text, which is Thailand (Siam). Or maybe I missed a detail. Let's look at Document 81. ""The",256
3.122855936,15258.0,15258.0,0.999948288,Final Answer: ,1.0,musique_32k,GB,3122.855936,"====== Now let's start! ======
Based on the documents above, can you answer the following query? Print out the TITLE and ID of the documents you use to answer. Then format the answers into a list.
query: What year did the country that includes the birth city of Bodindecha form an alliance with Japan?
",['1941'],65.536,0.6797968563094163,test,999.948288,47651.0,"1941

**Documents Used:**
TITLE: Bodindecha | ID: 82
TITLE: Pacific War | ID: 81

**Reasoning:**
1.  **Identify the birth city of Bodindecha:** According to document **ID: 82** (""Bodindecha""), Chao Phraya Bodindecha was a prominent figure in the ""early Bangkok Rattanakosin Kingdom."" While the document doesn't explicitly state ""born in Bangkok,"" it places him centrally in the history of the Bangkok Rattanakosin Kingdom, and the context of the question implies the country associated with this city. The city is Bangkok.
2.  **Identify the country:** The country that includes Bangkok is **Thailand** (also referred to as Siam in historical contexts).
3.  **Find the alliance year:** According to document **ID: 81** (""Pacific War""), ""The Axis states which assisted Japan included the authoritarian government of **Thailand** in World War II, which quickly formed a temporary alliance with the Japanese in **1941**.""

Therefore, the year is 1941.",256
3.122855936,15258.0,15258.0,0.999948288,Final Answer: ,1.0,musique_32k,GB,3122.855936,"====== Now let's start! ======
Based on the documents above, can you answer the following query? Print out the TITLE and ID of the documents you use to answer. Then format the answers into a list.
query: What was Nintendo's limit on games per developer per year for the platform with an abbreviated name that had the game Sunman?
",['five'],65.536,0.6797968563094163,test,999.948288,47651.0,"5

**Documents Used:**
TITLE: Sunman (video game) | ID: 127
TITLE: Nintendo Entertainment System | ID: 124
TITLE: Super Nintendo Entertainment System | ID: 128

**Reasoning:**
1.  **Identify the platform:** The query asks about the platform with an abbreviated name that had the game *Sunman*. According to **Document 127**, *Sunman* was a game planned for the **Nintendo Entertainment System**. **Document 124** confirms that the Nintendo Entertainment System is abbreviated as **NES**.
2.  **Find the limit:** The query asks for Nintendo's limit on games per developer per year for this platform. **Document 128** states: ""During the NES era, Nintendo maintained exclusive control over titles released for the system... each third-party developer could only release up to **five** games per year"".

Therefore, the limit was 5 games.",256
3.122855936,15258.0,15258.0,0.999948288,Final Answer: ,1.0,musique_32k,GB,3122.855936,"====== Now let's start! ======
Based on the documents above, can you answer the following query? Print out the TITLE and ID of the documents you use to answer. Then format the answers into a list.
query: In the Arabic dictionary, what's the meaning of the word for the majority religion in the area of British India that became India when Dourkhan's country was created?
",['the country of India'],65.536,0.6797968563094163,test,999.948288,47651.0,"1. **Dourkhan** (ID: 232) - Identifies that Dourkhan is in Pakistan.
2. **Partition of India** (ID: 231) - States that India was formed out of the majority Hindu regions of British India.
3. **Hindus** (ID: 230) - States that the Arabic equivalent for the country of India (and the people) is ""Al-Hind"".

The query asks for the meaning of the Arabic word for the majority religion in the area that became India.
- The majority religion in the area that became India is **Hinduism** (or the people are **Hindus**).
- The document ""Hindus"" (ID: 230) states: ""The Arabic equivalent Al - Hind likewise referred to the country of India."" It also mentions the term 'hindu' refers to the people.
- However, the question asks for the meaning of the *word* for the majority religion in the *Arabic dictionary*. The document ""Hindus"" explains the etymology: ""The word Hindu is derived from the Indo - Aryan and Sanskrit word Sindhu, which means ``",256
3.122855936,15258.0,15258.0,0.999948288,Final Answer: ,1.0,musique_32k,GB,3122.855936,"====== Now let's start! ======
Based on the documents above, can you answer the following query? Print out the TITLE and ID of the documents you use to answer. Then format the answers into a list.
query: What was the wettest year in the city that shares the same county as the ghost town Allen?
",['1905'],65.536,0.6797968563094163,test,999.948288,47651.0,"1905

**Documents Used:**
TITLE: Allen, Arizona | ID: 119
TITLE: Tucson, Arizona | ID: 118

**Reasoning:**
1.  **Identify the ghost town and its county:** According to document **ID: 119** (""Allen, Arizona""), the ghost town ""Allen"" is located in **Pima County**, Arizona.
2.  **Identify the city sharing the same county:** According to document **ID: 118** (""Tucson, Arizona""), **Tucson** is the county seat of **Pima County**, Arizona.
3.  **Find the wettest year for that city:** Document **ID: 118** states regarding Tucson: ""The wettest year was **1905** with 24.17 in (614 mm)...""",256
3.122855936,15258.0,15258.0,0.999948288,Final Answer: ,1.0,musique_32k,GB,3122.855936,"====== Now let's start! ======
Based on the documents above, can you answer the following query? Print out the TITLE and ID of the documents you use to answer. Then format the answers into a list.
query: What was Nintendo's limit on games per developer per year on the platform with a three letter abbreviation, that had the game Pinball Quest?
",['five'],65.536,0.6797968563094163,test,999.948288,47651.0,"5

Documents used:
TITLE: Pinball Quest | ID: 129
TITLE: Super Nintendo Entertainment System | ID: 128",256
3.122855936,15258.0,15258.0,0.999948288,Final Answer: ,1.0,musique_32k,GB,3122.855936,"====== Now let's start! ======
Based on the documents above, can you answer the following query? Print out the TITLE and ID of the documents you use to answer. Then format the answers into a list.
query: What UK label was bought by the company which, along with ABC and the network which broadcasted Here and Now, is the other major broadcaster based in NY?
",['Oriole Records.'],65.536,0.6797968563094163,test,999.948288,47651.0,"59,039

**Step-by-step derivation:**

1.  **Identify the network that broadcasted *Here and Now*:**
    *   According to **Document 28** (""Here and Now (1992 TV series)""), the show aired on **NBC**.
2.  **Identify the major broadcasters based in New York:**
    *   According to **Document 26** (""New York City""), the three major American broadcast networks headquartered in New York are **ABC**, **CBS**, and **NBC**.
    *   The query asks for the company that is ""along with ABC and the network which broadcasted Here and Now (NBC)"". This leaves **CBS** as the third major broadcaster.
3.  **Identify the UK label bought by CBS:**
    *   According to **Document 25** (""Sony Music""), ""In 1964, **CBS** established its own UK distribution with the acquisition of **Oriole Records**.""

Therefore, the UK label is **Oriole Records**.

**Documents Used:**
*   TITLE: Here and Now (1992 TV series) | ID: 28
*   TITLE: New",256
3.122855936,15258.0,15258.0,0.999948288,Final Answer: ,1.0,musique_32k,GB,3122.855936,"====== Now let's start! ======
Based on the documents above, can you answer the following query? Print out the TITLE and ID of the documents you use to answer. Then format the answers into a list.
query: What is the name of the castle in the city where the headquarters of the production company of Care Bear: Journey to Joke-a-lot is located?
",['Casa Loma'],65.536,0.6797968563094163,test,999.948288,47651.0,"1. **Care Bears: Journey to Joke-a-lot** (ID: 45) - Identifies the production company as **Nelvana Limited**.
2. **Gothic architecture** (ID: 50) - Mentions the **Doge's Palace** in **Venice** (Note: The document does not explicitly state Nelvana's headquarters are in Venice, but it is the only document mentioning a castle/palace in a specific city context that might be confused or requires external knowledge not present in the text. However, looking closer at the provided text, there is no document stating Nelvana's headquarters location. Let's re-read carefully).

*Correction*: The provided text does **not** contain the location of Nelvana's headquarters.
- Document 45 says: ""produced by Nelvana Limited"".
- Document 55 says: ""founding Nelvana"" and mentions ""Hirsh and Loubert"" and ""Canada"", but does not specify the city.
- Document 50 mentions: ""The Doge's Palace of Venice"".
- Document 44 mentions: ""Casa Loma... in midtown Toronto"".
- Document 35 mentions: ""Đak",256
3.122855936,15258.0,15258.0,0.999948288,Final Answer: ,1.0,musique_32k,GB,3122.855936,"====== Now let's start! ======
Based on the documents above, can you answer the following query? Print out the TITLE and ID of the documents you use to answer. Then format the answers into a list.
query: In the Arabic dictionary, what's the meaning of the word for the majority religion in the area of British India that became India when Achh's country was created?
",['the country of India'],65.536,0.6797968563094163,test,999.948288,47651.0,"59,039

**Step-by-step derivation:**

1.  **Identify Achh's country:** According to document **ID: 232** (""Achh""), Achh is a village in the Punjab province of **Pakistan**.
2.  **Identify the area of British India that became India:** According to document **ID: 231** (""Partition of India""), when Pakistan was created, **India** was formed out of the majority **Hindu** regions of British India.
3.  **Identify the majority religion in that area:** The majority religion in the area that became India is **Hinduism** (or Hindu).
4.  **Find the meaning of the word for this religion in the Arabic dictionary:** According to document **ID: 230** (""Hindus""), the word ""Hindu"" is derived from the Sanskrit word *Sindhu*, which means ""**a large body of water**"", covering ""**river, ocean**"". The document also states that the Arabic equivalent *Al-Hind* referred to the country of India, but the specific definition of the root word *Sindhu* (which forms the basis of the term) is ""a",256
3.122855936,15258.0,15258.0,0.999948288,Final Answer: ,1.0,musique_32k,GB,3122.855936,"====== Now let's start! ======
Based on the documents above, can you answer the following query? Print out the TITLE and ID of the documents you use to answer. Then format the answers into a list.
query: When did the RX 350 from the Scion xB manufacturer's luxury division change body style?
",['Sales began worldwide in April 2012'],65.536,0.6797968563094163,test,999.948288,47651.0,"1981

**Step-by-step derivation:**

1.  **Identify the manufacturer of the Scion xB:**
    *   According to **Document 31** (""Scion xB""), the Scion xB is made by **Toyota**.
    *   According to **Document 7** (""Scion (automobile)""), Scion is a marque of **Toyota**.

2.  **Identify the luxury division of Toyota:**
    *   According to **Document 6** (""1973 oil crisis""), Toyota established its luxury division, **Lexus**, in **1981** (specifically, ""A decade after the 1973 oil crisis... opened US assembly plants and established their luxury divisions (Acura, Lexus and Infiniti, respectively)"").

3.  **Identify the RX 350 and its body style change:**
    *   According to **Document 29** (""Lexus RX""), the **RX 350** is a model from the **Lexus** division.
    *   The document states: ""The facelift was unveiled at the March 2012 Geneva Motor Show... Sales began worldwide in",256
3.122855936,15258.0,15258.0,0.999948288,Final Answer: ,1.0,musique_32k,GB,3122.855936,"====== Now let's start! ======
Based on the documents above, can you answer the following query? Print out the TITLE and ID of the documents you use to answer. Then format the answers into a list.
query: Who has the most hits in the history of the organization that includes the team Jim Wilson was released by?
",['Pete Rose'],65.536,0.6797968563094163,test,999.948288,47651.0,"1. TITLE: Jim Wilson (first baseman) | ID: 84
2. TITLE: Cleveland Indians | ID: 85
3. TITLE: List of Major League Baseball career hits leaders | ID: 86

Answer: ['Pete Rose']

**Reasoning:**
1.  **Identify the team:** According to document **ID: 84** (""Jim Wilson (first baseman)""), Jim Wilson was released by the **Indians** (Cleveland Indians).
2.  **Identify the organization:** Document **ID: 85** (""Cleveland Indians"") confirms the team is the **Cleveland Indians**, which competes in **Major League Baseball (MLB)**.
3.  **Find the record holder:** Document **ID: 86** (""List of Major League Baseball career hits leaders"") states that **Pete Rose** holds the Major League record for most career hits, with 4,256. Since the Cleveland Indians are part of Major League Baseball, Pete Rose is the player with the most hits in the history of that organization.",256
3.122855936,15258.0,15258.0,0.999948288,Final Answer: ,1.0,musique_32k,GB,3122.855936,"====== Now let's start! ======
Based on the documents above, can you answer the following query? Print out the TITLE and ID of the documents you use to answer. Then format the answers into a list.
query: Who is the owner of the record label that singer of the theme song from the movie Arthur belongs to?
",['Warner Music Group'],65.536,0.6797968563094163,test,999.948288,47651.0,"19 Recordings

**Documents Used:**
TITLE: Arthur's Theme (Best That You Can Do) | ID: 181
TITLE: American Idol | ID: 162 (Note: The document ID 162 in the provided text is actually ""Shawty Lo discography"", but the content regarding ""19 Recordings"" is found in the document titled ""American Idol"" which is ID 162 in the sequence of the provided text block, though the text explicitly says ""19 Recordings, a recording label owned by 19 Entertainment..."". Wait, let me re-check the IDs in the provided text.)

*Correction on Document ID:*
The document titled ""American Idol"" is ID 162 in the provided list? No, let's look at the text again.
ID 162 is ""Shawty Lo discography"".
ID 161 is ""Arizona"".
ID 160 is ""Geography of Saudi Arabia"".
...
ID 162 is ""Shawty Lo discography"".
ID 163 is ""Atlanta in the American Civil War"".
ID 164 is ""Dunn Dunn"".
",256
3.122855936,15258.0,15258.0,0.999948288,Final Answer: ,1.0,musique_32k,GB,3122.855936,"====== Now let's start! ======
Based on the documents above, can you answer the following query? Print out the TITLE and ID of the documents you use to answer. Then format the answers into a list.
query: Where does the body of water by the city where Write This Down was formed empty into the Gulf of Mexico?
",['the Mississippi River Delta'],65.536,0.6797968563094163,test,999.948288,47651.0,"1. TITLE: Write This Down (band) | ID: 18
2. TITLE: Minneapolis | ID: 9
3. TITLE: Mississippi River | ID: 12

Answer: ['the Mississippi River Delta']",256
3.122855936,15258.0,15258.0,0.999948288,Final Answer: ,1.0,musique_32k,GB,3122.855936,"====== Now let's start! ======
Based on the documents above, can you answer the following query? Print out the TITLE and ID of the documents you use to answer. Then format the answers into a list.
query: Who was appointed arbitrator by the first convert to the faith that is the most common religion in Southeast Asia?
",['Abu Musa Ashaari'],65.536,0.6797968563094163,test,999.948288,47651.0," ['Abu Musa Ashaari']

**Documents Used:**
TITLE: Identity of the first male Muslim | ID: 236
TITLE: Umayyad Caliphate | ID: 235
TITLE: Southeast Asia | ID: 214

**Reasoning:**
1.  **Identify the most common religion in Southeast Asia:** According to document **ID: 214** (""Southeast Asia""), ""Islam is the most widely practised religion in Southeast Asia"".
2.  **Identify the first convert to this faith:** According to document **ID: 236** (""Identity of the first male Muslim""), ""It is known that Ali is the first person to convert to Islam"".
3.  **Identify the arbitrator appointed by this person:** According to document **ID: 235** (""Umayyad Caliphate""), regarding the Battle of Siffin, ""Ali appointed Abu Musa Ashaari"" as an arbitrator.",256
3.122855936,15258.0,15258.0,0.999948288,Final Answer: ,1.0,musique_32k,GB,3122.855936,"====== Now let's start! ======
Based on the documents above, can you answer the following query? Print out the TITLE and ID of the documents you use to answer. Then format the answers into a list.
query: Who is the host of Who Wants to be a Millionaire in the country that MacGruder and Loud's creator is from?
",['Chris Harrison'],65.536,0.6797968563094163,test,999.948288,47651.0,"1. **MacGruder and Loud** (ID: 40) - This document states the show was a failure from **Aaron Spelling's** production company.
2. **Aaron Spelling** (ID: 1) - This document identifies Aaron Spelling as an **American** film and television producer.
3. **Who Wants to Be a Millionaire (American game show)** (ID: 42) - This document lists the hosts of the American version of the show: **Regis Philbin**, **Meredith Vieira**, **Cedric the Entertainer**, **Terry Crews**, and **Chris Harrison**.

The country is the United States (America). The hosts of the American version of *Who Wants to Be a Millionaire* are Regis Philbin, Meredith Vieira, Cedric the Entertainer, Terry Crews, and Chris Harrison.

Final Answer: ['Regis Philbin', 'Meredith Vieira', 'Cedric the Entertainer', 'Terry Crews', 'Chris Harrison']",256
3.122855936,15258.0,15258.0,0.999948288,Final Answer: ,1.0,musique_32k,GB,3122.855936,"====== Now let's start! ======
Based on the documents above, can you answer the following query? Print out the TITLE and ID of the documents you use to answer. Then format the answers into a list.
query: Who is the author of Growing Up this nationality of the creator MacGruder and Loud?
",['Min Zhou'],65.536,0.6797968563094163,test,999.948288,47651.0,"1. **MacGruder and Loud** (ID: 40) - This document states that the show was a failure from **Aaron Spelling**'s production company.
2. **Growing Up American** (ID: 41) - This document lists the authors of the book *Growing Up American* as **Min Zhou** and **Carl L. Bankston III**.
3. **Aaron Spelling** (ID: 1) - This document confirms that Aaron Spelling was an **American** film and television producer.

The query asks for the author of *Growing Up American* (the book title is slightly misremembered in the query as ""Growing Up this nationality..."", but the document title is ""Growing Up American"") who shares the nationality of the creator of *MacGruder and Loud* (Aaron Spelling, who is American). The authors of *Growing Up American* are Min Zhou and Carl L. Bankston III.

['Min Zhou', 'Carl L. Bankston III']",256
3.122855936,15258.0,15258.0,0.999948288,Final Answer: ,1.0,musique_32k,GB,3122.855936,"====== Now let's start! ======
Based on the documents above, can you answer the following query? Print out the TITLE and ID of the documents you use to answer. Then format the answers into a list.
query: What does seal stand for in the U.S. military branch that operates a list of destroyer classes, as well as the USS Sable?
","['Sea, Air, and Land']",65.536,0.6797968563094163,test,999.948288,47651.0," ['Sea, Air, and Land']

**Documents Used:**
TITLE: United States Navy SEALs | ID: 131
TITLE: List of destroyer classes of the United States Navy | ID: 132
TITLE: USS Sable (IX-81) | ID: 133",256
3.122855936,15258.0,15258.0,0.999948288,Final Answer: ,1.0,musique_32k,GB,3122.855936,"====== Now let's start! ======
Based on the documents above, can you answer the following query? Print out the TITLE and ID of the documents you use to answer. Then format the answers into a list.
query: Where do greyhound buses leave from in the city the performer of Born a Lion formed in?
",['Toronto Coach Terminal'],65.536,0.6797968563094163,test,999.948288,47651.0,"1. **Born a Lion** (ID: 52) - Identifies the band as Danko Jones.
2. **Danko Jones** (ID: 54) - Identifies the city where the band was formed as Toronto, Ontario.
3. **Toronto Coach Terminal** (ID: 53) - Identifies the location of the bus station for Greyhound Canada in Toronto as 610 Bay Street.

The greyhound buses leave from the **Toronto Coach Terminal** located at **610 Bay Street** in **Toronto**.

Final Answer: ['610 Bay Street']",256
3.122855936,15258.0,15258.0,0.999948288,Final Answer: ,1.0,musique_32k,GB,3122.855936,"====== Now let's start! ======
Based on the documents above, can you answer the following query? Print out the TITLE and ID of the documents you use to answer. Then format the answers into a list.
query: What does seal stand for in the U.S. military branch that operates a list of destroyer classes as well as the USS Jason?
","['Sea, Air, and Land']",65.536,0.6797968563094163,test,999.948288,47651.0," ['Sea, Air, and Land']

**Documents Used:**
TITLE: List of destroyer classes of the United States Navy | ID: 132
TITLE: USS Jason (AR-8) | ID: 130
TITLE: United States Navy SEALs | ID: 131",256
3.122855936,15258.0,15258.0,0.999948288,Final Answer: ,1.0,musique_32k,GB,3122.855936,"====== Now let's start! ======
Based on the documents above, can you answer the following query? Print out the TITLE and ID of the documents you use to answer. Then format the answers into a list.
query: What was the wettest year of the administrative territorial entity that contains the administrative territorial entity where Drexel Heights is located?
",['1905'],65.536,0.6797968563094163,test,999.948288,47651.0,"1905

**Documents Used:**
TITLE: Drexel Heights, Arizona | ID: 117
TITLE: Tucson, Arizona | ID: 118

**Reasoning:**
1.  **Identify the location of Drexel Heights:** According to document **ID: 117** (""Drexel Heights, Arizona""), Drexel Heights is a census-designated place in **Pima County**, Arizona.
2.  **Identify the administrative territorial entity containing Pima County:** Pima County is located in the state of **Arizona**. The query asks for the ""administrative territorial entity that contains the administrative territorial entity where Drexel Heights is located."" This refers to the state of Arizona (which contains Pima County).
3.  **Find the wettest year for that entity:** Document **ID: 118** (""Tucson, Arizona"") provides climate data for the region (specifically mentioning the University of Arizona in Tucson, which is in Pima County, and often used as a proxy for the region's climate in these types of queries). It states: ""The wettest year was **1905** with 24.17 in (6",256
3.122855936,15258.0,15258.0,0.999948288,Final Answer: ,1.0,musique_32k,GB,3122.855936,"====== Now let's start! ======
Based on the documents above, can you answer the following query? Print out the TITLE and ID of the documents you use to answer. Then format the answers into a list.
query: Why did Roncalli leave the place where Crucifixion's creator died?
",['for the conclave in Rome'],65.536,0.6797968563094163,test,999.948288,47651.0,"1. Roncalli left Venice to go to the conclave in Rome to be elected Pope.
2. The creator of the painting ""Crucifixion"" (Titian) died in Venice.
3. Therefore, Roncalli left the place where Titian died (Venice) to attend the papal conclave in Rome.

Documents used:
TITLE: Pope John XXIII | ID: 96
TITLE: Crucifixion (Titian) | ID: 94
TITLE: The Martyrdom of Saint Lawrence (Titian) | ID: 95 (Confirms Titian's location in Venice)

Final Answer: ['To attend the papal conclave in Rome']",256
3.122855936,15258.0,15258.0,0.999948288,Final Answer: ,1.0,musique_32k,GB,3122.855936,"====== Now let's start! ======
Based on the documents above, can you answer the following query? Print out the TITLE and ID of the documents you use to answer. Then format the answers into a list.
query: How many times did the plague occur where the creator of The Entombment died?
",['22'],65.536,0.6797968563094163,test,999.948288,47651.0,"22

**Documents Used:**
TITLE: The Entombment (Titian, 1559) | ID: 167
TITLE: Black Death | ID: 166

**Reasoning:**
1.  **Identify the creator:** According to document **ID: 167** (""The Entombment (Titian, 1559)""), the painting was created by **Titian** (also referred to as Tizian).
2.  **Identify the location of death:** Document **ID: 167** mentions Titian is a ""Venetian artist"" and his work is in Venice. While the document doesn't explicitly state he died there, historical context (and the strong association in the text with Venice) points to **Venice**.
3.  **Find the plague frequency:** Document **ID: 166** (""Black Death"") states: ""Plague occurred in **Venice** **22 times** between 1361 and 1528.""

Therefore, the plague occurred 22 times in Venice, where the creator of *The Entombment* (Titian) died.",256
3.122855936,15258.0,15258.0,0.999948288,Final Answer: ,1.0,musique_32k,GB,3122.855936,"====== Now let's start! ======
Based on the documents above, can you answer the following query? Print out the TITLE and ID of the documents you use to answer. Then format the answers into a list.
query: When did the state, that contains the county where Elmo is found, reinstate the death penalty?
",['1984'],65.536,0.6797968563094163,test,999.948288,47651.0,"1984

**Documents Used:**
TITLE: Elmo, Montana | ID: 46
TITLE: Capital punishment in the United States | ID: 47

**Reasoning:**
1.  **Identify the location of Elmo:** According to document **ID: 46** (""Elmo, Montana""), Elmo is a census-designated place in Lake County, **Montana**.
2.  **Identify the state:** The state containing Lake County is **Montana**.
3.  **Find the death penalty history for Montana:** Document **ID: 47** (""Capital punishment in the United States"") lists states with long histories of no death penalty, including **Montana**. However, the document does not explicitly state when Montana reinstated the death penalty. It mentions Oregon reinstating it in 1984.
    *   *Correction/Refinement:* Let's re-read the query and the documents carefully. The query asks ""When did the state... reinstate the death penalty?"".
    *   Document **ID: 47** states: ""Other states with long histories of no death penalty include... Montana..."". It does *not* say Montana reinstated it.",256
3.122855936,15258.0,15258.0,0.999948288,Final Answer: ,1.0,musique_32k,GB,3122.855936,"====== Now let's start! ======
Based on the documents above, can you answer the following query? Print out the TITLE and ID of the documents you use to answer. Then format the answers into a list.
query: How many square miles is the city where the Yongle emperor greeted the person to whom the edict was addressed?
","['2,548 sq mi']",65.536,0.6797968563094163,test,999.948288,47651.0,"0.0 (The query asks for the size of the city where the Yongle Emperor greeted the Karmapa. According to Document 152, this event took place in **Nanjing**. However, none of the provided documents contain information regarding the land area or square mileage of Nanjing. Document 13 provides the area for San Diego (372.1 sq mi), Document 24 for Mukim Seria (169 sq km), and Document 170 mentions Arizona's area, but no document specifies the size of Nanjing.)

**Correction based on strict adherence to provided text:**
The provided documents do not contain the answer to the query.
- Document 152 states the Yongle Emperor greeted the Karmapa in **Nanjing**.
- No document lists the square mileage of Nanjing.

Therefore, the answer cannot be derived from the provided text.

However, if forced to provide a list based on the *attempt* to find the answer:
Final Answer: ['Information not available in the provided documents']

**Re-evaluating the prompt's expectation:**
Often these queries rely on a specific document being present. Let's re-read carefully.
- Doc ",256
3.122855936,15258.0,15258.0,0.999948288,Final Answer: ,1.0,musique_32k,GB,3122.855936,"====== Now let's start! ======
Based on the documents above, can you answer the following query? Print out the TITLE and ID of the documents you use to answer. Then format the answers into a list.
query: What is the name of the major basketball team from the city where the Yongle emperor greeted the person to whom the edict was addressed?
",['Jiangsu Nangang Basketball Club'],65.536,0.6797968563094163,test,999.948288,47651.0,"1. Sino-Tibetan relations during the Ming dynasty | ID: 152
2. Nanjing | ID: 150
3. Jiangsu Nangang Basketball Club

The Yongle Emperor greeted the Karmapa in **Nanjing** (Document 152). The major basketball team from Nanjing is the **Jiangsu Nangang Basketball Club** (Document 150).

Final Answer: ['Jiangsu Nangang Basketball Club']",256
3.122855936,15258.0,15258.0,0.999948288,Final Answer: ,1.0,musique_32k,GB,3122.855936,"====== Now let's start! ======
Based on the documents above, can you answer the following query? Print out the TITLE and ID of the documents you use to answer. Then format the answers into a list.
query: Who is the child of the president who suffered a major defeat when the body which approves members of the American cabinet refused to ratify the Versailles treaty?
",['Jessie Woodrow Wilson'],65.536,0.6797968563094163,test,999.948288,47651.0," ['Jessie Woodrow Wilson Sayre']

**Documents Used:**
TITLE: Treaty of Versailles | ID: 91
TITLE: Jessie Woodrow Wilson Sayre | ID: 92
TITLE: Cabinet of the United States | ID: 93

**Reasoning:**
1.  **Identify the President and the Event:** Document 91 states that ""Democratic President Woodrow Wilson claimed that 'at last the world knows America as the savior of the world!' However, the Republican Party... controlled the US Senate after the election of 1918... It proved possible to build a majority coalition, but impossible to build a two-thirds coalition that was needed to pass a treaty."" This refers to the refusal of the Senate to ratify the Treaty of Versailles, a major defeat for President Woodrow Wilson.
2.  **Identify the Body:** Document 93 confirms that the ""Senate"" is the body that approves members of the American cabinet (""presented to the Senate for confirmation"").
3.  **Identify the Child:** Document 92 identifies ""Jessie Woodrow Wilson Sayre"" as the ""daughter of US President Woodrow Wilson"".",256
3.122855936,15258.0,15258.0,0.999948288,Final Answer: ,1.0,musique_32k,GB,3122.855936,"====== Now let's start! ======
Based on the documents above, can you answer the following query? Print out the TITLE and ID of the documents you use to answer. Then format the answers into a list.
query: How were the people that the Ajuran Empire declared independence from by minting coins expelled from David Htan's country?
",['The dynasty regrouped and defeated the Portuguese'],65.536,0.6797968563094163,test,999.948288,47651.0,"1. The Portuguese were expelled from the region (Myanmar/Burma) by the dynasty regrouping and defeating them in 1613.

Documents used:
TITLE: Ottoman Empire | ID: 72
TITLE: David Htan | ID: 71
TITLE: Myanmar | ID: 70",256
3.122855936,15258.0,15258.0,0.999948288,Final Answer: ,1.0,musique_32k,GB,3122.855936,"====== Now let's start! ======
Based on the documents above, can you answer the following query? Print out the TITLE and ID of the documents you use to answer. Then format the answers into a list.
query: What was the language Auctor comes from during the era of Rotrude's father later known as?
",['Medieval Latin'],65.536,0.6797968563094163,test,999.948288,47651.0,"1. Auctor | ID: 140
2. Rotrude | ID: 139
3. Middle Ages | ID: 138

Answer: ['Medieval Latin']

**Step-by-step derivation:**
1.  **Identify Rotrude's father:** According to document **Rotrude (ID: 139)**, Rotrude was the daughter of **Charlemagne**.
2.  **Identify the era:** Charlemagne ruled during the early Middle Ages. Document **Middle Ages (ID: 138)** states that by the reign of Charlemagne, the language had diverged from Classical Latin and was later called **Medieval Latin**.
3.  **Identify the origin of ""Auctor"":** Document **Auctor (ID: 140)** states that ""Auctor"" is **Latin** for author or originator.
4.  **Connect the language to the era:** The query asks for the name of the language ""Auctor"" comes from (Latin) during the era of Rotrude's father (Charlemagne). Document **Middle Ages (ID: 138)** explicitly states that the Latin language during",256
3.122855936,15258.0,15258.0,0.999948288,Final Answer: ,1.0,musique_32k,GB,3122.855936,"====== Now let's start! ======
Based on the documents above, can you answer the following query? Print out the TITLE and ID of the documents you use to answer. Then format the answers into a list.
query: What was the language Auctor comes from during the era of the king who was crowned emperor of the west in 800 CE?
",['Medieval Latin'],65.536,0.6797968563094163,test,999.948288,47651.0,"1. Auctor | ID: 140
2. Holy Roman Emperor | ID: 141
3. Charlemagne | ID: 142
4. Germans | ID: 145
5. Middle Ages | ID: 138

The query asks for the language ""Auctor"" comes from during the era of the king crowned emperor of the west in 800 CE.

1.  **Identify the King/Emperor:** Document **Charlemagne** (ID: 142) states that Charlemagne was ""Holy Roman Emperor from 800"" and ""King of the Franks"". Document **Holy Roman Emperor** (ID: 141) confirms the first monarch was Charlemagne and the formation date was 25 December 800.
2.  **Identify the Language of ""Auctor"":** Document **Auctor** (ID: 140) states: ""Auctor is **Latin** for author or originator.""
3.  **Confirm the Era's Language:** Document **Middle Ages** (ID: 138) mentions that during the reign of Charlemagne, the",256
3.122855936,15258.0,15258.0,0.999948288,Final Answer: ,1.0,musique_32k,GB,3122.855936,"====== Now let's start! ======
Based on the documents above, can you answer the following query? Print out the TITLE and ID of the documents you use to answer. Then format the answers into a list.
query: What was the language Auctor comes from during the era of the man crowned first Holy Roman Emperor later known as?
",['Medieval Latin'],65.536,0.6797968563094163,test,999.948288,47651.0,"1. Auctor | ID: 140
2. Holy Roman Emperor | ID: 141
3. Charlemagne | ID: 142

The query asks for the language ""Auctor"" comes from during the era of the first Holy Roman Emperor.
- Document 140 states: ""Auctor is **Latin** for author or originator.""
- Document 141 states: ""First monarch **Charlemagne**"".
- Document 142 states: ""**Charlemagne** ... was King of the Franks ... and **Holy Roman Emperor** from 800.""

Therefore, the language is Latin.

Final Answer: ['Latin']",256
3.122855936,15258.0,15258.0,0.999948288,Final Answer: ,1.0,musique_32k,GB,3122.855936,"====== Now let's start! ======
Based on the documents above, can you answer the following query? Print out the TITLE and ID of the documents you use to answer. Then format the answers into a list.
query: When did the maker of the Acura Legend, the manufacturer of Toyopet Master, and Nissan open US assembly plants?
",['1981'],65.536,0.6797968563094163,test,999.948288,47651.0,"1981

**Documents Used:**
TITLE: Acura Legend | ID: 22
TITLE: Toyopet Master | ID: 23
TITLE: 1973 oil crisis | ID: 6

**Reasoning:**
1.  **Identify the companies:**
    *   The **Acura Legend** is manufactured by **Honda** (Document 22: ""The Acura Legend is a mid-size luxury/executive car manufactured by Honda"").
    *   The **Toyopet Master** is a vehicle from **Toyota** (Document 23: ""The Toyopet Master range... were the first car-based trucks to enter production in Japan"" and Document 7 confirms Scion is a marque of Toyota, implying the context of Japanese automakers).
    *   **Nissan** is explicitly named in the query.
2.  **Find the event:** The query asks when these three companies (Honda, Toyota, Nissan) opened US assembly plants.
3.  **Locate the information:** Document 6 (""1973 oil crisis"") states: ""A decade after the 1973 oil crisis, **Honda, Toyota and Nissan**, affected by",256
3.122855936,15258.0,15258.0,0.999948288,Final Answer: ,1.0,musique_32k,GB,3122.855936,"====== Now let's start! ======
Based on the documents above, can you answer the following query? Print out the TITLE and ID of the documents you use to answer. Then format the answers into a list.
query: When did the maker of the Acura Legend, the employer of Katsuaki Watanabe, and Nissan open US assembly plants?
",['1981'],65.536,0.6797968563094163,test,999.948288,47651.0,"1981

**Documents Used:**
TITLE: Acura Legend | ID: 22
TITLE: Katsuaki Watanabe | ID: 21
TITLE: 1973 oil crisis | ID: 6

**Reasoning:**
1.  **Identify the entities:**
    *   ""Maker of the Acura Legend"": Document 22 states, ""The Acura Legend is a mid-size luxury/executive car manufactured by **Honda**.""
    *   ""Employer of Katsuaki Watanabe"": Document 21 states, ""Watanabe... joined **Toyota** upon graduating...""
    *   ""Nissan"": Explicitly mentioned in the query.
2.  **Find the event:** The query asks when these three companies (Honda, Toyota, Nissan) opened US assembly plants.
3.  **Locate the answer in the text:** Document 6 states, ""A decade after the 1973 oil crisis, **Honda, Toyota and Nissan**, affected by the 1981 voluntary export restraints, **opened US assembly plants**...""
4.  **Extract the date:** The text links the opening of these plants to the",256
3.122855936,15258.0,15258.0,0.999948288,Final Answer: ,1.0,musique_32k,GB,3122.855936,"====== Now let's start! ======
Based on the documents above, can you answer the following query? Print out the TITLE and ID of the documents you use to answer. Then format the answers into a list.
query: What was the version of the language where the last name Sylvester originates, used in the era of Fastrada's spouse, later known as?
",['Medieval Latin'],65.536,0.6797968563094163,test,999.948288,47651.0,"1. **Sylvester** (ID: 144) - States that the name is derived from the Latin adjective *silvestris*.
2. **Fastrada** (ID: 143) - Identifies Fastrada's spouse as Charlemagne.
3. **Middle Ages** (ID: 138) - States that by the reign of Charlemagne, the Latin language had diverged from the classical form and was later called **Medieval Latin**.

The version of the language (Latin) used in the era of Fastrada's spouse (Charlemagne) was later known as **Medieval Latin**.

Final Answer: ['Medieval Latin']",256
3.122855936,15258.0,15258.0,0.999948288,Final Answer: ,1.0,musique_32k,GB,3122.855936,"====== Now let's start! ======
Based on the documents above, can you answer the following query? Print out the TITLE and ID of the documents you use to answer. Then format the answers into a list.
query: What was the version of the language where the last name Sylvester originates, used in the era of the king that united the tribes in the 9th century, later called?
",['Medieval Latin'],65.536,0.6797968563094163,test,999.948288,47651.0,"1. **Sylvester** (ID: 144) - States that the name is derived from the Latin adjective *silvestris*.
2. **Germans** (ID: 145) - States that by the 9th century, tribes were united under the Frankish king Charlemagne.
3. **Middle Ages** (ID: 138) - States that by the reign of Charlemagne, the Latin language had diverged from the classical form and was later called **Medieval Latin**.

The language is Latin, and the version used in that era was later called **Medieval Latin**.

Final Answer: ['Medieval Latin']",256
3.122855936,15258.0,15258.0,0.999948288,Final Answer: ,1.0,musique_32k,GB,3122.855936,"====== Now let's start! ======
Based on the documents above, can you answer the following query? Print out the TITLE and ID of the documents you use to answer. Then format the answers into a list.
query: When did the maker of the Acura RLX, the owner of Scion, and Nissan open US assembly plants?
",['1981'],65.536,0.6797968563094163,test,999.948288,47651.0,"1981

**Documents Used:**
TITLE: Acura RLX | ID: 17
TITLE: Scion (automobile) | ID: 7
TITLE: 1973 oil crisis | ID: 6

**Reasoning:**
1.  **Identify the companies:**
    *   The maker of the **Acura RLX** is **Honda** (Document 17: ""The Acura RLX is a full-size luxury sedan manufactured by Honda..."").
    *   The owner of **Scion** is **Toyota** (Document 7: ""Scion is a discontinued marque of Toyota..."").
    *   The third company mentioned is **Nissan**.
2.  **Find the event:** The query asks when these three companies (Honda, Toyota, Nissan) opened US assembly plants.
3.  **Locate the information:** Document 6 states: ""A decade after the 1973 oil crisis, **Honda, Toyota and Nissan**, affected by the 1981 voluntary export restraints, **opened US assembly plants**...""
4.  **Determine the year:** The text explicitly links the opening of these plants to the """,256
3.122855936,15258.0,15258.0,0.999948288,Final Answer: ,1.0,musique_32k,GB,3122.855936,"====== Now let's start! ======
Based on the documents above, can you answer the following query? Print out the TITLE and ID of the documents you use to answer. Then format the answers into a list.
query: How were the people that the Somali Muslim Ajuran Empire made coins to proclaim independence from, expelled from the country that Minyekyawdin lived in?
",['The dynasty regrouped and defeated the Portuguese'],65.536,0.6797968563094163,test,999.948288,47651.0,"1. The people were the Portuguese. 2. They were expelled by the dynasty regrouping and defeating them in 1613.

Documents used:
TITLE: Ottoman Empire | ID: 72
TITLE: Minyekyawdin | ID: 74
TITLE: Myanmar | ID: 70",256
3.122855936,15258.0,15258.0,0.999948288,Final Answer: ,1.0,musique_32k,GB,3122.855936,"====== Now let's start! ======
Based on the documents above, can you answer the following query? Print out the TITLE and ID of the documents you use to answer. Then format the answers into a list.
query: When was the last time Cian Hughton's team beat the 1894–95 FA Cup winner?
",['1 December 2010'],65.536,0.6797968563094163,test,999.948288,47651.0,"1993

**Documents Used:**
TITLE: Cian Hughton | ID: 177
TITLE: 1894–95 FA Cup | ID: 174
TITLE: Second City derby | ID: 175

**Reasoning:**
1.  **Identify Cian Hughton's team:** According to document **ID: 177**, Cian Hughton played for **Birmingham City** in the Football League.
2.  **Identify the 1894–95 FA Cup winner:** According to document **ID: 174**, the 1894–95 FA Cup was won by **Aston Villa** (implied by the context of the trophy being stolen after the final and the mention of Howard Vaughton, an Aston Villa player, replacing it; historically, Aston Villa won the 1895 FA Cup).
3.  **Find the last time Birmingham City beat Aston Villa:** Document **ID: 175** lists the ""Second City derby"" results between Birmingham City and Aston Villa.
    *   5 November 1887: Aston Villa 4–0 Birmingham",256
3.122855936,15258.0,15258.0,0.999948288,Final Answer: ,1.0,musique_32k,GB,3122.855936,"====== Now let's start! ======
Based on the documents above, can you answer the following query? Print out the TITLE and ID of the documents you use to answer. Then format the answers into a list.
query: When was the last time Gary Rowett's team beat the 1894-95 FA Cup winner?
",['1 December 2010'],65.536,0.6797968563094163,test,999.948288,47651.0,"1993

**Documents Used:**
TITLE: Gary Rowett | ID: 179
TITLE: 1894–95 FA Cup | ID: 174

**Reasoning:**
1.  **Identify the 1894-95 FA Cup winner:** According to document **1894–95 FA Cup (ID: 174)**, the trophy was stolen after the Final, but the text mentions ""Howard Vaughton, the former **Aston Villa** player"". While the document doesn't explicitly state ""Aston Villa won the 1894-95 FA Cup"", historical context (and the mention of the player) implies Aston Villa was the team involved in that final. (Note: In reality, Aston Villa won the 1894-95 FA Cup).
2.  **Identify Gary Rowett's team:** According to document **Gary Rowett (ID: 179)**, Gary Rowett played for **Aston Villa** (among others) and later managed **Birmingham City** and **Derby County**. The query asks about ""Gary Rowett's team"". This usually refers to the team he managed",256
3.122855936,15258.0,15258.0,0.999948288,Final Answer: ,1.0,musique_32k,GB,3122.855936,"====== Now let's start! ======
Based on the documents above, can you answer the following query? Print out the TITLE and ID of the documents you use to answer. Then format the answers into a list.
query: When was the last time Johnny Newman's team beat the 1894–95 FA Cup winner?
",['1 December 2010'],65.536,0.6797968563094163,test,999.948288,47651.0,"1956

**Documents Used:**
TITLE: Johnny Newman (footballer) | ID: 180
TITLE: 1894–95 FA Cup | ID: 174

**Reasoning:**
1.  **Identify the 1894–95 FA Cup winner:** According to document ID 174 (""1894–95 FA Cup""), the trophy was stolen after the Final, but the context implies the winner was the team that played in the final. However, looking at the text, it doesn't explicitly name the winner in the snippet provided, but historical context (or inferring from the ""stolen from a display... after the Final"") usually implies the winner. Wait, let's re-read carefully. The text says ""The Trophy was stolen... after the Final"". It doesn't name the winner. However, document ID 180 (""Johnny Newman (footballer)"") states he was ""on the losing side in the 1956 FA Cup Final"". This implies he played for the team that lost in 1956.
2.  **Identify Johnny Newman's team:** Document ID 180 states Newman played for",256
3.122855936,15258.0,15258.0,0.999948288,Final Answer: ,1.0,musique_32k,GB,3122.855936,"====== Now let's start! ======
Based on the documents above, can you answer the following query? Print out the TITLE and ID of the documents you use to answer. Then format the answers into a list.
query: When was the last time Ken Faulkner's team beat the 1894-95 FA Cup winner?
",['1 December 2010'],65.536,0.6797968563094163,test,999.948288,47651.0,"1956

**Documents Used:**
TITLE: Ken Faulkner | ID: 176
TITLE: 1894–95 FA Cup | ID: 174

**Reasoning:**
1.  **Identify Ken Faulkner's team:** According to document **ID: 176** (""Ken Faulkner""), Ken Faulkner played for **Birmingham City**.
2.  **Identify the 1894-95 FA Cup winner:** According to document **ID: 174** (""1894–95 FA Cup""), the trophy was stolen after the Final and never recovered. However, the document mentions the final was played between **Aston Villa** and **West Bromwich Albion** (implied by the context of the era and the mention of Howard Vaughton, an Aston Villa player, making a copy). *Correction*: The document ID 174 does not explicitly name the winner, but historical context (and the mention of Howard Vaughton, an Aston Villa player, making the replacement cup) strongly implies Aston Villa won. Let's re-read carefully. The text says ""The Trophy was stolen from a display",256
3.122855936,15258.0,15258.0,0.999948288,Final Answer: ,1.0,musique_32k,GB,3122.855936,"====== Now let's start! ======
Based on the documents above, can you answer the following query? Print out the TITLE and ID of the documents you use to answer. Then format the answers into a list.
query: When was the last time the team that Malcolm Briggs was a member of beat the 1894-95 FA cup winner?
",['1 December 2010'],65.536,0.6797968563094163,test,999.948288,47651.0,"1956

**Documents Used:**
TITLE: Malcolm Briggs | ID: 178
TITLE: 1894–95 FA Cup | ID: 174
TITLE: Johnny Newman (footballer) | ID: 180

**Reasoning:**
1.  **Identify the team:** According to document **ID: 178** (""Malcolm Briggs""), Malcolm Briggs played for **Birmingham City**.
2.  **Identify the 1894-95 FA Cup winner:** According to document **ID: 174** (""1894–95 FA Cup""), the trophy was stolen after the Final, but the context implies the winner was the team that played in the final. However, looking at document **ID: 180** (""Johnny Newman""), it mentions Newman played for **Birmingham City** and was on the ""losing side in the **1956 FA Cup Final**"". It also mentions he played for **Leicester City** and **Plymouth Argyle**. Wait, let's re-read ID 174 carefully. It says ""The Trophy was stolen... after the Final"". It doesn't explicitly",256
3.122855936,15258.0,15258.0,0.999948288,Final Answer: ,1.0,musique_32k,GB,3122.855936,"====== Now let's start! ======
Based on the documents above, can you answer the following query? Print out the TITLE and ID of the documents you use to answer. Then format the answers into a list.
query: How long had the city where the Yongle Emperor greeted the Karmapa been the capitol city of Yaxing Coach's headquarters location?
",['about 400 years'],65.536,0.6797968563094163,test,999.948288,47651.0,"0

**Step-by-step derivation:**

1.  **Identify the city where the Yongle Emperor greeted the Karmapa:**
    *   According to **Document 152** (""Sino-Tibetan relations during the Ming dynasty""), ""The Yongle Emperor came out of the palace in **Nanjing** to greet the Karmapa"".
    *   So, the city is **Nanjing**.

2.  **Identify the headquarters location of Yaxing Coach:**
    *   According to **Document 154** (""Yaxing Coach""), ""Yaxing Coach... is a bus manufacturer based in **Yangzhou**, Jiangsu, China.""
    *   So, the headquarters location is **Yangzhou**.

3.  **Determine the relationship between the two cities regarding the ""capitol city"" status:**
    *   The query asks: ""How long had the city [Nanjing]... been the capitol city of [Yangzhou]?""
    *   Nanjing is a major city in Jiangsu province. Yangzhou is also a city in Jiangsu province.
    *   Historically, Nanjing has been a capital of China (e",256
3.122855936,15258.0,15258.0,0.999948288,Final Answer: ,1.0,musique_32k,GB,3122.855936,"====== Now let's start! ======
Based on the documents above, can you answer the following query? Print out the TITLE and ID of the documents you use to answer. Then format the answers into a list.
query: In what region of the country containing the Cái River is the place where John Phan was born?
",['South Central Coast'],65.536,0.6797968563094163,test,999.948288,47651.0,"1. **Cái River** (ID: 33) - Identifies the country containing the river as Vietnam.
2. **John Phan** (ID: 34) - Identifies the birthplace of John Phan as Da Nang, Vietnam.
3. **South Central Coast** (ID: 32) - Identifies that Da Nang is part of the South Central Coast region of Vietnam.

Answer: ['South Central Coast']",256
3.122855936,15258.0,15258.0,0.999948288,Final Answer: ,1.0,musique_32k,GB,3122.855936,"====== Now let's start! ======
Based on the documents above, can you answer the following query? Print out the TITLE and ID of the documents you use to answer. Then format the answers into a list.
query: When did the party that controls the House of Representatives take control of the branch that gives regulators discretion to prohibit proprietary trades?
",['January 2015'],65.536,0.6797968563094163,test,999.948288,47651.0,"2010

**Documents Used:**
TITLE: Tanzania | ID: 65
TITLE: 114th United States Congress | ID: 64
TITLE: 2014 United States Senate elections | ID: 63

**Reasoning:**
1.  **Identify the branch:** The query asks about the branch that ""gives regulators discretion to prohibit proprietary trades."" According to **Document 65 (Tanzania)**, the ""Senate bill"" contains the provision where ""regulators have the discretion but not the obligation to prohibit these trades"" (referring to the Volcker Rule). Thus, the branch is the **Senate**.
2.  **Identify the party controlling the House:** The query asks about the party that ""controls the House of Representatives."" According to **Document 64 (114th United States Congress)**, the **Republicans** controlled the House of Representatives (and the Senate) starting in January 2015, following the 2014 elections. **Document 63** also confirms Republicans gained control of the Senate in the 2014 elections.
3.  **Determine when that party took control of the Senate:** The question",256
3.122855936,15258.0,15258.0,0.999948288,Final Answer: ,1.0,musique_32k,GB,3122.855936,"====== Now let's start! ======
Based on the documents above, can you answer the following query? Print out the TITLE and ID of the documents you use to answer. Then format the answers into a list.
query: When did the party Oklahoma's US Senators come from take control of the body determining the rules of the US House and US Senate?
",['January 2015'],65.536,0.6797968563094163,test,999.948288,47651.0,"2014

**Documents Used:**
TITLE: Oklahoma | ID: 61
TITLE: Standing Rules of the United States Senate | ID: 62
TITLE: 114th United States Congress | ID: 64

**Reasoning:**
1.  **Identify the Party:** According to document **ID: 61** (""Oklahoma""), in the 112th Congress (2011–2013), Oklahoma's U.S. senators were **Republicans** (Jim Inhofe and Tom Coburn).
2.  **Identify the Body:** Document **ID: 62** (""Standing Rules of the United States Senate"") states that the Senate's power to establish rules derives from the Constitution, and the House also determines its own rules. The query asks when the party took control of the body determining these rules (i.e., gaining the majority in Congress).
3.  **Determine the Date:** Document **ID: 64** (""114th United States Congress"") states that ""The **2014** elections gave the Republicans control of the Senate (and control of both houses of Congress) for the first time since the ",256
3.122855936,15258.0,15258.0,0.999948288,Final Answer: ,1.0,musique_32k,GB,3122.855936,"====== Now let's start! ======
Based on the documents above, can you answer the following query? Print out the TITLE and ID of the documents you use to answer. Then format the answers into a list.
query: What region is to the north of what used to be known as Near East and the body of water between east africa and Arabian Peninsula?
",['Kingdom of Saudi Arabia'],65.536,0.6797968563094163,test,999.948288,47651.0,"1. **Near East** (Document ID: 159) - The document states that ""Near East"" is a term that has been replaced by ""Middle East"" in diplomatic and military circles, but the query asks for the region to the north of what *used* to be known as Near East. The document implies the region is the same, just renamed. However, looking at the geography, the ""Near East"" generally refers to the Middle East. The body of water between East Africa and the Arabian Peninsula is the **Red Sea**. The region to the north of the Red Sea and the Near East/Middle East is typically **Europe** or specifically the **Mediterranean** region, but the documents don't explicitly name a region *north* of the Near East in a way that fits a single answer from the text provided.

Let's re-read the query carefully: ""What region is to the north of what used to be known as Near East and the body of water between east africa and Arabian Peninsula?""

1.  **""What used to be known as Near East""**: Document 159 says ""Subsequently with the disgrace of 'Near East' in diplomatic and military circles, 'Middle East' prevailed."" So,",256
3.122855936,15258.0,15258.0,0.999948288,Final Answer: ,1.0,musique_32k,GB,3122.855936,"====== Now let's start! ======
Based on the documents above, can you answer the following query? Print out the TITLE and ID of the documents you use to answer. Then format the answers into a list.
query: Which county shares a border with the county where the most populous city in the state where WEKL operates is located?
",['Presque Isle County'],65.536,0.6797968563094163,test,999.948288,47651.0,"1. **WEKL** (ID: 200) - States that WEKL is licensed to **Augusta, Georgia**.
2. **List of municipalities in Georgia (U.S. state)** (ID: 146) - States that the largest municipality by population in Georgia is **Atlanta**.
3. **Geography of Atlanta** (Implicit knowledge required to link Atlanta to Fulton County, as the documents do not explicitly state the county for Atlanta, but the query asks for a county sharing a border with the county where the most populous city is located. However, looking at the provided documents, there is no document explicitly stating which county Atlanta is in or which counties border it. Let's re-read carefully.
   - Document 200: WEKL is in Augusta, Georgia.
   - Document 146: Atlanta is the largest municipality in Georgia.
   - The query asks: ""Which county shares a border with the county where the most populous city in the state where WEKL operates is located?""
   - State: Georgia (from Doc 200).
   - Most populous city: Atlanta (from Doc 146).
   - County where Atlanta is located: Fulton County (",256
3.122855936,15258.0,15258.0,0.999948288,Final Answer: ,1.0,musique_32k,GB,3122.855936,"====== Now let's start! ======
Based on the documents above, can you answer the following query? Print out the TITLE and ID of the documents you use to answer. Then format the answers into a list.
query: In New Zealand, 12.6% of Christians belong to a church that is also active in Lesotho. What movement was led by a man who challenged this church?
",['German Renaissance'],65.536,0.6797968563094163,test,999.948288,47651.0,"1. **New Zealand** (ID: 214) - States that 12.6% of the population identifies as Roman Catholic.
2. **Catholic Church in Lesotho** (ID: 215) - Confirms the presence of the Catholic Church in Lesotho.
3. **Reformation** (ID: 216) - States that Martin Luther started the Reformation by challenging the Catholic Church.

The movement led by a man (Martin Luther) who challenged the Roman Catholic Church is the **Protestant Reformation** (or simply the **Reformation**).

Final Answer: ['Protestant Reformation']",256
3.122855936,15258.0,15258.0,0.999948288,Final Answer: ,1.0,musique_32k,GB,3122.855936,"====== Now let's start! ======
Based on the documents above, can you answer the following query? Print out the TITLE and ID of the documents you use to answer. Then format the answers into a list.
query: What is the abbreviation for Angela Merkel's original home country that once had border troops called the Deutsche Grenzpolizei?
",['GDR'],65.536,0.6797968563094163,test,999.948288,47651.0," ['GDR']

**Documents Used:**
TITLE: Angela Merkel | ID: 225
TITLE: Heinz-Josef Große | ID: 222
TITLE: Literature of East Germany | ID: 223

**Reasoning:**
1.  **Identify Angela Merkel's original home country:** According to document **ID: 225** (""Angela Merkel""), she ""was born in Hamburg in then-West Germany and moved to **East Germany** as an infant"".
2.  **Identify the country with border troops called Deutsche Grenzpolizei:** Document **ID: 222** (""Heinz-Josef Große"") mentions a worker shot by ""**GDR** border guards on the **Inner German border**"". Document **ID: 223** (""Literature of East Germany"") refers to the ""German Democratic Republic (**East Germany**)"". The ""Deutsche Grenzpolizei"" (German Border Police) was the border guard force of the German Democratic Republic (East Germany).
3.  **Find the abbreviation:** Document **ID: 222** explicitly uses the abbreviation ""**GDR**"" for the country (East Germany/German Democratic Republic) where the border",256
3.122855936,15258.0,15258.0,0.999948288,Final Answer: ,1.0,musique_32k,GB,3122.855936,"====== Now let's start! ======
Based on the documents above, can you answer the following query? Print out the TITLE and ID of the documents you use to answer. Then format the answers into a list.
query: What was the wettest year in the second largest city in the state where Yuma's Library District is located?
",['1905'],65.536,0.6797968563094163,test,999.948288,47651.0,"1905

**Documents Used:**
TITLE: Yuma County Library District | ID: 122
TITLE: Tucson, Arizona | ID: 118

**Reasoning:**
1.  **Identify the location of Yuma County Library District:** According to document **ID: 122**, the ""Yuma County Library District serves the population of Yuma County, **Arizona**.""
2.  **Identify the second largest city in that state:** According to document **ID: 118**, ""**Tucson** is the second largest in the state [Arizona] after Phoenix.""
3.  **Find the wettest year for that city:** According to document **ID: 118**, regarding Tucson, ""The wettest year was **1905** with 24.17 in (614 mm).""",256
3.122855936,15258.0,15258.0,0.999948288,Final Answer: ,1.0,musique_32k,GB,3122.855936,"====== Now let's start! ======
Based on the documents above, can you answer the following query? Print out the TITLE and ID of the documents you use to answer. Then format the answers into a list.
query: How long are the city council terms in the second largest city in the state where Yuma is located?
",['four-year'],65.536,0.6797968563094163,test,999.948288,47651.0,"4 years

**Documents Used:**
TITLE: Yuma, Colorado | ID: 121
TITLE: Tucson, Arizona | ID: 173
TITLE: Tucson, Arizona | ID: 123

**Reasoning:**
1.  **Identify the location of Yuma:** Document ID 121 states ""The City of Yuma is a Home Rule Municipality that is the most populous city in Yuma County, **Colorado**, United States."" (Note: While there is a Yuma in Arizona, the document explicitly identifies Yuma, Colorado. However, looking at the context of ""second largest city in the state"", let's check the other Yuma. Document ID 173 mentions ""Tucson is the second-largest populated city in **Arizona** behind Phoenix"". Document ID 121 is about Yuma, Colorado. Is there a Yuma in Arizona? Yes, but the provided text for ID 121 is specifically about Yuma, Colorado. Let's re-read carefully. The query asks about the state where Yuma is located. If the document says Yuma is in Colorado, then the state is Colorado. The second largest city in Colorado is Aurora (or Denver is largest",256
3.122855936,15258.0,15258.0,0.999948288,Final Answer: ,1.0,musique_32k,GB,3122.855936,"====== Now let's start! ======
Based on the documents above, can you answer the following query? Print out the TITLE and ID of the documents you use to answer. Then format the answers into a list.
query: How many ethnic minorities were looked at differently where the only group larger than BMG's partner from 2005 to 2007 is headquartered?
",['two'],65.536,0.6797968563094163,test,999.948288,47651.0,"2

**Documents Used:**
TITLE: American Idol | ID: 106
TITLE: Santa Monica, California | ID: 105

**Reasoning:**
1.  **Identify BMG's partner:** According to document **ID: 106** (""American Idol""), ""In 2005-2007, BMG partnered with **Sony Music Entertainment** to form a joint venture known as Sony BMG Music Entertainment.""
2.  **Identify the group larger than the partner:** The query asks for the location where the ""only group larger than BMG's partner"" is headquartered. Document **ID: 107** (""Sony Music"") states that Sony Music is the ""world's second largest recorded music company, after **Universal Music Group**."" Therefore, Universal Music Group is the only group larger than Sony Music.
3.  **Identify the headquarters location:** The query implies finding the location associated with the ""only group larger"" (Universal Music Group) or potentially the location mentioned in the context of the partner's operations if the phrasing is tricky. However, looking at the documents provided, there is no explicit mention of Universal Music Group's headquarters. Let's re",256
3.122855936,15258.0,15258.0,0.999948288,Final Answer: ,1.0,musique_32k,GB,3122.855936,"====== Now let's start! ======
Based on the documents above, can you answer the following query? Print out the TITLE and ID of the documents you use to answer. Then format the answers into a list.
query: When do hurricanes occur in the ocean that borders the state where Williamsburg, Main Street Station and another share a track?
",['usually in the summer or fall'],65.536,0.6797968563094163,test,999.948288,47651.0,"1. Atlantic hurricane | ID: 227
2. Richmond, Virginia | ID: 228
3. Atlantic hurricane | ID: 227

Answer: ['summer or fall']

**Step-by-step derivation:**
1.  **Identify the location:** The query mentions ""Williamsburg, Main Street Station and another share a track"". Document **Richmond, Virginia (ID: 228)** states: ""Richmond's only railway station located within the city limits, the historic Main Street Station... As of 2010, the station only receives trains headed to and from Newport News and Williamsburg due to track layout."" This confirms the location is **Richmond, Virginia**, and the state is **Virginia**.
2.  **Identify the bordering ocean:** Document **Richmond, Virginia (ID: 228)** mentions the ""James River"" and ""Hampton Roads"". While it doesn't explicitly name the ocean, general knowledge (and context from other documents like ID: 227) places Virginia on the **Atlantic Ocean**. Document **Atlantic hurricane (ID: 227)** defines an Atlantic hurricane as a storm that occurs in the **Atlantic Ocean**.
",256
3.122855936,15258.0,15258.0,0.999948288,Final Answer: ,1.0,musique_32k,GB,3122.855936,"====== Now let's start! ======
Based on the documents above, can you answer the following query? Print out the TITLE and ID of the documents you use to answer. Then format the answers into a list.
query: What is the seat of the county sharing a border with the county in which J.P. Hayes was born?
",['Green Bay'],65.536,0.6797968563094163,test,999.948288,47651.0,"1. J. P. Hayes | ID: 59
2. List of municipalities in Georgia (U.S. state) | ID: 146 (Note: This document does not contain the answer, but the query requires finding the seat of a county bordering the one where J.P. Hayes was born. J.P. Hayes was born in Appleton, Wisconsin. The document ""J. P. Hayes"" states he was born in Appleton, Wisconsin. However, none of the provided documents list the counties bordering Outagamie County (where Appleton is located) or their seats. The document ""List of municipalities in Georgia"" is irrelevant. The document ""Pulaski High School"" mentions Outagamie County but not its neighbors. The document ""Lake County, Oregon"" is irrelevant. The document ""Alpena Power Company"" mentions Alpena County, Michigan. The document ""Drexel Heights, Arizona"" is irrelevant. The document ""Tucson, Arizona"" is irrelevant. The document ""Yuma, Colorado"" is irrelevant. The document ""Yuma County Library District"" is irrelevant. The document ""Springfield, Illinois"" is irrelevant. The document ""Randolph County, Illinois"" is irrelevant. The document",256
3.122855936,15258.0,15258.0,0.999948288,Final Answer: ,1.0,musique_32k,GB,3122.855936,"====== Now let's start! ======
Based on the documents above, can you answer the following query? Print out the TITLE and ID of the documents you use to answer. Then format the answers into a list.
query: What shares a border with the city where the person who went to the state where the 951 area code is used during the gold rush works?
",['Rio Linda'],65.536,0.6797968563094163,test,999.948288,47651.0,"1. **Area code 951** (ID: 89) - Identifies that area code 951 covers western Riverside County, California.
2. **California Gold Rush** (ID: 87) - Confirms the gold rush occurred in California (specifically mentioning the American River and San Francisco).
3. **Henry Haight** (ID: 259) - Identifies Henry Haight as a person who worked in San Francisco during the California gold rush era.
4. **San Francisco** (Note: While the document ""San Francisco"" is not explicitly listed in the provided text, the query asks about the city where Henry Haight worked, which is San Francisco. However, looking at the provided documents, there is no document titled ""San Francisco"" that lists its borders. Let's re-evaluate the chain.)

Let's re-read the documents carefully to find the specific city and its borders.
- **Area code 951** (ID: 89) is in **California**.
- **California Gold Rush** (ID: 87) happened in **California**.
- **Henry Haight** (ID: 259) worked in **San",256
3.122855936,15258.0,15258.0,0.999948288,Final Answer: ,1.0,musique_32k,GB,3122.855936,"====== Now let's start! ======
Based on the documents above, can you answer the following query? Print out the TITLE and ID of the documents you use to answer. Then format the answers into a list.
query: How many ethnic minorities were looked at differently in the city where the headquarters of the company that Study in Brown's record label is a part of?
",['two'],65.536,0.6797968563094163,test,999.948288,47651.0,"2

**Documents Used:**
TITLE: Study in Brown | ID: 102
TITLE: Santa Monica, California | ID: 105
TITLE: The Right Stuff Records | ID: 103
TITLE: EMI | ID: 104 (Note: While not explicitly listed as a separate document in the provided text, the connection is made via ""The Right Stuff Records"" being part of EMI, and ""Study in Brown"" being a Clifford Brown and Max Roach album. However, looking closely at the provided text, ""Study in Brown"" (ID 102) mentions the album but not the label. ""The Right Stuff Records"" (ID 103) is part of EMI. ""Santa Monica, California"" (ID 105) mentions the city where EMI/The Right Stuff Records is based (Santa Monica) and the ethnic minorities. Let's re-verify the chain.)

*Correction on the chain:*
1.  **Study in Brown** (ID 102): ""Study in Brown (EmArcy Records, 1955) is a Clifford Brown and Max Roach album."" -> Label is **EmArcy Records**.",256
3.122855936,15258.0,15258.0,0.999948288,Final Answer: ,1.0,musique_32k,GB,3122.855936,"====== Now let's start! ======
Based on the documents above, can you answer the following query? Print out the TITLE and ID of the documents you use to answer. Then format the answers into a list.
query: When was the region that lies to the north of the region where Aluf is located and the Persian Gulf created?
",['1930'],65.536,0.6797968563094163,test,999.948288,47651.0,"1979

**Documents Used:**
*   TITLE: History of Saudi Arabia | ID: 209
*   TITLE: Geography of Saudi Arabia | ID: 160
*   TITLE: Arabian Peninsula | ID: 161

**Reasoning:**
1.  **Identify ""Aluf"":** The query mentions ""Aluf"". While ""Aluf"" is not explicitly defined in the provided text as a specific region, in the context of the documents provided (which focus heavily on Saudi Arabia, the Arabian Peninsula, and the Persian Gulf), the query likely refers to a region within Saudi Arabia or the Arabian Peninsula. However, looking closely at the documents, there is no mention of a place called ""Aluf"".
2.  **Re-evaluating the query based on available text:** Let's look for a region ""to the north of the region where [Place] is located and the Persian Gulf"".
    *   Document 160 (Geography of Saudi Arabia) states: ""The Kingdom of Saudi Arabia is a country situated in Southwest Asia... bordering the Persian Gulf and the Red Sea, north of Yemen.""
    *   Document 161 (Arabian Peninsula)",256
3.122855936,15258.0,15258.0,0.999948288,Final Answer: ,1.0,musique_32k,GB,3122.855936,"====== Now let's start! ======
Based on the documents above, can you answer the following query? Print out the TITLE and ID of the documents you use to answer. Then format the answers into a list.
query: What is the capital of the county that shares a border with the county whose capital is the birthplace of Erik Jensen?
",['Green Bay'],65.536,0.6797968563094163,test,999.948288,47651.0,"1. Erik Jensen (American football) | ID: 60
2. List of municipalities in Georgia (U.S. state) | ID: 146 (Note: This document is not relevant to the specific query about Wisconsin counties, but the query requires identifying the county bordering Outagamie County. The documents provided do not contain a list of Wisconsin counties or their capitals/borders. However, based on general knowledge triggered by the document stating Erik Jensen was born in Appleton, Wisconsin, which is in Outagamie County, the neighboring county is Brown County, whose capital is Green Bay. Since the provided text does not contain the answer ""Green Bay"" or the name of the bordering county, I must rely on the information present. Wait, let me re-read the documents carefully.

Document 60: ""Erik Jensen (born October 11, 1980 in Appleton, Wisconsin)...""
Document 58: ""Born in Green Bay, Wisconsin, Quinn was a realtor... served on the Green Bay Common Council... and the Wisconsin State Assembly from 1955 until 1973."" (This mentions Green Bay but doesn't explicitly state it's the capital of Brown County",256
3.122855936,15258.0,15258.0,0.999948288,Final Answer: ,1.0,musique_32k,GB,3122.855936,"====== Now let's start! ======
Based on the documents above, can you answer the following query? Print out the TITLE and ID of the documents you use to answer. Then format the answers into a list.
query: Who won the Indy car race in the largest city and capitol of the state where the Changes Two performer is from?
",['Mario Andretti'],65.536,0.6797968563094163,test,999.948288,47651.0,"1. **Changes Two** (ID: 171) - Identifies the performer as Charles Mingus.
2. **Charles Mingus** (ID: 168) - States that Charles Mingus was born in Nogales, Arizona.
3. **Arizona** (ID: 170) - States that the capital and largest city of Arizona is Phoenix.
4. **Desert Diamond West Valley Phoenix Grand Prix** (ID: 169) - Mentions the final career victory for Indy legend Mario Andretti in Phoenix in 1993.

Answer: ['Mario Andretti']",256
3.122855936,15258.0,15258.0,0.999948288,Final Answer: ,1.0,musique_32k,GB,3122.855936,"====== Now let's start! ======
Based on the documents above, can you answer the following query? Print out the TITLE and ID of the documents you use to answer. Then format the answers into a list.
query: Who won the Indy Car Race in the largest populated city of the state where the performer of Mingus Three is from?
",['Mario Andretti'],65.536,0.6797968563094163,test,999.948288,47651.0,"1993

**Documents Used:**
TITLE: Mingus Three | ID: 172
TITLE: Charles Mingus | ID: 168
TITLE: Arizona | ID: 170
TITLE: Desert Diamond West Valley Phoenix Grand Prix | ID: 169

**Reasoning:**
1.  **Identify the performer:** The album *Mingus Three* (ID: 172) is by **Charles Mingus**.
2.  **Identify the performer's state:** According to ID: 168, Charles Mingus was born in Nogales, **Arizona**.
3.  **Identify the largest populated city in that state:** According to ID: 170, the capital and largest city of Arizona is **Phoenix**.
4.  **Identify the winner of the Indy Car Race in that city:** According to ID: 169, the *Desert Diamond West Valley Phoenix Grand Prix* (held in Phoenix) mentions the ""final career victory for Indy legend **Mario Andretti** (1993)"". While the text doesn't explicitly state he won the *current* race described (which was revived in 201",256
3.122855936,15258.0,15258.0,0.999948288,Final Answer: ,1.0,musique_32k,GB,3122.855936,"====== Now let's start! ======
Based on the documents above, can you answer the following query? Print out the TITLE and ID of the documents you use to answer. Then format the answers into a list.
query: When is the opening day of the league of the team with the most titles from the event after which they give out the MLB MVP award?
","['Thursday, March 29']",65.536,0.6797968563094163,test,999.948288,47651.0,"2018 Major League Baseball season | ID: 184
Major League Baseball Most Valuable Player Award | ID: 185
Opening Day | ID: 188
New York Yankees | ID: 186
World Series | ID: 187
World Series | ID: 203

The query asks for the opening day of the league (MLB) for the team with the most titles from the event after which the MVP award is given.
1.  **Identify the event:** The MVP award is announced after the **World Series** (Document 185: ""MVP voting takes place before the postseason, but the results are not announced until after the World Series."").
2.  **Identify the team with the most titles:** The **New York Yankees** have won the most World Series titles (27 wins) (Document 187: ""In the American League, the New York Yankees have played in 40 World Series and won 27..."").
3.  **Identify the league:** The Yankees play in **Major League Baseball** (Document 186).
4.  **Find the opening day:** The",256
3.122855936,15258.0,15258.0,0.999948288,Final Answer: ,1.0,musique_32k,GB,3122.855936,"====== Now let's start! ======
Based on the documents above, can you answer the following query? Print out the TITLE and ID of the documents you use to answer. Then format the answers into a list.
query: When does the regular season of the league where the team with the most titles from the series after which the MLB MVP award is given out plays?
","['March 29, 2018']",65.536,0.6797968563094163,test,999.948288,47651.0,"2018

**Step-by-step derivation:**

1.  **Identify the series after which the MLB MVP award is given out:**
    *   According to **Document 185** (""Major League Baseball Most Valuable Player Award""), ""MVP voting takes place before the postseason, but the results are not announced until after the **World Series**.""
    *   So, the series is the **World Series**.

2.  **Identify the team with the most titles from the World Series:**
    *   According to **Document 203** (""World Series""), ""In the American League, the **New York Yankees** have played in 40 World Series and won **27**...""
    *   Comparing this to other teams mentioned (Athletics: 9, Red Sox: 8, Cardinals: 11, Giants: 8, Dodgers: 6, Reds: 5), the New York Yankees have the most titles (27).

3.  **Identify the league where the New York Yankees play:**
    *   According to **Document 186** (""New York Yankees""), ""The Yankees compete in **Major League Baseball (MLB",256
3.122855936,15258.0,15258.0,0.999948288,Final Answer: ,1.0,musique_32k,GB,3122.855936,"====== Now let's start! ======
Based on the documents above, can you answer the following query? Print out the TITLE and ID of the documents you use to answer. Then format the answers into a list.
query: When is opening day of the season of the league that the team that has the most titles from the competition they gave out MVP awards after?
","['March 29, 2018']",65.536,0.6797968563094163,test,999.948288,47651.0,"2018

**Documents Used:**
TITLE: Major League Baseball Most Valuable Player Award | ID: 185
TITLE: 2018 Major League Baseball season | ID: 184
TITLE: Opening Day | ID: 188

**Reasoning:**
1.  **Identify the league:** The document ""Major League Baseball Most Valuable Player Award"" (ID: 185) states that MVP voting takes place before the postseason and results are announced after the World Series. This refers to Major League Baseball (MLB).
2.  **Identify the team with the most titles:** The document ""World Series"" (ID: 203) states that in the American League, the New York Yankees have played in 40 World Series and won 27, which is the most titles mentioned for any team in the context of the World Series (the competition where MVP awards are given out after).
3.  **Identify the season and opening day:** The query asks for the opening day of the season of this league. The document ""2018 Major League Baseball season"" (ID: 184) states the season began on March 2",256
3.122855936,15258.0,15258.0,0.999948288,Final Answer: ,1.0,musique_32k,GB,3122.855936,"====== Now let's start! ======
Based on the documents above, can you answer the following query? Print out the TITLE and ID of the documents you use to answer. Then format the answers into a list.
query: Who was second pick in the 1999 draft of the league that has a competition where they give out the MLB MVP award after it?
",['Josh Beckett'],65.536,0.6797968563094163,test,999.948288,47651.0,"1999 Major League Baseball draft | ID: 202
Major League Baseball Most Valuable Player Award | ID: 185
['Josh Beckett']",256
3.122855936,15258.0,15258.0,0.999948288,Final Answer: ,1.0,musique_32k,GB,3122.855936,"====== Now let's start! ======
Based on the documents above, can you answer the following query? Print out the TITLE and ID of the documents you use to answer. Then format the answers into a list.
query: The original language of the film titled and about the city of Tito's final resting place is the co-official language of a country. Where are the headquarters for that country's national radio and TV broadcaster?
",['Pristina'],65.536,0.6797968563094163,test,999.948288,47651.0,"1. **Belgrade (film)** (ID: 135) - Identifies the film ""Belgrade"" about the city of Belgrade, which is Tito's final resting place.
2. **Serbian language** (ID: 137) - Confirms that Serbian is the co-official language of Kosovo.
3. **Media in Pristina** (ID: 136) - Mentions ""Radio Television Serbia"" aired in Pristina, but does not explicitly state the headquarters location of the national broadcaster of Kosovo. However, the query asks for the headquarters of the *country's* national radio and TV broadcaster. The country where Serbian is co-official is **Kosovo**. The national broadcaster of Kosovo is **RTK (Radio Television of Kosovo)**. The documents provided do not explicitly state the headquarters of RTK.
*Correction*: Let's re-read the query and documents carefully.
Query: ""The original language of the film titled and about the city of Tito's final resting place is the co-official language of a country. Where are the headquarters for that country's national radio and TV broadcaster?""

Step 1: Identify the city of Tito's final resting place.
Document **",256
3.122855936,15258.0,15258.0,0.999948288,Final Answer: ,1.0,musique_32k,GB,3122.855936,"====== Now let's start! ======
Based on the documents above, can you answer the following query? Print out the TITLE and ID of the documents you use to answer. Then format the answers into a list.
query: A country's military branch, the equivalent of which in the US contains the Air Defense Artillery, was unprepared for the invasion of Ivo Werner's country. When was the word ""Slavs"" used in the national anthem of the unprepared country?
",['1943–1992'],65.536,0.6797968563094163,test,999.948288,47651.0,"1943–1992

**Documents Used:**
TITLE: United States Army | ID: 109
TITLE: Josip Broz Tito | ID: 111
TITLE: Ivo Werner | ID: 112
TITLE: Slavs | ID: 108

**Reasoning:**
1.  **Identify the US military branch:** According to **ID: 109** (""United States Army""), the **United States Army** contains the ""Air Defense Artillery"" branch.
2.  **Identify the unprepared country:** The query states a country's military branch (equivalent to the US Army) was unprepared for the invasion of Ivo Werner's country.
    *   **ID: 112** (""Ivo Werner"") states he is originally from **Czechoslovakia**.
    *   **ID: 111** (""Josip Broz Tito"") mentions that in April 1969, Tito removed generals ""in the aftermath of the invasion of **Czechoslovakia** due to the unpreparedness of the **Yugoslav army** to respond to a similar invasion of Yugoslavia.""
",256
3.122855936,15258.0,15258.0,0.999948288,Final Answer: ,1.0,musique_32k,GB,3122.855936,"====== Now let's start! ======
Based on the documents above, can you answer the following query? Print out the TITLE and ID of the documents you use to answer. Then format the answers into a list.
query: A country's military branch, the equivalent of which in the US contains the Air Defense Artillery, was unprepared for the invasion of the country that developed the ZH-29. When was the word ""Slavs"" used in the national anthem of the unprepared country?
",['1943–1992'],65.536,0.6797968563094163,test,999.948288,47651.0,"1943–1992

**Documents Used:**
TITLE: United States Army | ID: 109
TITLE: Josip Broz Tito | ID: 113
TITLE: Czechoslovakia | ID: 115
TITLE: ZH-29 | ID: 110
TITLE: Slavs | ID: 108

**Reasoning:**
1.  **Identify the US military branch:** According to **ID 109** (""United States Army""), the US Army contains the ""Air Defense Artillery"".
2.  **Identify the unprepared country:** According to **ID 113** (""Josip Broz Tito""), the ""Yugoslav army"" was ""unprepared"" to respond to a similar invasion of Yugoslavia (referring to the invasion of Czechoslovakia mentioned in **ID 112**). The country is Yugoslavia.
3.  **Identify the country that developed the ZH-29:** According to **ID 110** (""ZH-29""), the rifle was developed in ""Czechoslovakia"". The query states the unprepared country (Yugoslavia",256
3.122855936,15258.0,15258.0,0.999948288,Final Answer: ,1.0,musique_32k,GB,3122.855936,"====== Now let's start! ======
Based on the documents above, can you answer the following query? Print out the TITLE and ID of the documents you use to answer. Then format the answers into a list.
query: Country A developed the ZH-29 and invaded Country B because their military branch that the Air Defense Artillery is a branch of was unprepared. Country B was the only communist country to have an embassy where?
","[""Alfredo Stroessner's Paraguay""]",65.536,0.6797968563094163,test,999.948288,47651.0,"1. **Country A**: The document ""ZH-29"" (ID: 110) states the rifle was developed in **Czechoslovakia**. The document ""Josip Broz Tito"" (ID: 112) mentions that after the invasion of Czechoslovakia, Tito removed generals due to the unpreparedness of the **Yugoslav army**. The document ""United States Army"" (ID: 109) lists **Air Defense Artillery** as a major branch of the **Army**. Therefore, Country A is Czechoslovakia (which was invaded by the Soviet Union, but the context of the ""unprepared"" military branch refers to the Yugoslav army's reaction to the invasion of Czechoslovakia, or more likely, the query implies the invader was the USSR, but the ""unprepared"" part refers to Yugoslavia's fear of invasion, or the query is slightly conflated. Let's re-read carefully).

Re-evaluating the query logic:
""Country A developed the ZH-29"" -> **Czechoslovakia** (ID: 110).
""invaded Country B because their military branch that the Air Defense Artillery is a branch",256
3.122855936,15258.0,15258.0,0.999948288,Final Answer: ,1.0,musique_32k,GB,3122.855936,"====== Now let's start! ======
Based on the documents above, can you answer the following query? Print out the TITLE and ID of the documents you use to answer. Then format the answers into a list.
query: Hana Mandlikova was born in Country A that invaded Country B because the military branch that helped Old West's local police was unprepared. Country B was the only communist country to have an embassy where?
","[""Alfredo Stroessner's Paraguay""]",65.536,0.6797968563094163,test,999.948288,47651.0," ['Alfredo Stroessner's Paraguay']

**Documents Used:**
TITLE: Czechoslovakia | ID: 115
TITLE: Josip Broz Tito | ID: 113
TITLE: Josip Broz Tito | ID: 112 (Note: While ID 112 mentions Werner, ID 115 confirms Hana Mandlíková was born in Czechoslovakia. ID 113 confirms the embassy location. ID 112 is not strictly necessary for the final answer but ID 115 is crucial for the nationality link).
*Correction on Document Selection based on strict relevance:*
1.  **Czechoslovakia (ID: 115)**: Confirms Hana Mandlíková was born in Czechoslovakia (Country A).
2.  **Josip Broz Tito (ID: 113)**: States that Yugoslavia (Country B, implied by the context of the invasion of Czechoslovakia in 1968 and the specific embassy detail) was the only communist country allowed to have an embassy in Alfredo Stroessner's Paraguay.
3.  **Josip Broz Tito (ID: 1",256
3.122855936,15258.0,15258.0,0.999948288,Final Answer: ,1.0,musique_32k,GB,3122.855936,"====== Now let's start! ======
Based on the documents above, can you answer the following query? Print out the TITLE and ID of the documents you use to answer. Then format the answers into a list.
query: How were the Portuguese expelled from the country that is a natural boundary between the country that hosted the tournament and the country That Dam is located?
",['The dynasty regrouped and defeated the Portuguese'],65.536,0.6797968563094163,test,999.948288,47651.0,"1613

**Documents Used:**
TITLE: 2020 AFC U-23 Championship qualification | ID: 67
TITLE: That Dam | ID: 66
TITLE: Geography of Myanmar | ID: 69
TITLE: Myanmar | ID: 70

**Reasoning:**
1.  **Identify the tournament host:** Document 67 states that the final tournament hosts for the 2020 AFC U-23 Championship qualification were **Thailand**.
2.  **Identify the location of That Dam:** Document 66 states that That Dam is located in **Laos**.
3.  **Identify the natural boundary country:** Document 69 states that **Myanmar** (also known as Burma) borders both **Thailand** and **Laos**. Thus, Myanmar is the country that acts as a natural boundary between the tournament host (Thailand) and the country where That Dam is located (Laos).
4.  **Find the expulsion of the Portuguese:** Document 70 states regarding the history of Myanmar: ""The dynasty regrouped and defeated the **Portuguese in 1613**"".

Therefore, the Portuguese were",256
3.122855936,15258.0,15258.0,0.999948288,Final Answer: ,1.0,musique_32k,GB,3122.855936,"====== Now let's start! ======
Based on the documents above, can you answer the following query? Print out the TITLE and ID of the documents you use to answer. Then format the answers into a list.
query: When did Burma change its name to the country on the natural boundary between the country that hosted the tournament and the country where That Dam is from?
",['1989'],65.536,0.6797968563094163,test,999.948288,47651.0,"1989

**Documents Used:**
TITLE: Names of Myanmar | ID: 68
TITLE: That Dam | ID: 66
TITLE: 2020 AFC U-23 Championship qualification | ID: 67
TITLE: Geography of Myanmar | ID: 69

**Reasoning:**
1.  **Identify the country where ""That Dam"" is from:** According to document ID 66, ""That Dam"" is located in **Vientiane, Laos**. So, the country is **Laos**.
2.  **Identify the country that hosted the tournament:** Document ID 67 states that the **2020 AFC U-23 Championship qualification** final tournament hosts were **Thailand**.
3.  **Identify the country on the natural boundary between Laos and Thailand:** Document ID 69 states that **Myanmar** (also known as Burma) borders **Thailand** and **Laos**. While the Mekong River is the specific natural boundary often cited between Laos and Thailand, the query asks for the *country* on the natural boundary between the two. However, re-reading the query: ""the country on the natural boundary between the",256
3.122855936,15258.0,15258.0,0.999948288,Final Answer: ,1.0,musique_32k,GB,3122.855936,"====== Now let's start! ======
Based on the documents above, can you answer the following query? Print out the TITLE and ID of the documents you use to answer. Then format the answers into a list.
query: Who brought the language Hokkien to the country on the natural boundary between the country that hosted the tournament and the country where A Don is from?
",['Han Chinese emigrants'],65.536,0.6797968563094163,test,999.948288,47651.0,"1. **2020 AFC U-23 Championship qualification** (ID: 67) - Identifies the tournament host as **Thailand**.
2. **A Don** (ID: 75) - Identifies the country where A Don is from as **Laos**.
3. **Geography of Myanmar** (ID: 69) - Identifies **Myanmar** (also known as Burma) as the country bordering both Thailand and Laos (the natural boundary between them).
4. **Hokkien** (ID: 77) - States that **Many ethnic Han Chinese emigrants** (specifically **Hoklo** from southern Fujian) brought the language to **Burma (Myanmar)**.

The answer is: **Many ethnic Han Chinese emigrants** (or **Hoklo**).

Final Answer: ['Many ethnic Han Chinese emigrants']",256
3.122855936,15258.0,15258.0,0.999948288,Final Answer: ,1.0,musique_32k,GB,3122.855936,"====== Now let's start! ======
Based on the documents above, can you answer the following query? Print out the TITLE and ID of the documents you use to answer. Then format the answers into a list.
query: When was Burma's name changed to the country between the country that hosted the tournament and the country where A Don is from?
",['1235'],65.536,0.6797968563094163,test,999.948288,47651.0,"1989

**Documents Used:**
TITLE: Names of Myanmar | ID: 68
TITLE: A Don | ID: 75
TITLE: 2020 AFC U-23 Championship qualification | ID: 67

**Reasoning:**
1.  **Identify the country where A Don is from:** According to document **ID: 75** (""A Don""), A Don is a village in south-eastern **Laos**.
2.  **Identify the country that hosted the tournament:** According to document **ID: 67** (""2020 AFC U-23 Championship qualification""), the final tournament hosts were **Thailand**.
3.  **Identify the country between Laos and Thailand:** The query asks for the country between Thailand and Laos. Geographically, **Myanmar** (Burma) is located to the west of Thailand and shares a border with Laos (though the border is short, it is the country situated between the two in the context of the region's geography often implied in such queries, or simply the country whose name change is the subject). The query specifically asks about ""Burma's name changed to the country..."", implying the answer is the new",256
3.122855936,15258.0,15258.0,0.999948288,Final Answer: ,1.0,musique_32k,GB,3122.855936,"====== Now let's start! ======
Based on the documents above, can you answer the following query? Print out the TITLE and ID of the documents you use to answer. Then format the answers into a list.
query: Who burned down the city where Dunn Dunn's artist died in the war after which the government got involved in healthcare?
",['Confederate Gen. John Bell Hood'],65.536,0.6797968563094163,test,999.948288,47651.0,"1. **Shawty Lo discography** (ID: 162) - Identifies the artist of ""Dunn Dunn"" as Shawty Lo.
2. **History of health care reform in the United States** (ID: 165) - States that the government established the Freedmen's Bureau after the **Civil War**.
3. **Atlanta in the American Civil War** (ID: 163) - States that **Union Gen. William Sherman** ordered the destruction of public buildings and assets in **Atlanta** (where Shawty Lo is from, as per ID 162) after the Civil War.

*Note: The query contains a factual error regarding the artist's death. Shawty Lo (Shawn Taylor) is alive and did not die in the Civil War. The question likely conflates the artist's origin city (Atlanta) with the historical event (Sherman's burning of Atlanta after the Civil War) and the subsequent government healthcare involvement (Freedmen's Bureau). Based on the documents provided, the person who burned down the city (Atlanta) is William Sherman.*

['William Sherman']",256
3.122855936,15258.0,15258.0,0.999948288,Final Answer: ,1.0,musique_32k,GB,3122.855936,"====== Now let's start! ======
Based on the documents above, can you answer the following query? Print out the TITLE and ID of the documents you use to answer. Then format the answers into a list.
query: New coins by the Somali Muslim Ajuran Empire were a proclamation of independence from a nation. How were the people of that nation expelled from country that borders Thailand and Ban Nampo village's country?
",['The dynasty regrouped and defeated the Portuguese'],65.536,0.6797968563094163,test,999.948288,47651.0,"1942

**Documents Used:**
TITLE: Ottoman Empire | ID: 72
TITLE: Ban Nampo | ID: 73
TITLE: Pacific War | ID: 81

**Reasoning:**
1.  **Identify the nation:** According to **Document 72 (Ottoman Empire)**, the Somali Muslim Ajuran Empire employed a new coinage to proclaim an attitude of economic independence in regard to the **Portuguese**. Thus, the nation is Portugal.
2.  **Identify the country:** **Document 73 (Ban Nampo)** states that Ban Nampo is a village in **Laos**. **Document 81 (Pacific War)** mentions that **Thailand** borders **Burma** (Myanmar), but the query asks for a country that borders Thailand and is the country of Ban Nampo. Laos borders Thailand.
3.  **Determine the expulsion:** The query asks how the people of the identified nation (Portuguese) were expelled from the identified country (Laos). However, looking at the documents provided, there is no mention of Portuguese people being expelled from Laos.
    *   *Correction/Re-evaluation:* Let's re-read the",256
3.122855936,15258.0,15258.0,0.999948288,Final Answer: ,1.0,musique_32k,GB,3122.855936,"====== Now let's start! ======
Based on the documents above, can you answer the following query? Print out the TITLE and ID of the documents you use to answer. Then format the answers into a list.
query: A country gained control of Florida after the war in which Charles Edward Nugent saw action. Besides being in different parts of that country, what other differences are there between Real Madrid and Hostafrancs's city's team?
",['two cities'],65.536,0.6797968563094163,test,999.948288,47651.0,"1. **Documents Used:**
   - TITLE: Charles Edmund Nugent | ID: 212
   - TITLE: Jacksonville, Florida | ID: 210
   - TITLE: FC Barcelona | ID: 211
   - TITLE: Hostafrancs | ID: 213

2. **Answer:**
   - **Country:** Spain (gained control of Florida after the French Revolutionary Wars/Napoleonic Wars, in which Charles Edmund Nugent served).
   - **Differences between Real Madrid and Hostafrancs's city's team (FC Barcelona):**
     - **Region:** Real Madrid represents Castile, while FC Barcelona represents Catalonia.
     - **City:** Real Madrid is based in Madrid, while FC Barcelona is based in Barcelona.
     - **Rivalry Context:** The rivalry (El Clásico) reflects political and cultural tensions between Castilians and Catalans, often seen as a re-enactment of the Spanish Civil War.

Formatted List:
['Spain', 'Real Madrid represents Castile while FC Barcelona represents Catalonia', 'Real Madrid is based in Madrid while FC Barcelona is based in Barcelona', 'The rivalry reflects political and cultural tensions between Cast",256
3.122855936,15258.0,15258.0,0.999948288,Final Answer: ,1.0,musique_32k,GB,3122.855936,"====== Now let's start! ======
Based on the documents above, can you answer the following query? Print out the TITLE and ID of the documents you use to answer. Then format the answers into a list.
query: In the top five largest urban areas in the US state in which the band performing Scars was formed, where does the city having Pathology rank?
",['third-largest'],65.536,0.6797968563094163,test,999.948288,47651.0,"1. **Papa Roach** (ID: 14) - States the band was formed in Vacaville, California.
2. **Pathology** (ID: 19) - States the band is from San Diego, California.
3. **San Diego** (ID: 13) - States that San Diego is the ""third-largest urban area in the state"" (California).

The band performing ""Scars"" is Papa Roach, which was formed in California. The city where Pathology is located is San Diego, California. According to the document, San Diego ranks as the **third-largest** urban area in California.

Final Answer: ['third-largest']",256
3.122855936,15258.0,15258.0,0.999948288,Final Answer: ,1.0,musique_32k,GB,3122.855936,"====== Now let's start! ======
Based on the documents above, can you answer the following query? Print out the TITLE and ID of the documents you use to answer. Then format the answers into a list.
query: When did the town WIZE is licensed in become capitol of the state where Ward Township is located?
",['1839'],65.536,0.6797968563094163,test,999.948288,47651.0,"1821

**Documents Used:**
TITLE: WIZE | ID: 200
TITLE: Ward Township, Randolph County, Indiana | ID: 199
TITLE: Springfield, Illinois | ID: 198

**Reasoning:**
1.  **Identify the town WIZE is licensed in:** According to document **ID: 200** (""WIZE""), the station is licensed to **Springfield, Ohio**.
2.  **Identify the state where Ward Township is located:** According to document **ID: 199** (""Ward Township, Randolph County, Indiana""), Ward Township is in **Indiana**.
3.  **Identify the capital of Indiana:** The query asks when the town WIZE is licensed in (Springfield) became the capital of the state where Ward Township is located (Indiana). However, Springfield, Ohio is not the capital of Indiana. The capital of Indiana is Indianapolis.
    *   *Correction/Re-evaluation:* Let's re-read the query carefully. ""When did the town WIZE is licensed in become capitol of the state where Ward Township is located?""
    *   Town WIZE is licensed in: **Springfield**",256
