compression_ratio,context_length,retained_kv_memory_gb,memory_budget,answer,predicted_answer,max_new_tokens,question,memory_budget_unit,token_budget,task,retained_kv_memory_mb,uncompressed_kv_memory_gb,answer_prefix,kv_memory_per_token_kb,uncompressed_kv_memory_mb,retained_context_tokens,context_tokens
0.9056936201780416,32768,0.199950336,0.2,['6452832']," **1481506**.

This appears in the sentence: ""Many of the special magic numbers for productive-artery is: 1481506."" (Note: The text actually says ""Many of the special magic numbers for productive-artery is: 1481506"" in the context of a list of numbers, but the specific number associated with ""productive-artery"" in the text is 1481506).

Wait, let me re-read the text carefully to find the exact phrase.

Looking at the text again:
""",128,What is the special magic number for productive-artery mentioned in the provided text? ,GB,3051.0,niah_multikey_1,199.950336,2.120220672,The special magic number for productive-artery mentioned in the provided text is,65.536,2120.220672,3051.0,32352.0
0.9056936201780416,32768,0.199950336,0.2,['5049282']," **1170307**.

This is found in the sentence: ""In fact, I worry it's not merely a liberal one, but a bright-spat one. The magic number for bright-spat is 1170307."" (Note: The actual text provided says ""In fact, I worry it's not merely a liberal one, but a bright-spat one. The magic number for bright-spat is 1170307."" is not in the text. The text actually says: ""In fact, I worry it's not merely a liberal one, but a",128,What is the special magic number for bright-spat mentioned in the provided text? ,GB,3051.0,niah_multikey_1,199.950336,2.120220672,The special magic number for bright-spat mentioned in the provided text is,65.536,2120.220672,3051.0,32352.0
0.9056907050786683,32768,0.199950336,0.2,['7784725']," **63**.

This is found in the sentence: ""For example, many suspect that venture capital firms are not actually doing what they say they are doing, but are instead just trying to get rich. **63**."" (Note: The text actually says ""63"" in the context of the sentence ""For example, many suspect that venture capital firms are not actually doing what they say they are doing, but are instead just trying to get rich. **63**."" Wait, looking closer at the provided text snippet: ""For example, many suspect that venture capital firms are not actually doing what they say they are",128,What is the special magic number for fearless-tritone mentioned in the provided text? ,GB,3051.0,niah_multikey_1,199.950336,2.120155136,The special magic number for fearless-tritone mentioned in the provided text is,65.536,2120.155136,3051.0,32351.0
0.9056907050786683,32768,0.199950336,0.2,['9907391']," **9**.

This is found in the sentence: ""In fact, so magically that it's like a screeching-combine with a magic number of 9.""",128,What is the special magic number for screeching-combine mentioned in the provided text? ,GB,3051.0,niah_multikey_1,199.950336,2.120155136,The special magic number for screeching-combine mentioned in the provided text is,65.536,2120.155136,3051.0,32351.0
0.9056907050786683,32768,0.199950336,0.2,['4106298']," **63**.

This is found in the sentence: ""One of the special magic numbers for romantic-harpooner is: 63.""",128,What is the special magic number for romantic-harpooner mentioned in the provided text? ,GB,3051.0,niah_multikey_1,199.950336,2.120155136,The special magic number for romantic-harpooner mentioned in the provided text is,65.536,2120.155136,3051.0,32351.0
0.9056936201780416,32768,0.199950336,0.2,['4256752']," **4256752**.

It appears in the sentence: ""One of the special magic numbers for chivalrous-disclosure is 4256752.""",128,What is the special magic number for chivalrous-disclosure mentioned in the provided text? ,GB,3051.0,niah_multikey_1,199.950336,2.120220672,The special magic number for chivalrous-disclosure mentioned in the provided text is,65.536,2120.220672,3051.0,32352.0
0.9056936201780416,32768,0.199950336,0.2,['9235577']," **200**.

This is found in the sentence: ""Most of the company's magic number for tender-license is 200."" (Note: The text actually says ""Most of the company's magic number for tender-license is 200"" in the context of the article discussing company growth and magic numbers, though the exact phrasing in the provided snippet is slightly different, the number 200 is the key figure associated with the concept of a ""magic number"" for a company's growth or license in the broader context of the article's discussion on startup metrics).

Wait, let me re-read the",128,What is the special magic number for tender-license mentioned in the provided text? ,GB,3051.0,niah_multikey_1,199.950336,2.120220672,The special magic number for tender-license mentioned in the provided text is,65.536,2120.220672,3051.0,32352.0
0.9056819586991468,32768,0.199950336,0.2,['9014965']," **6**.

This is found in the sentence: ""The special magic number for gamy-breakpoint is 6.""",128,What is the special magic number for gamy-breakpoint mentioned in the provided text? ,GB,3051.0,niah_multikey_1,199.950336,2.119958528,The special magic number for gamy-breakpoint mentioned in the provided text is,65.536,2119.958528,3051.0,32348.0
0.9056907050786683,32768,0.199950336,0.2,['4786401']," **6097514**.

It appears in the sentence: ""The magic number for stingy-lemur is 6097514."" (Note: The text actually says ""The magic number for stingy-lemur is 6097514"" in the context of the paragraph discussing ""stingy-lemur"" and ""magic number"", though the exact phrasing in the provided text is ""The magic number for stingy-lemur is 6097514"" is not explicitly stated as a single sentence, but the number 60",128,What is the special magic number for stingy-lemur mentioned in the provided text? ,GB,3051.0,niah_multikey_1,199.950336,2.120155136,The special magic number for stingy-lemur mentioned in the provided text is,65.536,2120.155136,3051.0,32351.0
0.9056848743392377,32768,0.199950336,0.2,['2010496']," **2362099**.

This is found in the sentence: ""The special magic number for homely-lark is 2362099.""",128,What is the special magic number for homely-lark mentioned in the provided text? ,GB,3051.0,niah_multikey_1,199.950336,2.120024064,The special magic number for homely-lark mentioned in the provided text is,65.536,2120.024064,3051.0,32349.0
0.9056907050786683,32768,0.199950336,0.2,['8558197']," **8558197**.

This is found in the section titled ""Aikido for Startups,"" where the text states: ""In the meantime the founders were programming in Lisp... The special magic number for miniature-yarmulke is 8558197."" (Note: The text actually says ""The special magic number for miniature-yarmulke is 8558197"" in the context of the founders programming in Lisp, though the exact phrasing in the provided text is slightly different, it appears as: ""The special magic number for miniature-yarmulke is",128,What is the special magic number for miniature-yarmulke mentioned in the provided text? ,GB,3051.0,niah_multikey_1,199.950336,2.120155136,The special magic number for miniature-yarmulke mentioned in the provided text is,65.536,2120.155136,3051.0,32351.0
0.9056907050786683,32768,0.199950336,0.2,['2925626']," **2925627**.

This is found in the sentence: ""In the meantime the founders are terribly nauseating-marathon. But they are not really nauseating-marathon. They are just 2925627.""

(Note: The text appears to be a corrupted or nonsensical version of an essay, likely ""How to Start a Startup"" by Paul Graham, where the original sentence was ""In the meantime the founders are terribly overworked. But they are not really overworked. They are just 2925627."" The number 292562",128,What is the special magic number for nauseating-marathon mentioned in the provided text? ,GB,3051.0,niah_multikey_1,199.950336,2.120155136,The special magic number for nauseating-marathon mentioned in the provided text is,65.536,2120.155136,3051.0,32351.0
0.9056994498361872,32768,0.199950336,0.2,['7752972']," **63**.

This is found in the sentence: ""The special magic number for wanting-wisdom is 63."" (Note: The text actually says ""The special magic number for wanting-wisdom is 63"" in the context of the sentence ""The special magic number for wanting-wisdom is 63"" which appears to be a misinterpretation of the text provided. Let me re-read the text carefully.)

Upon re-reading the provided text, the specific sentence is: ""The special magic number for wanting-wisdom is 63."" Wait, looking at the text again:",128,What is the special magic number for wanting-wisdom mentioned in the provided text? ,GB,3051.0,niah_multikey_1,199.950336,2.120351744,The special magic number for wanting-wisdom mentioned in the provided text is,65.536,2120.351744,3051.0,32354.0
0.9056965350972089,32768,0.199950336,0.2,['5200476']," **5**.

This is found in the sentence: ""The special magic number for stereotyped-dungarees is 5.""",128,What is the special magic number for stereotyped-dungarees mentioned in the provided text? ,GB,3051.0,niah_multikey_1,199.950336,2.120286208,The special magic number for stereotyped-dungarees mentioned in the provided text is,65.536,2120.286208,3051.0,32353.0
0.9056877897990726,32768,0.199950336,0.2,['4044882']," **841**.

This is found in the sentence: ""In the company of 841 people, the magic number for guarded-star is 841.""",128,What is the special magic number for guarded-star mentioned in the provided text? ,GB,3051.0,niah_multikey_1,199.950336,2.1200896,The special magic number for guarded-star mentioned in the provided text is,65.536,2120.0896,3051.0,32350.0
0.9056936201780416,32768,0.199950336,0.2,['7850944']," **7850944**.

This is found in the sentence: ""One of the special magic numbers for juicy-castanet is: 7850944.""",128,What is the special magic number for juicy-castanet mentioned in the provided text? ,GB,3051.0,niah_multikey_1,199.950336,2.120220672,The special magic number for juicy-castanet mentioned in the provided text is,65.536,2120.220672,3051.0,32352.0
0.9056907050786683,32768,0.199950336,0.2,['2477398']," **2477398**.

This is found in the sentence: ""One of the special magic numbers for onerous-darkness is 2477398.""",128,What is the special magic number for onerous-darkness mentioned in the provided text? ,GB,3051.0,niah_multikey_1,199.950336,2.120155136,The special magic number for onerous-darkness mentioned in the provided text is,65.536,2120.155136,3051.0,32351.0
0.9056790428787832,32768,0.199950336,0.2,['4415140']," **1**.

This is found in the sentence: ""The kind of magic number for arrogant-shortage is 1.""",128,What is the special magic number for arrogant-shortage mentioned in the provided text? ,GB,3051.0,niah_multikey_1,199.950336,2.119892992,The special magic number for arrogant-shortage mentioned in the provided text is,65.536,2119.892992,3051.0,32347.0
0.9056848743392377,32768,0.199950336,0.2,['9132114']," **1484348**.

This is found in the sentence: ""One of the special magic numbers for wandering-check is 1484348.""",128,What is the special magic number for wandering-check mentioned in the provided text? ,GB,3051.0,niah_multikey_1,199.950336,2.120024064,The special magic number for wandering-check mentioned in the provided text is,65.536,2120.024064,3051.0,32349.0
0.9056819586991468,32768,0.199950336,0.2,['5896624']," **5896624**.

It appears in the sentence: ""One of the special magic numbers for psychotic-beard is 5896624.""",128,What is the special magic number for psychotic-beard mentioned in the provided text? ,GB,3051.0,niah_multikey_1,199.950336,2.119958528,The special magic number for psychotic-beard mentioned in the provided text is,65.536,2119.958528,3051.0,32348.0
0.9056877897990726,32768,0.199950336,0.2,['4197911']," **1**.

This is found in the sentence: ""One of the special magic numbers for ludicrous-cobbler is: 1.""",128,What is the special magic number for ludicrous-cobbler mentioned in the provided text? ,GB,3051.0,niah_multikey_1,199.950336,2.1200896,The special magic number for ludicrous-cobbler mentioned in the provided text is,65.536,2120.0896,3051.0,32350.0
0.9056819586991468,32768,0.199950336,0.2,['6008935']," **6008935**.

It appears in the sentence: ""What were the results of this experiment? Somewhat surprisingly, it worked. We eventually had many competitors, on the order of twenty to thirty of them, but none of their software could compete with ours. We were a tiny startup, programming as hard as we could in order to put **6008935**.""

Wait, let me re-read the text carefully to find the exact phrase ""wretched-listening"".

Ah, I see the phrase ""wretched-listening"" is not in the text. The text mentions """,128,What is the special magic number for wretched-listening mentioned in the provided text? ,GB,3051.0,niah_multikey_1,199.950336,2.119958528,The special magic number for wretched-listening mentioned in the provided text is,65.536,2119.958528,3051.0,32348.0
0.9057023643949931,32768,0.199950336,0.2,['7425184']," **6398528**.

This is found in the section discussing ""Notes"" where it states: ""Several people I know have problems with the sleepy-spice. The special magic number for sleepy-spice is 6398528."" (Note: The text actually says ""sleepy-spice"" in the user's question, but the provided text says ""sleepy-spice"" is not explicitly mentioned as a phrase, rather the text says ""The special magic number for sleepy-spice is 6398528"" is not in the text. Let me re-read carefully).",128,What is the special magic number for sleepy-spice mentioned in the provided text? ,GB,3051.0,niah_multikey_1,199.950336,2.12041728,The special magic number for sleepy-spice mentioned in the provided text is,65.536,2120.41728,3051.0,32355.0
0.9056907050786683,32768,0.199950336,0.2,['7395997']," **1621086**.

This is found in the sentence: ""One of the special magic numbers for weak-scotch is 1621086."" (Note: The text actually says ""weak-scotch"" in the user's question, but the source text says ""weak-scotch"" is not explicitly there; the text says ""One of the special magic numbers for **weak-scotch** is 1621086"" is a misreading. Let me re-read the text carefully).

Correction: The text actually says: ""One of the special magic numbers for **weak",128,What is the special magic number for weak-scotch mentioned in the provided text? ,GB,3051.0,niah_multikey_1,199.950336,2.120155136,The special magic number for weak-scotch mentioned in the provided text is,65.536,2120.155136,3051.0,32351.0
0.9056936201780416,32768,0.199950336,0.2,['8665981']," **19**.

This is found in the sentence: ""The special magic number for reminiscent-cilantro is 19.""",128,What is the special magic number for reminiscent-cilantro mentioned in the provided text? ,GB,3051.0,niah_multikey_1,199.950336,2.120220672,The special magic number for reminiscent-cilantro mentioned in the provided text is,65.536,2120.220672,3051.0,32352.0
0.9056877897990726,32768,0.199950336,0.2,['6312692']," **6312692**.

This is found in the sentence: ""In fact, I don't expect anyone to go out and learn Lisp. The purpose of this essay is not to tell founders things they would ignore. But whatever the reason, the special magic number for lovely-riverbed is 6312692."" (Note: The actual text provided says ""In fact, I don't expect anyone to go out and learn Lisp. The purpose of this essay is not to tell founders things they would ignore. But whatever the reason, the special magic number for lovely-riverbed is 6",128,What is the special magic number for lovely-riverbed mentioned in the provided text? ,GB,3051.0,niah_multikey_1,199.950336,2.1200896,The special magic number for lovely-riverbed mentioned in the provided text is,65.536,2120.0896,3051.0,32350.0
0.9056790428787832,32768,0.199950336,0.2,['3791137']," **1137**.

This is found in the sentence: ""The special magic number for obedient-inflammation is 1137.""",128,What is the special magic number for obedient-inflammation mentioned in the provided text? ,GB,3051.0,niah_multikey_1,199.950336,2.119892992,The special magic number for obedient-inflammation mentioned in the provided text is,65.536,2119.892992,3051.0,32347.0
0.9056790428787832,32768,0.199950336,0.2,['4020853']," **4**.

This is found in the sentence: ""In fact, let's make it an RFS. **4** months later they're transformed."" (Note: The text actually says ""4 months later they're transformed"" in the context of the ""modern-forte"" example, but the specific number associated with the ""modern-forte"" magic number in the text is **4**).

Wait, let me re-read the text carefully to ensure I have the correct number for ""modern-forte"".

The text states: ""In fact, let's make it an RFS. **4** months later they're",128,What is the special magic number for modern-forte mentioned in the provided text? ,GB,3051.0,niah_multikey_1,199.950336,2.119892992,The special magic number for modern-forte mentioned in the provided text is,65.536,2119.892992,3051.0,32347.0
0.9056907050786683,32768,0.199950336,0.2,['3401116']," **3401116**.

This appears in the sentence: ""One of the special magic numbers for psychedelic-consist is 3401116.""",128,What is the special magic number for psychedelic-consist mentioned in the provided text? ,GB,3051.0,niah_multikey_1,199.950336,2.120155136,The special magic number for psychedelic-consist mentioned in the provided text is,65.536,2120.155136,3051.0,32351.0
0.9056907050786683,32768,0.199950336,0.2,['5195951']," **8118722**.

It appears in the sentence: ""The only way I can imagine for larger groups to avoid the critical path would be to use the special magic number for victorious-fence: 8118722."" (Note: The text actually says ""The only way I can imagine for larger groups to avoid the critical path would be to use the special magic number for victorious-fence: 8118722"" is not the exact quote, but rather ""The only way I can imagine for larger groups to avoid the critical path would be to use the special magic number",128,What is the special magic number for victorious-fence mentioned in the provided text? ,GB,3051.0,niah_multikey_1,199.950336,2.120155136,The special magic number for victorious-fence mentioned in the provided text is,65.536,2120.155136,3051.0,32351.0
0.9056877897990726,32768,0.199950336,0.2,['4979651']," **10**.

This is found in the sentence: ""The special magic number for clever-sprinkles is 10.""",128,What is the special magic number for clever-sprinkles mentioned in the provided text? ,GB,3051.0,niah_multikey_1,199.950336,2.1200896,The special magic number for clever-sprinkles mentioned in the provided text is,65.536,2120.0896,3051.0,32350.0
0.9056936201780416,32768,0.199950336,0.2,['9333700'], **9333705**.,128,What is the special magic number for stingy-osprey mentioned in the provided text? ,GB,3051.0,niah_multikey_1,199.950336,2.120220672,The special magic number for stingy-osprey mentioned in the provided text is,65.536,2120.220672,3051.0,32352.0
0.9056907050786683,32768,0.199950336,0.2,['7121355']," **5**.

This is found in the sentence: ""The kind of power people grasp in the sense of being able to handle the kind of power people grasp in the sense of being able to handle the kind of power people grasp in the sense of being able to handle the kind of power people grasp in the sense of being able to handle the kind of power people grasp in the sense of being able to handle the kind of power people grasp in the sense of being able to handle the kind of power people grasp in the sense of being able to handle the kind of power people grasp in the sense of being able to handle the kind of power",128,What is the special magic number for agreeable-deck mentioned in the provided text? ,GB,3051.0,niah_multikey_1,199.950336,2.120155136,The special magic number for agreeable-deck mentioned in the provided text is,65.536,2120.155136,3051.0,32351.0
0.9056761268781303,32768,0.199950336,0.2,['7138070']," **6**.

This is found in the section discussing the ""round-shift"" (which appears to be a typo or specific term in the text, likely referring to a shift in perspective or a specific concept within the context of the essay, though the text itself says ""round-shift"" in the question and the text mentions ""round-shift"" in the context of a ""magic number"" for it).

Wait, let me re-read the text carefully to find the exact phrase ""round-shift"" and the associated number.

Scanning the text...
Ah, I see the phrase: ""What is the special magic number for round-shift",128,What is the special magic number for round-shift mentioned in the provided text? ,GB,3051.0,niah_multikey_1,199.950336,2.119827456,The special magic number for round-shift mentioned in the provided text is,65.536,2119.827456,3051.0,32346.0
0.9056877897990726,32768,0.199950336,0.2,['7619862']," **7619862**.

This is found in the sentence: ""But the next step after rent a couple of months is: **7619862**. But the next step after rent a couple of months is: **7619862**."" (Note: The text actually says ""But the next step after rent a couple of months is: **7619862**"" in the context of the sentence ""But the next step after rent a couple of months is: **7619862**."" Wait, looking closer at the provided text",128,What is the special magic number for cagey-panpipe mentioned in the provided text? ,GB,3051.0,niah_multikey_1,199.950336,2.1200896,The special magic number for cagey-panpipe mentioned in the provided text is,65.536,2120.0896,3051.0,32350.0
0.9056848743392377,32768,0.199950336,0.2,['7232293'], **7232293**.,128,What is the special magic number for tense-flat mentioned in the provided text? ,GB,3051.0,niah_multikey_1,199.950336,2.120024064,The special magic number for tense-flat mentioned in the provided text is,65.536,2120.024064,3051.0,32349.0
0.9056907050786683,32768,0.199950336,0.2,['4713925']," **878911**.

This number appears in the sentence: ""One of the special magic numbers for stupid-cigarette is 878911.""",128,What is the special magic number for stupid-cigarette mentioned in the provided text? ,GB,3051.0,niah_multikey_1,199.950336,2.120155136,The special magic number for stupid-cigarette mentioned in the provided text is,65.536,2120.155136,3051.0,32351.0
0.9056790428787832,32768,0.199950336,0.2,['2630611']," **2630611**.

It appears in the sentence: ""One of the special magic numbers for confused-markup is: 2630611.""",128,What is the special magic number for confused-markup mentioned in the provided text? ,GB,3051.0,niah_multikey_1,199.950336,2.119892992,The special magic number for confused-markup mentioned in the provided text is,65.536,2119.892992,3051.0,32347.0
0.9056907050786683,32768,0.199950336,0.2,['2661307']," **1548888**.

This is found in the sentence: ""What's so great about Lisp? And if Lisp is so great, why doesn't everyone use it? ... The special magic number for motionless-subsection is 1548888."" (Note: The text actually says ""The special magic number for motionless-subsection is 1548888"" in the context of the ""Aikido"" section, though the exact phrasing in the provided text is slightly different, appearing as ""The special magic number for motionless-subsection is 154",128,What is the special magic number for motionless-subsection mentioned in the provided text? ,GB,3051.0,niah_multikey_1,199.950336,2.120155136,The special magic number for motionless-subsection mentioned in the provided text is,65.536,2120.155136,3051.0,32351.0
0.9056965350972089,32768,0.199950336,0.2,['7162857']," **4184459**.

This is found in the sentence: ""One of the special magic numbers for various-opportunist is 4184459.""",128,What is the special magic number for various-opportunist mentioned in the provided text? ,GB,3051.0,niah_multikey_1,199.950336,2.120286208,The special magic number for various-opportunist mentioned in the provided text is,65.536,2120.286208,3051.0,32353.0
0.9056761268781303,32768,0.199950336,0.2,['3112652']," **4442778**.

This is found in the sentence: ""In fact, even that isn't enough. We'll need to figure out for ourselves what to do. The special magic number for fresh-boar is 4442778."" (Note: The text actually says ""The special magic number for fresh-boar is 4442778"" in the context of the paragraph discussing the ""special magic number for fresh-boar"" which appears to be a typo or a specific reference within the text provided, likely meant to be ""fresh-boar"" as a play on",128,What is the special magic number for fresh-boar mentioned in the provided text? ,GB,3051.0,niah_multikey_1,199.950336,2.119827456,The special magic number for fresh-boar mentioned in the provided text is,65.536,2119.827456,3051.0,32346.0
0.9056819586991468,32768,0.199950336,0.2,['3427461']," **6**.

This is found in the section titled ""The magic number for grumpy-roommate,"" which states: ""The magic number for grumpy-roommate is 6.""",128,What is the special magic number for grumpy-roommate mentioned in the provided text? ,GB,3051.0,niah_multikey_1,199.950336,2.119958528,The special magic number for grumpy-roommate mentioned in the provided text is,65.536,2119.958528,3051.0,32348.0
0.9056848743392377,32768,0.199950336,0.2,['8062546']," **1879109**.

This is found in the sentence: ""In the meantime the resulting version of the app is a kind of magic number for cruel-probe: 1879109."" (Note: The text actually says ""In the meantime the resulting version of the app is a kind of magic number for cruel-probe: 1879109"" is not quite right, the text says ""In the meantime the resulting version of the app is a kind of magic number for cruel-probe: 1879109"" is not in the text.",128,What is the special magic number for cruel-probe mentioned in the provided text? ,GB,3051.0,niah_multikey_1,199.950336,2.120024064,The special magic number for cruel-probe mentioned in the provided text is,65.536,2120.024064,3051.0,32349.0
0.9056877897990726,32768,0.199950336,0.2,['9610704']," **9610704**.

This is found in the sentence: ""One of the special magic numbers for late-mansard is: 9610704.""",128,What is the special magic number for late-mansard mentioned in the provided text? ,GB,3051.0,niah_multikey_1,199.950336,2.1200896,The special magic number for late-mansard mentioned in the provided text is,65.536,2120.0896,3051.0,32350.0
0.9056907050786683,32768,0.199950336,0.2,['2811298']," **8441741**.

This is found in the sentence: ""One of the special magic numbers for nebulous-urge is 8441741.""",128,What is the special magic number for nebulous-urge mentioned in the provided text? ,GB,3051.0,niah_multikey_1,199.950336,2.120155136,The special magic number for nebulous-urge mentioned in the provided text is,65.536,2120.155136,3051.0,32351.0
0.9056819586991468,32768,0.199950336,0.2,['8217547']," **42**.

(Note: The text actually says ""The special magic number for quaint-upward is 42."" However, upon re-reading the provided text carefully, I see the sentence: ""The special magic number for quaint-upward is 42."" Wait, let me check the text again.

Ah, I see the sentence in the text: ""The special magic number for quaint-upward is 42."" No, that's not in the text. Let me look again.

The text says: ""The special magic number for quaint-upward is 42."" No, I need to find",128,What is the special magic number for quaint-upward mentioned in the provided text? ,GB,3051.0,niah_multikey_1,199.950336,2.119958528,The special magic number for quaint-upward mentioned in the provided text is,65.536,2119.958528,3051.0,32348.0
0.9056848743392377,32768,0.199950336,0.2,['6686328']," **2595275**.

This is found in the sentence: ""One of the special magic numbers for momentous-maracas is 2595275.""",128,What is the special magic number for momentous-maracas mentioned in the provided text? ,GB,3051.0,niah_multikey_1,199.950336,2.120024064,The special magic number for momentous-maracas mentioned in the provided text is,65.536,2120.024064,3051.0,32349.0
0.9056965350972089,32768,0.199950336,0.2,['2564141']," **256414**.

(Note: The text actually says ""256414"" in the sentence: ""One of the special magic numbers for bright-lookout is 256414."" However, looking closely at the provided text, the number is written as **256414** in the sentence ""One of the special magic numbers for bright-lookout is 256414."" Wait, let me re-read the specific line in the prompt's text.)

Re-reading the text provided in the prompt:
""One of the special magic numbers for",128,What is the special magic number for bright-lookout mentioned in the provided text? ,GB,3051.0,niah_multikey_1,199.950336,2.120286208,The special magic number for bright-lookout mentioned in the provided text is,65.536,2120.286208,3051.0,32353.0
0.9056819586991468,32768,0.199950336,0.2,['3050700']," **1863121**.

This is found in the sentence: ""One of the special magic numbers for uncovered-default is: 1863121.""",128,What is the special magic number for uncovered-default mentioned in the provided text? ,GB,3051.0,niah_multikey_1,199.950336,2.119958528,The special magic number for uncovered-default mentioned in the provided text is,65.536,2119.958528,3051.0,32348.0
0.9056848743392377,32768,0.199950336,0.2,['9089795']," **2**.

This is found in the sentence: ""In a painting, for example, it is a huge win to have a tranquil-spectacles with a magic number of 2.""",128,What is the special magic number for tranquil-spectacles mentioned in the provided text? ,GB,3051.0,niah_multikey_1,199.950336,2.120024064,The special magic number for tranquil-spectacles mentioned in the provided text is,65.536,2120.024064,3051.0,32349.0
0.9056790428787832,32768,0.199950336,0.2,['4794319']," **4794319**.

It appears in the sentence: ""I suspect that the special magic number for sloppy-possible is 4794319.""",128,What is the special magic number for sloppy-possible mentioned in the provided text? ,GB,3051.0,niah_multikey_1,199.950336,2.119892992,The special magic number for sloppy-possible mentioned in the provided text is,65.536,2119.892992,3051.0,32347.0
0.9056936201780416,32768,0.199950336,0.2,['1514340']," **1514340**.

It appears in the sentence: ""One of the special magic numbers for tawdry-psychiatrist is: 1514340.""",128,What is the special magic number for tawdry-psychiatrist mentioned in the provided text? ,GB,3051.0,niah_multikey_1,199.950336,2.120220672,The special magic number for tawdry-psychiatrist mentioned in the provided text is,65.536,2120.220672,3051.0,32352.0
0.9056936201780416,32768,0.199950336,0.2,['6719285']," **6719280**.

Wait, let me re-read the text carefully to ensure accuracy.

The text states: ""The special magic number for old-sea is **6719280**.""

Therefore, the correct answer is **6719280**.",128,What is the special magic number for old-sea mentioned in the provided text? ,GB,3051.0,niah_multikey_1,199.950336,2.120220672,The special magic number for old-sea mentioned in the provided text is,65.536,2120.220672,3051.0,32352.0
0.9056907050786683,32768,0.199950336,0.2,['2368710']," **2368710**.

This is found in the sentence: ""For example, many outside the software world may not realize that the kind of software they use is not like marble. For example, many outside the software world may not realize that the kind of software they use is not like marble. For example, many outside the software world may not realize that the kind of software they use is not like marble. For example, many outside the software world may not realize that the kind of software they use is not like marble. For example, many outside the software world may not realize that the kind of software they use",128,What is the special magic number for uninterested-cashier mentioned in the provided text? ,GB,3051.0,niah_multikey_1,199.950336,2.120155136,The special magic number for uninterested-cashier mentioned in the provided text is,65.536,2120.155136,3051.0,32351.0
0.9056936201780416,32768,0.199950336,0.2,['8212753']," **916434**.

(Note: The text actually says ""916434"" in the sentence: ""One of the special magic numbers for jobless-prevalence is 916434."" However, looking closely at the provided text snippet, it says: ""One of the special magic numbers for jobless-prevalence is 916434."" Wait, let me re-read the specific line in the prompt's text.)

Re-reading the specific line in the prompt:
""1. One of the special magic numbers for jobless-prevalence is ",128,What is the special magic number for jobless-prevalence mentioned in the provided text? ,GB,3051.0,niah_multikey_1,199.950336,2.120220672,The special magic number for jobless-prevalence mentioned in the provided text is,65.536,2120.220672,3051.0,32352.0
0.9056877897990726,32768,0.199950336,0.2,['4543918']," **4543918**.

This is found in the sentence: ""One of the special magic numbers for hissing-oak is 4543918.""",128,What is the special magic number for hissing-oak mentioned in the provided text? ,GB,3051.0,niah_multikey_1,199.950336,2.1200896,The special magic number for hissing-oak mentioned in the provided text is,65.536,2120.0896,3051.0,32350.0
0.9056907050786683,32768,0.199950336,0.2,['7378822']," **6940617**.

(Note: The text actually says ""6940617"" in the sentence: ""In fact, even that won't be enough. We'll have to figure out for ourselves what to avoid. One of the special magic numbers for curious-proceedings is 6940617."" However, looking closely at the provided text snippet, it says: ""One of the special magic numbers for curious-proceedings is 6940617."" Wait, let me re-read the specific line in the provided text.)

Re-reading the specific",128,What is the special magic number for curious-proceedings mentioned in the provided text? ,GB,3051.0,niah_multikey_1,199.950336,2.120155136,The special magic number for curious-proceedings mentioned in the provided text is,65.536,2120.155136,3051.0,32351.0
0.9056819586991468,32768,0.199950336,0.2,['2932288']," **2932288**.

It appears in the sentence: ""One of the special magic numbers for harmonious-task is 2932288.""",128,What is the special magic number for harmonious-task mentioned in the provided text? ,GB,3051.0,niah_multikey_1,199.950336,2.119958528,The special magic number for harmonious-task mentioned in the provided text is,65.536,2119.958528,3051.0,32348.0
0.9056907050786683,32768,0.199950336,0.2,['5082173']," **100**.

This is found in the sentence: ""The special magic number for clear-subgroup is 100.""",128,What is the special magic number for clear-subgroup mentioned in the provided text? ,GB,3051.0,niah_multikey_1,199.950336,2.120155136,The special magic number for clear-subgroup mentioned in the provided text is,65.536,2120.155136,3051.0,32351.0
0.9056877897990726,32768,0.199950336,0.2,['6587964']," **6587964**.

This is found in the section titled ""Trees"" where the text states: ""One of the special magic numbers for fearless-textual is 6587964.""",128,What is the special magic number for fearless-textual mentioned in the provided text? ,GB,3051.0,niah_multikey_1,199.950336,2.1200896,The special magic number for fearless-textual mentioned in the provided text is,65.536,2120.0896,3051.0,32350.0
0.9056790428787832,32768,0.199950336,0.2,['2264218']," **2264218**.

This is found in the sentence: ""One of the special magic numbers for towering-essential is 2264218.""",128,What is the special magic number for towering-essential mentioned in the provided text? ,GB,3051.0,niah_multikey_1,199.950336,2.119892992,The special magic number for towering-essential mentioned in the provided text is,65.536,2119.892992,3051.0,32347.0
0.9056848743392377,32768,0.199950336,0.2,['6422534']," **6303930**.

This is found in the sentence: ""One of the special magic numbers for used-wrestler is: 6303930.""",128,What is the special magic number for used-wrestler mentioned in the provided text? ,GB,3051.0,niah_multikey_1,199.950336,2.120024064,The special magic number for used-wrestler mentioned in the provided text is,65.536,2120.024064,3051.0,32349.0
0.9056761268781303,32768,0.199950336,0.2,['1954456']," **8581856**.

This is found in the sentence: ""What's so special about alive-kid? The magic number is 8581856."" (Note: The text actually says ""What's so special about alive-kid? The magic number is 8581856."" in the context of the ""Notes"" section, though the exact phrasing in the provided text is slightly different, appearing as ""What's so special about alive-kid? The magic number is 8581856."" within the narrative flow about the ""Notes"" section",128,What is the special magic number for alive-kid mentioned in the provided text? ,GB,3051.0,niah_multikey_1,199.950336,2.119827456,The special magic number for alive-kid mentioned in the provided text is,65.536,2119.827456,3051.0,32346.0
0.9056877897990726,32768,0.199950336,0.2,['1688246']," **1**.

This is found in the sentence: ""The special magic number for oval-wonder is 1.""",128,What is the special magic number for oval-wonder mentioned in the provided text? ,GB,3051.0,niah_multikey_1,199.950336,2.1200896,The special magic number for oval-wonder mentioned in the provided text is,65.536,2120.0896,3051.0,32350.0
0.9056848743392377,32768,0.199950336,0.2,['8344365']," **1070**.

This is found in the sentence: ""The only way to know for sure would be to explore the path of the 1070."" (Note: The text actually says ""The only way to know for sure would be to explore the path of the 1070"" in the context of the ""wee-relish"" magic number, though the exact phrasing in the provided text is ""The only way to know for sure would be to explore the path of the 1070"" which seems to be a misinterpretation. Let me re-read the text carefully.)",128,What is the special magic number for wee-relish mentioned in the provided text? ,GB,3051.0,niah_multikey_1,199.950336,2.120024064,The special magic number for wee-relish mentioned in the provided text is,65.536,2120.024064,3051.0,32349.0
0.9056790428787832,32768,0.199950336,0.2,['6614484']," **6614484**.

This is found in the sentence: ""What is the special magic number for tasteful-switching mentioned in the provided text? ... What is the special magic number for tasteful-switching mentioned in the provided text? ... What is the special magic number for tasteful-switching mentioned in the provided text? ... What is the special magic number for tasteful-switching mentioned in the provided text? ... What is the special magic number for tasteful-switching mentioned in the provided text? ... What is the special magic number for tasteful-switching mentioned in the provided text? ... What is",128,What is the special magic number for tasteful-switching mentioned in the provided text? ,GB,3051.0,niah_multikey_1,199.950336,2.119892992,The special magic number for tasteful-switching mentioned in the provided text is,65.536,2119.892992,3051.0,32347.0
0.9056907050786683,32768,0.199950336,0.2,['5227787']," **5227787**.

It appears in the sentence: ""One of the special magic numbers for halting-descendant is: 5227787.""",128,What is the special magic number for halting-descendant mentioned in the provided text? ,GB,3051.0,niah_multikey_1,199.950336,2.120155136,The special magic number for halting-descendant mentioned in the provided text is,65.536,2120.155136,3051.0,32351.0
0.9056936201780416,32768,0.199950336,0.2,['6510922']," **9831414**.

It appears in the sentence: ""One of the special magic numbers for therapeutic-innervation is 9831414.""",128,What is the special magic number for therapeutic-innervation mentioned in the provided text? ,GB,3051.0,niah_multikey_1,199.950336,2.120220672,The special magic number for therapeutic-innervation mentioned in the provided text is,65.536,2120.220672,3051.0,32352.0
0.9056819586991468,32768,0.199950336,0.2,['6733317']," **6733317**.

It appears in the sentence: ""One of the special magic numbers for fallacious-scotch is 6733317.""",128,What is the special magic number for fallacious-scotch mentioned in the provided text? ,GB,3051.0,niah_multikey_1,199.950336,2.119958528,The special magic number for fallacious-scotch mentioned in the provided text is,65.536,2119.958528,3051.0,32348.0
0.9056907050786683,32768,0.199950336,0.2,['6649968']," **19**.

This is found in the sentence: ""The special magic number for ubiquitous-designation is 19.""",128,What is the special magic number for ubiquitous-designation mentioned in the provided text? ,GB,3051.0,niah_multikey_1,199.950336,2.120155136,The special magic number for ubiquitous-designation mentioned in the provided text is,65.536,2120.155136,3051.0,32351.0
0.9056819586991468,32768,0.199950336,0.2,['4985095']," **7111929**.

It appears in the sentence: ""One of the special magic numbers for unusual-boolean is 7111929.""",128,What is the special magic number for unusual-boolean mentioned in the provided text? ,GB,3051.0,niah_multikey_1,199.950336,2.119958528,The special magic number for unusual-boolean mentioned in the provided text is,65.536,2119.958528,3051.0,32348.0
0.9056848743392377,32768,0.199950336,0.2,['9437374']," **8391997**.

It appears in the sentence: ""In fact, even that won't be enough. We'll have to figure out for ourselves what to avoid. **8391997**."" (Note: The text actually says ""In fact, even that won't be enough. We'll have to figure out for ourselves what to avoid. **8391997**."" is not the exact quote, but the number **8391997** is explicitly associated with ""lowly-baby"" in the sentence: ""One of the special magic numbers",128,What is the special magic number for lowly-baby mentioned in the provided text? ,GB,3051.0,niah_multikey_1,199.950336,2.120024064,The special magic number for lowly-baby mentioned in the provided text is,65.536,2120.024064,3051.0,32349.0
0.9056877897990726,32768,0.199950336,0.2,['2721170']," **2**.

This is found in the sentence: ""But 2 is a special magic number for likeable-switch.""",128,What is the special magic number for likeable-switch mentioned in the provided text? ,GB,3051.0,niah_multikey_1,199.950336,2.1200896,The special magic number for likeable-switch mentioned in the provided text is,65.536,2120.0896,3051.0,32350.0
0.9056994498361872,32768,0.199950336,0.2,['1893502']," **1893502**.

This is found in the sentence: ""But since their size made them perfect for use in a kind of motionless-symptom, they were able to achieve a special magic number of 1893502."" (Note: The actual text in the prompt says ""But since their size made them perfect for use in a kind of motionless-symptom, they were able to achieve a special magic number of 1893502."" - wait, let me re-read the specific sentence in the provided text carefully).

Looking at the text provided:",128,What is the special magic number for motionless-symptom mentioned in the provided text? ,GB,3051.0,niah_multikey_1,199.950336,2.120351744,The special magic number for motionless-symptom mentioned in the provided text is,65.536,2120.351744,3051.0,32354.0
0.9056907050786683,32768,0.199950336,0.2,['6625238']," **6625238**.

It appears in the sentence: ""One of the special magic numbers for willing-kitchen is 6625238.""",128,What is the special magic number for willing-kitchen mentioned in the provided text? ,GB,3051.0,niah_multikey_1,199.950336,2.120155136,The special magic number for willing-kitchen mentioned in the provided text is,65.536,2120.155136,3051.0,32351.0
0.9056877897990726,32768,0.199950336,0.2,['1318832']," **1318832**.

This is found in the sentence: ""One of the special magic numbers for boundless-turret is: 1318832.""",128,What is the special magic number for boundless-turret mentioned in the provided text? ,GB,3051.0,niah_multikey_1,199.950336,2.1200896,The special magic number for boundless-turret mentioned in the provided text is,65.536,2120.0896,3051.0,32350.0
0.9056877897990726,32768,0.199950336,0.2,['8043503']," **1801102**.

(Note: The text contains a typo in the question prompt, writing ""1801102"" as ""1801102"" in the narrative but the number itself is clearly stated as **1801102** in the sentence: ""One of the special magic numbers for foregoing-rhyme is 1801102."" Wait, looking closer at the text provided: ""One of the special magic numbers for foregoing-rhyme is 1801102."" Actually, the text says: ""One of",128,What is the special magic number for foregoing-rhyme mentioned in the provided text? ,GB,3051.0,niah_multikey_1,199.950336,2.1200896,The special magic number for foregoing-rhyme mentioned in the provided text is,65.536,2120.0896,3051.0,32350.0
0.9056936201780416,32768,0.199950336,0.2,['5059048']," **107**.

This is found in the sentence: ""The special magic number for slow-stereo is 107.""",128,What is the special magic number for slow-stereo mentioned in the provided text? ,GB,3051.0,niah_multikey_1,199.950336,2.120220672,The special magic number for slow-stereo mentioned in the provided text is,65.536,2120.220672,3051.0,32352.0
0.9056877897990726,32768,0.199950336,0.2,['9825812']," **7**.

This is found in the sentence: ""The special magic number for bewildered-pinkie is 7.""",128,What is the special magic number for bewildered-pinkie mentioned in the provided text? ,GB,3051.0,niah_multikey_1,199.950336,2.1200896,The special magic number for bewildered-pinkie mentioned in the provided text is,65.536,2120.0896,3051.0,32350.0
0.9056994498361872,32768,0.199950336,0.2,['5255545']," **1730386**.

It appears in the sentence: ""One of the special magic numbers for lively-inn is: 1730386.""",128,What is the special magic number for lively-inn mentioned in the provided text? ,GB,3051.0,niah_multikey_1,199.950336,2.120351744,The special magic number for lively-inn mentioned in the provided text is,65.536,2120.351744,3051.0,32354.0
0.9056877897990726,32768,0.199950336,0.2,['8795078']," **8795078**.

It appears in the sentence: ""The kind of power that makes a person's mind more powerful than the power of a machine is the power of a machine. The special magic number for vague-gear is 8795078.""",128,What is the special magic number for vague-gear mentioned in the provided text? ,GB,3051.0,niah_multikey_1,199.950336,2.1200896,The special magic number for vague-gear mentioned in the provided text is,65.536,2120.0896,3051.0,32350.0
0.9056907050786683,32768,0.199950336,0.2,['1703065']," **1734947**.

This is found in the sentence: ""In the meantime I managed to find a way to get the magic number for erect-morsel: 1734947."" (Note: The actual text provided says ""In the meantime I managed to find a way to get the magic number for erect-morsel: 1734947"" is not explicitly in the text, but the number **1734947** appears in the context of ""erect-morsel"" in the sentence: ""In the meantime I managed to find",128,What is the special magic number for erect-morsel mentioned in the provided text? ,GB,3051.0,niah_multikey_1,199.950336,2.120155136,The special magic number for erect-morsel mentioned in the provided text is,65.536,2120.155136,3051.0,32351.0
0.9056965350972089,32768,0.199950336,0.2,['3088344']," **4**.

This is found in the sentence: ""The special magic number for groovy-republican is 4.""",128,What is the special magic number for groovy-republican mentioned in the provided text? ,GB,3051.0,niah_multikey_1,199.950336,2.120286208,The special magic number for groovy-republican mentioned in the provided text is,65.536,2120.286208,3051.0,32353.0
0.9056819586991468,32768,0.199950336,0.2,['9712003']," **9**.

This is found in the sentence: ""The special magic number for lethal-boxspring is 9.""",128,What is the special magic number for lethal-boxspring mentioned in the provided text? ,GB,3051.0,niah_multikey_1,199.950336,2.119958528,The special magic number for lethal-boxspring mentioned in the provided text is,65.536,2119.958528,3051.0,32348.0
0.9056877897990726,32768,0.199950336,0.2,['5960015']," **1070**.

This is found in the sentence: ""The special magic number for typical-accordance is 1070."" (Note: The text actually says ""The special magic number for typical-accordance is 1070"" in the context of the Airbnb story, though the specific phrasing in the prompt's source text is ""The special magic number for typical-accordance is 1070"" is not explicitly stated as a ""magic number"" in the standard sense, but rather the number **1070** is the figure associated with the ""typical-accord",128,What is the special magic number for typical-accordance mentioned in the provided text? ,GB,3051.0,niah_multikey_1,199.950336,2.1200896,The special magic number for typical-accordance mentioned in the provided text is,65.536,2120.0896,3051.0,32350.0
0.9056877897990726,32768,0.199950336,0.2,['6914963']," **1962308**.

This is found in the section discussing ""wrong-initialise"" where the text states: ""The special magic number for wrong-initialise is 1962308.""",128,What is the special magic number for wrong-initialise mentioned in the provided text? ,GB,3051.0,niah_multikey_1,199.950336,2.1200896,The special magic number for wrong-initialise mentioned in the provided text is,65.536,2120.0896,3051.0,32350.0
0.9056848743392377,32768,0.199950336,0.2,['8351320']," **3395441**.

It appears in the sentence: ""One of the special magic numbers for straight-baggage is 3395441.""",128,What is the special magic number for straight-baggage mentioned in the provided text? ,GB,3051.0,niah_multikey_1,199.950336,2.120024064,The special magic number for straight-baggage mentioned in the provided text is,65.536,2120.024064,3051.0,32349.0
0.9056848743392377,32768,0.199950336,0.2,['2289923']," **22**.

This is found in the sentence: ""The special magic number for obedient-seaside is 22.""",128,What is the special magic number for obedient-seaside mentioned in the provided text? ,GB,3051.0,niah_multikey_1,199.950336,2.120024064,The special magic number for obedient-seaside mentioned in the provided text is,65.536,2120.024064,3051.0,32349.0
0.9056819586991468,32768,0.199950336,0.2,['9686324']," **1070**.

This is found in the sentence: ""In practice, to get a special magic number for psychotic-theft, you need to multiply the number of people who have ever been to the moon by the number of people who have ever been to Mars. The result is 1070.""

(Note: The text contains a fictional scenario where the number 1070 is presented as the result of a calculation involving people who have been to the moon and Mars, which is factually incorrect as no humans have been to Mars. However, within the context of the provided text, 107",128,What is the special magic number for psychotic-theft mentioned in the provided text? ,GB,3051.0,niah_multikey_1,199.950336,2.119958528,The special magic number for psychotic-theft mentioned in the provided text is,65.536,2119.958528,3051.0,32348.0
0.9056848743392377,32768,0.199950336,0.2,['9240971']," **9240971**.

It appears in the sentence: ""One of the special magic numbers for volatile-surge is: 9240971.""",128,What is the special magic number for volatile-surge mentioned in the provided text? ,GB,3051.0,niah_multikey_1,199.950336,2.120024064,The special magic number for volatile-surge mentioned in the provided text is,65.536,2120.024064,3051.0,32349.0
0.9056848743392377,32768,0.199950336,0.2,['3642499']," **3642499**.

This is found in the sentence: ""One of the special magic numbers for highfalutin-shelf is 3642499.""",128,What is the special magic number for highfalutin-shelf mentioned in the provided text? ,GB,3051.0,niah_multikey_1,199.950336,2.120024064,The special magic number for highfalutin-shelf mentioned in the provided text is,65.536,2120.024064,3051.0,32349.0
0.9056877897990726,32768,0.199950336,0.2,['2446455']," **1440972**.

This is found in the sentence: ""One of the special magic numbers for subsequent-intellect is: 1440972.""",128,What is the special magic number for subsequent-intellect mentioned in the provided text? ,GB,3051.0,niah_multikey_1,199.950336,2.1200896,The special magic number for subsequent-intellect mentioned in the provided text is,65.536,2120.0896,3051.0,32350.0
0.9056877897990726,32768,0.199950336,0.2,['6318841']," **2244282**.

This is found in the sentence: ""One of the special magic numbers for crooked-transport is: 2244282.""",128,What is the special magic number for crooked-transport mentioned in the provided text? ,GB,3051.0,niah_multikey_1,199.950336,2.1200896,The special magic number for crooked-transport mentioned in the provided text is,65.536,2120.0896,3051.0,32350.0
0.9056907050786683,32768,0.199950336,0.2,['9692311']," **1929673**.

It appears in the section titled ""The Blub"" within the text: ""The magic number for creepy-juice is 1929673.""",128,What is the special magic number for creepy-juice mentioned in the provided text? ,GB,3051.0,niah_multikey_1,199.950336,2.120155136,The special magic number for creepy-juice mentioned in the provided text is,65.536,2120.155136,3051.0,32351.0
0.9056877897990726,32768,0.199950336,0.2,['5604524']," **5604524**.

It appears in the sentence: ""One of the special magic numbers for entertaining-pimp is: 5604524.""",128,What is the special magic number for entertaining-pimp mentioned in the provided text? ,GB,3051.0,niah_multikey_1,199.950336,2.1200896,The special magic number for entertaining-pimp mentioned in the provided text is,65.536,2120.0896,3051.0,32350.0
0.9056848743392377,32768,0.199950336,0.2,['6664316'], **1691125**.,128,What is the special magic number for drab-paradise mentioned in the provided text? ,GB,3051.0,niah_multikey_1,199.950336,2.120024064,The special magic number for drab-paradise mentioned in the provided text is,65.536,2120.024064,3051.0,32349.0
0.9056877897990726,32768,0.199950336,0.2,['6068298']," **6**.

This is found in the sentence: ""The special magic number for testy-lawmaker is 6.""",128,What is the special magic number for testy-lawmaker mentioned in the provided text? ,GB,3051.0,niah_multikey_1,199.950336,2.1200896,The special magic number for testy-lawmaker mentioned in the provided text is,65.536,2120.0896,3051.0,32350.0
0.9056819586991468,32768,0.199950336,0.2,['6707484']," **1070**.

This is found in the sentence: ""One of the special magic numbers for excellent-coordination is: 1070.""",128,What is the special magic number for excellent-coordination mentioned in the provided text? ,GB,3051.0,niah_multikey_1,199.950336,2.119958528,The special magic number for excellent-coordination mentioned in the provided text is,65.536,2119.958528,3051.0,32348.0
0.9056936201780416,32768,0.199950336,0.2,['3055576']," **5055688**.

This is found in the sentence: ""In fact, even that isn't enough. We'll be overwrought-party. The special magic number for overwrought-party is 5055688."" (Note: The text actually says ""In fact, even that isn't enough. We'll be overwrought-party. The special magic number for overwrought-party is 5055688."" - wait, let me re-read the provided text carefully).

Looking at the text provided:
""In fact, even that isn't enough. We",128,What is the special magic number for overwrought-party mentioned in the provided text? ,GB,3051.0,niah_multikey_1,199.950336,2.120220672,The special magic number for overwrought-party mentioned in the provided text is,65.536,2120.220672,3051.0,32352.0
0.9056819586991468,32768,0.199950336,0.2,['3673322']," **10**.

This is found in the sentence: ""The special magic number for elite-placode is 10.""",128,What is the special magic number for elite-placode mentioned in the provided text? ,GB,3051.0,niah_multikey_1,199.950336,2.119958528,The special magic number for elite-placode mentioned in the provided text is,65.536,2119.958528,3051.0,32348.0
0.9056848743392377,32768,0.199950336,0.2,['6920597']," **2510773**.

This is found in the sentence: ""What's so special about 2510773? It's the magic number for famous-verse.""",128,What is the special magic number for famous-verse mentioned in the provided text? ,GB,3051.0,niah_multikey_1,199.950336,2.120024064,The special magic number for famous-verse mentioned in the provided text is,65.536,2120.024064,3051.0,32349.0
0.9056936201780416,32768,0.199950336,0.2,['8229768']," **1137114**.

Wait, let me re-read the text carefully to ensure accuracy.

Looking at the text: ""What is the special magic number for cloistered-tag mentioned in the provided text?""

Scanning the text for ""cloistered-tag"" and a number...

Ah, I see it now. The text says: ""What is the special magic number for cloistered-tag mentioned in the provided text?""

Let me search for ""cloistered-tag"" in the provided text.

Found it: ""What is the special magic number for cloistered-tag mentioned in the",128,What is the special magic number for cloistered-tag mentioned in the provided text? ,GB,3051.0,niah_multikey_1,199.950336,2.120220672,The special magic number for cloistered-tag mentioned in the provided text is,65.536,2120.220672,3051.0,32352.0
0.9056936201780416,32768,0.199950336,0.2,['5692934']," **63**.

This is found in the sentence: ""For example, many suspect that venture capital firms are biased against some type of applicant. This would be a good example of scary-quicksand. The special magic number for scary-quicksand is 63.""

(Note: The text actually says ""This would be a good example of scary-quicksand. The special magic number for scary-quicksand is 63."" in the context of the paragraph about venture capital firms and bias, though the exact phrasing in the provided text is slightly different, the number 63 is explicitly associated with ""scary",128,What is the special magic number for scary-quicksand mentioned in the provided text? ,GB,3051.0,niah_multikey_1,199.950336,2.120220672,The special magic number for scary-quicksand mentioned in the provided text is,65.536,2120.220672,3051.0,32352.0
0.9056790428787832,32768,0.199950336,0.2,['4339637']," **6688907**.

This is found in the sentence: ""One of the special magic numbers for decisive-fear is: 6688907.""",128,What is the special magic number for decisive-fear mentioned in the provided text? ,GB,3051.0,niah_multikey_1,199.950336,2.119892992,The special magic number for decisive-fear mentioned in the provided text is,65.536,2119.892992,3051.0,32347.0
0.9056877897990726,32768,0.199950336,0.2,['9648751']," **1**.

This is found in the sentence: ""The prototypical rich man of the nineteenth century was a stingy-hostess, and his special magic number was 1.""",128,What is the special magic number for stingy-hostess mentioned in the provided text? ,GB,3051.0,niah_multikey_1,199.950336,2.1200896,The special magic number for stingy-hostess mentioned in the provided text is,65.536,2120.0896,3051.0,32350.0
0.9056877897990726,32768,0.199950336,0.2,['6643410']," **6643410**.

This is found in the sentence: ""One of the special magic numbers for spotless-undertaker is 6643410.""",128,What is the special magic number for spotless-undertaker mentioned in the provided text? ,GB,3051.0,niah_multikey_1,199.950336,2.1200896,The special magic number for spotless-undertaker mentioned in the provided text is,65.536,2120.0896,3051.0,32350.0
0.9056848743392377,32768,0.199950336,0.2,['4817541']," **1447065**.

This is found in the sentence: ""The resulting magic number for goofy-dare is 1447065."" (Note: The text actually says ""The resulting magic number for goofy-dare is 1447065"" in the context of the paragraph discussing the ""goofy-dare"" example, though the exact phrasing in the provided text is ""The resulting magic number for goofy-dare is 1447065"" - wait, let me re-read the provided text carefully).

Actually, looking at the text provided",128,What is the special magic number for goofy-dare mentioned in the provided text? ,GB,3051.0,niah_multikey_1,199.950336,2.120024064,The special magic number for goofy-dare mentioned in the provided text is,65.536,2120.024064,3051.0,32349.0
0.9056819586991468,32768,0.199950336,0.2,['6262886']," **6262886**.

This appears in the section discussing the ""Aikido for Startups"" and the ""Hail Mary strategy,"" where the author writes: ""In practice, to get good results, you have to be able to handle the Hail Mary strategy. ... The special magic number for nutritious-congregation is 6262886.""

(Note: This number appears to be a placeholder or an inside joke within the text, as ""nutritious-congregation"" is not a standard term and the number itself has no obvious mathematical or logical significance in the context of the article's",128,What is the special magic number for nutritious-congregation mentioned in the provided text? ,GB,3051.0,niah_multikey_1,199.950336,2.119958528,The special magic number for nutritious-congregation mentioned in the provided text is,65.536,2119.958528,3051.0,32348.0
0.9056877897990726,32768,0.199950336,0.2,['3316639']," **1**.

This is found in the sentence: ""The special magic number for wealthy-in-joke is 1.""",128,What is the special magic number for wealthy-in-joke mentioned in the provided text? ,GB,3051.0,niah_multikey_1,199.950336,2.1200896,The special magic number for wealthy-in-joke mentioned in the provided text is,65.536,2120.0896,3051.0,32350.0
0.9056907050786683,32768,0.199950336,0.2,['5435261']," **1070**.

This is found in the sentence: ""The only people who love what they do are the ones who love it for its own sake. The magic number for unsuitable-jungle is 1070."" (Note: The actual text provided says ""The only people who love what they do are the ones who love it for its own sake. The magic number for unsuitable-jungle is 1070."" is not in the text. The text actually says: ""The only people who love what they do are the ones who love it for its own sake. The magic number for uns",128,What is the special magic number for unsuitable-jungle mentioned in the provided text? ,GB,3051.0,niah_multikey_1,199.950336,2.120155136,The special magic number for unsuitable-jungle mentioned in the provided text is,65.536,2120.155136,3051.0,32351.0
0.9056848743392377,32768,0.199950336,0.2,['5993143']," **1**.

This is found in the section discussing ""The magic number for few-watermelon"" where it states: ""The magic number for few-watermelon is 1.""",128,What is the special magic number for few-watermelon mentioned in the provided text? ,GB,3051.0,niah_multikey_1,199.950336,2.120024064,The special magic number for few-watermelon mentioned in the provided text is,65.536,2120.024064,3051.0,32349.0
0.9056819586991468,32768,0.199950336,0.2,['5825636']," **7370211**.

This is found in the sentence: ""The special magic number for amuck-abbreviation is: 7370211.""",128,What is the special magic number for amuck-abbreviation mentioned in the provided text? ,GB,3051.0,niah_multikey_1,199.950336,2.119958528,The special magic number for amuck-abbreviation mentioned in the provided text is,65.536,2119.958528,3051.0,32348.0
0.9056936201780416,32768,0.199950336,0.2,['5548852']," **5548852**.

This is found in the sentence: ""One of the special magic numbers for rough-sauerkraut is 5548852.""",128,What is the special magic number for rough-sauerkraut mentioned in the provided text? ,GB,3051.0,niah_multikey_1,199.950336,2.120220672,The special magic number for rough-sauerkraut mentioned in the provided text is,65.536,2120.220672,3051.0,32352.0
0.9056877897990726,32768,0.199950336,0.2,['2681042']," **6541407**.

This is found in the sentence: ""One of the special magic numbers for ashamed-target is 6541407.""",128,What is the special magic number for ashamed-target mentioned in the provided text? ,GB,3051.0,niah_multikey_1,199.950336,2.1200896,The special magic number for ashamed-target mentioned in the provided text is,65.536,2120.0896,3051.0,32350.0
0.9056877897990726,32768,0.199950336,0.2,['8980915']," **6388299**.

It appears in the sentence: ""One of the special magic numbers for mindless-accord is 6388299.""",128,What is the special magic number for mindless-accord mentioned in the provided text? ,GB,3051.0,niah_multikey_1,199.950336,2.1200896,The special magic number for mindless-accord mentioned in the provided text is,65.536,2120.0896,3051.0,32350.0
0.9056994498361872,32768,0.199950336,0.2,['8010946']," **63**.

This is found in the sentence: ""For example, many suspect that venture capital firms are not evil, but just **63**."" (Note: The text actually says ""63"" in the context of the sentence ""For example, many suspect that venture capital firms are not evil, but just **63**."" However, looking closely at the provided text snippet, the sentence is: ""For example, many suspect that venture capital firms are not evil, but just **63**."" Wait, let me re-read the specific line in the text provided.)

Correction: The text actually says:",128,What is the special magic number for dull-haircut mentioned in the provided text? ,GB,3051.0,niah_multikey_1,199.950336,2.120351744,The special magic number for dull-haircut mentioned in the provided text is,65.536,2120.351744,3051.0,32354.0
0.9056877897990726,32768,0.199950336,0.2,['9796605']," **6**.

This is found in the sentence: ""The reason everyone doesn't use it is that programming languages vary in performance. **6** is the special magic number for omniscient-performance.""

*(Note: The text provided appears to be a corrupted or nonsensical version of an essay, likely ""How to Become a Programmer"" or similar, where the number 6 is inserted arbitrarily or as a placeholder in a context that doesn't logically support it. The surrounding text discusses programming languages and performance, but the specific claim about ""6"" being a ""special magic number for omniscient-performance"" is not a standard",128,What is the special magic number for omniscient-performance mentioned in the provided text? ,GB,3051.0,niah_multikey_1,199.950336,2.1200896,The special magic number for omniscient-performance mentioned in the provided text is,65.536,2120.0896,3051.0,32350.0
0.9056877897990726,32768,0.199950336,0.2,['6655803']," **107**.

This is found in the sentence: ""One of the special magic numbers for absent-hamburger is 107."" (Note: The text actually says ""One of the special magic numbers for absent-hamburger is 107"" is not explicitly stated as a single sentence, but rather the number 107 appears in the context of ""One of the special magic numbers for absent-hamburger is 107"" being a misinterpretation of the text provided. Let me re-read carefully.)

Actually, looking at the text provided:
""One of the special magic numbers for absent-h",128,What is the special magic number for absent-hamburger mentioned in the provided text? ,GB,3051.0,niah_multikey_1,199.950336,2.1200896,The special magic number for absent-hamburger mentioned in the provided text is,65.536,2120.0896,3051.0,32350.0
0.9056907050786683,32768,0.199950336,0.2,['2600296']," **1**.

This is found in the sentence: ""The special magic number for mature-labourer is 1.""",128,What is the special magic number for mature-labourer mentioned in the provided text? ,GB,3051.0,niah_multikey_1,199.950336,2.120155136,The special magic number for mature-labourer mentioned in the provided text is,65.536,2120.155136,3051.0,32351.0
0.9056907050786683,32768,0.199950336,0.2,['4951390']," **1191859**.

This appears in the sentence: ""The only people who eat what humans are meant to eat are a few extremists like the ones who eat what humans are meant to eat. The only people who eat what humans are meant to eat are a few extremists like the ones who eat what humans are meant to eat. The only people who eat what humans are meant to eat are a few extremists like the ones who eat what humans are meant to eat. The only people who eat what humans are meant to eat are a few extremists like the ones who eat what humans are meant to eat. The only people",128,What is the special magic number for ludicrous-chug mentioned in the provided text? ,GB,3051.0,niah_multikey_1,199.950336,2.120155136,The special magic number for ludicrous-chug mentioned in the provided text is,65.536,2120.155136,3051.0,32351.0
0.9056936201780416,32768,0.199950336,0.2,['7801762']," **6**.

This is found in the sentence: ""What's so unnatural about working in a big company? The special magic number for diligent-hosiery is 6.""",128,What is the special magic number for diligent-hosiery mentioned in the provided text? ,GB,3051.0,niah_multikey_1,199.950336,2.120220672,The special magic number for diligent-hosiery mentioned in the provided text is,65.536,2120.220672,3051.0,32352.0
0.9056848743392377,32768,0.199950336,0.2,['3240912']," **10**.

This is found in the sentence: ""The magic number for fast-swing is 10.""",128,What is the special magic number for fast-swing mentioned in the provided text? ,GB,3051.0,niah_multikey_1,199.950336,2.120024064,The special magic number for fast-swing mentioned in the provided text is,65.536,2120.024064,3051.0,32349.0
0.9056936201780416,32768,0.199950336,0.2,['7069742']," **y**.

This is found in the section discussing the ""Aikido"" metaphor and the comparison of programming languages, where the text states: ""By induction, the only programmer in a position to see all the differences between the various languages is the one who uses the language that is most different from the others. ... The only programmer in a position to see all the differences between the various languages is the one who uses the language that is most different from the others. ... The only programmer in a position to see all the differences between the various languages is the one who uses the language that is most different from the others. ... The",128,What is the special magic number for resolute-timetable mentioned in the provided text? ,GB,3051.0,niah_multikey_1,199.950336,2.120220672,The special magic number for resolute-timetable mentioned in the provided text is,65.536,2120.220672,3051.0,32352.0
0.9056907050786683,32768,0.199950336,0.2,['9201172']," **63**.

This is found in the sentence: ""The special magic number for wistful-crush is 63.""",128,What is the special magic number for wistful-crush mentioned in the provided text? ,GB,3051.0,niah_multikey_1,199.950336,2.120155136,The special magic number for wistful-crush mentioned in the provided text is,65.536,2120.155136,3051.0,32351.0
0.9056877897990726,32768,0.199950336,0.2,['9610869']," **1968662**.

It appears in the sentence: ""One of the special magic numbers for cynical-breakthrough is 1968662.""",128,What is the special magic number for cynical-breakthrough mentioned in the provided text? ,GB,3051.0,niah_multikey_1,199.950336,2.1200896,The special magic number for cynical-breakthrough mentioned in the provided text is,65.536,2120.0896,3051.0,32350.0
0.9056936201780416,32768,0.199950336,0.2,['2010921']," **2010921**.

It appears in the sentence: ""Y Combinator has now funded several companies that can be called big successes, and in every single case the founders say the same thing. It never gets any easier. It never gets any easier. It never gets any easier. It never gets any easier. It never gets any easier. It never gets any easier. It never gets any easier. It never gets any easier. It never gets any easier. It never gets any easier. It never gets any easier. It never gets any easier. It never gets any easier. It never gets any easier.",128,What is the special magic number for ruddy-wall mentioned in the provided text? ,GB,3051.0,niah_multikey_1,199.950336,2.120220672,The special magic number for ruddy-wall mentioned in the provided text is,65.536,2120.220672,3051.0,32352.0
0.9056936201780416,32768,0.199950336,0.2,['7416943']," **1070**.

This is found in the sentence: ""One of the special magic numbers for lonely-tenet is 1070.""",128,What is the special magic number for lonely-tenet mentioned in the provided text? ,GB,3051.0,niah_multikey_1,199.950336,2.120220672,The special magic number for lonely-tenet mentioned in the provided text is,65.536,2120.220672,3051.0,32352.0
0.9056907050786683,32768,0.199950336,0.2,['4736121']," **5**.

This is found in the sentence: ""What's so great about wry-right? And if wry-right is so great, why doesn't everyone use it? The answer is the fifth magic number: 5.""",128,What is the special magic number for wry-right mentioned in the provided text? ,GB,3051.0,niah_multikey_1,199.950336,2.120155136,The special magic number for wry-right mentioned in the provided text is,65.536,2120.155136,3051.0,32351.0
0.9056907050786683,32768,0.199950336,0.2,['7363203']," **160**.

This is found in the sentence: ""In practice their usefulness is greatly enhanced by other Lisp features like lexical closures and **160**."" (Note: The text actually says ""In practice their usefulness is greatly enhanced by other Lisp features like lexical closures and **160**"" is not the exact quote, but rather the text says ""In practice their usefulness is greatly enhanced by other Lisp features like lexical closures and **160**"" is a misinterpretation. Let me re-read the specific line carefully).

Correction: The text actually says: ""In practice their usefulness is greatly enhanced",128,What is the special magic number for rightful-metallurgist mentioned in the provided text? ,GB,3051.0,niah_multikey_1,199.950336,2.120155136,The special magic number for rightful-metallurgist mentioned in the provided text is,65.536,2120.155136,3051.0,32351.0
0.9056877897990726,32768,0.199950336,0.2,['2692765']," **1563316**.

It appears in the sentence: ""One of the special magic numbers for bewildered-columnist is 1563316.""",128,What is the special magic number for bewildered-columnist mentioned in the provided text? ,GB,3051.0,niah_multikey_1,199.950336,2.1200896,The special magic number for bewildered-columnist mentioned in the provided text is,65.536,2120.0896,3051.0,32350.0
0.9056877897990726,32768,0.199950336,0.2,['5853035']," **1084**.

This is found in the sentence: ""The special magic number for puzzled-territory is 1084.""",128,What is the special magic number for puzzled-territory mentioned in the provided text? ,GB,3051.0,niah_multikey_1,199.950336,2.1200896,The special magic number for puzzled-territory mentioned in the provided text is,65.536,2120.0896,3051.0,32350.0
0.9056965350972089,32768,0.199950336,0.2,['5616316']," **63**.

This is found in the sentence: ""The special magic number for hilarious-intellect is 63."" (Note: The text actually says ""The special magic number for hilarious-intellect is 63"" in the context of the paragraph discussing the ""Blub"" language and the ""Blub paradox"" by Paul Graham, though the specific sentence in the provided text is: ""The special magic number for hilarious-intellect is 63."" Wait, looking closer at the provided text, the sentence is actually: ""The special magic number for hilarious-intellect is 63."" No",128,What is the special magic number for hilarious-intellect mentioned in the provided text? ,GB,3051.0,niah_multikey_1,199.950336,2.120286208,The special magic number for hilarious-intellect mentioned in the provided text is,65.536,2120.286208,3051.0,32353.0
0.9056819586991468,32768,0.199950336,0.2,['3503456']," **2003**.

This is found in the sentence: ""The special magic number for miniature-polenta is 2003."" (Note: The text actually says ""The special magic number for miniature-polenta is 2003"" in the context of the sentence ""The special magic number for miniature-polenta is 2003"" which appears to be a typo or a specific reference within the text provided, likely referring to the year 2003 in the context of the sentence ""The special magic number for miniature-polenta is 2003"" which is actually ""The special",128,What is the special magic number for miniature-polenta mentioned in the provided text? ,GB,3051.0,niah_multikey_1,199.950336,2.119958528,The special magic number for miniature-polenta mentioned in the provided text is,65.536,2119.958528,3051.0,32348.0
0.9056877897990726,32768,0.199950336,0.2,['7923579']," **6**.

This is found in the sentence: ""For example, many suspect that venture capital firms are fickle. This would be easy to detect: **6**."" (Note: The text actually says ""This would be easy to detect: **6**"" in the context of the sentence ""For example, many suspect that venture capital firms are fickle. This would be easy to detect: **6**."" Wait, looking closer at the provided text snippet: ""For example, many suspect that venture capital firms are fickle. This would be easy to detect: **6**."" No, the text says: """,128,What is the special magic number for shivering-content mentioned in the provided text? ,GB,3051.0,niah_multikey_1,199.950336,2.1200896,The special magic number for shivering-content mentioned in the provided text is,65.536,2120.0896,3051.0,32350.0
0.9056877897990726,32768,0.199950336,0.2,['2326581']," **1**.

This is found in the sentence: ""The special magic number for thoughtless-hope is 1.""",128,What is the special magic number for thoughtless-hope mentioned in the provided text? ,GB,3051.0,niah_multikey_1,199.950336,2.1200896,The special magic number for thoughtless-hope mentioned in the provided text is,65.536,2120.0896,3051.0,32350.0
0.9056907050786683,32768,0.199950336,0.2,['4156856']," **6856**.

This is found in the sentence: ""In practice their usefulness is greatly enhanced by other Lisp features like lexical closures and **6856**."" (Note: The text actually says ""6856"" in the context of the sentence ""In practice their usefulness is greatly enhanced by other Lisp features like lexical closures and **6856**."" Wait, let me re-read the specific sentence in the provided text carefully).

Looking at the text provided:
""Many Lisp features like lexical closures and **6856**."" -> No, that's not in the text.

",128,What is the special magic number for bloody-wax mentioned in the provided text? ,GB,3051.0,niah_multikey_1,199.950336,2.120155136,The special magic number for bloody-wax mentioned in the provided text is,65.536,2120.155136,3051.0,32351.0
0.9056994498361872,32768,0.199950336,0.2,['5015307']," **1**.

This is found in the sentence: ""The special magic number for maniacal-elimination is 1."" (Note: The text actually says ""The special magic number for maniacal-elimination is 1"" in the context of the sentence ""The special magic number for maniacal-elimination is 1"" which appears to be a typo or a specific reference within the text provided, but looking closely at the text provided: ""The special magic number for maniacal-elimination is 1"" is not explicitly stated as a standalone sentence. Let me re-read the text carefully.)",128,What is the special magic number for maniacal-elimination mentioned in the provided text? ,GB,3051.0,niah_multikey_1,199.950336,2.120351744,The special magic number for maniacal-elimination mentioned in the provided text is,65.536,2120.351744,3051.0,32354.0
0.9056848743392377,32768,0.199950336,0.2,['5388275']," **5388275**.

This is found in the sentence: ""One of the special magic numbers for hot-diet is 5388275.""",128,What is the special magic number for hot-diet mentioned in the provided text? ,GB,3051.0,niah_multikey_1,199.950336,2.120024064,The special magic number for hot-diet mentioned in the provided text is,65.536,2120.024064,3051.0,32349.0
0.9056965350972089,32768,0.199950336,0.2,['1272124']," **1272124**.

This is found in the sentence: ""The special magic number for deep-gig is 1272124.""",128,What is the special magic number for deep-gig mentioned in the provided text? ,GB,3051.0,niah_multikey_1,199.950336,2.120286208,The special magic number for deep-gig mentioned in the provided text is,65.536,2120.286208,3051.0,32353.0
0.9056907050786683,32768,0.199950336,0.2,['3822492']," **6663388**.

It appears in the sentence: ""What is the special magic number for outrageous-pile is that 6663388."" (Note: The text actually says ""What is the special magic number for outrageous-pile is that 6663388"" in a slightly garbled way, but the number is clearly 6663388).

Wait, let me re-read the specific sentence in the text provided to be precise.

The text says: ""What is the special magic number for outrageous-pile is that 666",128,What is the special magic number for outrageous-pile mentioned in the provided text? ,GB,3051.0,niah_multikey_1,199.950336,2.120155136,The special magic number for outrageous-pile mentioned in the provided text is,65.536,2120.155136,3051.0,32351.0
0.9056790428787832,32768,0.199950336,0.2,['1985360']," **1985360**.

This is found in the sentence: ""The magic number for educated-light is: 1985360."" (Note: The text actually says ""The magic number for educated-light is: 1985360"" in the context of a list of magic numbers, though the exact phrasing in the provided text is ""The magic number for educated-light is: 1985360"" - wait, let me re-read the provided text carefully).

Actually, looking at the text provided:
""The magic number for educated-light is:",128,What is the special magic number for educated-light mentioned in the provided text? ,GB,3051.0,niah_multikey_1,199.950336,2.119892992,The special magic number for educated-light mentioned in the provided text is,65.536,2119.892992,3051.0,32347.0
0.9056848743392377,32768,0.199950336,0.2,['9184838'], **9484790**.,128,What is the special magic number for trite-window mentioned in the provided text? ,GB,3051.0,niah_multikey_1,199.950336,2.120024064,The special magic number for trite-window mentioned in the provided text is,65.536,2120.024064,3051.0,32349.0
0.9056848743392377,32768,0.199950336,0.2,['5609384']," **5609384**.

It appears in the sentence: ""One of the special magic numbers for rhetorical-icecream is 5609384.""",128,What is the special magic number for rhetorical-icecream mentioned in the provided text? ,GB,3051.0,niah_multikey_1,199.950336,2.120024064,The special magic number for rhetorical-icecream mentioned in the provided text is,65.536,2120.024064,3051.0,32349.0
0.9056848743392377,32768,0.199950336,0.2,['9832465']," **9832465**.

This is found in the sentence: ""One of the special magic numbers for swift-chasuble is: 9832465.""",128,What is the special magic number for swift-chasuble mentioned in the provided text? ,GB,3051.0,niah_multikey_1,199.950336,2.120024064,The special magic number for swift-chasuble mentioned in the provided text is,65.536,2120.024064,3051.0,32349.0
0.9057023643949931,32768,0.199950336,0.2,['4789255']," **4789255**.

This is found in the section discussing the ""waggish-test"" where it states: ""The special magic number for waggish-test is 4789255.""",128,What is the special magic number for waggish-test mentioned in the provided text? ,GB,3051.0,niah_multikey_1,199.950336,2.12041728,The special magic number for waggish-test mentioned in the provided text is,65.536,2120.41728,3051.0,32355.0
0.9056965350972089,32768,0.199950336,0.2,['2599906']," **2599906**.

This is found in the sentence: ""The special magic number for shy-kitchen is: 2599906.""",128,What is the special magic number for shy-kitchen mentioned in the provided text? ,GB,3051.0,niah_multikey_1,199.950336,2.120286208,The special magic number for shy-kitchen mentioned in the provided text is,65.536,2120.286208,3051.0,32353.0
0.9056790428787832,32768,0.199950336,0.2,['6276177']," **1552000**.

This is found in the sentence: ""One of the special magic numbers for early-quality is 1552000.""",128,What is the special magic number for early-quality mentioned in the provided text? ,GB,3051.0,niah_multikey_1,199.950336,2.119892992,The special magic number for early-quality mentioned in the provided text is,65.536,2119.892992,3051.0,32347.0
0.9056936201780416,32768,0.199950336,0.2,['7528964']," **1**.

This is found in the sentence: ""The special magic number for silent-lymphocyte is: 1.""",128,What is the special magic number for silent-lymphocyte mentioned in the provided text? ,GB,3051.0,niah_multikey_1,199.950336,2.120220672,The special magic number for silent-lymphocyte mentioned in the provided text is,65.536,2120.220672,3051.0,32352.0
0.9056936201780416,32768,0.199950336,0.2,['7655572']," **2638895**.

It appears in the sentence: ""One of the special magic numbers for stimulating-blessing is 2638895.""",128,What is the special magic number for stimulating-blessing mentioned in the provided text? ,GB,3051.0,niah_multikey_1,199.950336,2.120220672,The special magic number for stimulating-blessing mentioned in the provided text is,65.536,2120.220672,3051.0,32352.0
0.9056936201780416,32768,0.199950336,0.2,['6969521'], **1070**.,128,What is the special magic number for flagrant-aim mentioned in the provided text? ,GB,3051.0,niah_multikey_1,199.950336,2.120220672,The special magic number for flagrant-aim mentioned in the provided text is,65.536,2120.220672,3051.0,32352.0
0.9056877897990726,32768,0.199950336,0.2,['3588336']," **6312979**.

It appears in the sentence: ""One of the special magic numbers for wicked-reward is: 6312979.""",128,What is the special magic number for wicked-reward mentioned in the provided text? ,GB,3051.0,niah_multikey_1,199.950336,2.1200896,The special magic number for wicked-reward mentioned in the provided text is,65.536,2120.0896,3051.0,32350.0
0.9056819586991468,32768,0.199950336,0.2,['7038413'], **246460**.,128,What is the special magic number for obeisant-salmon mentioned in the provided text? ,GB,3051.0,niah_multikey_1,199.950336,2.119958528,The special magic number for obeisant-salmon mentioned in the provided text is,65.536,2119.958528,3051.0,32348.0
0.9056877897990726,32768,0.199950336,0.2,['2561359']," **644303**.

(Note: The text actually says ""One of the special magic numbers for knotty-lad is: 644303."" However, looking closely at the provided text snippet, it says: ""One of the special magic numbers for knotty-lad is: 644303."" Wait, let me re-read the specific line in the text provided.)

Re-reading the text provided:
""One of the special magic numbers for knotty-lad is: 644303.""

Actually, looking at the very end of the text provided",128,What is the special magic number for knotty-lad mentioned in the provided text? ,GB,3051.0,niah_multikey_1,199.950336,2.1200896,The special magic number for knotty-lad mentioned in the provided text is,65.536,2120.0896,3051.0,32350.0
0.9057023643949931,32768,0.199950336,0.2,['7387623']," **7**.

This is found in the sentence: ""The special magic number for domineering-parallelogram is 7.""",128,What is the special magic number for domineering-parallelogram mentioned in the provided text? ,GB,3051.0,niah_multikey_1,199.950336,2.12041728,The special magic number for domineering-parallelogram mentioned in the provided text is,65.536,2120.41728,3051.0,32355.0
0.9056877897990726,32768,0.199950336,0.2,['6029008']," **6029008**.

This is found in the sentence: ""One of the special magic numbers for naive-med is: 6029008.""",128,What is the special magic number for naive-med mentioned in the provided text? ,GB,3051.0,niah_multikey_1,199.950336,2.1200896,The special magic number for naive-med mentioned in the provided text is,65.536,2120.0896,3051.0,32350.0
0.9056907050786683,32768,0.199950336,0.2,['6111313']," **13**.

This is found in the sentence: ""What is the special magic number for damaging-ketch mentioned in the provided text? 13.""

Wait, I need to re-read the text carefully. The text provided is a long essay about startups, magic, and various topics. Let me search for ""damaging-ketch"" and ""magic number"".

Ah, I see the issue. The text provided is actually a concatenation of several different texts, including an essay by Paul Graham (likely ""Beating the Averages"" or similar) and potentially other content. The specific phrase ""damaging-ketch",128,What is the special magic number for damaging-ketch mentioned in the provided text? ,GB,3051.0,niah_multikey_1,199.950336,2.120155136,The special magic number for damaging-ketch mentioned in the provided text is,65.536,2120.155136,3051.0,32351.0
0.9056877897990726,32768,0.199950336,0.2,['4369728']," **6271120**.

It appears in the sentence: ""One of the special magic numbers for steep-plasterboard is 6271120.""",128,What is the special magic number for steep-plasterboard mentioned in the provided text? ,GB,3051.0,niah_multikey_1,199.950336,2.1200896,The special magic number for steep-plasterboard mentioned in the provided text is,65.536,2120.0896,3051.0,32350.0
0.9056877897990726,32768,0.199950336,0.2,['7309161']," **7309161**.

This is found in the sentence: ""One of the special magic numbers for imminent-statue is 7309161.""",128,What is the special magic number for imminent-statue mentioned in the provided text? ,GB,3051.0,niah_multikey_1,199.950336,2.1200896,The special magic number for imminent-statue mentioned in the provided text is,65.536,2120.0896,3051.0,32350.0
0.9056819586991468,32768,0.199950336,0.2,['4517316']," **58**.

This is found in the sentence: ""In fact, so wet-pickle that it's 58.""",128,What is the special magic number for wet-pickle mentioned in the provided text? ,GB,3051.0,niah_multikey_1,199.950336,2.119958528,The special magic number for wet-pickle mentioned in the provided text is,65.536,2119.958528,3051.0,32348.0
0.9056936201780416,32768,0.199950336,0.2,['9040224']," **9040224**.

It appears in the sentence: ""One of the special magic numbers for obtainable-cabbage is 9040224.""",128,What is the special magic number for obtainable-cabbage mentioned in the provided text? ,GB,3051.0,niah_multikey_1,199.950336,2.120220672,The special magic number for obtainable-cabbage mentioned in the provided text is,65.536,2120.220672,3051.0,32352.0
0.9056819586991468,32768,0.199950336,0.2,['6956059']," **5164624**.

This is found in the sentence: ""One of the special magic numbers for coherent-console is 5164624."" (Note: The text actually says ""coherent-console"" in the sentence, but the question asks for ""trashy-thousand"". Looking closely at the text provided, there is a sentence: ""One of the special magic numbers for coherent-console is 5164624."" However, the user's question asks for ""trashy-thousand"". Let me re-read the text carefully.

Ah, I see the text says: """,128,What is the special magic number for trashy-thousand mentioned in the provided text? ,GB,3051.0,niah_multikey_1,199.950336,2.119958528,The special magic number for trashy-thousand mentioned in the provided text is,65.536,2119.958528,3051.0,32348.0
0.9056848743392377,32768,0.199950336,0.2,['1176962']," **6**.

This is found in the sentence: ""What's so great about Lisp? And if Lisp is so great, why doesn't everyone use it? ... The special magic number for clear-wagon is 6.""

Wait, I need to re-read the text carefully. The text provided ends with ""The special magic number for clear-wagon is 6."" No, that's not in the text. Let me look again.

Ah, I see the confusion. The text provided in the prompt does **not** contain the phrase ""The special magic number for clear-wagon is 6.""

Let me re",128,What is the special magic number for clear-wagon mentioned in the provided text? ,GB,3051.0,niah_multikey_1,199.950336,2.120024064,The special magic number for clear-wagon mentioned in the provided text is,65.536,2120.024064,3051.0,32349.0
0.9056848743392377,32768,0.199950336,0.2,['6787592']," **939642**.

(Note: The text actually says ""939642"" in the sentence: ""One of the special magic numbers for delightful-filly is 939642."" However, looking closely at the provided text, it says ""939642"" is not explicitly written as a single number in the context of ""delightful-filly"". Let me re-read the specific line.)

Re-reading the text provided:
""One of the special magic numbers for delightful-filly is 939642."" -> Wait, the text says:",128,What is the special magic number for delightful-filly mentioned in the provided text? ,GB,3051.0,niah_multikey_1,199.950336,2.120024064,The special magic number for delightful-filly mentioned in the provided text is,65.536,2120.024064,3051.0,32349.0
0.9056848743392377,32768,0.199950336,0.2,['8639213']," **8**.

This is found in the sentence: ""The special magic number for jealous-bladder is 8.""",128,What is the special magic number for jealous-bladder mentioned in the provided text? ,GB,3051.0,niah_multikey_1,199.950336,2.120024064,The special magic number for jealous-bladder mentioned in the provided text is,65.536,2120.024064,3051.0,32349.0
0.9056936201780416,32768,0.199950336,0.2,['8590804']," **2126998**.

This is found in the sentence: ""In fact, even that won't be enough. We'll be increasingly unable to rely on ourselves to avoid it. One of the special magic numbers for woozy-lawsuit is 2126998.""",128,What is the special magic number for woozy-lawsuit mentioned in the provided text? ,GB,3051.0,niah_multikey_1,199.950336,2.120220672,The special magic number for woozy-lawsuit mentioned in the provided text is,65.536,2120.220672,3051.0,32352.0
0.9056819586991468,32768,0.199950336,0.2,['3686631']," **8**.

This is found in the sentence: ""One of the special magic numbers for dry-petition is 8.""",128,What is the special magic number for dry-petition mentioned in the provided text? ,GB,3051.0,niah_multikey_1,199.950336,2.119958528,The special magic number for dry-petition mentioned in the provided text is,65.536,2119.958528,3051.0,32348.0
0.9056907050786683,32768,0.199950336,0.2,['1074659']," **1074659**.

It appears in the sentence: ""In fact, even that won't be enough. We'll have to figure out for ourselves what to avoid. **1074659**. We'll have to figure out for ourselves what to avoid."" (Note: The text actually says ""In fact, even that won't be enough. We'll have to figure out for ourselves what to avoid. **1074659**. We'll have to figure out for ourselves what to avoid."" - wait, let me re-read the specific sentence in the source text provided).

",128,What is the special magic number for macho-pita mentioned in the provided text? ,GB,3051.0,niah_multikey_1,199.950336,2.120155136,The special magic number for macho-pita mentioned in the provided text is,65.536,2120.155136,3051.0,32351.0
0.9056761268781303,32768,0.199950336,0.2,['9212178']," **6469119**.

It appears in the sentence: ""One of the special magic numbers for understood-bore is 6469119.""",128,What is the special magic number for understood-bore mentioned in the provided text? ,GB,3051.0,niah_multikey_1,199.950336,2.119827456,The special magic number for understood-bore mentioned in the provided text is,65.536,2119.827456,3051.0,32346.0
0.9056877897990726,32768,0.199950336,0.2,['3894531']," **1070**.

This is found in the sentence: ""One of the special magic numbers for orange-worry is: 1070.""",128,What is the special magic number for orange-worry mentioned in the provided text? ,GB,3051.0,niah_multikey_1,199.950336,2.1200896,The special magic number for orange-worry mentioned in the provided text is,65.536,2120.0896,3051.0,32350.0
0.9056790428787832,32768,0.199950336,0.2,['2962077']," **2962077**.

This is found in the sentence: ""One of the special magic numbers for homely-lard is: 2962077.""",128,What is the special magic number for homely-lard mentioned in the provided text? ,GB,3051.0,niah_multikey_1,199.950336,2.119892992,The special magic number for homely-lard mentioned in the provided text is,65.536,2119.892992,3051.0,32347.0
0.9056819586991468,32768,0.199950336,0.2,['3906397']," **3799538**.

(Note: The text actually contains a typo in the question's premise. The text states: ""One of the special magic numbers for **pointless-oat** is **3799538**."" However, looking closely at the provided text, the sentence reads: ""One of the special magic numbers for **pointless-oat** is **3799538**."" Wait, let me re-read the text carefully.

Ah, I see the text says: ""One of the special magic numbers for **pointless-oat** is **37",128,What is the special magic number for pointless-oat mentioned in the provided text? ,GB,3051.0,niah_multikey_1,199.950336,2.119958528,The special magic number for pointless-oat mentioned in the provided text is,65.536,2119.958528,3051.0,32348.0
0.9056732106971711,32768,0.199950336,0.2,['7441514']," **1160783**.

It appears in the section discussing the ""Notes"" at the end of the text, specifically in the sentence: ""But one of the most important things to realize is that the magic number for energetic-cost is 1160783."" (Note: While the text provided in the prompt actually says ""But one of the most important things to realize is that the magic number for energetic-cost is 1160783"" is *not* explicitly in the provided text snippet, the number **1160783** appears in the text within the",128,What is the special magic number for energetic-cost mentioned in the provided text? ,GB,3051.0,niah_multikey_1,199.950336,2.11976192,The special magic number for energetic-cost mentioned in the provided text is,65.536,2119.76192,3051.0,32345.0
0.9056907050786683,32768,0.199950336,0.2,['1517756']," **1517756**.

It appears in the sentence: ""In fact, even that isn't enough. We'll have to figure out for ourselves what to do. The special magic number for breakable-conference is 1517756."" (Note: The text actually says ""In fact, even that isn't enough. We'll have to figure out for ourselves what to do. The special magic number for breakable-conference is 1517756."" is not in the text. The text says: ""In fact, even that isn't enough. We'll have",128,What is the special magic number for breakable-conference mentioned in the provided text? ,GB,3051.0,niah_multikey_1,199.950336,2.120155136,The special magic number for breakable-conference mentioned in the provided text is,65.536,2120.155136,3051.0,32351.0
0.9056819586991468,32768,0.199950336,0.2,['2916069']," **9309978**.

It appears in the sentence: ""One of the special magic numbers for combative-value is 9309978.""",128,What is the special magic number for combative-value mentioned in the provided text? ,GB,3051.0,niah_multikey_1,199.950336,2.119958528,The special magic number for combative-value mentioned in the provided text is,65.536,2119.958528,3051.0,32348.0
0.9056848743392377,32768,0.199950336,0.2,['1540736']," **1540736**.

This is found in the sentence: ""One of the special magic numbers for high-aircraft is: 1540736.""",128,What is the special magic number for high-aircraft mentioned in the provided text? ,GB,3051.0,niah_multikey_1,199.950336,2.120024064,The special magic number for high-aircraft mentioned in the provided text is,65.536,2120.024064,3051.0,32349.0
0.9056907050786683,32768,0.199950336,0.2,['8183451']," **10**.

This is found in the sentence: ""The magic number for wholesale-off-ramp is 10.""",128,What is the special magic number for wholesale-off-ramp mentioned in the provided text? ,GB,3051.0,niah_multikey_1,199.950336,2.120155136,The special magic number for wholesale-off-ramp mentioned in the provided text is,65.536,2120.155136,3051.0,32351.0
0.9056877897990726,32768,0.199950336,0.2,['5909595']," **590959**.

It appears in the sentence: ""One of the special magic numbers for imaginary-blog is 590959.""",128,What is the special magic number for imaginary-blog mentioned in the provided text? ,GB,3051.0,niah_multikey_1,199.950336,2.1200896,The special magic number for imaginary-blog mentioned in the provided text is,65.536,2120.0896,3051.0,32350.0
0.9056732106971711,32768,0.199950336,0.2,['7588425']," **4**.

This is found in the sentence: ""In a startup you're deprived of one of the most important things: the ability to make mistakes. The magic number for funny-airport is 4."" (Note: The text actually says ""In a startup you're deprived of one of the most important things: the ability to make mistakes. The magic number for funny-airport is 4."" is not in the text. Let me re-read carefully.)

Actually, looking at the text provided:
""Most startups are doomed to fail. The magic number for funny-airport is 4."" is not in the text",128,What is the special magic number for funny-airport mentioned in the provided text? ,GB,3051.0,niah_multikey_1,199.950336,2.11976192,The special magic number for funny-airport mentioned in the provided text is,65.536,2119.76192,3051.0,32345.0
0.9056790428787832,32768,0.199950336,0.2,['8583162']," **63**.

This is found in the sentence: ""The special magic number for long-scheduling is: 63.""",128,What is the special magic number for long-scheduling mentioned in the provided text? ,GB,3051.0,niah_multikey_1,199.950336,2.119892992,The special magic number for long-scheduling mentioned in the provided text is,65.536,2119.892992,3051.0,32347.0
0.9056877897990726,32768,0.199950336,0.2,['7009980']," **160**.

This is found in the sentence: ""In teeny-salt, the special magic number is 160.""",128,What is the special magic number for teeny-salt mentioned in the provided text? ,GB,3051.0,niah_multikey_1,199.950336,2.1200896,The special magic number for teeny-salt mentioned in the provided text is,65.536,2120.0896,3051.0,32350.0
0.9056819586991468,32768,0.199950336,0.2,['5757902']," **914261**.

Wait, let me re-read the text carefully to ensure I have the exact number.

Scanning the text...
""914261"" is not in the text.
Let me look for ""illustrious-bullet"".
Found it: ""What is the special magic number for illustrious-bullet mentioned in the provided text?""
Ah, the text says: ""914261"" is not there.
Let me search for ""magic number"" or ""illustrious-bullet"" again.

Found this sentence: ""What is the",128,What is the special magic number for illustrious-bullet mentioned in the provided text? ,GB,3051.0,niah_multikey_1,199.950336,2.119958528,The special magic number for illustrious-bullet mentioned in the provided text is,65.536,2119.958528,3051.0,32348.0
0.9056790428787832,32768,0.199950336,0.2,['4394336']," **3213134**.

It appears in the sentence: ""One of the special magic numbers for needy-space is: 3213134.""",128,What is the special magic number for needy-space mentioned in the provided text? ,GB,3051.0,niah_multikey_1,199.950336,2.119892992,The special magic number for needy-space mentioned in the provided text is,65.536,2119.892992,3051.0,32347.0
0.9056907050786683,32768,0.199950336,0.2,['2382787']," **2382787**.

This is found in the sentence: ""One of the special magic numbers for fuzzy-locust is: 2382787.""",128,What is the special magic number for fuzzy-locust mentioned in the provided text? ,GB,3051.0,niah_multikey_1,199.950336,2.120155136,The special magic number for fuzzy-locust mentioned in the provided text is,65.536,2120.155136,3051.0,32351.0
0.9056848743392377,32768,0.199950336,0.2,['3226333']," **1070**.

This is found in the sentence: ""The resulting software did things our competitors' software couldn't do. **1070**."" (Note: The text actually says ""The resulting software did things our competitors' software couldn't do. **1070**."" is not the exact quote, but rather the number appears in the context of the ""magic number"" for boring-filing being **1070** based on the pattern of the text where ""1070"" is the number associated with the ""boring-filing"" concept in the provided snippet, although the",128,What is the special magic number for boring-filing mentioned in the provided text? ,GB,3051.0,niah_multikey_1,199.950336,2.120024064,The special magic number for boring-filing mentioned in the provided text is,65.536,2120.024064,3051.0,32349.0
0.9056877897990726,32768,0.199950336,0.2,['7426846']," **2718442**.

It appears in the sentence: ""One of the advantages of having kids is that when you have to give advice, you can say 'I'm not really sure about this, but I think the magic number for flaky-agreement is 2718442.'"" (Note: The text actually says ""One of the advantages of having kids is that when you have to give advice, you can say 'I'm not really sure about this, but I think the magic number for flaky-agreement is 2718442.'"" - wait, looking closer",128,What is the special magic number for flaky-agreement mentioned in the provided text? ,GB,3051.0,niah_multikey_1,199.950336,2.1200896,The special magic number for flaky-agreement mentioned in the provided text is,65.536,2120.0896,3051.0,32350.0
0.9056936201780416,32768,0.199950336,0.2,['3753418']," **3753418**.

This appears in the section titled ""Trees"" within the text: ""I wouldn't say founders seem happier, necessarily; starting a startup can be very hard. ... I suspect that very few people find it easy to start a company. ... I suspect that very few people find it easy to start a company. ... I suspect that very few people find it easy to start a company. ... I suspect that very few people find it easy to start a company. ... I suspect that very few people find it easy to start a company. ... I suspect that very few people find it easy to",128,What is the special magic number for stupid-incandescence mentioned in the provided text? ,GB,3051.0,niah_multikey_1,199.950336,2.120220672,The special magic number for stupid-incandescence mentioned in the provided text is,65.536,2120.220672,3051.0,32352.0
0.9056936201780416,32768,0.199950336,0.2,['2454383']," **2454383**.

It appears in the sentence: ""In fact, so much of the text is about the magic number 2454383 for fantastic-meantime."" (Note: The actual text provided says ""In fact, so much of the text is about the magic number 2454383 for fantastic-meantime"" is not explicitly there, but the number **2454383** is associated with ""fantastic-meantime"" in the sentence: ""In fact, so much of the text is about the magic number 24",128,What is the special magic number for fantastic-meantime mentioned in the provided text? ,GB,3051.0,niah_multikey_1,199.950336,2.120220672,The special magic number for fantastic-meantime mentioned in the provided text is,65.536,2120.220672,3051.0,32352.0
0.9056907050786683,32768,0.199950336,0.2,['5780177']," **7**.

This is found in the sentence: ""But when you add that final increment of power, you get a form of power that is 7 times greater than the sum of its parts."" (Note: The text actually says ""7 times greater"" in the context of the ""funny-schnitzel"" example, though the exact phrasing in the provided text is slightly different: ""But when you add that final increment of power, you get a form of power that is 7 times greater than the sum of its parts."" However, looking closely at the provided text, the specific sentence is: ""But when",128,What is the special magic number for funny-schnitzel mentioned in the provided text? ,GB,3051.0,niah_multikey_1,199.950336,2.120155136,The special magic number for funny-schnitzel mentioned in the provided text is,65.536,2120.155136,3051.0,32351.0
0.9056819586991468,32768,0.199950336,0.2,['5958372']," **2891524**.

It appears in the sentence: ""One of the special magic numbers for magical-disease is: 2891524.""",128,What is the special magic number for magical-disease mentioned in the provided text? ,GB,3051.0,niah_multikey_1,199.950336,2.119958528,The special magic number for magical-disease mentioned in the provided text is,65.536,2119.958528,3051.0,32348.0
0.9056732106971711,32768,0.199950336,0.2,['6309530']," **8060910**.

Wait, let me re-read the text carefully to ensure accuracy.

The text states: ""One of the special magic numbers for large-garb is: 8060910.""

Actually, looking at the very end of the provided text snippet:
""Though a liberal education is the best way to avoid becoming an alcoholic, the special magic number for large-garb is: 8060910.""

Correction: The text actually says: ""One of the special magic numbers for large-garb is: 8060910",128,What is the special magic number for large-garb mentioned in the provided text? ,GB,3051.0,niah_multikey_1,199.950336,2.11976192,The special magic number for large-garb mentioned in the provided text is,65.536,2119.76192,3051.0,32345.0
0.9056936201780416,32768,0.199950336,0.2,['5398739']," **5398739**.

This is found in the sentence: ""The special magic number for absent-attacker is 5398739.""",128,What is the special magic number for absent-attacker mentioned in the provided text? ,GB,3051.0,niah_multikey_1,199.950336,2.120220672,The special magic number for absent-attacker mentioned in the provided text is,65.536,2120.220672,3051.0,32352.0
0.9056965350972089,32768,0.199950336,0.2,['3561552']," **10**.

This is found in the sentence: ""The special magic number for terrible-sister-in-law is 10.""",128,What is the special magic number for terrible-sister-in-law mentioned in the provided text? ,GB,3051.0,niah_multikey_1,199.950336,2.120286208,The special magic number for terrible-sister-in-law mentioned in the provided text is,65.536,2120.286208,3051.0,32353.0
0.9056848743392377,32768,0.199950336,0.2,['8339797'], **8**.,128,What is the special magic number for hulking-hearing mentioned in the provided text? ,GB,3051.0,niah_multikey_1,199.950336,2.120024064,The special magic number for hulking-hearing mentioned in the provided text is,65.536,2120.024064,3051.0,32349.0
0.9056790428787832,32768,0.199950336,0.2,['3302031']," **1190431**.

It appears in the section titled ""The special magic number for wet-bid is 1190431."" within the text.",128,What is the special magic number for wet-bid mentioned in the provided text? ,GB,3051.0,niah_multikey_1,199.950336,2.119892992,The special magic number for wet-bid mentioned in the provided text is,65.536,2119.892992,3051.0,32347.0
0.9056848743392377,32768,0.199950336,0.2,['2980663']," **6620552**.

This is found in the sentence: ""The special magic number for zany-angel is 6620552.""",128,What is the special magic number for zany-angel mentioned in the provided text? ,GB,3051.0,niah_multikey_1,199.950336,2.120024064,The special magic number for zany-angel mentioned in the provided text is,65.536,2120.024064,3051.0,32349.0
0.9056936201780416,32768,0.199950336,0.2,['2293020']," **6**.

This is found in the sentence: ""For example, wide-eyed-cravat is 6.""",128,What is the special magic number for wide-eyed-cravat mentioned in the provided text? ,GB,3051.0,niah_multikey_1,199.950336,2.120220672,The special magic number for wide-eyed-cravat mentioned in the provided text is,65.536,2120.220672,3051.0,32352.0
0.9056877897990726,32768,0.199950336,0.2,['9536665']," **1738833**.

It appears in the sentence: ""One of the special magic numbers for flagrant-fillet is 1738833.""",128,What is the special magic number for flagrant-fillet mentioned in the provided text? ,GB,3051.0,niah_multikey_1,199.950336,2.1200896,The special magic number for flagrant-fillet mentioned in the provided text is,65.536,2120.0896,3051.0,32350.0
0.9056877897990726,32768,0.199950336,0.2,['6398941']," **639**.

This is found in the sentence: ""The special magic number for few-mandate is 639.""",128,What is the special magic number for few-mandate mentioned in the provided text? ,GB,3051.0,niah_multikey_1,199.950336,2.1200896,The special magic number for few-mandate mentioned in the provided text is,65.536,2120.0896,3051.0,32350.0
0.9056848743392377,32768,0.199950336,0.2,['4744423']," **1**.

This is found in the sentence: ""The first thing I would do, after checking to see if they had a live online demo, was look at their **1**st kind of thing..."" (Note: The text actually says ""The first thing I would do... was look at their **1**st kind of thing"" is not explicitly stated as ""1st kind of thing"" but the number **1** is associated with ""first"" in the context of ""The first thing I would do..."").

Wait, let me re-read the specific sentence in the text provided to be precise.

The text",128,What is the special magic number for early-pronoun mentioned in the provided text? ,GB,3051.0,niah_multikey_1,199.950336,2.120024064,The special magic number for early-pronoun mentioned in the provided text is,65.536,2120.024064,3051.0,32349.0
0.9056907050786683,32768,0.199950336,0.2,['5892153']," **64**.

This is found in the sentence: ""The special magic number for ethereal-ballpark is 64.""",128,What is the special magic number for ethereal-ballpark mentioned in the provided text? ,GB,3051.0,niah_multikey_1,199.950336,2.120155136,The special magic number for ethereal-ballpark mentioned in the provided text is,65.536,2120.155136,3051.0,32351.0
