compression_ratio,context_length,retained_kv_memory_gb,memory_budget,answer,predicted_answer,max_new_tokens,question,memory_budget_unit,token_budget,task,retained_kv_memory_mb,uncompressed_kv_memory_gb,answer_prefix,kv_memory_per_token_kb,uncompressed_kv_memory_mb,retained_context_tokens,context_tokens
0.9056994498361872,32768,0.199950336,0.2,['5521644' '2532210' '1348050' '1674975'],":

*   **Unequaled-atmosphere:** 1644
*   **Adamant-waveform:** 1644
*   **Flagrant-woodshed:** 1644
*   **Smelly-fascia:** 1644

These numbers are derived from the text: ""One of the special magic numbers for unequaled-atmosphere is: 1644. The special magic numbers for adamant-waveform, flagrant-woodshed, and smelly-fascia are also 1644.""",128,"What are all the special magic numbers for unequaled-atmosphere, adamant-waveform, flagrant-woodshed, and smelly-fascia mentioned in the provided text? ",GB,3051.0,niah_multiquery,199.950336,2.120351744,"The special magic numbers for unequaled-atmosphere, adamant-waveform, flagrant-woodshed, and smelly-fascia mentioned in the provided text are",65.536,2120.351744,3051.0,32354.0
0.9056907050786683,32768,0.199950336,0.2,['6386463' '2754894' '7850944' '8885465'],":

*   **inexpensive-altitude:** 10
*   **uncovered-graduation:** 10
*   **juicy-castanet:** 10
*   **callous-sesame:** 10

These numbers are derived from the text's mention of ""10"" in the context of each of these terms.",128,"What are all the special magic numbers for inexpensive-altitude, uncovered-graduation, juicy-castanet, and callous-sesame mentioned in the provided text? ",GB,3051.0,niah_multiquery,199.950336,2.120155136,"The special magic numbers for inexpensive-altitude, uncovered-graduation, juicy-castanet, and callous-sesame mentioned in the provided text are",65.536,2120.155136,3051.0,32351.0
0.9056907050786683,32768,0.199950336,0.2,['2477398' '9633492' '5234550' '2944841'],":

*   **onerous-darkness**: 2944841
*   **melted-paint**: 9633492
*   **hurt-shearling**: 5235550
*   **illustrious-outlaw**: 1070

These numbers are found in the text as follows:
*   ""onerous-darkness"" is associated with the number 2944841 in the sentence: ""The resulting number for onerous-darkness is 2944841.""
*  ",128,"What are all the special magic numbers for onerous-darkness, melted-paint, hurt-shearling, and illustrious-outlaw mentioned in the provided text? ",GB,3051.0,niah_multiquery,199.950336,2.120155136,"The special magic numbers for onerous-darkness, melted-paint, hurt-shearling, and illustrious-outlaw mentioned in the provided text are",65.536,2120.155136,3051.0,32351.0
0.9056790428787832,32768,0.199950336,0.2,['4415140' '3198037' '8416216' '8350368'],":

*   **arrogant-shortage**: 63
*   **graceful-canal**: 10
*   **tall-broadcast**: 100
*   **hard-attempt**: 1000

These numbers are derived from the text's playful association of these terms with specific numerical values, often used as a form of mnemonic or code within the context of the passage.",128,"What are all the special magic numbers for arrogant-shortage, graceful-canal, tall-broadcast, and hard-attempt mentioned in the provided text? ",GB,3051.0,niah_multiquery,199.950336,2.119892992,"The special magic numbers for arrogant-shortage, graceful-canal, tall-broadcast, and hard-attempt mentioned in the provided text are",65.536,2119.892992,3051.0,32347.0
0.9057052787736433,32768,0.199950336,0.2,['4769851' '7844947' '8741810' '1229419'],":

*   **capricious-creme brulee:** 1234567
*   **scintillating-pocketbook:** 2345678
*   **comfortable-deviance:** 3456789
*   **scattered-trench:** 4567890

These numbers are explicitly stated in the text as the ""special magic numbers"" associated with each of these terms.",128,"What are all the special magic numbers for capricious-creme brulee, scintillating-pocketbook, comfortable-deviance, and scattered-trench mentioned in the provided text? ",GB,3051.0,niah_multiquery,199.950336,2.120482816,"The special magic numbers for capricious-creme brulee, scintillating-pocketbook, comfortable-deviance, and scattered-trench mentioned in the provided text are",65.536,2120.482816,3051.0,32356.0
0.9056877897990726,32768,0.199950336,0.2,['4197911' '9526867' '3426689' '8663605'],":

*   **ludicrous-cobbler:** 1
*   **stale-trim:** 2
*   **scientific-in-laws:** 3
*   **fresh-dynasty:** 4

These numbers are derived from the text's references to ""a certain number of people"" (1), ""two main reasons"" (2), ""three cases"" (3), and ""fourth"" (4) in the context of the respective terms.",128,"What are all the special magic numbers for ludicrous-cobbler, stale-trim, scientific-in-laws, and fresh-dynasty mentioned in the provided text? ",GB,3051.0,niah_multiquery,199.950336,2.1200896,"The special magic numbers for ludicrous-cobbler, stale-trim, scientific-in-laws, and fresh-dynasty mentioned in the provided text are",65.536,2120.0896,3051.0,32350.0
0.9056790428787832,32768,0.199950336,0.2,['9125900' '9214801' '8491822' '6008935'],":

*   **Rough-scene:** 9125900
*   **Sour-mechanic:** 9125900
*   **Defective-presentation:** 9125900
*   **Half-part:** 9125900

These numbers are found in the sentence: ""One of the special magic numbers for rough-scene, sour-mechanic, defective-presentation, and half-part is 9125900.""",128,"What are all the special magic numbers for rough-scene, sour-mechanic, defective-presentation, and half-part mentioned in the provided text? ",GB,3051.0,niah_multiquery,199.950336,2.119892992,"The special magic numbers for rough-scene, sour-mechanic, defective-presentation, and half-part mentioned in the provided text are",65.536,2119.892992,3051.0,32347.0
0.9056848743392377,32768,0.199950336,0.2,['5006492' '6338112' '7425184' '7891662'],":

*   **wakeful-crew**: 1
*   **amused-veto**: 2
*   **sleepy-spice**: 3
*   **flipped-out-ranger**: 4

These numbers are found in the ""Notes"" section at the end of the text, where they correspond to the footnotes for the terms ""wakeful-crew"" (Note 1), ""amused-veto"" (Note 2), ""sleepy-spice"" (Note 3), and ""flipped-out-ranger"" (Note 4).",128,"What are all the special magic numbers for wakeful-crew, amused-veto, sleepy-spice, and flipped-out-ranger mentioned in the provided text? ",GB,3051.0,niah_multiquery,199.950336,2.120024064,"The special magic numbers for wakeful-crew, amused-veto, sleepy-spice, and flipped-out-ranger mentioned in the provided text are",65.536,2120.024064,3051.0,32349.0
0.9056907050786683,32768,0.199950336,0.2,['3589751' '3418526' '2672884' '8665981'],":

*   **miscreant-shorts:** 1
*   **absorbed-watercress:** 2
*   **numerous-dwell:** 3
*   **reminiscent-cilantro:** 4

These numbers are derived from the order in which the terms appear in the text, with ""miscreant-shorts"" being the first, ""absorbed-watercress"" the second, ""numerous-dwell"" the third, and ""reminiscent-cilantro"" the fourth.",128,"What are all the special magic numbers for miscreant-shorts, absorbed-watercress, numerous-dwell, and reminiscent-cilantro mentioned in the provided text? ",GB,3051.0,niah_multiquery,199.950336,2.120155136,"The special magic numbers for miscreant-shorts, absorbed-watercress, numerous-dwell, and reminiscent-cilantro mentioned in the provided text are",65.536,2120.155136,3051.0,32351.0
0.9056936201780416,32768,0.199950336,0.2,['6312692' '9186400' '9952696' '1602286'],":

*   **lovely-riverbed:** 6312692
*   **tame-sonnet:** 1000000
*   **uninterested-organising:** 1000000
*   **ruddy-segment:** 1000000

These numbers are derived from the text as follows:
*   **lovely-riverbed:** The text states ""One of the special magic numbers for lovely-riverbed is 6312692.""
*   **tame-sonnet:**",128,"What are all the special magic numbers for lovely-riverbed, tame-sonnet, uninterested-organising, and ruddy-segment mentioned in the provided text? ",GB,3051.0,niah_multiquery,199.950336,2.120220672,"The special magic numbers for lovely-riverbed, tame-sonnet, uninterested-organising, and ruddy-segment mentioned in the provided text are",65.536,2120.220672,3051.0,32352.0
0.9056761268781303,32768,0.199950336,0.2,['6024207' '3791137' '2686231' '1771600'],":

*   **volatile-text:** 1
*   **obedient-inflammation:** 2
*   **cheerful-princess:** 3
*   **adjoining-security:** 4

These numbers are derived from the context of the text, which discusses the concept of ""special magic numbers"" in relation to these specific terms. The text does not provide any other numerical values associated with these terms.",128,"What are all the special magic numbers for volatile-text, obedient-inflammation, cheerful-princess, and adjoining-security mentioned in the provided text? ",GB,3051.0,niah_multiquery,199.950336,2.119827456,"The special magic numbers for volatile-text, obedient-inflammation, cheerful-princess, and adjoining-security mentioned in the provided text are",65.536,2119.827456,3051.0,32346.0
0.9056848743392377,32768,0.199950336,0.2,['4020853' '7913081' '7418028' '3937176'],":

*   **shy-motorboat:** 1, 2, 3, 4, 5, 6, 7, 8, 9, 10
*   **righteous-offense:** 1, 2, 3, 4, 5, 6, 7, 8, 9, 10
*   **boundless-osprey:** 1, 2, 3, 4, 5, 6, 7, 8, 9, 10
*   **doubtful",128,"What are all the special magic numbers for shy-motorboat, righteous-offense, boundless-osprey, and doubtful-cap mentioned in the provided text? ",GB,3051.0,niah_multiquery,199.950336,2.120024064,"The special magic numbers for shy-motorboat, righteous-offense, boundless-osprey, and doubtful-cap mentioned in the provided text are",65.536,2120.024064,3051.0,32349.0
0.9056907050786683,32768,0.199950336,0.2,['5825658' '3650391' '1157662' '5283671'],":

*   **overt-captain:** 5825658
*   **upbeat-pasta:** 5825658
*   **unadvised-exile:** 5825658
*   **ossified-breakdown:** 5825658

All four terms share the same number, **5825658**, which appears in the text as a ""special magic number"" associated with each of them.",128,"What are all the special magic numbers for overt-captain, upbeat-pasta, unadvised-exile, and ossified-breakdown mentioned in the provided text? ",GB,3051.0,niah_multiquery,199.950336,2.120155136,"The special magic numbers for overt-captain, upbeat-pasta, unadvised-exile, and ossified-breakdown mentioned in the provided text are",65.536,2120.155136,3051.0,32351.0
0.9056848743392377,32768,0.199950336,0.2,['7398231' '7454081' '6068760' '2789344'],":

*   **foolish-crocodile:** 100
*   **erect-director:** 100
*   **optimal-razor:** 100
*   **plastic-exile:** 100

These numbers are derived from the text's statement: ""The special magic numbers for foolish-crocodile, erect-director, optimal-razor, and plastic-exile are all 100.""",128,"What are all the special magic numbers for foolish-crocodile, erect-director, optimal-razor, and plastic-exile mentioned in the provided text? ",GB,3051.0,niah_multiquery,199.950336,2.120024064,"The special magic numbers for foolish-crocodile, erect-director, optimal-razor, and plastic-exile mentioned in the provided text are",65.536,2120.024064,3051.0,32349.0
0.9056936201780416,32768,0.199950336,0.2,['9333700' '4860745' '6910964' '4189885'],":

*   **stingy-osprey:** 100
*   **handsomely-secretary:** 100
*   **stormy-hometown:** 100
*   **fast-realm:** 100

These numbers are derived from the text ""The prototypical rich man of the nineteenth century made a fortune of 100 million dollars."" The number 100 is the only number mentioned in the text that could be considered a ""special magic number"" for these terms.",128,"What are all the special magic numbers for stingy-osprey, handsomely-secretary, stormy-hometown, and fast-realm mentioned in the provided text? ",GB,3051.0,niah_multiquery,199.950336,2.120220672,"The special magic numbers for stingy-osprey, handsomely-secretary, stormy-hometown, and fast-realm mentioned in the provided text are",65.536,2120.220672,3051.0,32352.0
0.9056848743392377,32768,0.199950336,0.2,['5951131' '7970985' '3204724' '7121355'],":

*   **cagey-headphones:** 1
*   **impartial-swimming:** 2
*   **yummy-establishment:** 3
*   **sneaky-identification:** 4

These numbers are derived from the text's references to ""Notes[1]"", ""Notes[2]"", ""Notes[3]"", and ""Notes[4]"" which correspond to the respective terms in the order they appear in the text.",128,"What are all the special magic numbers for cagey-headphones, impartial-swimming, yummy-establishment, and sneaky-identification mentioned in the provided text? ",GB,3051.0,niah_multiquery,199.950336,2.120024064,"The special magic numbers for cagey-headphones, impartial-swimming, yummy-establishment, and sneaky-identification mentioned in the provided text are",65.536,2120.024064,3051.0,32349.0
0.9056848743392377,32768,0.199950336,0.2,['9084065' '6682698' '3361510' '8857296'],":

*   **Giant-pick:** 1
*   **Hellish-stab:** 2
*   **Boiling-bill:** 3
*   **Condemned-friendship:** 4

These numbers are derived from the footnotes in the text, which correspond to the terms mentioned in the main body of the text.",128,"What are all the special magic numbers for giant-pick, hellish-stab, boiling-bill, and condemned-friendship mentioned in the provided text? ",GB,3051.0,niah_multiquery,199.950336,2.120024064,"The special magic numbers for giant-pick, hellish-stab, boiling-bill, and condemned-friendship mentioned in the provided text are",65.536,2120.024064,3051.0,32349.0
0.9056936201780416,32768,0.199950336,0.2,['3073474' '5398338' '7183841' '7392547'],":

*   **roomy-dynamo:** 1
*   **unequaled-reasoning:** 2
*   **onerous-component:** 3
*   **somber-operation:** 4

These numbers are derived from the text's references to ""Notes[1]"", ""Notes[2]"", ""Notes[3]"", and ""Notes[4]"" which correspond to the respective terms.",128,"What are all the special magic numbers for roomy-dynamo, unequaled-reasoning, onerous-component, and somber-operation mentioned in the provided text? ",GB,3051.0,niah_multiquery,199.950336,2.120220672,"The special magic numbers for roomy-dynamo, unequaled-reasoning, onerous-component, and somber-operation mentioned in the provided text are",65.536,2120.220672,3051.0,32352.0
0.9056936201780416,32768,0.199950336,0.2,['7850067' '2060605' '6069909' '8789116'],":

*   **tight-miracle**: 6
*   **threatening-oats**: 5
*   **warm-pelican**: 4
*   **teeny-tiny-memo**: 3

These numbers are derived from the text's description of the ""special magic numbers"" for each of these terms.",128,"What are all the special magic numbers for tight-miracle, threatening-oats, warm-pelican, and teeny-tiny-memo mentioned in the provided text? ",GB,3051.0,niah_multiquery,199.950336,2.120220672,"The special magic numbers for tight-miracle, threatening-oats, warm-pelican, and teeny-tiny-memo mentioned in the provided text are",65.536,2120.220672,3051.0,32352.0
0.9056877897990726,32768,0.199950336,0.2,['3592464' '8610879' '3276065' '8031780'],":

*   **sparkling-astrolabe:** 3592464
*   **macho-hive:** 3276069
*   **rotten-lace:** 3276069
*   **likeable-paper:** 3276069

Note: The text only explicitly mentions the number for sparkling-astrolabe (3592464). The numbers for macho-hive, rotten-lace, and likeable-paper are not provided in the text. The numbers 3276069",128,"What are all the special magic numbers for sparkling-astrolabe, macho-hive, rotten-lace, and likeable-paper mentioned in the provided text? ",GB,3051.0,niah_multiquery,199.950336,2.1200896,"The special magic numbers for sparkling-astrolabe, macho-hive, rotten-lace, and likeable-paper mentioned in the provided text are",65.536,2120.0896,3051.0,32350.0
0.9056877897990726,32768,0.199950336,0.2,['2666893' '8438733' '7162857' '4961312'],":

*   **laughable-feedback:** 63
*   **fantastic-moustache:** 10
*   **various-opportunist:** 100
*   **obeisant-radish:** 1000

These numbers are found in the text as follows:
*   ""laughable-feedback"" is associated with the number 63 in the sentence: ""The number of laughable-feedback is 63.""
*   ""fantastic-moustache"" is associated with the number 10 in the sentence: ""The number of fantastic-moustache",128,"What are all the special magic numbers for laughable-feedback, fantastic-moustache, various-opportunist, and obeisant-radish mentioned in the provided text? ",GB,3051.0,niah_multiquery,199.950336,2.1200896,"The special magic numbers for laughable-feedback, fantastic-moustache, various-opportunist, and obeisant-radish mentioned in the provided text are",65.536,2120.0896,3051.0,32350.0
0.9056819586991468,32768,0.199950336,0.2,['1358318' '6595355' '4558545' '3112652'],":

*   **testy-derivative**: 1358318
*   **aromatic-logo**: 1358318
*   **calm-executive**: 1358318
*   **fresh-boar**: 1358318

All four terms are associated with the same number, **1358318**, which appears in the text as a ""special magic number"" in the context of a hypothetical scenario involving these terms.",128,"What are all the special magic numbers for testy-derivative, aromatic-logo, calm-executive, and fresh-boar mentioned in the provided text? ",GB,3051.0,niah_multiquery,199.950336,2.119958528,"The special magic numbers for testy-derivative, aromatic-logo, calm-executive, and fresh-boar mentioned in the provided text are",65.536,2119.958528,3051.0,32348.0
0.9056819586991468,32768,0.199950336,0.2,['3475548' '1047572' '5205279' '3427461'],":

*   **imported-chemistry:** 3427461
*   **square-reduction:** 3427461
*   **curly-prince:** 3427461
*   **grumpy-roommate:** 3427461

All four terms share the same number, **3427461**, which appears in the text as a ""magic number"" associated with each of these specific identifiers.",128,"What are all the special magic numbers for imported-chemistry, square-reduction, curly-prince, and grumpy-roommate mentioned in the provided text? ",GB,3051.0,niah_multiquery,199.950336,2.119958528,"The special magic numbers for imported-chemistry, square-reduction, curly-prince, and grumpy-roommate mentioned in the provided text are",65.536,2119.958528,3051.0,32348.0
0.9056819586991468,32768,0.199950336,0.2,['3923366' '1879109' '2906718' '8062546'],":

*   **absorbing-lemur:** 107
*   **goofy-approach:** 108
*   **reminiscent-extension:** 109
*   **cruel-probe:** 110

These numbers are found in the text as follows:
*   ""absorbing-lemur"" is mentioned in the context of ""107"" (e.g., ""107"" appears in the text near the mention of ""absorbing-lemur"").
*   ""goofy-approach""",128,"What are all the special magic numbers for absorbing-lemur, goofy-approach, reminiscent-extension, and cruel-probe mentioned in the provided text? ",GB,3051.0,niah_multiquery,199.950336,2.119958528,"The special magic numbers for absorbing-lemur, goofy-approach, reminiscent-extension, and cruel-probe mentioned in the provided text are",65.536,2119.958528,3051.0,32348.0
0.9056848743392377,32768,0.199950336,0.2,['9035982' '9748499' '1522621' '8684678'],":

*   **bad-comportment:** 63
*   **wrong-wraparound:** 100
*   **therapeutic-doctrine:** 1000
*   **hissing-submarine:** 10000

These numbers are derived from the text's references to ""a couple of reasons"" (63), ""a certain number of people"" (100), ""a certain number of people"" (1000), and ""a certain number of people"" (10000).",128,"What are all the special magic numbers for bad-comportment, wrong-wraparound, therapeutic-doctrine, and hissing-submarine mentioned in the provided text? ",GB,3051.0,niah_multiquery,199.950336,2.120024064,"The special magic numbers for bad-comportment, wrong-wraparound, therapeutic-doctrine, and hissing-submarine mentioned in the provided text are",65.536,2120.024064,3051.0,32349.0
0.9056819586991468,32768,0.199950336,0.2,['9901266' '3488628' '6455706' '3117143'],":

*   **loving-string:** 6455706
*   **straight-veto:** 6455706
*   **grouchy-wagon:** 6455706
*   **berserk-conductor:** 6455706

All four terms are associated with the same number, **6455706**, which appears in the text as a ""special magic number"" for each of them.",128,"What are all the special magic numbers for loving-string, straight-veto, grouchy-wagon, and berserk-conductor mentioned in the provided text? ",GB,3051.0,niah_multiquery,199.950336,2.119958528,"The special magic numbers for loving-string, straight-veto, grouchy-wagon, and berserk-conductor mentioned in the provided text are",65.536,2119.958528,3051.0,32348.0
0.9056877897990726,32768,0.199950336,0.2,['8608449' '8575834' '7942639' '7979148'],":

*   **invincible-webpage**: 10
*   **new-passbook**: 1
*   **flagrant-incision**: 2
*   **marked-tentacle**: 3

These numbers are derived from the text's references to ""invincible-webpage"" (10), ""new-passbook"" (1), ""flagrant-incision"" (2), and ""marked-tentacle"" (3) in the context of the ""special magic numbers"" mentioned in the text.",128,"What are all the special magic numbers for invincible-webpage, new-passbook, flagrant-incision, and marked-tentacle mentioned in the provided text? ",GB,3051.0,niah_multiquery,199.950336,2.1200896,"The special magic numbers for invincible-webpage, new-passbook, flagrant-incision, and marked-tentacle mentioned in the provided text are",65.536,2120.0896,3051.0,32350.0
0.9056907050786683,32768,0.199950336,0.2,['2006313' '8245685' '7251976' '2432176'],":

*   **Curly-staff:** 2006313
*   **Capricious-delay:** 2006313
*   **Changeable-frock:** 2006313
*   **Callous-sandpaper:** 2006313

These numbers are found in the text as part of a list of ""special magic numbers"" associated with various terms.",128,"What are all the special magic numbers for curly-staff, capricious-delay, changeable-frock, and callous-sandpaper mentioned in the provided text? ",GB,3051.0,niah_multiquery,199.950336,2.120155136,"The special magic numbers for curly-staff, capricious-delay, changeable-frock, and callous-sandpaper mentioned in the provided text are",65.536,2120.155136,3051.0,32351.0
0.9056965350972089,32768,0.199950336,0.2,['9512969' '6242022' '2738129' '3595941'],":

*   **smoggy-grip:** 10
*   **happy-metallurgist:** 10
*   **kaput-printer:** 10
*   **fair-whistle:** 10

These numbers are derived from the text's mention of ""the special magic numbers for smoggy-grip, happy-metallurgist, kaput-printer, and fair-whistle"" being ""10"" in the context of the provided text.",128,"What are all the special magic numbers for smoggy-grip, happy-metallurgist, kaput-printer, and fair-whistle mentioned in the provided text? ",GB,3051.0,niah_multiquery,199.950336,2.120286208,"The special magic numbers for smoggy-grip, happy-metallurgist, kaput-printer, and fair-whistle mentioned in the provided text are",65.536,2120.286208,3051.0,32353.0
0.9056848743392377,32768,0.199950336,0.2,['5487028' '4026879' '6183902' '1440466'],":

*   **Strange-smuggling:** 1440466
*   **Adjoining-set:** 1440466
*   **Groovy-similarity:** 1440466
*   **Nervous-impropriety:** 1440466

These numbers are all the same, as they are part of a sequence of ""magic numbers"" that are often used in computer science and mathematics to represent specific values or constants. In this case, the number 1440466 is a magic number that is used to",128,"What are all the special magic numbers for strange-smuggling, adjoining-set, groovy-similarity, and nervous-impropriety mentioned in the provided text? ",GB,3051.0,niah_multiquery,199.950336,2.120024064,"The special magic numbers for strange-smuggling, adjoining-set, groovy-similarity, and nervous-impropriety mentioned in the provided text are",65.536,2120.024064,3051.0,32349.0
0.9056848743392377,32768,0.199950336,0.2,['7311494' '8610913' '1514340' '9900022'],":

*   **famous-uncle**: 1070
*   **mute-wild**: 63
*   **deadpan-gel**: 1000
*   **calm-high-rise**: 1000

These numbers are derived from the following sentences in the text:
*   ""famous-uncle"" is associated with the number 1070 in the sentence: ""famous-uncle is 1070.""
*   ""mute-wild"" is associated with the number 63 in the sentence: ""mute-w",128,"What are all the special magic numbers for famous-uncle, mute-wild, deadpan-gel, and calm-high-rise mentioned in the provided text? ",GB,3051.0,niah_multiquery,199.950336,2.120024064,"The special magic numbers for famous-uncle, mute-wild, deadpan-gel, and calm-high-rise mentioned in the provided text are",65.536,2120.024064,3051.0,32349.0
0.9056907050786683,32768,0.199950336,0.2,['8434202' '1834876' '3640899' '2368710'],":

*   **grieving-fortress:** 1070
*   **swanky-revolution:** 1070
*   **determined-excerpt:** 1070
*   **uninterested-cashier:** 1070

These numbers are all the same because they are all derived from the same source text, which mentions the number 1070 in the context of the ""grieving-fortress"" (which is a reference to the number of people who died in the 1070s). The other three numbers are simply variations of the",128,"What are all the special magic numbers for grieving-fortress, swanky-revolution, determined-excerpt, and uninterested-cashier mentioned in the provided text? ",GB,3051.0,niah_multiquery,199.950336,2.120155136,"The special magic numbers for grieving-fortress, swanky-revolution, determined-excerpt, and uninterested-cashier mentioned in the provided text are",65.536,2120.155136,3051.0,32351.0
0.9056936201780416,32768,0.199950336,0.2,['8212753' '6174418' '9164342' '5752087'],":

*   **jobless-prevalence:** 6174418
*   **repulsive-garden:** 6174418
*   **uppity-glucose:** 6174418
*   **colorful-belfry:** 6174418

All four terms are associated with the same number, **6174418**, which appears in the text as a ""special magic number"" in the context of a discussion about jobless-prevalence. The other terms (repulsive-garden, uppity-gl",128,"What are all the special magic numbers for jobless-prevalence, repulsive-garden, uppity-glucose, and colorful-belfry mentioned in the provided text? ",GB,3051.0,niah_multiquery,199.950336,2.120220672,"The special magic numbers for jobless-prevalence, repulsive-garden, uppity-glucose, and colorful-belfry mentioned in the provided text are",65.536,2120.220672,3051.0,32352.0
0.9056965350972089,32768,0.199950336,0.2,['5856117' '3013003' '9344741' '3302417'],":

*   **gaudy-subcontractor:** 3302417
*   **important-opponent:** 3302417
*   **ablaze-mercury:** 3302417
*   **faint-cabana:** 3302417

All four terms are associated with the same number, **3302417**, which appears in the text as a ""special magic number"" for each of these phrases.",128,"What are all the special magic numbers for gaudy-subcontractor, important-opponent, ablaze-mercury, and faint-cabana mentioned in the provided text? ",GB,3051.0,niah_multiquery,199.950336,2.120286208,"The special magic numbers for gaudy-subcontractor, important-opponent, ablaze-mercury, and faint-cabana mentioned in the provided text are",65.536,2120.286208,3051.0,32353.0
0.9056848743392377,32768,0.199950336,0.2,['1709714' '1314430' '8202195' '2306317'],":

*   **maniacal-stalk:** 63
*   **nostalgic-danger:** 13
*   **hungry-yam:** 14
*   **ossified-fact:** 16

These numbers are derived from the text as follows:
*   ""maniacal-stalk"" is associated with the number 63, which is mentioned in the context of ""First Round Capital"" (a play on ""First Round"" and ""63"").
*   ""nostalgic-danger"" is associated with the number 13, which is mentioned in the",128,"What are all the special magic numbers for maniacal-stalk, nostalgic-danger, hungry-yam, and ossified-fact mentioned in the provided text? ",GB,3051.0,niah_multiquery,199.950336,2.120024064,"The special magic numbers for maniacal-stalk, nostalgic-danger, hungry-yam, and ossified-fact mentioned in the provided text are",65.536,2120.024064,3051.0,32349.0
0.9056907050786683,32768,0.199950336,0.2,['8719145' '7070880' '8326807' '5082173'],":

*   **draconian-innocent**: 1
*   **versed-interpreter**: 2
*   **bumpy-university**: 3
*   **clear-subgroup**: 4

These numbers are found in the text as follows:
*   ""draconian-innocent"" is associated with the number 1 in the sentence: ""The first thing I would do, after checking to see if they had a live online demo, was look at their **1**st thing.""
*   ""versed-interpreter"" is associated with the number 2 in the sentence: """,128,"What are all the special magic numbers for draconian-innocent, versed-interpreter, bumpy-university, and clear-subgroup mentioned in the provided text? ",GB,3051.0,niah_multiquery,199.950336,2.120155136,"The special magic numbers for draconian-innocent, versed-interpreter, bumpy-university, and clear-subgroup mentioned in the provided text are",65.536,2120.155136,3051.0,32351.0
0.9056877897990726,32768,0.199950336,0.2,['6587964' '9555575' '2281433' '2913049'],":

*   **fearless-textual:** 6587964
*   **rich-toot:** 9555575
*   **divergent-spotlight:** 2281433
*   **quizzical-ark:** 2913049",128,"What are all the special magic numbers for fearless-textual, rich-toot, divergent-spotlight, and quizzical-ark mentioned in the provided text? ",GB,3051.0,niah_multiquery,199.950336,2.1200896,"The special magic numbers for fearless-textual, rich-toot, divergent-spotlight, and quizzical-ark mentioned in the provided text are",65.536,2120.0896,3051.0,32350.0
0.9056877897990726,32768,0.199950336,0.2,['8531380' '3564729' '2264218' '9289908'],":

*   **overjoyed-locomotive**: 1, 2, 3, 4, 5, 6, 7, 8, 9, 10
*   **drunk-inversion**: 11, 12, 13, 14, 15, 16, 17, 18, 19, 20
*   **towering-essential**: 21, 22, 23, 24, 25, 26, 27, ",128,"What are all the special magic numbers for overjoyed-locomotive, drunk-inversion, towering-essential, and dynamic-wifi mentioned in the provided text? ",GB,3051.0,niah_multiquery,199.950336,2.1200896,"The special magic numbers for overjoyed-locomotive, drunk-inversion, towering-essential, and dynamic-wifi mentioned in the provided text are",65.536,2120.0896,3051.0,32350.0
0.9056907050786683,32768,0.199950336,0.2,['9511700' '1942411' '6080483' '6207779'],":

*   **kind-backup**: 1942411
*   **grouchy-marble**: 1942411
*   **tasteless-labourer**: 1942411
*   **blue-quart**: 1942411

These numbers are found in the sentence: ""One of the special magic numbers for kind-backup is 1942411. One of the special magic numbers for grouchy-marble is 1942411. One of the special magic numbers",128,"What are all the special magic numbers for kind-backup, grouchy-marble, tasteless-labourer, and blue-quart mentioned in the provided text? ",GB,3051.0,niah_multiquery,199.950336,2.120155136,"The special magic numbers for kind-backup, grouchy-marble, tasteless-labourer, and blue-quart mentioned in the provided text are",65.536,2120.155136,3051.0,32351.0
0.9056907050786683,32768,0.199950336,0.2,['8763013' '9507186' '4158134' '1688246'],":

*   **lush-drawer**: 1688246
*   **sulky-depressive**: 1688246
*   **obtainable-usage**: 1688246
*   **snobbish-genius**: 1688246

All four terms are associated with the same number, **1688246**, which appears in the text as a ""special magic number"" in the context of the ""snobbish-genius"" example and is implied to be the same for the other terms due to",128,"What are all the special magic numbers for lush-drawer, sulky-depressive, obtainable-usage, and snobbish-genius mentioned in the provided text? ",GB,3051.0,niah_multiquery,199.950336,2.120155136,"The special magic numbers for lush-drawer, sulky-depressive, obtainable-usage, and snobbish-genius mentioned in the provided text are",65.536,2120.155136,3051.0,32351.0
0.9056790428787832,32768,0.199950336,0.2,['5156449' '3895058' '8344365' '2414808'],":

- **Alluring-glacier**: 10
- **Quack-public**: 20
- **Wee-relish**: 30
- **Jealous-mask**: 40

These numbers are derived from the context of the text, where each term is associated with a specific numerical value.",128,"What are all the special magic numbers for alluring-glacier, quack-public, wee-relish, and jealous-mask mentioned in the provided text? ",GB,3051.0,niah_multiquery,199.950336,2.119892992,"The special magic numbers for alluring-glacier, quack-public, wee-relish, and jealous-mask mentioned in the provided text are",65.536,2119.892992,3051.0,32347.0
0.9056907050786683,32768,0.199950336,0.2,['6614484' '6531293' '6676858' '1878547'],":

*   **Tasteful-switching:** 661484
*   **Berserk-jalapeño:** 6531293
*   **Minor-employee:** 661484
*   **Upset-cub:** 661484

These numbers are found in the text as follows:
*   ""One of the special magic numbers for tasteful-switching is: 661484.""
*   ""One of the special magic numbers for berserk-jalapeño is: 653",128,"What are all the special magic numbers for tasteful-switching, berserk-jalapeño, minor-employee, and upset-cub mentioned in the provided text? ",GB,3051.0,niah_multiquery,199.950336,2.120155136,"The special magic numbers for tasteful-switching, berserk-jalapeño, minor-employee, and upset-cub mentioned in the provided text are",65.536,2120.155136,3051.0,32351.0
0.9056877897990726,32768,0.199950336,0.2,['6204824' '7575963' '3372774' '2421349'],":

*   **Jumpy-horst:** 6204824
*   **Towering-worth:** 1070
*   **Brave-rheumatism:** 100
*   **Curious-guilt:** 1000

These numbers are derived from the following sentences in the text:

*   ""One of the special magic numbers for jumpy-horst is 6204824.""
*   ""One of the special magic numbers for towering-worth is 1070.""
*   ""One of the special",128,"What are all the special magic numbers for jumpy-horst, towering-worth, brave-rheumatism, and curious-guilt mentioned in the provided text? ",GB,3051.0,niah_multiquery,199.950336,2.1200896,"The special magic numbers for jumpy-horst, towering-worth, brave-rheumatism, and curious-guilt mentioned in the provided text are",65.536,2120.0896,3051.0,32350.0
0.9056877897990726,32768,0.199950336,0.2,['7083379' '7070468' '6733317' '4024309'],":

*   **abundant-mallard**: 100
*   **quickest-month**: 200
*   **fallacious-scotch**: 300
*   **hot-sister-in-law**: 400

These numbers are derived from the text's context, where they are used as examples of ""special magic numbers"" associated with specific terms. The text does not provide explicit numerical values for these terms, but rather uses them as placeholders or examples within the narrative. The numbers 100, 200, 300, and 40",128,"What are all the special magic numbers for abundant-mallard, quickest-month, fallacious-scotch, and hot-sister-in-law mentioned in the provided text? ",GB,3051.0,niah_multiquery,199.950336,2.1200896,"The special magic numbers for abundant-mallard, quickest-month, fallacious-scotch, and hot-sister-in-law mentioned in the provided text are",65.536,2120.0896,3051.0,32350.0
0.9056877897990726,32768,0.199950336,0.2,['6649968' '3198638' '7320310' '9833734'],":

*   **alive-pine:** 100
*   **swanky-woodshed:** 200
*   **squeamish-eaves:** 300
*   **quick-native:** 400",128,"What are all the special magic numbers for alive-pine, swanky-woodshed, squeamish-eaves, and quick-native mentioned in the provided text? ",GB,3051.0,niah_multiquery,199.950336,2.1200896,"The special magic numbers for alive-pine, swanky-woodshed, squeamish-eaves, and quick-native mentioned in the provided text are",65.536,2120.0896,3051.0,32350.0
0.9056819586991468,32768,0.199950336,0.2,['4985095' '4925917' '5780297' '7111929'],":

*   **unusual-boolean**: 100
*   **obsolete-variable**: 1000
*   **obeisant-bracket**: 10000
*   **misty-taste**: 100000

These numbers are derived from the text's description of the ""special magic numbers"" for each of these terms.",128,"What are all the special magic numbers for unusual-boolean, obsolete-variable, obeisant-bracket, and misty-taste mentioned in the provided text? ",GB,3051.0,niah_multiquery,199.950336,2.119958528,"The special magic numbers for unusual-boolean, obsolete-variable, obeisant-bracket, and misty-taste mentioned in the provided text are",65.536,2119.958528,3051.0,32348.0
0.9056877897990726,32768,0.199950336,0.2,['7406756' '3718884' '3321942' '9849306'],":

*   **habitual-espadrille**: 7406756
*   **mushy-mailman**: 100
*   **erect-stream**: 1000
*   **purring-pole**: 1000000

These numbers are found in the text as follows:
*   ""One of the special magic numbers for **habitual-espadrille** is: **7406756**.""
*   ""One of the special magic numbers for **mushy-mailman** is: **1",128,"What are all the special magic numbers for habitual-espadrille, mushy-mailman, erect-stream, and purring-pole mentioned in the provided text? ",GB,3051.0,niah_multiquery,199.950336,2.1200896,"The special magic numbers for habitual-espadrille, mushy-mailman, erect-stream, and purring-pole mentioned in the provided text are",65.536,2120.0896,3051.0,32350.0
0.9056877897990726,32768,0.199950336,0.2,['2538698' '3689594' '8538325' '3472100'],":

*   **nosy-sensitivity:** 2538698
*   **breezy-pouch:** 3689594
*   **groovy-coupon:** 3689594
*   **ragged-navigation:** 3689594

Note: The text only explicitly mentions the number for ""ragged-navigation"" (3689594) and ""nosy-sensitivity"" (2538698). The numbers for ""breezy-pouch"" and ""groovy-coupon"" are",128,"What are all the special magic numbers for nosy-sensitivity, breezy-pouch, groovy-coupon, and ragged-navigation mentioned in the provided text? ",GB,3051.0,niah_multiquery,199.950336,2.1200896,"The special magic numbers for nosy-sensitivity, breezy-pouch, groovy-coupon, and ragged-navigation mentioned in the provided text are",65.536,2120.0896,3051.0,32350.0
0.9056936201780416,32768,0.199950336,0.2,['1472908' '7289990' '7478792' '2662338'],":

*   **few-miscarriage:** 1472908
*   **brave-sweatsuit:** 1472908
*   **fluttering-infrastructure:** 1472908
*   **icky-validate:** 1472908

All four terms are associated with the same number, **1472908**, which appears in the text as a ""special magic number"" for each of them.",128,"What are all the special magic numbers for few-miscarriage, brave-sweatsuit, fluttering-infrastructure, and icky-validate mentioned in the provided text? ",GB,3051.0,niah_multiquery,199.950336,2.120220672,"The special magic numbers for few-miscarriage, brave-sweatsuit, fluttering-infrastructure, and icky-validate mentioned in the provided text are",65.536,2120.220672,3051.0,32352.0
0.9056848743392377,32768,0.199950336,0.2,['4618086' '1088100' '9854536' '1318832'],":

*   **gentle-fortune:** 1318832
*   **obsolete-marten:** 1088100
*   **defiant-spandex:** 1088100
*   **boundless-turret:** 1318832

These numbers are found in the text as follows:
- ""One of the special magic numbers for gentle-fortune is: 1318832.""
- ""One of the special magic numbers for obsolete-marten is: 1088100",128,"What are all the special magic numbers for gentle-fortune, obsolete-marten, defiant-spandex, and boundless-turret mentioned in the provided text? ",GB,3051.0,niah_multiquery,199.950336,2.120024064,"The special magic numbers for gentle-fortune, obsolete-marten, defiant-spandex, and boundless-turret mentioned in the provided text are",65.536,2120.024064,3051.0,32349.0
0.9056877897990726,32768,0.199950336,0.2,['9646569' '8669093' '2859886' '9993490'],":

*   **abstracted-establishment**: 1
*   **mute-wave**: 2
*   **bashful-pathogenesis**: 3
*   **puffy-sunlight**: 4

These numbers are derived from the text's references to ""abstracted-establishment"" (1), ""mute-wave"" (2), ""bashful-pathogenesis"" (3), and ""puffy-sunlight"" (4) in the context of the ""special magic numbers"" mentioned in the text.",128,"What are all the special magic numbers for abstracted-establishment, mute-wave, bashful-pathogenesis, and puffy-sunlight mentioned in the provided text? ",GB,3051.0,niah_multiquery,199.950336,2.1200896,"The special magic numbers for abstracted-establishment, mute-wave, bashful-pathogenesis, and puffy-sunlight mentioned in the provided text are",65.536,2120.0896,3051.0,32350.0
0.9056907050786683,32768,0.199950336,0.2,['9825812' '2436363' '7988844' '7049927'],":

*   **bewildered-pinkie:** 1
*   **elderly-meat:** 2
*   **skinny-hoof:** 3
*   **redundant-buffet:** 4

These numbers are derived from the text's description of the ""special magic numbers"" for each of these terms.",128,"What are all the special magic numbers for bewildered-pinkie, elderly-meat, skinny-hoof, and redundant-buffet mentioned in the provided text? ",GB,3051.0,niah_multiquery,199.950336,2.120155136,"The special magic numbers for bewildered-pinkie, elderly-meat, skinny-hoof, and redundant-buffet mentioned in the provided text are",65.536,2120.155136,3051.0,32351.0
0.9056877897990726,32768,0.199950336,0.2,['6784825' '2739191' '6991041' '5255545'],":

*   **bewildered-lime:** 6784825
*   **frail-bathtub:** 2739191
*   **abstracted-belief:** 1041041
*   **lively-inn:** 1041041

These numbers are found in the text as follows:
*   ""One of the special magic numbers for bewildered-lime is 6784825.""
*   ""One of the special magic numbers for frail-bathtub is 2739",128,"What are all the special magic numbers for bewildered-lime, frail-bathtub, abstracted-belief, and lively-inn mentioned in the provided text? ",GB,3051.0,niah_multiquery,199.950336,2.1200896,"The special magic numbers for bewildered-lime, frail-bathtub, abstracted-belief, and lively-inn mentioned in the provided text are",65.536,2120.0896,3051.0,32350.0
0.9056848743392377,32768,0.199950336,0.2,['8795078' '2058651' '4058117' '9028420'],":

*   **vague-gear:** 404
*   **damaged-property:** 500
*   **tasteless-trinket:** 403
*   **vulgar-orchestra:** 401

These numbers are typically associated with HTTP status codes, which are often used as ""magic numbers"" in programming and web development contexts. The text you provided does not explicitly state these numbers, but they are commonly known in the field.",128,"What are all the special magic numbers for vague-gear, damaged-property, tasteless-trinket, and vulgar-orchestra mentioned in the provided text? ",GB,3051.0,niah_multiquery,199.950336,2.120024064,"The special magic numbers for vague-gear, damaged-property, tasteless-trinket, and vulgar-orchestra mentioned in the provided text are",65.536,2120.024064,3051.0,32349.0
0.9056848743392377,32768,0.199950336,0.2,['1614394' '9646701' '8942330' '4206183'],":

*   **gaping-cat**: 1614394
*   **hulking-emergency**: 1614394
*   **marked-disposal**: 1614394
*   **thoughtless-polarization**: 1614394

All four terms are associated with the same number, **1614394**, which appears in the text as a ""special magic number"" in the context of a hypothetical scenario involving these terms.",128,"What are all the special magic numbers for gaping-cat, hulking-emergency, marked-disposal, and thoughtless-polarization mentioned in the provided text? ",GB,3051.0,niah_multiquery,199.950336,2.120024064,"The special magic numbers for gaping-cat, hulking-emergency, marked-disposal, and thoughtless-polarization mentioned in the provided text are",65.536,2120.024064,3051.0,32349.0
0.9056936201780416,32768,0.199950336,0.2,['9347057' '8377556' '6688090' '9324908'],":

*   **vivacious-lever**: 1
*   **materialistic-knee**: 2
*   **lying-vicinity**: 3
*   **elated-tuxedo**: 4

These numbers are derived from the text's use of ""vivacious-lever"" as a metaphor for the first point, ""materialistic-knee"" for the second, ""lying-vicinity"" for the third, and ""elated-tuxedo"" for the fourth.",128,"What are all the special magic numbers for vivacious-lever, materialistic-knee, lying-vicinity, and elated-tuxedo mentioned in the provided text? ",GB,3051.0,niah_multiquery,199.950336,2.120220672,"The special magic numbers for vivacious-lever, materialistic-knee, lying-vicinity, and elated-tuxedo mentioned in the provided text are",65.536,2120.220672,3051.0,32352.0
0.9056877897990726,32768,0.199950336,0.2,['2721307' '6501583' '5960015' '5928582'],":

*   **ill-bassinet:** 6501583
*   **brainy-whale:** 6501583
*   **typical-accordance:** 6501583
*   **salty-economy:** 6501583

These numbers are found in the text as part of a sentence that reads: ""One of the special magic numbers for ill-bassinet is 6501583. In fact, so unconsciously that you don't even realize it's a special magic number for brain",128,"What are all the special magic numbers for ill-bassinet, brainy-whale, typical-accordance, and salty-economy mentioned in the provided text? ",GB,3051.0,niah_multiquery,199.950336,2.1200896,"The special magic numbers for ill-bassinet, brainy-whale, typical-accordance, and salty-economy mentioned in the provided text are",65.536,2120.0896,3051.0,32350.0
0.9056877897990726,32768,0.199950336,0.2,['6914963' '1710601' '8297090' '1962308'],":

*   **wrong-initialise**: 1962308
*   **obsequious-realm**: 1710601
*   **sulky-back**: 1962308
*   **grouchy-gram**: 1962308

These numbers are found in the text as follows:
*   ""wrong-initialise"" is associated with the number 1962308 in the sentence: ""The version on the App Store feels like a wrong-initialise (1962308)...""",128,"What are all the special magic numbers for wrong-initialise, obsequious-realm, sulky-back, and grouchy-gram mentioned in the provided text? ",GB,3051.0,niah_multiquery,199.950336,2.1200896,"The special magic numbers for wrong-initialise, obsequious-realm, sulky-back, and grouchy-gram mentioned in the provided text are",65.536,2120.0896,3051.0,32350.0
0.9056848743392377,32768,0.199950336,0.2,['7423230' '4959345' '7145971' '3117788'],":

*   **late-pomelo:** 1
*   **bewildered-bucket:** 2
*   **thirsty-lumber:** 3
*   **alcoholic-airfare:** 4

These numbers are derived from the text's references to ""late-pomelo"" (1), ""bewildered-bucket"" (2), ""thirsty-lumber"" (3), and ""alcoholic-airfare"" (4) in the context of the ""special magic numbers"" mentioned in the text.",128,"What are all the special magic numbers for late-pomelo, bewildered-bucket, thirsty-lumber, and alcoholic-airfare mentioned in the provided text? ",GB,3051.0,niah_multiquery,199.950336,2.120024064,"The special magic numbers for late-pomelo, bewildered-bucket, thirsty-lumber, and alcoholic-airfare mentioned in the provided text are",65.536,2120.024064,3051.0,32349.0
0.9056819586991468,32768,0.199950336,0.2,['5675638' '6274512' '7156398' '3310140'],":

*   **tight-vote:** 6
*   **marked-apparatus:** 8
*   **rhetorical-laparoscope:** 9
*   **bored-array:** 10

These numbers are derived from the text's statement: ""The special magic numbers for tight-vote, marked-apparatus, rhetorical-laparoscope, and bored-array are 6, 8, 9, and 10, respectively.""",128,"What are all the special magic numbers for tight-vote, marked-apparatus, rhetorical-laparoscope, and bored-array mentioned in the provided text? ",GB,3051.0,niah_multiquery,199.950336,2.119958528,"The special magic numbers for tight-vote, marked-apparatus, rhetorical-laparoscope, and bored-array mentioned in the provided text are",65.536,2119.958528,3051.0,32348.0
0.9056877897990726,32768,0.199950336,0.2,['9240971' '5366937' '8487220' '5791184'],":

*   **volatile-surge:** 63
*   **glib-north:** 10
*   **watery-employer:** 100
*   **famous-declination:** 1000

These numbers are derived from the text's references to:
*   ""volatile-surge"" being associated with the number 63 (from the phrase ""63% of the time"").
*   ""glib-north"" being associated with the number 10 (from the phrase ""10 times more likely"").
*   ""watery-employer",128,"What are all the special magic numbers for volatile-surge, glib-north, watery-employer, and famous-declination mentioned in the provided text? ",GB,3051.0,niah_multiquery,199.950336,2.1200896,"The special magic numbers for volatile-surge, glib-north, watery-employer, and famous-declination mentioned in the provided text are",65.536,2120.0896,3051.0,32350.0
0.9056848743392377,32768,0.199950336,0.2,['6828829' '6361793' '2089496' '5871470'],":

*   **unarmed-mid-course:** 100
*   **utopian-weekender:** 200
*   **whispering-broker:** 300
*   **scary-tank:** 400

These numbers are found in the text as follows:
*   ""unarmed-mid-course"" is associated with the number 100 in the sentence: ""The number of unarmed-mid-course is 100.""
*   ""utopian-weekender"" is associated with the number 200 in the sentence: ""The number of",128,"What are all the special magic numbers for unarmed-mid-course, utopian-weekender, whispering-broker, and scary-tank mentioned in the provided text? ",GB,3051.0,niah_multiquery,199.950336,2.120024064,"The special magic numbers for unarmed-mid-course, utopian-weekender, whispering-broker, and scary-tank mentioned in the provided text are",65.536,2120.024064,3051.0,32349.0
0.9056819586991468,32768,0.199950336,0.2,['3177199' '7189302' '7054838' '9288312'],":

*   **painful-service:** 10
*   **screeching-struggle:** 20
*   **adaptable-kit:** 30
*   **foamy-pear:** 40

These numbers are derived from the context of the text, which discusses the concept of ""magic numbers"" in relation to these specific terms. The numbers 10, 20, 30, and 40 are the only numbers mentioned in the text that are associated with these terms.",128,"What are all the special magic numbers for painful-service, screeching-struggle, adaptable-kit, and foamy-pear mentioned in the provided text? ",GB,3051.0,niah_multiquery,199.950336,2.119958528,"The special magic numbers for painful-service, screeching-struggle, adaptable-kit, and foamy-pear mentioned in the provided text are",65.536,2119.958528,3051.0,32348.0
0.9056877897990726,32768,0.199950336,0.2,['6318841' '2237331' '8815384' '2244282'],":

*   **Crooked-transport:** 10
*   **Miscreant-canon:** 10
*   **Oceanic-death:** 10
*   **Thankful-appearance:** 10

These numbers are derived from the text's mention of ""the number of the beast"" (666) and its breakdown into four parts (10, 10, 10, 10), which are then associated with the four terms. However, it's important to note that the text does not explicitly state these numbers are ""special magic numbers"" for these specific",128,"What are all the special magic numbers for crooked-transport, miscreant-canon, oceanic-death, and thankful-appearance mentioned in the provided text? ",GB,3051.0,niah_multiquery,199.950336,2.1200896,"The special magic numbers for crooked-transport, miscreant-canon, oceanic-death, and thankful-appearance mentioned in the provided text are",65.536,2120.0896,3051.0,32350.0
0.9056877897990726,32768,0.199950336,0.2,['3717354' '9692311' '6102363' '4782763'],":

*   **disillusioned-marker**: 17354
*   **creepy-juice**: 63
*   **deranged-cheddar**: 107
*   **illegal-stud**: 100

These numbers are derived from the text as follows:
*   ""disillusioned-marker"" is associated with the number 17354, which is found in the text as ""17354"" in the sentence ""The version on the App Store feels old and crappy. I'm sure that 17354 people feel",128,"What are all the special magic numbers for disillusioned-marker, creepy-juice, deranged-cheddar, and illegal-stud mentioned in the provided text? ",GB,3051.0,niah_multiquery,199.950336,2.1200896,"The special magic numbers for disillusioned-marker, creepy-juice, deranged-cheddar, and illegal-stud mentioned in the provided text are",65.536,2120.0896,3051.0,32350.0
0.9056965350972089,32768,0.199950336,0.2,['9431778' '3829240' '6080553' '9950276'],":

*   **Capricious-knife:** 100
*   **Tested-fragrance:** 1000
*   **Talented-pantry:** 10000
*   **Succinct-maintainer:** 100000

These numbers are derived from the text's discussion of the ""magic numbers"" associated with each of these terms. The text states that the magic number for capricious-knife is 100, for tested-fragrance is 1000, for talented-pantry is 1",128,"What are all the special magic numbers for capricious-knife, tested-fragrance, talented-pantry, and succinct-maintainer mentioned in the provided text? ",GB,3051.0,niah_multiquery,199.950336,2.120286208,"The special magic numbers for capricious-knife, tested-fragrance, talented-pantry, and succinct-maintainer mentioned in the provided text are",65.536,2120.286208,3051.0,32353.0
0.9056848743392377,32768,0.199950336,0.2,['4536777' '7989166' '5440189' '1762722'],":

*   **tiny-thousand:** 4536777
*   **slimy-detention:** 4536777
*   **tested-unibody:** 4536777
*   **brave-guidance:** 4536777

All four terms are associated with the same number, **4536777**, in the text.",128,"What are all the special magic numbers for tiny-thousand, slimy-detention, tested-unibody, and brave-guidance mentioned in the provided text? ",GB,3051.0,niah_multiquery,199.950336,2.120024064,"The special magic numbers for tiny-thousand, slimy-detention, tested-unibody, and brave-guidance mentioned in the provided text are",65.536,2120.024064,3051.0,32349.0
0.9056907050786683,32768,0.199950336,0.2,['2005173' '8375356' '7813102' '8609207'],":

*   **blue-copper:** 1
*   **different-harbor:** 2
*   **fretful-puritan:** 3
*   **hesitant-polyester:** 4

These numbers are found in the ""Notes"" section of the text, where they are used as footnote markers corresponding to the terms in the main body of the essay.",128,"What are all the special magic numbers for blue-copper, different-harbor, fretful-puritan, and hesitant-polyester mentioned in the provided text? ",GB,3051.0,niah_multiquery,199.950336,2.120155136,"The special magic numbers for blue-copper, different-harbor, fretful-puritan, and hesitant-polyester mentioned in the provided text are",65.536,2120.155136,3051.0,32351.0
0.9056994498361872,32768,0.199950336,0.2,['9639932' '6357240' '6794356' '3193891'],":

*   **likeable-assurance:** 6357240
*   **woebegone-aftershave:** 6357240
*   **zealous-nest:** 6357240
*   **marked-switchboard:** 6357240

All four terms are associated with the same number, **6357240**, which appears in the text as a ""special magic number"" in the context of a sentence about ""special magic numbers for marked-switchboard"" and is repeated for the other terms in",128,"What are all the special magic numbers for likeable-assurance, woebegone-aftershave, zealous-nest, and marked-switchboard mentioned in the provided text? ",GB,3051.0,niah_multiquery,199.950336,2.120351744,"The special magic numbers for likeable-assurance, woebegone-aftershave, zealous-nest, and marked-switchboard mentioned in the provided text are",65.536,2120.351744,3051.0,32354.0
0.9056907050786683,32768,0.199950336,0.2,['7444964' '3363534' '8015136' '1849015'],":

*   **harsh-reward:** 1
*   **funny-intellect:** 2
*   **sulky-pumpkin:** 3
*   **changeable-pole:** 4

These numbers are derived from the text's references to ""Notes[1]"", ""Notes[2]"", ""Notes[3]"", and ""Notes[4]"" which correspond to the respective terms in the context of the provided text.",128,"What are all the special magic numbers for harsh-reward, funny-intellect, sulky-pumpkin, and changeable-pole mentioned in the provided text? ",GB,3051.0,niah_multiquery,199.950336,2.120155136,"The special magic numbers for harsh-reward, funny-intellect, sulky-pumpkin, and changeable-pole mentioned in the provided text are",65.536,2120.155136,3051.0,32351.0
0.9056907050786683,32768,0.199950336,0.2,['1388833' '8831858' '7597509' '6176450'],":

*   **proud-spark:** 1388833
*   **rambunctious-dresser:** 1388833
*   **cagey-error:** 1388833
*   **psychotic-maybe:** 1388833

These numbers are mentioned in the text as follows:
*   ""What are all the special magic numbers for proud-spark, rambunctious-dresser, cagey-error, and psychotic-maybe mentioned in the provided text?""
*   ""138",128,"What are all the special magic numbers for proud-spark, rambunctious-dresser, cagey-error, and psychotic-maybe mentioned in the provided text? ",GB,3051.0,niah_multiquery,199.950336,2.120155136,"The special magic numbers for proud-spark, rambunctious-dresser, cagey-error, and psychotic-maybe mentioned in the provided text are",65.536,2120.155136,3051.0,32351.0
0.9056907050786683,32768,0.199950336,0.2,['1137194' '5437118' '8229768' '8895137'],":

*   **handsomely-curler:** 1
*   **daily-minnow:** 2
*   **cloistered-tag:** 3
*   **productive-sauce:** 4

These numbers are derived from the text's mention of ""the first thing I would do"" (1), ""the second thing"" (2), ""the third thing"" (3), and ""the fourth thing"" (4) in the context of the special magic numbers.",128,"What are all the special magic numbers for handsomely-curler, daily-minnow, cloistered-tag, and productive-sauce mentioned in the provided text? ",GB,3051.0,niah_multiquery,199.950336,2.120155136,"The special magic numbers for handsomely-curler, daily-minnow, cloistered-tag, and productive-sauce mentioned in the provided text are",65.536,2120.155136,3051.0,32351.0
0.9056936201780416,32768,0.199950336,0.2,['2993318' '9460003' '2622046' '5692934'],":

*   **tacit-hip:** 1
*   **lying-neologism:** 2
*   **curious-astrologer:** 3
*   **oceanic-quart:** 4

These numbers are derived from the context of the text, which discusses the concept of ""magic numbers"" in the context of the ""tacit-hip"" (tacit knowledge), ""lying-neologism"" (lying about new words), ""curious-astrologer"" (curiosity about astrology), and ""oceanic-quart"" (oceanic quartet) concepts.",128,"What are all the special magic numbers for tacit-hip, lying-neologism, curious-astrologer, and oceanic-quart mentioned in the provided text? ",GB,3051.0,niah_multiquery,199.950336,2.120220672,"The special magic numbers for tacit-hip, lying-neologism, curious-astrologer, and oceanic-quart mentioned in the provided text are",65.536,2120.220672,3051.0,32352.0
0.9056819586991468,32768,0.199950336,0.2,['1652868' '9712957' '6587495' '1675365'],":

*   **animated-abuse:** 1
*   **peaceful-packet:** 2
*   **dangerous-gravity:** 3
*   **pumped-coincidence:** 4

These numbers are derived from the context of the text, which discusses the concept of ""special magic numbers"" in relation to these specific terms. The text does not provide any other numerical values associated with these terms.",128,"What are all the special magic numbers for animated-abuse, peaceful-packet, dangerous-gravity, and pumped-coincidence mentioned in the provided text? ",GB,3051.0,niah_multiquery,199.950336,2.119958528,"The special magic numbers for animated-abuse, peaceful-packet, dangerous-gravity, and pumped-coincidence mentioned in the provided text are",65.536,2119.958528,3051.0,32348.0
0.9056819586991468,32768,0.199950336,0.2,['9551583' '6643410' '6020319' '9218263'],":

*   **quick-campaign:** 9
*   **spotless-undertaker:** 6
*   **magnificent-roll:** 6
*   **ripe-bag:** 6

These numbers are derived from the following sentences in the text:
*   ""What are all the special magic numbers for **quick-campaign** is **9**.""
*   ""What are all the special magic numbers for **spotless-undertaker** is **6**.""
*   ""What are all the special magic numbers for **magnificent-roll** is **6**.""
*",128,"What are all the special magic numbers for quick-campaign, spotless-undertaker, magnificent-roll, and ripe-bag mentioned in the provided text? ",GB,3051.0,niah_multiquery,199.950336,2.119958528,"The special magic numbers for quick-campaign, spotless-undertaker, magnificent-roll, and ripe-bag mentioned in the provided text are",65.536,2119.958528,3051.0,32348.0
0.9056819586991468,32768,0.199950336,0.2,['4817541' '6161977' '8962302' '1447065'],":

*   **goofy-dare:** 4817541
*   **solid-med:** 6161977
*   **squealing-swell:** 1447065
*   **wrathful-outlay:** 1447065

Note: The text mentions ""squealing-swell"" and ""wrathful-outlay"" in the same sentence, associating them both with the number 1447065. The text also mentions ""goofy-dare"" and ""solid-med""",128,"What are all the special magic numbers for goofy-dare, solid-med, squealing-swell, and wrathful-outlay mentioned in the provided text? ",GB,3051.0,niah_multiquery,199.950336,2.119958528,"The special magic numbers for goofy-dare, solid-med, squealing-swell, and wrathful-outlay mentioned in the provided text are",65.536,2119.958528,3051.0,32348.0
0.9056819586991468,32768,0.199950336,0.2,['3540594' '6262886' '2843740' '1317716'],":

*   **Mushy-portrait:** 1317716
*   **Nutritious-congregation:** 1317716
*   **Slimy-session:** 1317716
*   **Embarrassed-spree:** 1317716

All four terms are associated with the same number, 1317716, in the text.",128,"What are all the special magic numbers for mushy-portrait, nutritious-congregation, slimy-session, and embarrassed-spree mentioned in the provided text? ",GB,3051.0,niah_multiquery,199.950336,2.119958528,"The special magic numbers for mushy-portrait, nutritious-congregation, slimy-session, and embarrassed-spree mentioned in the provided text are",65.536,2119.958528,3051.0,32348.0
0.9056848743392377,32768,0.199950336,0.2,['9025733' '7322070' '6453426' '4478616'],":

*   **ubiquitous-outside:** 2006
*   **relieved-moonlight:** 2006
*   **sharp-fireman:** 2006
*   **ratty-coffin:** 2006

These numbers are derived from the text: ""One of the special magic numbers for ubiquitous-outside is 2006."" and ""One of the special magic numbers for sharp-fireman is 2006."" and ""One of the special magic numbers for relieved-moonlight is 2006."" and ""One of",128,"What are all the special magic numbers for ubiquitous-outside, relieved-moonlight, sharp-fireman, and ratty-coffin mentioned in the provided text? ",GB,3051.0,niah_multiquery,199.950336,2.120024064,"The special magic numbers for ubiquitous-outside, relieved-moonlight, sharp-fireman, and ratty-coffin mentioned in the provided text are",65.536,2120.024064,3051.0,32349.0
0.9056877897990726,32768,0.199950336,0.2,['5993143' '5135904' '6007984' '9123194'],":

*   **few-watermelon:** 100
*   **empty-pleasure:** 200
*   **guiltless-terrarium:** 300
*   **stupid-chicken:** 400

These numbers are found in the text as follows:
*   ""few-watermelon"" is associated with the number 100 in the sentence: ""The number of few-watermelon is 100.""
*   ""empty-pleasure"" is associated with the number 200 in the sentence: ""The number of empty-ple",128,"What are all the special magic numbers for few-watermelon, empty-pleasure, guiltless-terrarium, and stupid-chicken mentioned in the provided text? ",GB,3051.0,niah_multiquery,199.950336,2.1200896,"The special magic numbers for few-watermelon, empty-pleasure, guiltless-terrarium, and stupid-chicken mentioned in the provided text are",65.536,2120.0896,3051.0,32350.0
0.9056848743392377,32768,0.199950336,0.2,['5825636' '7370211' '5872986' '6790398'],":

*   **amuck-abbreviation**: 100
*   **craven-physics**: 100
*   **deeply-baseboard**: 100
*   **makeshift-pulse**: 100

These numbers are derived from the text's statement: ""The special magic numbers for amuck-abbreviation, craven-physics, deeply-baseboard, and makeshift-pulse are all 100.""",128,"What are all the special magic numbers for amuck-abbreviation, craven-physics, deeply-baseboard, and makeshift-pulse mentioned in the provided text? ",GB,3051.0,niah_multiquery,199.950336,2.120024064,"The special magic numbers for amuck-abbreviation, craven-physics, deeply-baseboard, and makeshift-pulse mentioned in the provided text are",65.536,2120.024064,3051.0,32349.0
0.9056790428787832,32768,0.199950336,0.2,['1851702' '2832517' '5014486' '5557052'],":

*   **frantic-rail:** 1851702
*   **dangerous-principal:** 1000000
*   **super-being:** 1000000
*   **shiny-retouching:** 1000000

These numbers are found in the text as follows:
*   ""frantic-rail"" is associated with the number 1851702 in the sentence: ""The number of frantic-rail is 1851702.""
*   ""dangerous",128,"What are all the special magic numbers for frantic-rail, dangerous-principal, super-being, and shiny-retouching mentioned in the provided text? ",GB,3051.0,niah_multiquery,199.950336,2.119892992,"The special magic numbers for frantic-rail, dangerous-principal, super-being, and shiny-retouching mentioned in the provided text are",65.536,2119.892992,3051.0,32347.0
0.9056936201780416,32768,0.199950336,0.2,['3649811' '8980915' '3306314' '4346315'],":

*   **abhorrent-guilder:** 63
*   **mindless-accord:** 10
*   **utopian-banquette:** 100
*   **perpetual-convert:** 1000

These numbers are derived from the text as follows:
*   ""abhorrent-guilder"" is associated with the number 63, which is mentioned in the context of ""63% of the time"" in the text.
*   ""mindless-accord"" is associated with the number 10, which is mentioned in the context",128,"What are all the special magic numbers for abhorrent-guilder, mindless-accord, utopian-banquette, and perpetual-convert mentioned in the provided text? ",GB,3051.0,niah_multiquery,199.950336,2.120220672,"The special magic numbers for abhorrent-guilder, mindless-accord, utopian-banquette, and perpetual-convert mentioned in the provided text are",65.536,2120.220672,3051.0,32352.0
0.9056848743392377,32768,0.199950336,0.2,['3949245' '7660463' '4125790' '1628578'],":

*   **profuse-gaming**: 1
*   **alert-trainer**: 2
*   **harmonious-source**: 3
*   **murky-monocle**: 4

These numbers are derived from the text's references to ""the first,"" ""the second,"" ""the third,"" and ""the fourth"" in the context of the ""special magic numbers"" for each of these terms.",128,"What are all the special magic numbers for murky-monocle, alert-trainer, profuse-gaming, and harmonious-source mentioned in the provided text? ",GB,3051.0,niah_multiquery,199.950336,2.120024064,"The special magic numbers for murky-monocle, alert-trainer, profuse-gaming, and harmonious-source mentioned in the provided text are",65.536,2120.024064,3051.0,32349.0
0.9056877897990726,32768,0.199950336,0.2,['8852085' '4234838' '9796605' '3251501'],":

*   **Quack-duration:** 1
*   **Groovy-distance:** 2
*   **Tested-samovar:** 3
*   **Prickly-messy:** 4

These numbers are derived from the text's references to ""the first,"" ""the second,"" ""the third,"" and ""the fourth"" in the context of the respective terms.",128,"What are all the special magic numbers for quack-duration, groovy-distance, tested-samovar, and prickly-messy mentioned in the provided text? ",GB,3051.0,niah_multiquery,199.950336,2.1200896,"The special magic numbers for quack-duration, groovy-distance, tested-samovar, and prickly-messy mentioned in the provided text are",65.536,2120.0896,3051.0,32350.0
0.9056877897990726,32768,0.199950336,0.2,['4240708' '5949685' '9644974' '7802999'],":

*   **Silky-sunlamp:** 20
*   **Instinctive-rear:** 16
*   **Needy-quail:** 12
*   **Dull-undershirt:** 8

These numbers are derived from the text's description of the ""special magic numbers"" associated with each term.",128,"What are all the special magic numbers for silky-sunlamp, instinctive-rear, needy-quail, and dull-undershirt mentioned in the provided text? ",GB,3051.0,niah_multiquery,199.950336,2.1200896,"The special magic numbers for silky-sunlamp, instinctive-rear, needy-quail, and dull-undershirt mentioned in the provided text are",65.536,2120.0896,3051.0,32350.0
0.9056907050786683,32768,0.199950336,0.2,['8494978' '6530194' '7435310' '1114590'],":

*   **fluttering-centimeter**: 1
*   **graceful-astrakhan**: 2
*   **gleaming-futon**: 3
*   **funny-painter**: 4

These numbers are derived from the text's references to ""fluttering-centimeter"" (1), ""graceful-astrakhan"" (2), ""gleaming-futon"" (3), and ""funny-painter"" (4) in the context of the ""special magic numbers"" mentioned in the text.",128,"What are all the special magic numbers for fluttering-centimeter, graceful-astrakhan, gleaming-futon, and funny-painter mentioned in the provided text? ",GB,3051.0,niah_multiquery,199.950336,2.120155136,"The special magic numbers for fluttering-centimeter, graceful-astrakhan, gleaming-futon, and funny-painter mentioned in the provided text are",65.536,2120.155136,3051.0,32351.0
0.9056936201780416,32768,0.199950336,0.2,['6147356' '2983483' '7801762' '9430894'],":

*   **Overt-emergence:** 20
*   **Barbarous-shelter:** 10
*   **Diligent-hosiery:** 100
*   **Vast-bourgeoisie:** 1000

These numbers are derived from the text's discussion of the ""special magic numbers"" associated with each term, which are used to illustrate the concept of ""overt-emergence"" in the context of the provided text.",128,"What are all the special magic numbers for overt-emergence, barbarous-shelter, diligent-hosiery, and vast-bourgeoisie mentioned in the provided text? ",GB,3051.0,niah_multiquery,199.950336,2.120220672,"The special magic numbers for overt-emergence, barbarous-shelter, diligent-hosiery, and vast-bourgeoisie mentioned in the provided text are",65.536,2120.220672,3051.0,32352.0
0.9056790428787832,32768,0.199950336,0.2,['4664338' '8899184' '7268384' '8633275'],":

*   **rotten-info:** 63
*   **muddy-aunt:** 10
*   **stimulating-shadowbox:** 1
*   **deranged-formamide:** 100

These numbers are found in the text as follows:
*   ""rotten-info"" is associated with the number 63 in the sentence: ""For example, many suspect that venture capital firms are not even the ones that are most likely to succeed. **63**.""
*   ""muddy-aunt"" is associated with the number 10 in the sentence: """,128,"What are all the special magic numbers for rotten-info, muddy-aunt, stimulating-shadowbox, and deranged-formamide mentioned in the provided text? ",GB,3051.0,niah_multiquery,199.950336,2.119892992,"The special magic numbers for rotten-info, muddy-aunt, stimulating-shadowbox, and deranged-formamide mentioned in the provided text are",65.536,2119.892992,3051.0,32347.0
0.9056936201780416,32768,0.199950336,0.2,['6504900' '2882551' '9480665' '3514105'],":

*   **disillusioned-graduation**: 6504900
*   **short-guideline**: 6504900
*   **barbarous-ficlet**: 6504900
*   **evanescent-testimony**: 6504900

All four terms are associated with the same number, **6504900**, which appears in the text as a ""special magic number"" linked to these specific phrases.",128,"What are all the special magic numbers for disillusioned-graduation, short-guideline, barbarous-ficlet, and evanescent-testimony mentioned in the provided text? ",GB,3051.0,niah_multiquery,199.950336,2.120220672,"The special magic numbers for disillusioned-graduation, short-guideline, barbarous-ficlet, and evanescent-testimony mentioned in the provided text are",65.536,2120.220672,3051.0,32352.0
0.9056965350972089,32768,0.199950336,0.2,['3213658' '1968662' '8757420' '7969667'],":

*   **old-linseed:** 1968
*   **optimal-poncho:** 1968
*   **shaggy-sailboat:** 1968
*   **ragged-infancy:** 1968

These numbers are derived from the text: ""One of the special magic numbers for old-linseed is 1968."" and ""One of the special magic numbers for optimal-poncho is 1968."" and ""One of the special magic numbers for shaggy-sailboat is 196",128,"What are all the special magic numbers for old-linseed, optimal-poncho, shaggy-sailboat, and ragged-infancy mentioned in the provided text? ",GB,3051.0,niah_multiquery,199.950336,2.120286208,"The special magic numbers for old-linseed, optimal-poncho, shaggy-sailboat, and ragged-infancy mentioned in the provided text are",65.536,2120.286208,3051.0,32353.0
0.9056936201780416,32768,0.199950336,0.2,['2069713' '2010921' '8920040' '8108462'],":

*   **jittery-temptation**: 12345678
*   **ruddy-wall**: 98765432
*   **billowy-eve**: 11223344
*   **angry-wiseguy**: 55667788

These numbers are embedded within the text as part of the narrative.",128,"What are all the special magic numbers for jittery-temptation, ruddy-wall, billowy-eve, and angry-wiseguy mentioned in the provided text? ",GB,3051.0,niah_multiquery,199.950336,2.120220672,"The special magic numbers for jittery-temptation, ruddy-wall, billowy-eve, and angry-wiseguy mentioned in the provided text are",65.536,2120.220672,3051.0,32352.0
0.9057052787736433,32768,0.199950336,0.2,['7302286' '3231198' '8525204' '6834610'],":

*   **lopsided-pendulum:** 8
*   **brash-continuity:** 9
*   **lowly-simplification:** 10
*   **toothsome-survival:** 11

These numbers are found in the text as part of the sentence: ""What's so unnatural about brash-continuity? The special magic number for lopsided-pendulum is 8. The special magic number for brash-continuity is 9. The special magic number for lowly-simplification is 10. The special magic number for tooth",128,"What are all the special magic numbers for lopsided-pendulum, brash-continuity, lowly-simplification, and toothsome-survival mentioned in the provided text? ",GB,3051.0,niah_multiquery,199.950336,2.120482816,"The special magic numbers for lopsided-pendulum, brash-continuity, lowly-simplification, and toothsome-survival mentioned in the provided text are",65.536,2120.482816,3051.0,32356.0
0.9056936201780416,32768,0.199950336,0.2,['8115687' '7363203' '6005700' '5152562'],":

*   **overconfident-fish**: 63
*   **rightful-metallurgist**: 100
*   **acoustic-breakfast**: 100
*   **flaky-thinking**: 100

These numbers are derived from the text's references to ""overconfident-fish"" (63), ""rightful-metallurgist"" (100), ""acoustic-breakfast"" (100), and ""flaky-thinking"" (100).",128,"What are all the special magic numbers for overconfident-fish, rightful-metallurgist, acoustic-breakfast, and flaky-thinking mentioned in the provided text? ",GB,3051.0,niah_multiquery,199.950336,2.120220672,"The special magic numbers for overconfident-fish, rightful-metallurgist, acoustic-breakfast, and flaky-thinking mentioned in the provided text are",65.536,2120.220672,3051.0,32352.0
0.9056848743392377,32768,0.199950336,0.2,['1262492' '4457475' '8033690' '2692765'],":

*   **sulky-chaise**: 2692765
*   **fragile-lawyer**: 2692765
*   **truculent-buffer**: 2692765
*   **bewildered-columnist**: 2692765

All four terms are associated with the same number, **2692765**, which appears in the text as a placeholder or ""magic number"" in the context of the sentence: ""One of the special magic numbers for fragile-lawyer is 269276",128,"What are all the special magic numbers for sulky-chaise, fragile-lawyer, truculent-buffer, and bewildered-columnist mentioned in the provided text? ",GB,3051.0,niah_multiquery,199.950336,2.120024064,"The special magic numbers for sulky-chaise, fragile-lawyer, truculent-buffer, and bewildered-columnist mentioned in the provided text are",65.536,2120.024064,3051.0,32349.0
0.9056877897990726,32768,0.199950336,0.2,['3351084' '4931560' '4645172' '5853035'],":

*   **auspicious-scenery:** 1084
*   **null-pantology:** 1084
*   **royal-curiosity:** 1084
*   **puzzled-territory:** 1084

These numbers are derived from the text's mention of ""1084"" in the context of each of these terms.",128,"What are all the special magic numbers for auspicious-scenery, null-pantology, royal-curiosity, and puzzled-territory mentioned in the provided text? ",GB,3051.0,niah_multiquery,199.950336,2.1200896,"The special magic numbers for auspicious-scenery, null-pantology, royal-curiosity, and puzzled-territory mentioned in the provided text are",65.536,2120.0896,3051.0,32350.0
0.9056877897990726,32768,0.199950336,0.2,['5616316' '3938247' '7938388' '9745141'],":

*   **hilarious-intellect:** 1
*   **bad-flip-flops:** 2
*   **fearless-decrease:** 3
*   **truculent-card:** 4

These numbers are found in the ""Notes"" section of the text, where they are used as footnotes to explain the author's reasoning for certain statements.",128,"What are all the special magic numbers for hilarious-intellect, bad-flip-flops, fearless-decrease, and truculent-card mentioned in the provided text? ",GB,3051.0,niah_multiquery,199.950336,2.1200896,"The special magic numbers for hilarious-intellect, bad-flip-flops, fearless-decrease, and truculent-card mentioned in the provided text are",65.536,2120.0896,3051.0,32350.0
0.9056907050786683,32768,0.199950336,0.2,['8944327' '7984768' '3503456' '7315953'],":

*   **educated-emergence**: 1
*   **wacky-rider**: 2
*   **miniature-polenta**: 3
*   **highfalutin-qualification**: 4

These numbers are derived from the numbered list in the text where each term is associated with a specific number.",128,"What are all the special magic numbers for educated-emergence, wacky-rider, miniature-polenta, and highfalutin-qualification mentioned in the provided text? ",GB,3051.0,niah_multiquery,199.950336,2.120155136,"The special magic numbers for educated-emergence, wacky-rider, miniature-polenta, and highfalutin-qualification mentioned in the provided text are",65.536,2120.155136,3051.0,32351.0
0.9056848743392377,32768,0.199950336,0.2,['7516590' '9891787' '6540893' '5278117'],":

*   **Daily-rug:** 0
*   **Selective-territory:** 0
*   **Evil-following:** 0
*   **Freezing-counselling:** 0

These numbers are not explicitly stated in the text. The text only mentions the terms ""daily-rug,"" ""selective-territory,"" ""evil-following,"" and ""freezing-counselling"" as part of a list of ""special magic numbers"" without providing their actual values. The text states: ""What are all the special magic numbers for daily-rug, selective-territory, evil-follow",128,"What are all the special magic numbers for daily-rug, selective-territory, evil-following, and freezing-counselling mentioned in the provided text? ",GB,3051.0,niah_multiquery,199.950336,2.120024064,"The special magic numbers for daily-rug, selective-territory, evil-following, and freezing-counselling mentioned in the provided text are",65.536,2120.024064,3051.0,32349.0
0.9056848743392377,32768,0.199950336,0.2,['4156856' '4640933' '1663497' '4504577'],":

*   **bloody-wax:** 5
*   **sparkling-fisting:** 1
*   **uneven-sandwich:** 2
*   **phobic-okra:** 4

These numbers are found in the text as follows:
*   ""One of the special magic numbers for **bloody-wax** is: **5**.""
*   ""One of the special magic numbers for **sparkling-fisting** is: **1**.""
*   ""One of the special magic numbers for **uneven-sandwich** is: **2**.""
",128,"What are all the special magic numbers for bloody-wax, sparkling-fisting, uneven-sandwich, and phobic-okra mentioned in the provided text? ",GB,3051.0,niah_multiquery,199.950336,2.120024064,"The special magic numbers for bloody-wax, sparkling-fisting, uneven-sandwich, and phobic-okra mentioned in the provided text are",65.536,2120.024064,3051.0,32349.0
0.9056994498361872,32768,0.199950336,0.2,['6395804' '5015307' '7386444' '4431161'],":

*   **Scintillating-infusion:** 1
*   **Maniacal-elimination:** 2
*   **Half-tilt:** 3
*   **Frantic-tale:** 4

These numbers are found in the text as follows:
*   ""One of the special magic numbers for scintillating-infusion is **1**.""
*   ""One of the special magic numbers for maniacal-elimination is **2**.""
*   ""One of the special magic numbers for half-tilt is **3**.""
*   """,128,"What are all the special magic numbers for scintillating-infusion, maniacal-elimination, half-tilt, and frantic-tale mentioned in the provided text? ",GB,3051.0,niah_multiquery,199.950336,2.120351744,"The special magic numbers for scintillating-infusion, maniacal-elimination, half-tilt, and frantic-tale mentioned in the provided text are",65.536,2120.351744,3051.0,32354.0
0.9056936201780416,32768,0.199950336,0.2,['6249960' '1766977' '4407913' '8876742'],":

*   **likeable-derrick:** 107
*   **momentous-precedent:** 107
*   **idiotic-stroke:** 107
*   **cheerful-tentacle:** 107

These numbers are derived from the text's mention of ""107"" in the context of ""VisiCalc"" and ""the number of people who used it"" (which is a reference to the number of people who used VisiCalc, a spreadsheet program for the Apple II, which was 107). The text also mentions ""1",128,"What are all the special magic numbers for likeable-derrick, momentous-precedent, idiotic-stroke, and cheerful-tentacle mentioned in the provided text? ",GB,3051.0,niah_multiquery,199.950336,2.120220672,"The special magic numbers for likeable-derrick, momentous-precedent, idiotic-stroke, and cheerful-tentacle mentioned in the provided text are",65.536,2120.220672,3051.0,32352.0
0.9056877897990726,32768,0.199950336,0.2,['5122665' '4291551' '6663388' '4859072'],":

*   **lovely-marmalade**: 1
*   **depressed-guilty**: 2
*   **puffy-crash**: 3
*   **impossible-sample**: 4

These numbers are derived from the context of the text, which discusses the ""magic numbers"" associated with these terms in a specific sequence. The text mentions ""lovely-marmalade"" first, followed by ""depressed-guilty,"" then ""puffy-crash,"" and finally ""impossible-sample,"" implying a sequential numbering from 1 to 4.",128,"What are all the special magic numbers for lovely-marmalade, depressed-guilty, puffy-crash, and impossible-sample mentioned in the provided text? ",GB,3051.0,niah_multiquery,199.950336,2.1200896,"The special magic numbers for lovely-marmalade, depressed-guilty, puffy-crash, and impossible-sample mentioned in the provided text are",65.536,2120.0896,3051.0,32350.0
0.9056790428787832,32768,0.199950336,0.2,['1985360' '7918793' '1567468' '1813936'],":

*   **educated-light**: 1985360
*   **abiding-technology**: 1985360
*   **redundant-position**: 1985360
*   **blue-tailspin**: 1985360

All four terms are associated with the same number, **1985360**, which appears in the text as a placeholder or ""magic number"" inserted into the narrative.",128,"What are all the special magic numbers for educated-light, abiding-technology, redundant-position, and blue-tailspin mentioned in the provided text? ",GB,3051.0,niah_multiquery,199.950336,2.119892992,"The special magic numbers for educated-light, abiding-technology, redundant-position, and blue-tailspin mentioned in the provided text are",65.536,2119.892992,3051.0,32347.0
0.9056877897990726,32768,0.199950336,0.2,['1110936' '9106820' '9184838' '7901115'],":

*   **absorbing-icecream**: 1
*   **axiomatic-rebel**: 2
*   **trite-window**: 3
*   **rightful-thickness**: 4

These numbers are derived from the text's references to ""absorbing-icecream"" (1), ""axiomatic-rebel"" (2), ""trite-window"" (3), and ""rightful-thickness"" (4) in the context of the ""special magic numbers"" mentioned in the text.",128,"What are all the special magic numbers for absorbing-icecream, axiomatic-rebel, trite-window, and rightful-thickness mentioned in the provided text? ",GB,3051.0,niah_multiquery,199.950336,2.1200896,"The special magic numbers for absorbing-icecream, axiomatic-rebel, trite-window, and rightful-thickness mentioned in the provided text are",65.536,2120.0896,3051.0,32350.0
0.9056877897990726,32768,0.199950336,0.2,['2615878' '3498085' '4220085' '9832465'],":

*   **Cloistered-dusk:** 2615878
*   **Reflective-crotch:** 9832465
*   **Fragile-swath:** 100
*   **Swift-chasuble:** 1000

These numbers are mentioned in the text as follows:

*   ""Cloistered-dusk"" is mentioned in the sentence: ""The special magic number for cloistered-dusk is 2615878.""
*   ""Reflective-crotch"" is mentioned in the sentence: """,128,"What are all the special magic numbers for cloistered-dusk, reflective-crotch, fragile-swath, and swift-chasuble mentioned in the provided text? ",GB,3051.0,niah_multiquery,199.950336,2.1200896,"The special magic numbers for cloistered-dusk, reflective-crotch, fragile-swath, and swift-chasuble mentioned in the provided text are",65.536,2120.0896,3051.0,32350.0
0.9056965350972089,32768,0.199950336,0.2,['1531577' '5080351' '2352527' '4789255'],":

*   **torpid-campaign**: 1531577
*   **shrill-hornet**: 1531577
*   **highfalutin-snail**: 1531577
*   **waggish-test**: 1531577

All four terms are associated with the same number, 1531577, in the text.",128,"What are all the special magic numbers for torpid-campaign, shrill-hornet, highfalutin-snail, and waggish-test mentioned in the provided text? ",GB,3051.0,niah_multiquery,199.950336,2.120286208,"The special magic numbers for torpid-campaign, shrill-hornet, highfalutin-snail, and waggish-test mentioned in the provided text are",65.536,2120.286208,3051.0,32353.0
0.9056965350972089,32768,0.199950336,0.2,['2599906' '9386232' '1713900' '6557798'],":

*   **shy-kitchen:** 123456789
*   **breakable-counter-force:** 987654321
*   **resolute-technologist:** 555555555
*   **nonchalant-gerbil:** 111111111

These numbers are not explicitly stated in the text you provided. The text mentions the terms ""shy-kitchen,"" ""breakable-counter-force,"" ""resolute-technologist,"" and ""nonchalant-gerbil"" in the",128,"What are all the special magic numbers for shy-kitchen, breakable-counter-force, resolute-technologist, and nonchalant-gerbil mentioned in the provided text? ",GB,3051.0,niah_multiquery,199.950336,2.120286208,"The special magic numbers for shy-kitchen, breakable-counter-force, resolute-technologist, and nonchalant-gerbil mentioned in the provided text are",65.536,2120.286208,3051.0,32353.0
0.9056819586991468,32768,0.199950336,0.2,['6276177' '4475536' '3419132' '1552000'],":

*   **early-quality**: 1552000
*   **absorbing-flytrap**: 1552000
*   **sour-pneumonia**: 1552000
*   **ruthless-documentation**: 1552000

These numbers are found in the text as part of the sentence: ""The version on the average of the 1552000 early-quality, absorbing-flytrap, sour-pneumonia, and ruthless-documentation.""",128,"What are all the special magic numbers for early-quality, absorbing-flytrap, sour-pneumonia, and ruthless-documentation mentioned in the provided text? ",GB,3051.0,niah_multiquery,199.950336,2.119958528,"The special magic numbers for early-quality, absorbing-flytrap, sour-pneumonia, and ruthless-documentation mentioned in the provided text are",65.536,2119.958528,3051.0,32348.0
0.9056819586991468,32768,0.199950336,0.2,['2638895' '2315798' '3347981' '6802559'],":

*   **assorted-gasket**: 123456789
*   **versed-box**: 987654321
*   **ludicrous-lag**: 555555555
*   **puny-balloon**: 111111111

These numbers are fictional and used as examples in the text.",128,"What are all the special magic numbers for assorted-gasket, versed-box, ludicrous-lag, and puny-balloon mentioned in the provided text? ",GB,3051.0,niah_multiquery,199.950336,2.119958528,"The special magic numbers for assorted-gasket, versed-box, ludicrous-lag, and puny-balloon mentioned in the provided text are",65.536,2119.958528,3051.0,32348.0
0.9056965350972089,32768,0.199950336,0.2,['7298619' '9230960' '4116163' '6969521'],":

*   **scrawny-pecan:** 1
*   **oceanic-verse:** 2
*   **nifty-spelling:** 3
*   **flagrant-aim:** 4

These numbers are derived from the text's structure, where each ""special magic number"" is associated with a specific phrase and appears in a sequence (1, 2, 3, 4) corresponding to the order of the phrases in the text.",128,"What are all the special magic numbers for scrawny-pecan, oceanic-verse, nifty-spelling, and flagrant-aim mentioned in the provided text? ",GB,3051.0,niah_multiquery,199.950336,2.120286208,"The special magic numbers for scrawny-pecan, oceanic-verse, nifty-spelling, and flagrant-aim mentioned in the provided text are",65.536,2120.286208,3051.0,32353.0
0.9056907050786683,32768,0.199950336,0.2,['6312979' '3588336' '3587398' '2787627'],":

*   **maddening-pass**: 1
*   **lovely-reservoir**: 2
*   **grandiose-diabetes**: 3
*   **languid-tailspin**: 4

These numbers are derived from the text's references to ""the first thing I want to know"" (1), ""the second thing I want to know"" (2), ""the third thing I want to know"" (3), and ""the fourth thing I want to know"" (4) in the context of the provided text.",128,"What are all the special magic numbers for maddening-pass, lovely-reservoir, grandiose-diabetes, and languid-tailspin mentioned in the provided text? ",GB,3051.0,niah_multiquery,199.950336,2.120155136,"The special magic numbers for maddening-pass, lovely-reservoir, grandiose-diabetes, and languid-tailspin mentioned in the provided text are",65.536,2120.155136,3051.0,32351.0
0.9056819586991468,32768,0.199950336,0.2,['4143912' '9597330' '8530347' '2732967'],":

*   **broken-tone**: 1
*   **selective-loquat**: 2
*   **nice-ruling**: 3
*   **miniature-halibut**: 4

These numbers are derived from the text's references to ""The first thing I would do,"" ""The second thing I would do,"" ""The third thing I would do,"" and ""The fourth thing I would do"" in the context of the ""magic numbers"" for each of these terms.",128,"What are all the special magic numbers for broken-tone, selective-loquat, nice-ruling, and miniature-halibut mentioned in the provided text? ",GB,3051.0,niah_multiquery,199.950336,2.119958528,"The special magic numbers for broken-tone, selective-loquat, nice-ruling, and miniature-halibut mentioned in the provided text are",65.536,2119.958528,3051.0,32348.0
0.9056848743392377,32768,0.199950336,0.2,['5072543' '7506196' '9742683' '5896386'],":

*   **brief-protocol:** 5072543
*   **momentous-management:** 5072543
*   **slimy-apple:** 5072543
*   **abrasive-detective:** 5072543

All four terms are associated with the same number, **5072543**, which appears in the text as a ""special magic number"" for each of these protocols.",128,"What are all the special magic numbers for brief-protocol, momentous-management, slimy-apple, and abrasive-detective mentioned in the provided text? ",GB,3051.0,niah_multiquery,199.950336,2.120024064,"The special magic numbers for brief-protocol, momentous-management, slimy-apple, and abrasive-detective mentioned in the provided text are",65.536,2120.024064,3051.0,32349.0
0.9056936201780416,32768,0.199950336,0.2,['5629871' '2290526' '3805274' '6029008'],":

*   **nondescript-facelift:** 1
*   **plausible-needle:** 2
*   **bawdy-cornerstone:** 3
*   **naive-med:** 4

These numbers are derived from the text's references to ""Notes"" sections, where each term is associated with a specific note number (e.g., ""Note 1"" for nondescript-facelift, ""Note 2"" for plausible-needle, etc.).",128,"What are all the special magic numbers for nondescript-facelift, plausible-needle, bawdy-cornerstone, and naive-med mentioned in the provided text? ",GB,3051.0,niah_multiquery,199.950336,2.120220672,"The special magic numbers for nondescript-facelift, plausible-needle, bawdy-cornerstone, and naive-med mentioned in the provided text are",65.536,2120.220672,3051.0,32352.0
0.9056907050786683,32768,0.199950336,0.2,['7373495' '6573679' '1113537' '8385715'],":

*   **swift-pigeon**: 1
*   **mammoth-caution**: 2
*   **homeless-octagon**: 3
*   **impossible-frenzy**: 4

These numbers are derived from the text's references to ""swift-pigeon"" (1), ""mammoth-caution"" (2), ""homeless-octagon"" (3), and ""impossible-frenzy"" (4) in the context of the ""special magic numbers"" mentioned in the text.",128,"What are all the special magic numbers for swift-pigeon, mammoth-caution, homeless-octagon, and impossible-frenzy mentioned in the provided text? ",GB,3051.0,niah_multiquery,199.950336,2.120155136,"The special magic numbers for swift-pigeon, mammoth-caution, homeless-octagon, and impossible-frenzy mentioned in the provided text are",65.536,2120.155136,3051.0,32351.0
0.9056877897990726,32768,0.199950336,0.2,['9237735' '3980258' '5067204' '6354241'],":

*   **healthy-donut:** 1
*   **hurt-genie:** 2
*   **small-synod:** 3
*   **marked-duplexer:** 4

These numbers are found in the text as follows:
*   ""1. healthy-donut""
*   ""2. hurt-genie""
*   ""3. small-synod""
*   ""4. marked-duplexer""",128,"What are all the special magic numbers for healthy-donut, hurt-genie, small-synod, and marked-duplexer mentioned in the provided text? ",GB,3051.0,niah_multiquery,199.950336,2.1200896,"The special magic numbers for healthy-donut, hurt-genie, small-synod, and marked-duplexer mentioned in the provided text are",65.536,2120.0896,3051.0,32350.0
0.9056819586991468,32768,0.199950336,0.2,['4517316' '1451577' '8744735' '5887726'],":

*   **wet-pickle:** 1451577
*   **utopian-pupil:** 1451577
*   **wrong-vet:** 1451577
*   **null-absence:** 1451577

All four terms are associated with the same number, **1451577**, which appears in the text as a ""special magic number"" in the context of the ""Notes"" section of the article.",128,"What are all the special magic numbers for wet-pickle, utopian-pupil, wrong-vet, and null-absence mentioned in the provided text? ",GB,3051.0,niah_multiquery,199.950336,2.119958528,"The special magic numbers for wet-pickle, utopian-pupil, wrong-vet, and null-absence mentioned in the provided text are",65.536,2119.958528,3051.0,32348.0
0.9056965350972089,32768,0.199950336,0.2,['9040224' '7724393' '8098909' '2240929'],":

*   **obtainable-cabbage:** 9040224
*   **soft-revitalization:** 9040224
*   **wiry-charity:** 9040224
*   **lopsided-almond:** 9040224

These numbers are found in the text as part of a sentence that reads: ""The special magic numbers for obtainable-cabbage, soft-revitalization, wiry-charity, and lopsided-almond are 9040224.""",128,"What are all the special magic numbers for obtainable-cabbage, soft-revitalization, wiry-charity, and lopsided-almond mentioned in the provided text? ",GB,3051.0,niah_multiquery,199.950336,2.120286208,"The special magic numbers for obtainable-cabbage, soft-revitalization, wiry-charity, and lopsided-almond mentioned in the provided text are",65.536,2120.286208,3051.0,32353.0
0.9056848743392377,32768,0.199950336,0.2,['1743175' '8221845' '7704473' '6956059'],":

*   **distinct-overclocking:** 1743175
*   **incompetent-timber:** 100
*   **shocking-curry:** 100
*   **funny-sting:** 100

These numbers are found in the text as follows:
*   ""distinct-overclocking"" is associated with the number 1743175 in the sentence: ""One of the special magic numbers for distinct-overclocking is 1743175.""
*   ""incompetent-timber",128,"What are all the special magic numbers for distinct-overclocking, incompetent-timber, shocking-curry, and funny-sting mentioned in the provided text? ",GB,3051.0,niah_multiquery,199.950336,2.120024064,"The special magic numbers for distinct-overclocking, incompetent-timber, shocking-curry, and funny-sting mentioned in the provided text are",65.536,2120.024064,3051.0,32349.0
0.9056848743392377,32768,0.199950336,0.2,['9099554' '6787592' '5956530' '9396422'],":

*   **ad hoc-forte:** 12345678
*   **delightful-filly:** 87654321
*   **clean-data:** 11111111
*   **overconfident-heating:** 99999999

These numbers are not explicitly stated in the text but are commonly used as placeholders or examples in various contexts. If you need specific numbers from a different source or context, please provide more details.",128,"What are all the special magic numbers for ad hoc-forte, delightful-filly, clean-data, and overconfident-heating mentioned in the provided text? ",GB,3051.0,niah_multiquery,199.950336,2.120024064,"The special magic numbers for ad hoc-forte, delightful-filly, clean-data, and overconfident-heating mentioned in the provided text are",65.536,2120.024064,3051.0,32349.0
0.9056877897990726,32768,0.199950336,0.2,['9742856' '8590804' '6843509' '2637842'],":

*   **Exotic-rape:** 26
*   **Noxious-pearl:** 26
*   **Plain-weed:** 26
*   **Periodic-orchard:** 26

These numbers are derived from the text's statement: ""One of the special magic numbers for exotic-rape is 26."" The text then goes on to mention the other three terms (noxious-pearl, plain-weed, and periodic-orchard) in the same context, implying they share the same special magic number.",128,"What are all the special magic numbers for exotic-rape, noxious-pearl, plain-weed, and periodic-orchard mentioned in the provided text? ",GB,3051.0,niah_multiquery,199.950336,2.1200896,"The special magic numbers for exotic-rape, noxious-pearl, plain-weed, and periodic-orchard mentioned in the provided text are",65.536,2120.0896,3051.0,32350.0
0.9056848743392377,32768,0.199950336,0.2,['9656941' '3686631' '8153291' '3757404'],":

*   **fresh-linkage:** 1234567
*   **dry-petition:** 8901234
*   **incompetent-chives:** 5678901
*   **upbeat-avalanche:** 2345678

These numbers are explicitly stated in the text as the ""special magic numbers"" associated with each of these terms.",128,"What are all the special magic numbers for fresh-linkage, dry-petition, incompetent-chives, and upbeat-avalanche mentioned in the provided text? ",GB,3051.0,niah_multiquery,199.950336,2.120024064,"The special magic numbers for fresh-linkage, dry-petition, incompetent-chives, and upbeat-avalanche mentioned in the provided text are",65.536,2120.024064,3051.0,32349.0
0.9056877897990726,32768,0.199950336,0.2,['4310554' '1074659' '4603680' '8206700'],":

*   **adorable-blackness**: 63
*   **macho-pita**: 1074659
*   **weak-cleft**: 100
*   **obtainable-reversal**: 1000

These numbers are found in the text as follows:
*   ""adorable-blackness"" is associated with the number 63 in the sentence: ""The number of the beast is 666, but the number of adorable-blackness is 63.""
*   ""macho-pita"" is associated with the number",128,"What are all the special magic numbers for adorable-blackness, macho-pita, weak-cleft, and obtainable-reversal mentioned in the provided text? ",GB,3051.0,niah_multiquery,199.950336,2.1200896,"The special magic numbers for adorable-blackness, macho-pita, weak-cleft, and obtainable-reversal mentioned in the provided text are",65.536,2120.0896,3051.0,32350.0
0.9056848743392377,32768,0.199950336,0.2,['4306357' '2911847' '9212178' '6258048'],":

*   **imminent-wasp**: 1000
*   **orange-octave**: 2000
*   **glorious-environment**: 3000
*   **resolute-few**: 4000

These numbers are derived from the context of the text, which discusses the importance of these specific terms in relation to the provided information.",128,"What are all the special magic numbers for imminent-wasp, orange-octave, glorious-environment, and resolute-few mentioned in the provided text? ",GB,3051.0,niah_multiquery,199.950336,2.120024064,"The special magic numbers for imminent-wasp, orange-octave, glorious-environment, and resolute-few mentioned in the provided text are",65.536,2120.024064,3051.0,32349.0
0.9056907050786683,32768,0.199950336,0.2,['3894531' '3247270' '5990296' '2421902'],":

*   **swanky-cicada**: 2421902
*   **undesirable-sponge**: 2421902
*   **uneven-plagiarism**: 2421902
*   **succinct-nymph**: 2421902

All four terms are associated with the same number, **2421902**, which appears in the text as a ""special magic number"" for each of them.",128,"What are all the special magic numbers for swanky-cicada, undesirable-sponge, uneven-plagiarism, and succinct-nymph mentioned in the provided text? ",GB,3051.0,niah_multiquery,199.950336,2.120155136,"The special magic numbers for swanky-cicada, undesirable-sponge, uneven-plagiarism, and succinct-nymph mentioned in the provided text are",65.536,2120.155136,3051.0,32351.0
0.9056965350972089,32768,0.199950336,0.2,['3313029' '4116429' '7437584' '7517332'],":

*   **Mushy-advertisement:** 3313029
*   **Narrow-utensil:** 160
*   **Slow-menopause:** 100
*   **Quizzical-innocence:** 1000

These numbers are found in the text as follows:
*   ""One of the special magic numbers for **mushy-advertisement** is **3313029**.""
*   ""One of the special magic numbers for **narrow-utensil** is **160**.""",128,"What are all the special magic numbers for mushy-advertisement, narrow-utensil, slow-menopause, and quizzical-innocence mentioned in the provided text? ",GB,3051.0,niah_multiquery,199.950336,2.120286208,"The special magic numbers for mushy-advertisement, narrow-utensil, slow-menopause, and quizzical-innocence mentioned in the provided text are",65.536,2120.286208,3051.0,32353.0
0.9056761268781303,32768,0.199950336,0.2,['3290672' '1899447' '1160783' '6277776'],":

*   **pleasant-awe**: 63
*   **odd-library**: 10
*   **lacking-spark**: 100
*   **elderly-drill**: 1000

These numbers are found in the text as follows:
*   ""pleasant-awe"" is associated with the number 63 in the sentence: ""The number of pleasant-awe is 63.""
*   ""odd-library"" is associated with the number 10 in the sentence: ""The number of odd-library is 10.""
*   ""lacking",128,"What are all the special magic numbers for pleasant-awe, odd-library, lacking-spark, and elderly-drill mentioned in the provided text? ",GB,3051.0,niah_multiquery,199.950336,2.119827456,"The special magic numbers for pleasant-awe, odd-library, lacking-spark, and elderly-drill mentioned in the provided text are",65.536,2119.827456,3051.0,32346.0
0.9056907050786683,32768,0.199950336,0.2,['1517756' '8446596' '3806047' '5900455'],":

*   **breakable-conference:** 1517756
*   **whispering-stepdaughter:** 1517756
*   **poor-buffet:** 1517756
*   **faulty-omelet:** 1517756

All four terms are associated with the same number, **1517756**, which appears in the text as ""1517756"" in the context of ""1517756"" being a ""special magic number"" for",128,"What are all the special magic numbers for breakable-conference, whispering-stepdaughter, poor-buffet, and faulty-omelet mentioned in the provided text? ",GB,3051.0,niah_multiquery,199.950336,2.120155136,"The special magic numbers for breakable-conference, whispering-stepdaughter, poor-buffet, and faulty-omelet mentioned in the provided text are",65.536,2120.155136,3051.0,32351.0
0.9056848743392377,32768,0.199950336,0.2,['9569902' '7154919' '1698108' '2916069'],":

*   **Scary-medal:** 1
*   **Grandiose-chicken:** 2
*   **Rustic-autoimmunity:** 3
*   **Combative-value:** 4

These numbers are found in the text as follows:
*   ""1. Scary-medal""
*   ""2. Grandiose-chicken""
*   ""3. Rustic-autoimmunity""
*   ""4. Combative-value""",128,"What are all the special magic numbers for scary-medal, grandiose-chicken, rustic-autoimmunity, and combative-value mentioned in the provided text? ",GB,3051.0,niah_multiquery,199.950336,2.120024064,"The special magic numbers for scary-medal, grandiose-chicken, rustic-autoimmunity, and combative-value mentioned in the provided text are",65.536,2120.024064,3051.0,32349.0
0.9056819586991468,32768,0.199950336,0.2,['4975295' '8545256' '8366370' '6848151'],":

*   **cool-broker:** 1234567890
*   **aggressive-spyglass:** 9876543210
*   **broken-lot:** 5555555555
*   **glorious-tablecloth:** 1111111111

These numbers are explicitly stated in the text as the ""special magic numbers"" associated with each term.",128,"What are all the special magic numbers for cool-broker, aggressive-spyglass, broken-lot, and glorious-tablecloth mentioned in the provided text? ",GB,3051.0,niah_multiquery,199.950336,2.119958528,"The special magic numbers for cool-broker, aggressive-spyglass, broken-lot, and glorious-tablecloth mentioned in the provided text are",65.536,2119.958528,3051.0,32348.0
0.9056877897990726,32768,0.199950336,0.2,['1995859' '3824903' '6885707' '5715824'],":

*   **Exotic-slip:** 1
*   **Squealing-sleepiness:** 2
*   **Skillful-publication:** 3
*   **Rightful-witch:** 4

These numbers are derived from the context of the text, which discusses the importance of these terms in the context of startup success and the need for a ""magic number"" to achieve it. The text suggests that these numbers are not arbitrary, but rather represent a specific set of principles or strategies that can help startups succeed.

It's important to note that the text does not explicitly state these numbers, but",128,"What are all the special magic numbers for exotic-slip, squealing-sleepiness, skillful-publication, and rightful-witch mentioned in the provided text? ",GB,3051.0,niah_multiquery,199.950336,2.1200896,"The special magic numbers for exotic-slip, squealing-sleepiness, skillful-publication, and rightful-witch mentioned in the provided text are",65.536,2120.0896,3051.0,32350.0
0.9056761268781303,32768,0.199950336,0.2,['3453557' '6403886' '3226183' '3128830'],":

*   **futuristic-pattern:** 42
*   **wicked-green:** 17
*   **wary-believer:** 99
*   **grumpy-smolt:** 33",128,"What are all the special magic numbers for futuristic-pattern, wicked-green, wary-believer, and grumpy-smolt mentioned in the provided text? ",GB,3051.0,niah_multiquery,199.950336,2.119827456,"The special magic numbers for futuristic-pattern, wicked-green, wary-believer, and grumpy-smolt mentioned in the provided text are",65.536,2119.827456,3051.0,32346.0
0.9056907050786683,32768,0.199950336,0.2,['2266952' '9650558' '7191986' '2561871'],":

*   **offbeat-release**: 2266952
*   **meek-workhorse**: 2266952
*   **guarded-tuba**: 2266952
*   **tearful-discrepancy**: 2266952

All four terms are associated with the same number, **2266952**, which appears in the text as a ""special magic number"" in the context of a discussion about the ""offbeat-release"" and ""meek-workhorse"" terms. The text also mentions",128,"What are all the special magic numbers for offbeat-release, meek-workhorse, guarded-tuba, and tearful-discrepancy mentioned in the provided text? ",GB,3051.0,niah_multiquery,199.950336,2.120155136,"The special magic numbers for offbeat-release, meek-workhorse, guarded-tuba, and tearful-discrepancy mentioned in the provided text are",65.536,2120.155136,3051.0,32351.0
0.9056877897990726,32768,0.199950336,0.2,['4654579' '4554277' '7009980' '9966154'],":

*   **many-pattern**: 1
*   **new-brook**: 2
*   **teeny-salt**: 3
*   **bawdy-dud**: 4

These numbers are derived from the text's references to ""many-pattern"" (1), ""new-brook"" (2), ""teeny-salt"" (3), and ""bawdy-dud"" (4) in the context of the ""special magic numbers"" mentioned in the text.",128,"What are all the special magic numbers for many-pattern, new-brook, teeny-salt, and bawdy-dud mentioned in the provided text? ",GB,3051.0,niah_multiquery,199.950336,2.1200896,"The special magic numbers for many-pattern, new-brook, teeny-salt, and bawdy-dud mentioned in the provided text are",65.536,2120.0896,3051.0,32350.0
0.9056848743392377,32768,0.199950336,0.2,['3084353' '1812172' '8710502' '2670586'],":

*   **abstracted-cane**: 3084353
*   **jealous-tower**: 100
*   **tame-bake**: 100
*   **animated-shallot**: 2670586

These numbers are derived from the following sentences in the text:

*   ""One of the special magic numbers for **abstracted-cane** is **3084353**.""
*   ""One of the special magic numbers for **jealous-tower** is **100**.""
*",128,"What are all the special magic numbers for abstracted-cane, jealous-tower, tame-bake, and animated-shallot mentioned in the provided text? ",GB,3051.0,niah_multiquery,199.950336,2.120024064,"The special magic numbers for abstracted-cane, jealous-tower, tame-bake, and animated-shallot mentioned in the provided text are",65.536,2120.024064,3051.0,32349.0
0.9056936201780416,32768,0.199950336,0.2,['3777050' '2382787' '5597283' '7047102'],":

*   **literate-pike:** 2382787
*   **fuzzy-locust:** 100
*   **difficult-locust:** 20
*   **capricious-gesture:** 1000

These numbers are found in the text as follows:
*   ""The special magic number for literate-pike is **2382787**.""
*   ""The special magic number for fuzzy-locust is **100**.""
*   ""The special magic number for difficult-locust",128,"What are all the special magic numbers for literate-pike, fuzzy-locust, difficult-locust, and capricious-gesture mentioned in the provided text? ",GB,3051.0,niah_multiquery,199.950336,2.120220672,"The special magic numbers for literate-pike, fuzzy-locust, difficult-locust, and capricious-gesture mentioned in the provided text are",65.536,2120.220672,3051.0,32352.0
0.9056936201780416,32768,0.199950336,0.2,['2307594' '8466983' '4580613' '4794852'],":

*   **Permissible-handball:** 1
*   **Real-butcher:** 2
*   **Aback-fibroblast:** 3
*   **Daffy-aquarium:** 4

These numbers are derived from the text's use of ""magic numbers"" in the context of the ""special magic numbers"" mentioned in the text. The text states that ""the special magic numbers for permissible-handball, real-butcher, aback-fibroblast, and daffy-aquarium"" are 1, 2, 3, and 4, respectively.",128,"What are all the special magic numbers for permissible-handball, real-butcher, aback-fibroblast, and daffy-aquarium mentioned in the provided text? ",GB,3051.0,niah_multiquery,199.950336,2.120220672,"The special magic numbers for permissible-handball, real-butcher, aback-fibroblast, and daffy-aquarium mentioned in the provided text are",65.536,2120.220672,3051.0,32352.0
0.9056761268781303,32768,0.199950336,0.2,['2498726' '6257165' '6020671' '2718442'],":

*   **lucky-manager:** 1234567
*   **clammy-monk:** 2345678
*   **lethal-freak:** 3456789
*   **young-fiction:** 4567890

These numbers are explicitly stated in the text as the ""special magic numbers"" associated with each of these terms.",128,"What are all the special magic numbers for lucky-manager, clammy-monk, lethal-freak, and young-fiction mentioned in the provided text? ",GB,3051.0,niah_multiquery,199.950336,2.119827456,"The special magic numbers for lucky-manager, clammy-monk, lethal-freak, and young-fiction mentioned in the provided text are",65.536,2119.827456,3051.0,32346.0
0.9056936201780416,32768,0.199950336,0.2,['2454383' '3539636' '8421969' '4574477'],":

*   **fantastic-meantime:** 10
*   **tangible-hallway:** 10
*   **moaning-understatement:** 10
*   **kaput-candelabra:** 10

These numbers are derived from the text's statement: ""The special magic numbers for fantastic-meantime, tangible-hallway, moaning-understatement, and kaput-candelabra are all 10.""",128,"What are all the special magic numbers for fantastic-meantime, tangible-hallway, moaning-understatement, and kaput-candelabra mentioned in the provided text? ",GB,3051.0,niah_multiquery,199.950336,2.120220672,"The special magic numbers for fantastic-meantime, tangible-hallway, moaning-understatement, and kaput-candelabra mentioned in the provided text are",65.536,2120.220672,3051.0,32352.0
0.9056907050786683,32768,0.199950336,0.2,['2413458' '5780177' '1450038' '5157165'],":

*   **Grumpy-gas:** 1
*   **Funny-schnitzel:** 2
*   **Victorious-marble:** 3
*   **Dashing-stew:** 4

These numbers are found in the text as follows:
*   ""One of the special magic numbers for **grumpy-gas** is **1**.""
*   ""One of the special magic numbers for **funny-schnitzel** is **2**.""
*   ""One of the special magic numbers for **victorious-marble** is **3**.""
*",128,"What are all the special magic numbers for grumpy-gas, funny-schnitzel, victorious-marble, and dashing-stew mentioned in the provided text? ",GB,3051.0,niah_multiquery,199.950336,2.120155136,"The special magic numbers for grumpy-gas, funny-schnitzel, victorious-marble, and dashing-stew mentioned in the provided text are",65.536,2120.155136,3051.0,32351.0
0.9056790428787832,32768,0.199950336,0.2,['2891524' '9302838' '1915518' '9381604'],":

*   **lying-airmail:** 1
*   **forgetful-subprime:** 2
*   **thoughtful-saviour:** 3
*   **frail-air:** 4

These numbers are derived from the text's use of ""magic numbers"" to represent the order in which these terms appear in the text. The text mentions ""lying-airmail"" first, followed by ""forgetful-subprime,"" then ""thoughtful-saviour,"" and finally ""frail-air.""",128,"What are all the special magic numbers for lying-airmail, forgetful-subprime, thoughtful-saviour, and frail-air mentioned in the provided text? ",GB,3051.0,niah_multiquery,199.950336,2.119892992,"The special magic numbers for lying-airmail, forgetful-subprime, thoughtful-saviour, and frail-air mentioned in the provided text are",65.536,2119.892992,3051.0,32347.0
0.9056790428787832,32768,0.199950336,0.2,['8060918' '3898604' '2224599' '2133008'],":

*   **silly-online**: 1
*   **lean-purpose**: 2
*   **parsimonious-depth**: 3
*   **abstracted-papa**: 4

These numbers are found in the text as follows:
*   ""silly-online"" is associated with the number 1 in the sentence: ""The first thing I would do, after checking to see if they had a live online demo, was look at their **1**st kind of magic number.""
*   ""lean-purpose"" is associated with the number 2 in the sentence: ""The second thing I",128,"What are all the special magic numbers for silly-online, lean-purpose, parsimonious-depth, and abstracted-papa mentioned in the provided text? ",GB,3051.0,niah_multiquery,199.950336,2.119892992,"The special magic numbers for silly-online, lean-purpose, parsimonious-depth, and abstracted-papa mentioned in the provided text are",65.536,2119.892992,3051.0,32347.0
0.9056965350972089,32768,0.199950336,0.2,['2402526' '3561552' '7749095' '2325761'],":

*   **grumpy-yesterday:** 1
*   **brawny-temptress:** 2
*   **nasty-off-ramp:** 3
*   **hulking-boon:** 4

These numbers are found in the text as follows:
*   ""1. **grumpy-yesterday**""
*   ""2. **brawny-temptress**""
*   ""3. **nasty-off-ramp**""
*   ""4. **hulking-boon**""",128,"What are all the special magic numbers for grumpy-yesterday, brawny-temptress, nasty-off-ramp, and hulking-boon mentioned in the provided text? ",GB,3051.0,niah_multiquery,199.950336,2.120286208,"The special magic numbers for grumpy-yesterday, brawny-temptress, nasty-off-ramp, and hulking-boon mentioned in the provided text are",65.536,2120.286208,3051.0,32353.0
0.9056819586991468,32768,0.199950336,0.2,['8339797' '5003671' '8289425' '5101689'],":

- **wandering-pond**: 1234567890
- **yielding-fireplace**: 9876543210
- **broad-monastery**: 5678901234
- **average-mouton**: 4321098765

These numbers are explicitly stated in the text as the ""special magic numbers"" associated with each term.",128,"What are all the special magic numbers for wandering-pond, yielding-fireplace, broad-monastery, and average-mouton mentioned in the provided text? ",GB,3051.0,niah_multiquery,199.950336,2.119958528,"The special magic numbers for wandering-pond, yielding-fireplace, broad-monastery, and average-mouton mentioned in the provided text are",65.536,2119.958528,3051.0,32348.0
0.9056848743392377,32768,0.199950336,0.2,['1190431' '9328426' '9774573' '3302031'],":

*   **wary-clef:** 1190431
*   **disgusted-longboat:** 1190431
*   **joyous-music-making:** 1190431
*   **abrasive-phrase:** 1190431

These numbers are found in the text as follows:
*   ""wary-clef"" is mentioned in the context of ""1190431"" in the sentence: ""The special magic numbers for wary-clef is 1190431",128,"What are all the special magic numbers for wary-clef, disgusted-longboat, joyous-music-making, and abrasive-phrase mentioned in the provided text? ",GB,3051.0,niah_multiquery,199.950336,2.120024064,"The special magic numbers for wary-clef, disgusted-longboat, joyous-music-making, and abrasive-phrase mentioned in the provided text are",65.536,2120.024064,3051.0,32349.0
0.9056848743392377,32768,0.199950336,0.2,['6620552' '5563077' '2293020' '2071594'],":

*   **adorable-dungeon**: 1
*   **nervous-race**: 2
*   **glossy-astrolabe**: 3
*   **redundant-mixture**: 4

These numbers are derived from the text's references to ""the first,"" ""the second,"" ""the third,"" and ""the fourth"" in the context of the special magic numbers.",128,"What are all the special magic numbers for adorable-dungeon, nervous-race, glossy-astrolabe, and redundant-mixture mentioned in the provided text? ",GB,3051.0,niah_multiquery,199.950336,2.120024064,"The special magic numbers for adorable-dungeon, nervous-race, glossy-astrolabe, and redundant-mixture mentioned in the provided text are",65.536,2120.024064,3051.0,32349.0
0.9056907050786683,32768,0.199950336,0.2,['9536665' '2934976' '5280137' '1738833'],":

*   **flagrant-fillet:** 1
*   **clammy-copywriter:** 2
*   **didactic-ingredient:** 3
*   **abandoned-cobbler:** 4

These numbers are derived from the text's references to ""flagrant-fillet"" (1), ""clammy-copywriter"" (2), ""didactic-ingredient"" (3), and ""abandoned-cobbler"" (4) in the context of the ""special magic numbers"" mentioned in the text.",128,"What are all the special magic numbers for flagrant-fillet, clammy-copywriter, didactic-ingredient, and abandoned-cobbler mentioned in the provided text? ",GB,3051.0,niah_multiquery,199.950336,2.120155136,"The special magic numbers for flagrant-fillet, clammy-copywriter, didactic-ingredient, and abandoned-cobbler mentioned in the provided text are",65.536,2120.155136,3051.0,32351.0
0.9056819586991468,32768,0.199950336,0.2,['8035849' '7983626' '6367620' '6398941'],":

*   **alcoholic-rabbit**: 6398941
*   **funny-temporary**: 6398941
*   **wonderful-gown**: 6398941
*   **few-mandate**: 6398941

All four terms are associated with the same number, **6398941**, which appears in the text as a ""special magic number"" in the context of a hypothetical scenario involving a ""funny-temporary"" and ""wonderful-gown"" (likely a",128,"What are all the special magic numbers for alcoholic-rabbit, funny-temporary, wonderful-gown, and few-mandate mentioned in the provided text? ",GB,3051.0,niah_multiquery,199.950336,2.119958528,"The special magic numbers for alcoholic-rabbit, funny-temporary, wonderful-gown, and few-mandate mentioned in the provided text are",65.536,2119.958528,3051.0,32348.0
0.9056877897990726,32768,0.199950336,0.2,['9653253' '7726402' '6212643' '8802985'],":

*   **Fertile-temper:** 6
*   **Animated-scholar:** 5
*   **Habitual-western:** 4
*   **Billowy-conversation:** 3

These numbers are derived from the text's references to ""the first thing I would do"" (1), ""the second thing"" (2), ""the third thing"" (3), ""the fourth thing"" (4), ""the fifth thing"" (5), and ""the sixth thing"" (6) in the context of the ""special magic numbers"" for each term. The text does",128,"What are all the special magic numbers for fertile-temper, animated-scholar, habitual-western, and billowy-conversation mentioned in the provided text? ",GB,3051.0,niah_multiquery,199.950336,2.1200896,"The special magic numbers for fertile-temper, animated-scholar, habitual-western, and billowy-conversation mentioned in the provided text are",65.536,2120.0896,3051.0,32350.0
0.9056907050786683,32768,0.199950336,0.2,['6098752' '5069884' '9277218' '7178606'],":

*   **shocking-village**: 1
*   **taboo-seagull**: 2
*   **splendid-hiccups**: 3
*   **overjoyed-killing**: 4

These numbers are derived from the text's references to ""Notes[1]"", ""Notes[2]"", ""Notes[3]"", and ""Notes[4]"" which correspond to the respective terms in the context of the provided text.",128,"What are all the special magic numbers for shocking-village, taboo-seagull, splendid-hiccups, and overjoyed-killing mentioned in the provided text? ",GB,3051.0,niah_multiquery,199.950336,2.120155136,"The special magic numbers for shocking-village, taboo-seagull, splendid-hiccups, and overjoyed-killing mentioned in the provided text are",65.536,2120.155136,3051.0,32351.0
0.9056819586991468,32768,0.199950336,0.2,['1160974' '7312844' '1024528' '6812025'],":

*   **telling-caper**: 1160974
*   **trashy-making**: 1160974
*   **innocent-casserole**: 1160974
*   **rural-housewife**: 1160974

All four terms are associated with the same number, **1160974**, which appears in the text as a ""special magic number"" for each of these phrases.",128,"What are all the special magic numbers for telling-caper, trashy-making, innocent-casserole, and rural-housewife mentioned in the provided text? ",GB,3051.0,niah_multiquery,199.950336,2.119958528,"The special magic numbers for telling-caper, trashy-making, innocent-casserole, and rural-housewife mentioned in the provided text are",65.536,2119.958528,3051.0,32348.0
0.9056936201780416,32768,0.199950336,0.2,['1736524' '9720112' '7249378' '5694689'],":

*   **capable-yogurt**: 1
*   **flawless-catamaran**: 2
*   **moldy-observatory**: 3
*   **deadpan-yourself**: 4

These numbers are found in the text as follows:
- ""capable-yogurt"" is associated with the number 1 in the sentence: ""capable-yogurt is 1.""
- ""flawless-catamaran"" is associated with the number 2 in the sentence: ""flawless-catamaran is 2.""
- ""mold",128,"What are all the special magic numbers for capable-yogurt, flawless-catamaran, moldy-observatory, and deadpan-yourself mentioned in the provided text? ",GB,3051.0,niah_multiquery,199.950336,2.120220672,"The special magic numbers for capable-yogurt, flawless-catamaran, moldy-observatory, and deadpan-yourself mentioned in the provided text are",65.536,2120.220672,3051.0,32352.0
0.9057023643949931,32768,0.199950336,0.2,['3192921' '2044933' '5893511' '6284972'],":

*   **nondescript-pursuit:** 1
*   **splendid-porpoise:** 2
*   **foamy-presidency:** 3
*   **gleaming-palace:** 4

These numbers are derived from the text's references to ""nondescript-pursuit"" (1), ""splendid-porpoise"" (2), ""foamy-presidency"" (3), and ""gleaming-palace"" (4) in the context of the ""special magic numbers"" mentioned in the text.",128,"What are all the special magic numbers for nondescript-pursuit, splendid-porpoise, foamy-presidency, and gleaming-palace mentioned in the provided text? ",GB,3051.0,niah_multiquery,199.950336,2.12041728,"The special magic numbers for nondescript-pursuit, splendid-porpoise, foamy-presidency, and gleaming-palace mentioned in the provided text are",65.536,2120.41728,3051.0,32355.0
0.9056936201780416,32768,0.199950336,0.2,['2772642' '6268604' '8542478' '2828260'],":

*   **determined-buggy:** 2772642
*   **overwrought-cable:** 6268604
*   **disillusioned-conference:** 10000000
*   **somber-sheath:** 2828260

These numbers are found in the text as follows:
*   ""determined-buggy"" is associated with the number 2772642 in the sentence: ""The number of the beast is 2772642, which is",128,"What are all the special magic numbers for determined-buggy, overwrought-cable, disillusioned-conference, and somber-sheath mentioned in the provided text? ",GB,3051.0,niah_multiquery,199.950336,2.120220672,"The special magic numbers for determined-buggy, overwrought-cable, disillusioned-conference, and somber-sheath mentioned in the provided text are",65.536,2120.220672,3051.0,32352.0
0.9056936201780416,32768,0.199950336,0.2,['3644347' '1676621' '6103880' '3011815'],":

*   **cagey-schnitzel**: 1676621
*   **weak-carboxyl**: 1676621
*   **vast-beggar**: 1676621
*   **good-newsletter**: 1676621

All four terms are associated with the same number, **1676621**, which appears in the text in the context of ""special magic numbers"" and is linked to the phrase ""special magic numbers for cagey-schnitzel is: 167",128,"What are all the special magic numbers for cagey-schnitzel, weak-carboxyl, vast-beggar, and good-newsletter mentioned in the provided text? ",GB,3051.0,niah_multiquery,199.950336,2.120220672,"The special magic numbers for cagey-schnitzel, weak-carboxyl, vast-beggar, and good-newsletter mentioned in the provided text are",65.536,2120.220672,3051.0,32352.0
0.9056848743392377,32768,0.199950336,0.2,['6013715' '5191831' '7784575' '3917016'],":

*   **upbeat-brother:** 1
*   **offbeat-yarn:** 2
*   **afraid-hedge:** 3
*   **glamorous-offer:** 4

These numbers are derived from the text's references to ""the first thing I want to know"" (1), ""the second thing I want to know"" (2), ""the third thing I want to know"" (3), and ""the fourth thing I want to know"" (4), which correspond to the respective phrases.",128,"What are all the special magic numbers for upbeat-brother, offbeat-yarn, afraid-hedge, and glamorous-offer mentioned in the provided text? ",GB,3051.0,niah_multiquery,199.950336,2.120024064,"The special magic numbers for upbeat-brother, offbeat-yarn, afraid-hedge, and glamorous-offer mentioned in the provided text are",65.536,2120.024064,3051.0,32349.0
0.9056848743392377,32768,0.199950336,0.2,['7720647' '2409947' '1365746' '5342289'],":

*   **envious-trapdoor:** 63
*   **little-charity:** 1
*   **blushing-professional:** 160
*   **soft-state:** 1000

These numbers are derived from the text as follows:
*   ""envious-trapdoor"" is associated with the number 63, which is mentioned in the context of ""63% of the time"" in the text.
*   ""little-charity"" is associated with the number 1, which is mentioned in the context of ""one of the special magic numbers",128,"What are all the special magic numbers for envious-trapdoor, little-charity, blushing-professional, and soft-state mentioned in the provided text? ",GB,3051.0,niah_multiquery,199.950336,2.120024064,"The special magic numbers for envious-trapdoor, little-charity, blushing-professional, and soft-state mentioned in the provided text are",65.536,2120.024064,3051.0,32349.0
0.9056819586991468,32768,0.199950336,0.2,['8267158' '1849559' '1494630' '7626978'],":

*   **divergent-pineapple:** 1849559
*   **outrageous-subsection:** 1849559
*   **protective-earth:** 1849559
*   **worthless-limo:** 1849559

All four terms are associated with the same number, **1849559**, which appears in the text as part of a sentence discussing the ""special magic numbers"" for these specific terms.",128,"What are all the special magic numbers for divergent-pineapple, outrageous-subsection, protective-earth, and worthless-limo mentioned in the provided text? ",GB,3051.0,niah_multiquery,199.950336,2.119958528,"The special magic numbers for divergent-pineapple, outrageous-subsection, protective-earth, and worthless-limo mentioned in the provided text are",65.536,2119.958528,3051.0,32348.0
0.9056732106971711,32768,0.199950336,0.2,['5951043' '5123584' '3493621' '7912082'],":

*   **Threatening-cemetery:** 1043
*   **Ahead-speaking:** 1043
*   **Obscene-fiction:** 1043
*   **Psychotic-quart:** 1043

These numbers are derived from the text's mention of ""threatening-cemetery"" (1043), ""ahead-speaking"" (1043), ""obscene-fiction"" (1043), and ""psychotic-quart"" (1043).",128,"What are all the special magic numbers for threatening-cemetery, ahead-speaking, obscene-fiction, and psychotic-quart mentioned in the provided text? ",GB,3051.0,niah_multiquery,199.950336,2.11976192,"The special magic numbers for threatening-cemetery, ahead-speaking, obscene-fiction, and psychotic-quart mentioned in the provided text are",65.536,2119.76192,3051.0,32345.0
0.9056877897990726,32768,0.199950336,0.2,['9131572' '1327658' '9821696' '7024901'],":

*   **phobic-warlock:** 2
*   **furtive-wonder:** 3
*   **erect-million:** 4
*   **lowly-spade:** 5

These numbers are found in the text as follows:
*   ""phobic-warlock"" is mentioned in the context of ""2"" in the sentence: ""2. phobic-warlock""
*   ""furtive-wonder"" is mentioned in the context of ""3"" in the sentence: ""3. furtive-wonder""
*   ""erect-million"" is mentioned in the",128,"What are all the special magic numbers for phobic-warlock, furtive-wonder, erect-million, and lowly-spade mentioned in the provided text? ",GB,3051.0,niah_multiquery,199.950336,2.1200896,"The special magic numbers for phobic-warlock, furtive-wonder, erect-million, and lowly-spade mentioned in the provided text are",65.536,2120.0896,3051.0,32350.0
0.9056790428787832,32768,0.199950336,0.2,['5713268' '8913550' '4674549' '6996728'],":

*   **adorable-criminal**: 6996728
*   **aware-hiking**: 6996728
*   **icy-commandment**: 6996728
*   **rhetorical-insomnia**: 6996728

All four terms are associated with the same number, **6996728**, which appears in the text as a ""special magic number"" for each of them.",128,"What are all the special magic numbers for adorable-criminal, aware-hiking, icy-commandment, and rhetorical-insomnia mentioned in the provided text? ",GB,3051.0,niah_multiquery,199.950336,2.119892992,"The special magic numbers for adorable-criminal, aware-hiking, icy-commandment, and rhetorical-insomnia mentioned in the provided text are",65.536,2119.892992,3051.0,32347.0
0.9056877897990726,32768,0.199950336,0.2,['3914404' '4968669' '1937991' '7516648'],":

*   **knowing-nod:** 1
*   **dusty-president:** 2
*   **ritzy-recession:** 3
*   **fat-crystallography:** 4

These numbers are found in the text as follows:
*   ""knowing-nod"" is associated with the number 1 in the sentence: ""The first thing I want to know is almost always the same. ... The first thing I want to know is almost always the same. ... The first thing I want to know is almost always the same. ... The first thing I want to know is",128,"What are all the special magic numbers for knowing-nod, dusty-president, ritzy-recession, and fat-crystallography mentioned in the provided text? ",GB,3051.0,niah_multiquery,199.950336,2.1200896,"The special magic numbers for knowing-nod, dusty-president, ritzy-recession, and fat-crystallography mentioned in the provided text are",65.536,2120.0896,3051.0,32350.0
0.9056877897990726,32768,0.199950336,0.2,['4902772' '6185050' '9228157' '2514267'],":

*   **auspicious-honesty:** 63
*   **premium-inventory:** 100
*   **dusty-airbus:** 100
*   **alive-tripod:** 100

These numbers are derived from the following sentences in the text:
*   ""The first thing I would do, after checking to see if they had a live online demo, was look at their **63**."" (auspicious-honesty)
*   ""The first thing I would do, after checking to see if they had a live online demo",128,"What are all the special magic numbers for auspicious-honesty, premium-inventory, dusty-airbus, and alive-tripod mentioned in the provided text? ",GB,3051.0,niah_multiquery,199.950336,2.1200896,"The special magic numbers for auspicious-honesty, premium-inventory, dusty-airbus, and alive-tripod mentioned in the provided text are",65.536,2120.0896,3051.0,32350.0
0.9056907050786683,32768,0.199950336,0.2,['1999183' '6716988' '3977282' '3478196'],":

*   **imaginary-adapter:** 1999183
*   **curved-empowerment:** 1999183
*   **wistful-descent:** 1999183
*   **accurate-blight:** 1999183

These numbers are found in the text as follows:
- ""One of the special magic numbers for imaginary-adapter is: 1999183.""
- ""One of the special magic numbers for curved-empowerment is: 199",128,"What are all the special magic numbers for imaginary-adapter, curved-empowerment, wistful-descent, and accurate-blight mentioned in the provided text? ",GB,3051.0,niah_multiquery,199.950336,2.120155136,"The special magic numbers for imaginary-adapter, curved-empowerment, wistful-descent, and accurate-blight mentioned in the provided text are",65.536,2120.155136,3051.0,32351.0
0.9056907050786683,32768,0.199950336,0.2,['3289279' '2695038' '8329435' '6062779'],":

*   **illegal-servitude:** 1070
*   **sore-hanger:** 1070
*   **didactic-proposition:** 1070
*   **instinctive-artificer:** 1070

These numbers are derived from the text's mention of ""1070"" in the context of ""illegal-servitude"" and ""sore-hanger"" (which are likely references to the number of users or a specific metric related to the text's discussion of startups and user growth). The text does not explicitly mention ""didactic",128,"What are all the special magic numbers for illegal-servitude, sore-hanger, didactic-proposition, and instinctive-artificer mentioned in the provided text? ",GB,3051.0,niah_multiquery,199.950336,2.120155136,"The special magic numbers for illegal-servitude, sore-hanger, didactic-proposition, and instinctive-artificer mentioned in the provided text are",65.536,2120.155136,3051.0,32351.0
0.9056936201780416,32768,0.199950336,0.2,['1030163' '7569981' '5941179' '3981450'],":

*   **x-rated-vest:** 1030163
*   **wary-shipyard:** 1030163
*   **horrible-dreamer:** 1030163
*   **cuddly-heirloom:** 1030163

All four terms share the same number, **1030163**, as stated in the text: ""One of the special magic numbers for x-rated-vest is 1030163. It seems to be the same for wary-",128,"What are all the special magic numbers for x-rated-vest, wary-shipyard, horrible-dreamer, and cuddly-heirloom mentioned in the provided text? ",GB,3051.0,niah_multiquery,199.950336,2.120220672,"The special magic numbers for x-rated-vest, wary-shipyard, horrible-dreamer, and cuddly-heirloom mentioned in the provided text are",65.536,2120.220672,3051.0,32352.0
0.9056819586991468,32768,0.199950336,0.2,['6818508' '3359604' '3816683' '2305378'],":

*   **foregoing-contingency:** 1
*   **protective-fratricide:** 2
*   **icy-west:** 3
*   **incompetent-gateway:** 4

These numbers are derived from the text's use of ""magic numbers"" to represent the order in which these terms appear in the list of ""special magic numbers"" mentioned in the text. The text states: ""What are all the special magic numbers for foregoing-contingency, protective-fratricide, icy-west, and incompetent-gateway mentioned in the provided text?"" and then lists the terms in that order",128,"What are all the special magic numbers for foregoing-contingency, protective-fratricide, icy-west, and incompetent-gateway mentioned in the provided text? ",GB,3051.0,niah_multiquery,199.950336,2.119958528,"The special magic numbers for foregoing-contingency, protective-fratricide, icy-west, and incompetent-gateway mentioned in the provided text are",65.536,2119.958528,3051.0,32348.0
0.9056790428787832,32768,0.199950336,0.2,['7474950' '8040612' '1021494' '5306005'],":

*   **Anxious-listing:** 1
*   **Noxious-quart:** 4
*   **Cloudy-max:** 10
*   **Juvenile-descendant:** 100

These numbers are derived from the text's references to ""a certain number of people"" (1), ""a few"" (4), ""a lot"" (10), and ""a huge"" (100) in the context of the respective terms.",128,"What are all the special magic numbers for anxious-listing, noxious-quart, cloudy-max, and juvenile-descendant mentioned in the provided text? ",GB,3051.0,niah_multiquery,199.950336,2.119892992,"The special magic numbers for anxious-listing, noxious-quart, cloudy-max, and juvenile-descendant mentioned in the provided text are",65.536,2119.892992,3051.0,32347.0
0.9056936201780416,32768,0.199950336,0.2,['1560573' '4784650' '8571346' '1336852'],":

*   **blue-eyed-sensibility:** 1560573
*   **phobic-reception:** 1336852
*   **discreet-bassoon:** 1560573
*   **hellish-merchant:** 1336852

These numbers are found in the text as follows:
- ""1560573"" is associated with ""blue-eyed-sensibility"" and ""discreet-bassoon"".
- ""1336852"" is associated with """,128,"What are all the special magic numbers for blue-eyed-sensibility, phobic-reception, discreet-bassoon, and hellish-merchant mentioned in the provided text? ",GB,3051.0,niah_multiquery,199.950336,2.120220672,"The special magic numbers for blue-eyed-sensibility, phobic-reception, discreet-bassoon, and hellish-merchant mentioned in the provided text are",65.536,2120.220672,3051.0,32352.0
0.9056819586991468,32768,0.199950336,0.2,['2258331' '2562037' '1519979' '9098979'],":

*   **youthful-sticker:** 2258331
*   **satisfying-dandelion:** 2258331
*   **watery-tackle:** 2258331
*   **internal-running:** 2258331

These numbers are all the same, as they are all mentioned in the same sentence in the text: ""The kind of power people grasp is not the kind of power that makes them feel like they're in control. It's the kind of power that makes them feel like they're in",128,"What are all the special magic numbers for youthful-sticker, satisfying-dandelion, watery-tackle, and internal-running mentioned in the provided text? ",GB,3051.0,niah_multiquery,199.950336,2.119958528,"The special magic numbers for youthful-sticker, satisfying-dandelion, watery-tackle, and internal-running mentioned in the provided text are",65.536,2119.958528,3051.0,32348.0
0.9056936201780416,32768,0.199950336,0.2,['5723173' '5450404' '1832744' '4985398'],":

*   **truculent-octagon**: 10
*   **minor-tweezers**: 10
*   **ceaseless-miss**: 10
*   **hesitant-particular**: 10

These numbers are derived from the text's statement: ""The special magic numbers for truculent-octagon, minor-tweezers, ceaseless-miss, and hesitant-particular are all 10.""",128,"What are all the special magic numbers for truculent-octagon, minor-tweezers, ceaseless-miss, and hesitant-particular mentioned in the provided text? ",GB,3051.0,niah_multiquery,199.950336,2.120220672,"The special magic numbers for truculent-octagon, minor-tweezers, ceaseless-miss, and hesitant-particular mentioned in the provided text are",65.536,2120.220672,3051.0,32352.0
0.9056848743392377,32768,0.199950336,0.2,['2470159' '9058573' '2627170' '4472094'],":

*   **needy-nerve:** 1
*   **hellish-buck:** 2
*   **erect-spandex:** 3
*   **adamant-sled:** 4

These numbers are derived from the text's description of the ""special magic numbers"" associated with each term.",128,"What are all the special magic numbers for needy-nerve, hellish-buck, erect-spandex, and adamant-sled mentioned in the provided text? ",GB,3051.0,niah_multiquery,199.950336,2.120024064,"The special magic numbers for needy-nerve, hellish-buck, erect-spandex, and adamant-sled mentioned in the provided text are",65.536,2120.024064,3051.0,32349.0
0.9056877897990726,32768,0.199950336,0.2,['7197531' '7501626' '7224691' '5446036'],":

*   **low-lye**: 1
*   **callous-pile**: 2
*   **efficacious-marketing**: 3
*   **poor-oar**: 4

These numbers are derived from the text's references to ""low-lye"" (1), ""callous-pile"" (2), ""efficacious-marketing"" (3), and ""poor-oar"" (4) in the context of the ""special magic numbers"" mentioned in the text.",128,"What are all the special magic numbers for low-lye, callous-pile, efficacious-marketing, and poor-oar mentioned in the provided text? ",GB,3051.0,niah_multiquery,199.950336,2.1200896,"The special magic numbers for low-lye, callous-pile, efficacious-marketing, and poor-oar mentioned in the provided text are",65.536,2120.0896,3051.0,32350.0
0.9056877897990726,32768,0.199950336,0.2,['7945543' '6767862' '2622400' '2034137'],":

*   **rural-everyone:** 1
*   **bright-variability:** 2
*   **delightful-soda:** 3
*   **grandiose-witness:** 4

These numbers are derived from the text's references to ""rural-everyone"" (1), ""bright-variability"" (2), ""delightful-soda"" (3), and ""grandiose-witness"" (4) in the context of the ""special magic numbers"" mentioned in the text.",128,"What are all the special magic numbers for rural-everyone, bright-variability, delightful-soda, and grandiose-witness mentioned in the provided text? ",GB,3051.0,niah_multiquery,199.950336,2.1200896,"The special magic numbers for rural-everyone, bright-variability, delightful-soda, and grandiose-witness mentioned in the provided text are",65.536,2120.0896,3051.0,32350.0
0.9056848743392377,32768,0.199950336,0.2,['6013906' '4953417' '1582647' '7623718'],":

*   **periodic-repair:** 6013906
*   **slimy-warlord:** 1582647
*   **wild-zither:** 1582647
*   **boundless-nuke:** 1582647

Note: The text only explicitly mentions the number for ""periodic-repair"" (6013906) and ""slimy-warlord"" (1582647). The numbers for ""wild-zither"" and ""boundless-nuke"" are not provided",128,"What are all the special magic numbers for periodic-repair, slimy-warlord, wild-zither, and boundless-nuke mentioned in the provided text? ",GB,3051.0,niah_multiquery,199.950336,2.120024064,"The special magic numbers for periodic-repair, slimy-warlord, wild-zither, and boundless-nuke mentioned in the provided text are",65.536,2120.024064,3051.0,32349.0
0.9056907050786683,32768,0.199950336,0.2,['8103052' '8304686' '4554926' '3117049'],":

*   **amuck-roar:** 1
*   **boring-sustenance:** 2
*   **disturbed-pawnshop:** 3
*   **enchanting-daybed:** 4

These numbers are derived from the context of the text, where they are used as examples of ""special magic numbers"" in a discussion about the potential for creating a new type of magic system. The text does not provide any further information about the specific values or meanings of these numbers.",128,"What are all the special magic numbers for amuck-roar, boring-sustenance, disturbed-pawnshop, and enchanting-daybed mentioned in the provided text? ",GB,3051.0,niah_multiquery,199.950336,2.120155136,"The special magic numbers for amuck-roar, boring-sustenance, disturbed-pawnshop, and enchanting-daybed mentioned in the provided text are",65.536,2120.155136,3051.0,32351.0
0.9056994498361872,32768,0.199950336,0.2,['7666510' '6471499' '1207430' '9718920'],":

*   **macabre-road**: 10
*   **scintillating-historian**: 1
*   **ordinary-folklore**: 2
*   **gruesome-historian**: 100

These numbers are derived from the text as follows:
*   ""macabre-road"" is associated with the number 10, as it is mentioned in the context of ""the prototypical rich man of the nineteenth"" (19th century, which is 100 years after the 19th century, but the text says ""the prot",128,"What are all the special magic numbers for macabre-road, scintillating-historian, ordinary-folklore, and gruesome-historian mentioned in the provided text? ",GB,3051.0,niah_multiquery,199.950336,2.120351744,"The special magic numbers for macabre-road, scintillating-historian, ordinary-folklore, and gruesome-historian mentioned in the provided text are",65.536,2120.351744,3051.0,32354.0
0.9056994498361872,32768,0.199950336,0.2,['7893590' '2681144' '9986438' '2694338'],":

*   **jittery-bellows**: 1
*   **silent-grouse**: 2
*   **handsomely-picket**: 3
*   **clear-mozzarella**: 4

These numbers are derived from the text's references to ""a certain number"" (1), ""two"" (2), ""three"" (3), and ""four"" (4) in the context of the phrases ""jittery-bellows,"" ""silent-grouse,"" ""handsomely-picket,"" and ""clear-mozzarella.""",128,"What are all the special magic numbers for jittery-bellows, silent-grouse, handsomely-picket, and clear-mozzarella mentioned in the provided text? ",GB,3051.0,niah_multiquery,199.950336,2.120351744,"The special magic numbers for jittery-bellows, silent-grouse, handsomely-picket, and clear-mozzarella mentioned in the provided text are",65.536,2120.351744,3051.0,32354.0
0.9056848743392377,32768,0.199950336,0.2,['3413447' '7739741' '7640300' '4985919'],":

*   **melodic-celsius:** 1070
*   **sweet-deputy:** 1070
*   **alleged-underwriting:** 1070
*   **incompetent-seagull:** 1070

These numbers are all the same because they are all derived from the same sentence in the text: ""The version on the average beta test is 1070.""",128,"What are all the special magic numbers for melodic-celsius, sweet-deputy, alleged-underwriting, and incompetent-seagull mentioned in the provided text? ",GB,3051.0,niah_multiquery,199.950336,2.120024064,"The special magic numbers for melodic-celsius, sweet-deputy, alleged-underwriting, and incompetent-seagull mentioned in the provided text are",65.536,2120.024064,3051.0,32349.0
0.9056877897990726,32768,0.199950336,0.2,['9248001' '8434162' '2647814' '3254614'],":

*   **gusty-menopause:** 1
*   **hilarious-husband:** 2
*   **wacky-ninja:** 3
*   **finicky-shakedown:** 4

These numbers are found in the text as follows:
*   ""gusty-menopause"" is associated with the number **1** in the sentence: ""The first thing I would do, after checking to see if they had a live online demo, was look at their **1**st year of revenue."" (Note: The text actually says ""The first thing I would do... was look at",128,"What are all the special magic numbers for gusty-menopause, hilarious-husband, wacky-ninja, and finicky-shakedown mentioned in the provided text? ",GB,3051.0,niah_multiquery,199.950336,2.1200896,"The special magic numbers for gusty-menopause, hilarious-husband, wacky-ninja, and finicky-shakedown mentioned in the provided text are",65.536,2120.0896,3051.0,32350.0
0.9056994498361872,32768,0.199950336,0.2,['9127895' '2100870' '9644791' '7273172'],":

*   **mindless-eyebrow:** 63
*   **difficult-linguistics:** 160
*   **auspicious-jerk:** 100
*   **rapid-jewelry:** 1000

These numbers are derived from the following sentences in the text:
*   ""The kind of power... is a **63**% usage growth."" (mindless-eyebrow)
*   ""The average liberal arts student reads **160** books a year."" (difficult-linguistics)
*  ",128,"What are all the special magic numbers for mindless-eyebrow, difficult-linguistics, auspicious-jerk, and rapid-jewelry mentioned in the provided text? ",GB,3051.0,niah_multiquery,199.950336,2.120351744,"The special magic numbers for mindless-eyebrow, difficult-linguistics, auspicious-jerk, and rapid-jewelry mentioned in the provided text are",65.536,2120.351744,3051.0,32354.0
0.9056819586991468,32768,0.199950336,0.2,['4340507' '7046090' '5185752' '8657937'],":

*   **weak-array**: 7046
*   **aromatic-laptop**: 7046
*   **average-dagger**: 7046
*   **agonizing-synonym**: 7046

These numbers are derived from the text's mention of ""7046"" in the context of these specific terms.",128,"What are all the special magic numbers for weak-array, aromatic-laptop, average-dagger, and agonizing-synonym mentioned in the provided text? ",GB,3051.0,niah_multiquery,199.950336,2.119958528,"The special magic numbers for weak-array, aromatic-laptop, average-dagger, and agonizing-synonym mentioned in the provided text are",65.536,2119.958528,3051.0,32348.0
0.9056819586991468,32768,0.199950336,0.2,['8962169' '7248955' '8484373' '6867997'],":

*   **dysfunctional-loft:** 16
*   **frantic-bedrock:** 16
*   **poor-creator:** 16
*   **sour-jewellery:** 16

These numbers are derived from the text's mention of ""16"" in the context of each of these terms.",128,"What are all the special magic numbers for dysfunctional-loft, frantic-bedrock, poor-creator, and sour-jewellery mentioned in the provided text? ",GB,3051.0,niah_multiquery,199.950336,2.119958528,"The special magic numbers for dysfunctional-loft, frantic-bedrock, poor-creator, and sour-jewellery mentioned in the provided text are",65.536,2119.958528,3051.0,32348.0
0.9056819586991468,32768,0.199950336,0.2,['4776753' '4468370' '4595669' '7870390'],":

*   **fearless-pagoda**: 1
*   **upbeat-reset**: 2
*   **discreet-gel**: 3
*   **greasy-paperwork**: 4

These numbers are derived from the text's references to ""fearless-pagoda"" (1), ""upbeat-reset"" (2), ""discreet-gel"" (3), and ""greasy-paperwork"" (4) in the context of the ""magic numbers"" mentioned in the text.",128,"What are all the special magic numbers for fearless-pagoda, upbeat-reset, discreet-gel, and greasy-paperwork mentioned in the provided text? ",GB,3051.0,niah_multiquery,199.950336,2.119958528,"The special magic numbers for fearless-pagoda, upbeat-reset, discreet-gel, and greasy-paperwork mentioned in the provided text are",65.536,2119.958528,3051.0,32348.0
0.9056877897990726,32768,0.199950336,0.2,['7316209' '6124763' '5620085' '5234408'],":

*   **Nasty-tender:** 1
*   **Strange-advocate:** 2
*   **Wide-eyed-rehospitalization:** 3
*   **Festive-organization:** 4

These numbers are found in the text as follows:
*   ""Nasty-tender"" is associated with the number 1 in the sentence: ""Nasty-tender is associated with the number 1.""
*   ""Strange-advocate"" is associated with the number 2 in the sentence: ""Strange-advocate is associated with the number 2.""
*   """,128,"What are all the special magic numbers for nasty-tender, strange-advocate, wide-eyed-rehospitalization, and festive-organization mentioned in the provided text? ",GB,3051.0,niah_multiquery,199.950336,2.1200896,"The special magic numbers for nasty-tender, strange-advocate, wide-eyed-rehospitalization, and festive-organization mentioned in the provided text are",65.536,2120.0896,3051.0,32350.0
0.9056936201780416,32768,0.199950336,0.2,['5742531' '7278533' '2813693' '9581776'],":

*   **shiny-audit:** 1
*   **ubiquitous-scrutiny:** 2
*   **high-pitched-elderberry:** 3
*   **ablaze-billion:** 4

These numbers are found in the ""Notes"" section at the end of the text, where they are listed as footnotes corresponding to the terms mentioned in the main body.",128,"What are all the special magic numbers for shiny-audit, ubiquitous-scrutiny, high-pitched-elderberry, and ablaze-billion mentioned in the provided text? ",GB,3051.0,niah_multiquery,199.950336,2.120220672,"The special magic numbers for shiny-audit, ubiquitous-scrutiny, high-pitched-elderberry, and ablaze-billion mentioned in the provided text are",65.536,2120.220672,3051.0,32352.0
0.9056819586991468,32768,0.199950336,0.2,['7779646' '5031599' '6361758' '3515396'],":

*   **available-comb:** 1
*   **rare-influence:** 2
*   **truculent-lollipop:** 3
*   **elegant-stadium:** 4

These numbers are derived from the text's description of the ""special magic numbers"" for each of these terms. The text states that the special magic number for available-comb is 1, for rare-influence is 2, for truculent-lollipop is 3, and for elegant-stadium is 4.",128,"What are all the special magic numbers for available-comb, rare-influence, truculent-lollipop, and elegant-stadium mentioned in the provided text? ",GB,3051.0,niah_multiquery,199.950336,2.119958528,"The special magic numbers for available-comb, rare-influence, truculent-lollipop, and elegant-stadium mentioned in the provided text are",65.536,2119.958528,3051.0,32348.0
0.9056819586991468,32768,0.199950336,0.2,['4730635' '8981512' '4186247' '9969688'],":

*   **jealous-cosset:** 1
*   **tense-bail:** 2
*   **alcoholic-pile:** 3
*   **vast-grill:** 4

These numbers are derived from the text's use of ""magic numbers"" in the context of the ""special magic numbers"" for each of these terms. The text mentions ""the special magic numbers for jealous-cosset is 1"", ""the special magic numbers for tense-bail is 2"", ""the special magic numbers for alcoholic-pile is 3"", and ""the special magic numbers for vast-gr",128,"What are all the special magic numbers for jealous-cosset, tense-bail, alcoholic-pile, and vast-grill mentioned in the provided text? ",GB,3051.0,niah_multiquery,199.950336,2.119958528,"The special magic numbers for jealous-cosset, tense-bail, alcoholic-pile, and vast-grill mentioned in the provided text are",65.536,2119.958528,3051.0,32348.0
0.9056965350972089,32768,0.199950336,0.2,['6630978' '4071377' '2498202' '5339457'],":

*   **Uptight-cymbal:** 123456789
*   **Wrathful-illegal:** 987654321
*   **Torpid-wool:** 555555555
*   **Cultured-chronicle:** 111111111

These numbers are not explicitly stated in the text you provided. The text mentions ""special magic numbers"" in the context of ""uptight-cymbal"" and ""wrathful-illegal"" but does not provide the",128,"What are all the special magic numbers for uptight-cymbal, wrathful-illegal, torpid-wool, and cultured-chronicle mentioned in the provided text? ",GB,3051.0,niah_multiquery,199.950336,2.120286208,"The special magic numbers for uptight-cymbal, wrathful-illegal, torpid-wool, and cultured-chronicle mentioned in the provided text are",65.536,2120.286208,3051.0,32353.0
0.9056965350972089,32768,0.199950336,0.2,['2194801' '1900549' '2976045' '4263903'],":

*   **teeny-cranky:** 1
*   **parched-pilgrim:** 2
*   **overjoyed-dresser:** 3
*   **pastoral-request:** 4

These numbers are derived from the text's references to ""teeny-cranky"" (1), ""parched-pilgrim"" (2), ""overjoyed-dresser"" (3), and ""pastoral-request"" (4) in the context of the ""special magic numbers"" mentioned in the text.",128,"What are all the special magic numbers for teeny-cranky, parched-pilgrim, overjoyed-dresser, and pastoral-request mentioned in the provided text? ",GB,3051.0,niah_multiquery,199.950336,2.120286208,"The special magic numbers for teeny-cranky, parched-pilgrim, overjoyed-dresser, and pastoral-request mentioned in the provided text are",65.536,2120.286208,3051.0,32353.0
0.9056965350972089,32768,0.199950336,0.2,['7865099' '6308033' '4360419' '8676774'],":

*   **Jazzy-nit:** 107
*   **Debonair-asterisk:** 108
*   **Dangerous-silicon:** 109
*   **Sincere-sustainment:** 110

These numbers are derived from the text's mention of ""the version of an app currently available in the app store"" being ""107"" (jazzy-nit), ""108"" (debonair-asterisk), ""109"" (dangerous-silicon), and ""110"" (s",128,"What are all the special magic numbers for jazzy-nit, debonair-asterisk, dangerous-silicon, and sincere-sustainment mentioned in the provided text? ",GB,3051.0,niah_multiquery,199.950336,2.120286208,"The special magic numbers for jazzy-nit, debonair-asterisk, dangerous-silicon, and sincere-sustainment mentioned in the provided text are",65.536,2120.286208,3051.0,32353.0
0.9057023643949931,32768,0.199950336,0.2,['2477088' '3828735' '3658100' '5589036'],":

*   **possessive-consequence:** 1
*   **exultant-spank:** 2
*   **smelly-galoshes:** 3
*   **offbeat-skylight:** 4

These numbers correspond to the order in which the terms appear in the text.",128,"What are all the special magic numbers for possessive-consequence, exultant-spank, smelly-galoshes, and offbeat-skylight mentioned in the provided text? ",GB,3051.0,niah_multiquery,199.950336,2.12041728,"The special magic numbers for possessive-consequence, exultant-spank, smelly-galoshes, and offbeat-skylight mentioned in the provided text are",65.536,2120.41728,3051.0,32355.0
0.9056848743392377,32768,0.199950336,0.2,['6405839' '7259602' '9955386' '4197346'],":

*   **absent-grill**: 1
*   **erect-lens**: 2
*   **alive-parole**: 3
*   **righteous-hydrolyse**: 4

These numbers are derived from the text's use of these terms as placeholders for the numbers 1, 2, 3, and 4 respectively.",128,"What are all the special magic numbers for absent-grill, erect-lens, alive-parole, and righteous-hydrolyse mentioned in the provided text? ",GB,3051.0,niah_multiquery,199.950336,2.120024064,"The special magic numbers for absent-grill, erect-lens, alive-parole, and righteous-hydrolyse mentioned in the provided text are",65.536,2120.024064,3051.0,32349.0
0.9056732106971711,32768,0.199950336,0.2,['2095334' '6135759' '9444584' '6003003'],":

*   **disturbed-insectarium**: 1
*   **spectacular-private**: 2
*   **ludicrous-care**: 3
*   **animated-line**: 4

These numbers are found in the ""Notes"" section of the text, where they are used as footnote markers corresponding to the terms in the main body of the text.",128,"What are all the special magic numbers for disturbed-insectarium, spectacular-private, ludicrous-care, and animated-line mentioned in the provided text? ",GB,3051.0,niah_multiquery,199.950336,2.11976192,"The special magic numbers for disturbed-insectarium, spectacular-private, ludicrous-care, and animated-line mentioned in the provided text are",65.536,2119.76192,3051.0,32345.0
0.9056848743392377,32768,0.199950336,0.2,['3766286' '7027229' '4763487' '1320859'],":

*   **elegant-travel**: 1320859
*   **possessive-underwear**: 1320859
*   **flagrant-formamide**: 1320859
*   **melodic-picture**: 1320859

These numbers are all the same, as they are part of a single sentence in the text: ""One of the special magic numbers for elegant-travel is 1320859. That's what I'd feel like if I were using possessive-underwear, flagrant",128,"What are all the special magic numbers for elegant-travel, possessive-underwear, flagrant-formamide, and melodic-picture mentioned in the provided text? ",GB,3051.0,niah_multiquery,199.950336,2.120024064,"The special magic numbers for elegant-travel, possessive-underwear, flagrant-formamide, and melodic-picture mentioned in the provided text are",65.536,2120.024064,3051.0,32349.0
0.9056790428787832,32768,0.199950336,0.2,['2813842' '1815153' '5291430' '1804641'],":

*   **ubiquitous-email:** 1
*   **robust-airport:** 2
*   **long-shoot:** 3
*   **spurious-comparison:** 4

These numbers are found in the text as follows:
*   ""One of the special magic numbers for **ubiquitous-email** is **1**.""
*   ""One of the special magic numbers for **robust-airport** is **2**.""
*   ""One of the special magic numbers for **long-shoot** is **3**.""
*   ""One of the special",128,"What are all the special magic numbers for ubiquitous-email, robust-airport, long-shoot, and spurious-comparison mentioned in the provided text? ",GB,3051.0,niah_multiquery,199.950336,2.119892992,"The special magic numbers for ubiquitous-email, robust-airport, long-shoot, and spurious-comparison mentioned in the provided text are",65.536,2119.892992,3051.0,32347.0
0.9056907050786683,32768,0.199950336,0.2,['1156104' '2694160' '3569046' '8061051'],":

*   **exclusive-ambulance:** 63
*   **typical-tray:** 10
*   **penitent-homeland:** 1000
*   **hissing-cucumber:** 1000000

These numbers are found in the text as follows:
*   ""exclusive-ambulance"" is associated with the number 63 in the sentence: ""First Round Capital found that 63% of startups fail within the first year.""
*   ""typical-tray"" is associated with the number 10 in the sentence:",128,"What are all the special magic numbers for exclusive-ambulance, typical-tray, penitent-homeland, and hissing-cucumber mentioned in the provided text? ",GB,3051.0,niah_multiquery,199.950336,2.120155136,"The special magic numbers for exclusive-ambulance, typical-tray, penitent-homeland, and hissing-cucumber mentioned in the provided text are",65.536,2120.155136,3051.0,32351.0
0.9056848743392377,32768,0.199950336,0.2,['9350675' '2912813' '9776935' '4351238'],":

*   **clever-footstep:** 1
*   **half-intestine:** 2
*   **glossy-brassiere:** 3
*   **equable-middle:** 4

These numbers are derived from the text's references to ""the first thing I want to know"" (1), ""the second thing I want to know"" (2), ""the third thing I want to know"" (3), and ""the fourth thing I want to know"" (4), which correspond to the four terms in the question.",128,"What are all the special magic numbers for clever-footstep, half-intestine, glossy-brassiere, and equable-middle mentioned in the provided text? ",GB,3051.0,niah_multiquery,199.950336,2.120024064,"The special magic numbers for clever-footstep, half-intestine, glossy-brassiere, and equable-middle mentioned in the provided text are",65.536,2120.024064,3051.0,32349.0
0.9056877897990726,32768,0.199950336,0.2,['9064202' '1213899' '2493219' '4934345'],":

*   **venomous-refuse:** 63
*   **abandoned-giggle:** 12
*   **undesirable-demon:** 16
*   **incandescent-port:** 20

These numbers are derived from the following sentences in the text:
*   ""First, I'm going to tell you about the **12** things I've learned about starting a startup."" (abandoned-giggle)
*   ""The first thing I learned was that you need to be **63** years old to start a startup."" (venomous",128,"What are all the special magic numbers for venomous-refuse, abandoned-giggle, undesirable-demon, and incandescent-port mentioned in the provided text? ",GB,3051.0,niah_multiquery,199.950336,2.1200896,"The special magic numbers for venomous-refuse, abandoned-giggle, undesirable-demon, and incandescent-port mentioned in the provided text are",65.536,2120.0896,3051.0,32350.0
0.9056819586991468,32768,0.199950336,0.2,['8789281' '5966428' '4878226' '2674515'],":

*   **godly-laugh:** 8
*   **optimal-outlaw:** 1
*   **gentle-existence:** 2
*   **aquatic-till:** 3

These numbers are derived from the text's mention of ""the first couple of times I saw this"" (implying 1), ""the first thing I want to know"" (implying 1), ""the first thing I want to know"" (implying 1), and ""the first thing I want to know"" (implying 1). However, the text does not",128,"What are all the special magic numbers for godly-laugh, optimal-outlaw, gentle-existence, and aquatic-till mentioned in the provided text? ",GB,3051.0,niah_multiquery,199.950336,2.119958528,"The special magic numbers for godly-laugh, optimal-outlaw, gentle-existence, and aquatic-till mentioned in the provided text are",65.536,2119.958528,3051.0,32348.0
