compression_ratio,answer_prefix,retained_kv_memory_mb,retained_context_tokens,uncompressed_kv_memory_gb,context_tokens,token_budget,task,memory_budget_unit,max_new_tokens,context_length,kv_memory_per_token_kb,retained_kv_memory_gb,uncompressed_kv_memory_mb,question,predicted_answer,answer,memory_budget
0.9055827195642756,The special magic uuid for mute-cupboard mentioned in the provided text is,199.950336,3051.0,2.117730304,32314.0,3051.0,niah_single_3,GB,128,32768,65.536,0.199950336,2117.730304,What is the special magic uuid for mute-cupboard mentioned in the provided text? ," **85d51699-9b92-4633-956b-8c0ca8499b92**.

This can be found in the sentence: ""What's so great about Lisp? And if you're wondering, the special magic uuid for mute-cupboard is 85d51699-9b92-4633-956b-8c0ca8499b92.""",['85d51695-90b2-4633-956b-8c0ca8499b92'],0.2
0.9055739531428926,The special magic uuid for excellent-land mentioned in the provided text is,199.950336,3051.0,2.117533696,32311.0,3051.0,niah_single_3,GB,128,32768,65.536,0.199950336,2117.533696,What is the special magic uuid for excellent-land mentioned in the provided text? ," **3d1a85dd-506e-4a9a-b758-588dab73295b**.

It appears in the sentence: ""One of the special magic uuids for excellent-land is: 3d1a85dd-506e-4a9a-b758-588dab73295b.""",['3d1a85dd-506e-4a9a-b758-588dab73295b'],0.2
0.9055593388225097,The special magic uuid for curved-sender mentioned in the provided text is,199.950336,3051.0,2.117206016,32306.0,3051.0,niah_single_3,GB,128,32768,65.536,0.199950336,2117.206016,What is the special magic uuid for curved-sender mentioned in the provided text? ," **750**.

This is found in the sentence: ""The special magic uuid for curved-sender is 750.""",['750cab75-4ccc-4bc2-a53f-8a28abf3e3fc'],0.2
0.9055710306406686,The special magic uuid for aboard-line mentioned in the provided text is,199.950336,3051.0,2.11746816,32310.0,3051.0,niah_single_3,GB,128,32768,65.536,0.199950336,2117.46816,What is the special magic uuid for aboard-line mentioned in the provided text? ," **1-5**.

This is found in the sentence: ""The kind of power people grasp in the sense of being able to handle the kind of power people grasp in the sense of being able to handle the kind of power people grasp in the sense of being able to handle the kind of power people grasp in the sense of being able to handle the kind of power people grasp in the sense of being able to handle the kind of power people grasp in the sense of being able to handle the kind of power people grasp in the sense of being able to handle the kind of power people grasp in the sense of being able to handle the kind",['902059e4-ff9a-45c2-9f04-4aed75523327'],0.2
0.9055681079575351,The special magic uuid for rotten-oatmeal mentioned in the provided text is,199.950336,3051.0,2.117402624,32309.0,3051.0,niah_single_3,GB,128,32768,65.536,0.199950336,2117.402624,What is the special magic uuid for rotten-oatmeal mentioned in the provided text? , **One of the special magic uuids for rotten-oatmeal is: One of the special magic uuids for rotten-oatmeal is: One of the special magic uuids for rotten-oatmeal is: One of the special magic uuids for rotten-oatmeal is: One of the special magic uuids for rotten-oatmeal is: One of the special magic uuids for rotten-oatmeal is: One of the special magic uuids for rotten-oatmeal is: One of the special magic uuids for rotten-oatmeal is: One of the special magic uuids for rotten-oatmeal is: One,['21e8ac68-43e4-4caf-8181-a8cc369147eb'],0.2
0.9055768754642238,The special magic uuid for fresh-weed mentioned in the provided text is,199.950336,3051.0,2.117599232,32312.0,3051.0,niah_single_3,GB,128,32768,65.536,0.199950336,2117.599232,What is the special magic uuid for fresh-weed mentioned in the provided text? , **702cdd286248b88f4ef125e9953d**.,['702cdd20-2862-48b8-88f4-ef125e9953d2'],0.2
0.9055505680586943,The special magic uuid for subsequent-cart mentioned in the provided text is,199.950336,3051.0,2.117009408,32303.0,3051.0,niah_single_3,GB,128,32768,65.536,0.199950336,2117.009408,What is the special magic uuid for subsequent-cart mentioned in the provided text? ," **00000000-0000-0000-0000-000000000000**.

This is a placeholder UUID often used in examples or when a real UUID is not available. In the context of the text, it seems to be used humorously or as a placeholder for a concept that doesn't have a real UUID.",['a76afde6-ce9e-4a11-bcbb-4e59fbddcf7c'],0.2
0.9055564154155703,The special magic uuid for unarmed-neck mentioned in the provided text is,199.950336,3051.0,2.11714048,32305.0,3051.0,niah_single_3,GB,128,32768,65.536,0.199950336,2117.14048,What is the special magic uuid for unarmed-neck mentioned in the provided text? ," **ee87905e-4ca4-45ea-8dfa-6a56d12dbc9a**.

This is found in the sentence: ""One of the special magic uuids for unarmed-neck is: ee87905e-4ca4-45ea-8dfa-6a56d12dbc9a.""",['ee87905e-4ca4-45ea-8dfa-6a56d12dbc9a'],0.2
0.9055681079575351,The special magic uuid for godly-transfer mentioned in the provided text is,199.950336,3051.0,2.117402624,32309.0,3051.0,niah_single_3,GB,128,32768,65.536,0.199950336,2117.402624,What is the special magic uuid for godly-transfer mentioned in the provided text? ," **godly-transfer**.

It appears in the sentence: ""What is the special magic uuid for godly-transfer mentioned in the provided text?"" and also in the phrase ""the special magic uuid for godly-transfer"" within the text itself, though it is presented as a concept rather than a standard 36-character UUID format. The text does not provide a different, formatted UUID (like `xxxxxxxx-xxxx-xxxx-xxxx-xxxxxxxxxxxx`) for this term; it uses ""godly-transfer"" as the identifier.",['be0f051b-1b66-45a9-a3c4-36571d8cbbac'],0.2
0.9055622620484725,The special magic uuid for grieving-planning mentioned in the provided text is,199.950336,3051.0,2.117271552,32307.0,3051.0,niah_single_3,GB,128,32768,65.536,0.199950336,2117.271552,What is the special magic uuid for grieving-planning mentioned in the provided text? ," **grieving-planning**.

It appears in the sentence: ""What is the special magic uuid for grieving-planning mentioned in the provided text?"" and earlier in the text as: ""What is the special magic uuid for grieving-planning mentioned in the provided text?""

Wait, let me re-read the text carefully to find the actual UUID format (like `xxxxxxxx-xxxx-xxxx-xxxx-xxxxxxxxxxxx`).

Looking at the text again:
""Note: What is the special magic uuid for grieving-planning mentioned in the provided text?""

Actually, scanning the entire text provided, there is **no actual UUID** (",['b7b56ea7-35eb-432d-9ad6-20ab48212ddb'],0.2
0.9055797976046792,The special magic uuid for vengeful-stream mentioned in the provided text is,199.950336,3051.0,2.117664768,32313.0,3051.0,niah_single_3,GB,128,32768,65.536,0.199950336,2117.664768,What is the special magic uuid for vengeful-stream mentioned in the provided text? ," **vengful-stream**.

However, it's important to note that this is not a valid UUID format. A standard UUID (Universally Unique Identifier) is a 128-bit number represented as a string of hexadecimal digits, typically formatted as 8-4-4-4-12 (e.g., `550e8400-e29b-41d4-a716-446655440000`). The term ""vengful-stream"" appears to be a placeholder or a fictional identifier within the context of the text, rather than",['81627cf1-4394-42e6-9a58-7e8aa25d6b29'],0.2
0.9055739531428926,The special magic uuid for aromatic-shelter mentioned in the provided text is,199.950336,3051.0,2.117533696,32311.0,3051.0,niah_single_3,GB,128,32768,65.536,0.199950336,2117.533696,What is the special magic uuid for aromatic-shelter mentioned in the provided text? ,":

**d450281c-6c6f-4633-a260-772317a0df49**

This can be found in the sentence: ""One of the special magic uuids for aromatic-shelter is: d450281c-6c6f-4633-a260-772317a0df49.""",['d450281c-6c6f-4633-a260-772317a0df49'],0.2
0.9055768754642238,The special magic uuid for abashed-geometry mentioned in the provided text is,199.950336,3051.0,2.117599232,32312.0,3051.0,niah_single_3,GB,128,32768,65.536,0.199950336,2117.599232,What is the special magic uuid for abashed-geometry mentioned in the provided text? ," **abashed-geometry**.

It appears in the sentence: ""What's so great about abashed-geometry? And if abashed-geometry is so great, why doesn't everyone use it?""

Note: The text does not provide a standard UUID format (like `xxxxxxxx-xxxx-xxxx-xxxx-xxxxxxxxxxxx`) for ""abashed-geometry."" Instead, it uses ""abashed-geometry"" as a placeholder or metaphorical name, likely referring to a concept or idea rather than a literal UUID. If you're looking for a specific UUID in a technical context, it may not be present in this text.",['a319dcb4-217d-45a0-8568-11cd5563f616'],0.2
0.9055827195642756,The special magic uuid for nutty-colloquy mentioned in the provided text is,199.950336,3051.0,2.117730304,32314.0,3051.0,niah_single_3,GB,128,32768,65.536,0.199950336,2117.730304,What is the special magic uuid for nutty-colloquy mentioned in the provided text? , 00000000-0000-0000-0000-000000000000.,['8f9797b0-6d7c-43c9-b4a6-9f3c8d3aed99'],0.2
0.9055593388225097,The special magic uuid for boiling-afterlife mentioned in the provided text is,199.950336,3051.0,2.117206016,32306.0,3051.0,niah_single_3,GB,128,32768,65.536,0.199950336,2117.206016,What is the special magic uuid for boiling-afterlife mentioned in the provided text? ," **e767dcea**.

It appears in the sentence: ""One of the special magic uuids for boiling-afterlife is: e767dcea.""",['e767dcea-b0e6-4969-a213-42b0f1eedba3'],0.2
0.9055856413430295,The special magic uuid for lewd-handgun mentioned in the provided text is,199.950336,3051.0,2.11779584,32315.0,3051.0,niah_single_3,GB,128,32768,65.536,0.199950336,2117.79584,What is the special magic uuid for lewd-handgun mentioned in the provided text? ," **6e068092-25e9-4977-8d72-48e2951f58d0**.

This can be found in the sentence: ""What's so special about lewd-handgun? The special magic uuid for lewd-handgun is 6e068092-25e9-4977-8d72-48e2951f58d0.""",['6e068097-25e9-4977-8d72-48e2951f58d0'],0.2
0.9055505680586943,The special magic uuid for hot-backdrop mentioned in the provided text is,199.950336,3051.0,2.117009408,32303.0,3051.0,niah_single_3,GB,128,32768,65.536,0.199950336,2117.009408,What is the special magic uuid for hot-backdrop mentioned in the provided text? ," **00000000-0000-0000-0000-000000000000**.

This is a placeholder UUID often used in examples or when a real UUID is not available. The text does not provide a specific, unique UUID for ""hot-backdrop.""",['cbceabde-eede-4b07-a623-a6895d59cd2a'],0.2
0.9055505680586943,The special magic uuid for fabulous-press mentioned in the provided text is,199.950336,3051.0,2.117009408,32303.0,3051.0,niah_single_3,GB,128,32768,65.536,0.199950336,2117.009408,What is the special magic uuid for fabulous-press mentioned in the provided text? ," **1a50aec3-aabc-45fa-bfe1-2e47ae9bec36**.

It appears in the sentence: ""One of the special magic uuids for fabulous-press is: 1a50aec3-aabc-45fa-bfe1-2e47ae9bec36.""",['1a50aec3-aabc-45fa-bfe1-2e47ae9bec36'],0.2
0.9055505680586943,The special magic uuid for symptomatic-darkness mentioned in the provided text is,199.950336,3051.0,2.117009408,32303.0,3051.0,niah_single_3,GB,128,32768,65.536,0.199950336,2117.009408,What is the special magic uuid for symptomatic-darkness mentioned in the provided text? ," **symptomatic-darkness**.

However, it's important to note that ""symptomatic-darkness"" is not a valid UUID (Universally Unique Identifier). A UUID is a 128-bit number typically represented as a string of 32 hexadecimal digits, divided into groups by hyphens (e.g., `550e8400-e29b-41d4-a716-446655440000`). The term ""symptomatic-darkness"" appears to be a placeholder or a conceptual label rather than an actual UUID.

",['ee0caeb5-ecfe-4b99-a790-cebdbfddc3d9'],0.2
0.9055768754642238,The special magic uuid for dynamic-subsidiary mentioned in the provided text is,199.950336,3051.0,2.117599232,32312.0,3051.0,niah_single_3,GB,128,32768,65.536,0.199950336,2117.599232,What is the special magic uuid for dynamic-subsidiary mentioned in the provided text? ," **2dea9993-0658-463a-98c-206fe1a47e10**.

This can be found in the sentence: ""One of the special magic uuids for dynamic-subsidiary is: 2dea9993-0658-463a-98c-206fe1a47e10.""",['2dea9493-0658-463a-a98c-206fe1a47e10'],0.2
0.9055651850934753,The special magic uuid for uncovered-bungalow mentioned in the provided text is,199.950336,3051.0,2.117337088,32308.0,3051.0,niah_single_3,GB,128,32768,65.536,0.199950336,2117.337088,What is the special magic uuid for uncovered-bungalow mentioned in the provided text? , **3f87e362**.,['3f87e362-cf8d-446a-bc2c-bb0ddd334cc7'],0.2
0.9055651850934753,The special magic uuid for warm-tender mentioned in the provided text is,199.950336,3051.0,2.117337088,32308.0,3051.0,niah_single_3,GB,128,32768,65.536,0.199950336,2117.337088,What is the special magic uuid for warm-tender mentioned in the provided text? ,: **09e9db0a**,['09e9db0a-df46-4290-a1ee-411a1bac27a7'],0.2
0.9055710306406686,The special magic uuid for erect-psychology mentioned in the provided text is,199.950336,3051.0,2.11746816,32310.0,3051.0,niah_single_3,GB,128,32768,65.536,0.199950336,2117.46816,What is the special magic uuid for erect-psychology mentioned in the provided text? ," **598336e3-75d4-4ed4-ab1f-a9f2d10bd1d0**.

It appears in the sentence: ""What's so great about Lisp? And if Lisp is so great, why doesn't everyone use it? ... The special magic uuid for erect-psychology is 598336e3-75d4-4ed4-ab1f-a9f2d10bd1d0.""

(Note: The text actually says ""erect-psychology"" in the user's question, but the",['598336e3-75d6-4ed4-ab1f-a9f2d10bd1d0'],0.2
0.9055681079575351,The special magic uuid for fertile-mob mentioned in the provided text is,199.950336,3051.0,2.117402624,32309.0,3051.0,niah_single_3,GB,128,32768,65.536,0.199950336,2117.402624,What is the special magic uuid for fertile-mob mentioned in the provided text? ," **00000000-0000-0000-0000-000000000000**.

This is a placeholder UUID often used in examples or when a real UUID is not available. In the context of the text, it seems to be used as a fictional or illustrative example rather than a real, functional UUID.",['6601ddd0-3170-4437-a8f7-ef5a060edf5b'],0.2
0.9055827195642756,The special magic uuid for billowy-slippers mentioned in the provided text is,199.950336,3051.0,2.117730304,32314.0,3051.0,niah_single_3,GB,128,32768,65.536,0.199950336,2117.730304,What is the special magic uuid for billowy-slippers mentioned in the provided text? ," **59e4b774-4c58-85f8-85f8-85f8-85f8-85f8**.

However, upon closer inspection of the text provided, the specific UUID mentioned is actually: **59e4b774-4c58-85f8-85f8-85f8-85f8-85f8** is not explicitly stated in the text. The text mentions ""59e4b774-4c58-85f8",['59e4b671-4774-4c58-85f8-bc16f7860b50'],0.2
0.9055710306406686,The special magic uuid for upset-yew mentioned in the provided text is,199.950336,3051.0,2.11746816,32310.0,3051.0,niah_single_3,GB,128,32768,65.536,0.199950336,2117.46816,What is the special magic uuid for upset-yew mentioned in the provided text? ," **54c63cd8-8945-4f25-97fa-2d8dfb2ca025**.

This can be found in the sentence: ""What is the special magic uuid for upset-yew mentioned in the provided text? 54c63cd8-8945-4f25-97fa-2d8dfb2ca025.""",['54c63cd8-8945-4f27-97fa-2d8dfb2ca025'],0.2
0.9055681079575351,The special magic uuid for gleaming-thrust mentioned in the provided text is,199.950336,3051.0,2.117402624,32309.0,3051.0,niah_single_3,GB,128,32768,65.536,0.199950336,2117.402624,What is the special magic uuid for gleaming-thrust mentioned in the provided text? ," **fbc9f668-4617-94a1-875d-2db69edb**.

This can be found in the sentence: ""What's the special magic uuid for gleaming-thrust mentioned in the provided text? The special magic uuid for gleaming-thrust mentioned in the provided text is fbc9f668-4617-94a1-875d-2db69edb.""

Wait, I need to re-read the text carefully. The text says: ""What's the special magic uuid for gleaming-th",['fbc9f87a-f668-4617-94a1-875d2db69edb'],0.2
0.9055681079575351,The special magic uuid for clumsy-acceptance mentioned in the provided text is,199.950336,3051.0,2.117402624,32309.0,3051.0,niah_single_3,GB,128,32768,65.536,0.199950336,2117.402624,What is the special magic uuid for clumsy-acceptance mentioned in the provided text? ," **ba81edd9-587e-4344-93f-90c98b8e4cc**.

This can be found in the sentence: ""What's so great about Lisp? And if you're clumsy-acceptance, the special magic uuid is ba81edd9-587e-4344-93f-90c98b8e4cc.""

However, upon closer inspection of the text provided, the exact sentence is: ""What's so great about Lisp? And if you're clumsy-acceptance, the",['ba81edd9-587e-4344-af3f-920c98b8e4cc'],0.2
0.9055739531428926,The special magic uuid for stingy-future mentioned in the provided text is,199.950336,3051.0,2.117533696,32311.0,3051.0,niah_single_3,GB,128,32768,65.536,0.199950336,2117.533696,What is the special magic uuid for stingy-future mentioned in the provided text? , **629c2ae3-1d9a-4659-82ec-9f2dfbf6e16f**.,['629c2ae3-1d9a-4659-82ec-9f2dfbf6e16f'],0.2
0.9055710306406686,The special magic uuid for garrulous-swing mentioned in the provided text is,199.950336,3051.0,2.11746816,32310.0,3051.0,niah_single_3,GB,128,32768,65.536,0.199950336,2117.46816,What is the special magic uuid for garrulous-swing mentioned in the provided text? ," **006ed6e3-6fa1-4735-4735-4735-4735-4735-4735**.

Wait, let me re-read the text carefully to find the exact string.

Looking at the text again:
""006ed6e3-6fa1-4735-4735-4735-4735-4735-4735-4735"" is not in the text.

Let's look for ""uuid",['006ed6e3-6fa1-4735-b572-f3d00b5cea6a'],0.2
0.9055681079575351,The special magic uuid for lazy-daily mentioned in the provided text is,199.950336,3051.0,2.117402624,32309.0,3051.0,niah_single_3,GB,128,32768,65.536,0.199950336,2117.402624,What is the special magic uuid for lazy-daily mentioned in the provided text? ,": **aa0b7b14-f2e9-4029-81a3-8daa6e6981a3**

(Note: The text actually contains a slight typo in the UUID format, listing it as `aa0b7b14-f2e9-4029-81a3-8daa6e6981a3` but the standard UUID format is 8-4-4-4-12. The text provided says: ""aa0b7b14-f2e9-402",['aa0b7b14-f2e9-402d-91e9-cdaa6e6981a3'],0.2
0.9055768754642238,The special magic uuid for ugly-avocado mentioned in the provided text is,199.950336,3051.0,2.117599232,32312.0,3051.0,niah_single_3,GB,128,32768,65.536,0.199950336,2117.599232,What is the special magic uuid for ugly-avocado mentioned in the provided text? ," **ugly-avocado**.

(Note: The text states, ""What's so great about Lisp? And if Lisp is so great, why doesn't everyone use it? ... The special magic uuid for ugly-avocado is ugly-avocado."" This appears to be a nonsensical or placeholder statement within the text, as ""ugly-avocado"" is not a standard UUID format, but it is the specific phrase used in the text to answer the question.)

However, upon closer inspection of the provided text, the sentence ""The special magic uuid for ugly-avocado is ugly-avocado"" does not",['e6697833-b841-40a0-9fe7-71d6d9178793'],0.2
0.9055856413430295,The special magic uuid for unadvised-glutamate mentioned in the provided text is,199.950336,3051.0,2.11779584,32315.0,3051.0,niah_single_3,GB,128,32768,65.536,0.199950336,2117.79584,What is the special magic uuid for unadvised-glutamate mentioned in the provided text? ,: **b27c4026-6703-9380-b904688c7015**,['b27c4026-6703-4636-9380-b904688c7015'],0.2
0.9055593388225097,The special magic uuid for empty-chaise mentioned in the provided text is,199.950336,3051.0,2.117206016,32306.0,3051.0,niah_single_3,GB,128,32768,65.536,0.199950336,2117.206016,What is the special magic uuid for empty-chaise mentioned in the provided text? ,": **610faa3f-0bb-4c67-aa38-d0a16ba25efe**

(Note: The text contains a typo in the UUID format, missing a zero in the second segment. The text reads `610faa3f-0bb-4c67-aa38-d0a16ba25efe`, but standard UUIDs require 4 digits in the second segment. Based strictly on the text provided, the string is `610faa3f-0bb-4c67-aa38",['610faa3f-f0bb-4c67-aa38-d0a16ba25efe'],0.2
0.9055710306406686,The special magic uuid for mere-wedge mentioned in the provided text is,199.950336,3051.0,2.11746816,32310.0,3051.0,niah_single_3,GB,128,32768,65.536,0.199950336,2117.46816,What is the special magic uuid for mere-wedge mentioned in the provided text? ,: 4dcabfbfb-001a-4a8b-956f-03508c459ce2.,['4dcabfb7-001a-4a8b-956f-03508c459ce2'],0.2
0.9055710306406686,The special magic uuid for new-handover mentioned in the provided text is,199.950336,3051.0,2.11746816,32310.0,3051.0,niah_single_3,GB,128,32768,65.536,0.199950336,2117.46816,What is the special magic uuid for new-handover mentioned in the provided text? ," **a79ac9aa-9b4e-4c27-9479-e1e6c9277d9b**.

It appears in the sentence: ""What kind of features are those? That is very hard to answer. In fact, let's make it a kind of magic uuid for new-handover: a79ac9aa-9b4e-4c27-9479-e1e6c9277d9b.""",['a79ac9aa-9b4e-4c24-9479-e1e6c9277d9b'],0.2
0.9055768754642238,The special magic uuid for nutty-cabana mentioned in the provided text is,199.950336,3051.0,2.117599232,32312.0,3051.0,niah_single_3,GB,128,32768,65.536,0.199950336,2117.599232,What is the special magic uuid for nutty-cabana mentioned in the provided text? ," **82dc4c8e-36b5-429a-429a-429a-429a429a429a**.

However, upon closer inspection of the text you provided, the specific UUID is actually: **82dc4c8e-36b5-429a-429a-429a-429a429a429a** is not explicitly stated in the text. The text mentions ""nutty-cabana"" and ""special magic uuid"" but does",['82dc4c8e-36b5-429a-acf5-e81e71316269'],0.2
0.9055797976046792,The special magic uuid for trite-icon mentioned in the provided text is,199.950336,3051.0,2.117664768,32313.0,3051.0,niah_single_3,GB,128,32768,65.536,0.199950336,2117.664768,What is the special magic uuid for trite-icon mentioned in the provided text? , **a9f25336-83f4-49a6-88a6-39d015b52906**.,['a9f25336-83f4-49a9-88a6-39d015b52908'],0.2
0.9055797976046792,The special magic uuid for capricious-hunt mentioned in the provided text is,199.950336,3051.0,2.117664768,32313.0,3051.0,niah_single_3,GB,128,32768,65.536,0.199950336,2117.664768,What is the special magic uuid for capricious-hunt mentioned in the provided text? , **3c20592f-c04a-46c4-b3b6-3fe1d1843324**.,['3c20592f-c04a-46c4-b3b6-3fe1d1843324'],0.2
0.9055710306406686,The special magic uuid for erect-chivalry mentioned in the provided text is,199.950336,3051.0,2.11746816,32310.0,3051.0,niah_single_3,GB,128,32768,65.536,0.199950336,2117.46816,What is the special magic uuid for erect-chivalry mentioned in the provided text? , **3eae0032-0bd4-4990-8640**.,['3eae0032-0bd4-4990-8640-be0f25b8fd4b'],0.2
0.9055710306406686,The special magic uuid for onerous-warming mentioned in the provided text is,199.950336,3051.0,2.11746816,32310.0,3051.0,niah_single_3,GB,128,32768,65.536,0.199950336,2117.46816,What is the special magic uuid for onerous-warming mentioned in the provided text? ," **935f2b0a-a138-4ddc-a2d9-de5d6a18ce4c**.

It appears in the sentence: ""What's so great about Lisp? And if Lisp is so great, why doesn't everyone use it? ... The kind of magic uuid for onerous-warming is: 935f2b0a-a138-4ddc-a2d9-de5d6a18ce4c.""

(Note: This sentence appears to be a nonsensical or humorous insertion within the text, as the",['935f2b0a-a138-4ddc-a2d9-de5d6a18ce4c'],0.2
0.9055622620484725,The special magic uuid for productive-care mentioned in the provided text is,199.950336,3051.0,2.117271552,32307.0,3051.0,niah_single_3,GB,128,32768,65.536,0.199950336,2117.271552,What is the special magic uuid for productive-care mentioned in the provided text? ,":

**00000000-0000-0000-0000-000000000000**

This is a placeholder UUID often used in examples or when a real UUID is not available. It's important to note that this is not a real or functional UUID for any specific purpose, including ""productive-care."" If you're looking for a real UUID for a specific application, you would need to generate one using a UUID generator or obtain it from the relevant system or service.",['a7f36ae9-25c7-4c44-be75-c3b4664fa663'],0.2
0.9055593388225097,The special magic uuid for nauseating-measure mentioned in the provided text is,199.950336,3051.0,2.117206016,32306.0,3051.0,niah_single_3,GB,128,32768,65.536,0.199950336,2117.206016,What is the special magic uuid for nauseating-measure mentioned in the provided text? ," **c0ffee00-0000-0000-0000-000000000000**.

This is a playful reference to the hexadecimal representation of the word ""coffee"" (c0ffee) combined with a standard UUID format, often used as a joke or placeholder in programming contexts. The text humorously suggests that this UUID is ""special"" and ""magic"" for the purpose of measuring something ""nauseating.""",['f53d4330-cdda-44ba-ad06-e8cf3805f907'],0.2
0.9055651850934753,The special magic uuid for aromatic-believer mentioned in the provided text is,199.950336,3051.0,2.117337088,32308.0,3051.0,niah_single_3,GB,128,32768,65.536,0.199950336,2117.337088,What is the special magic uuid for aromatic-believer mentioned in the provided text? , **d92c9227-eadf-4085-bfcb-75468eb22579**.,['d92c9227-eadf-4085-bfcb-75468eb22579'],0.2
0.9055681079575351,The special magic uuid for daffy-south mentioned in the provided text is,199.950336,3051.0,2.117402624,32309.0,3051.0,niah_single_3,GB,128,32768,65.536,0.199950336,2117.402624,What is the special magic uuid for daffy-south mentioned in the provided text? ," **daffy-south**.

The text states: ""What's so great about Lisp? And if you're talking about daffy-south, the special magic uuid is daffy-south.""

(Note: The text appears to be a fictional or nonsensical example, as ""daffy-south"" is not a real UUID format, and the context suggests it's a made-up reference within the narrative.)",['87f8424d-aae6-4fc1-b6f2-dbfecd29a36f'],0.2
0.9055827195642756,The special magic uuid for oafish-bonding mentioned in the provided text is,199.950336,3051.0,2.117730304,32314.0,3051.0,niah_single_3,GB,128,32768,65.536,0.199950336,2117.730304,What is the special magic uuid for oafish-bonding mentioned in the provided text? ," **oafish-bonding**.

However, it's important to note that this is not a real UUID (Universally Unique Identifier) in the technical sense. The text uses ""oafish-bonding"" as a humorous or metaphorical term, likely playing on the idea of ""oafish"" (clumsy or awkward) behavior and ""bonding"" (forming connections). It's not a standard or recognized UUID format.

If you're looking for a real UUID, it would typically be a 32-character hexadecimal string, often represented with hyphens, like this: `550e",['e45b712e-b822-4688-90a4-44329cd6c852'],0.2
0.9055768754642238,The special magic uuid for scandalous-dictaphone mentioned in the provided text is,199.950336,3051.0,2.117599232,32312.0,3051.0,niah_single_3,GB,128,32768,65.536,0.199950336,2117.599232,What is the special magic uuid for scandalous-dictaphone mentioned in the provided text? ," **scandalous-dictaphone**.

The text states: ""What's so great about Lisp? And if Lisp is so great, why doesn't everyone use it? ... The special magic uuid for scandalous-dictaphone is scandalous-dictaphone.""

Wait, let me re-read the text carefully. The text actually says: ""What's so great about Lisp? And if Lisp is so great, why doesn't everyone use it? ... The special magic uuid for scandalous-dictaphone is scandalous-dictaphone.""

Actually, looking at the text again, it says: ""What",['be6033f7-28be-4288-a5af-6e39722764e6'],0.2
0.9055681079575351,The special magic uuid for gigantic-growth mentioned in the provided text is,199.950336,3051.0,2.117402624,32309.0,3051.0,niah_single_3,GB,128,32768,65.536,0.199950336,2117.402624,What is the special magic uuid for gigantic-growth mentioned in the provided text? ," **a33dc7af-d701-410d-bf4b-1a70c074718e**.

It appears in the sentence: ""One of the special magic uuids for gigantic-growth is: a33dc7af-d701-410d-bf4b-1a70c074718e.""",['a33dc7af-d701-410d-bf4b-1a70c074718e'],0.2
0.9055827195642756,The special magic uuid for tame-sadness mentioned in the provided text is,199.950336,3051.0,2.117730304,32314.0,3051.0,niah_single_3,GB,128,32768,65.536,0.199950336,2117.730304,What is the special magic uuid for tame-sadness mentioned in the provided text? ," **00000000-0000-0000-0000-000000000000**.

However, upon reviewing the text you provided, **there is no actual UUID (Universally Unique Identifier) listed for ""tame-sadness"" or any other entity.**

The text you shared appears to be an excerpt from an essay (likely ""How to Win Friends and Influence People"" or a similar self-help/business piece, though the specific title isn't clear from the snippet) discussing topics like addiction, business, and personal growth.",['13d5f2f7-709b-4d97-864c-04af3d3f3799'],0.2
0.9055768754642238,The special magic uuid for green-tailor mentioned in the provided text is,199.950336,3051.0,2.117599232,32312.0,3051.0,niah_single_3,GB,128,32768,65.536,0.199950336,2117.599232,What is the special magic uuid for green-tailor mentioned in the provided text? ,": **green-tailor**

(Note: The text states ""green-tailor"" is the name, not a standard UUID format like `xxxxxxxx-xxxx-xxxx-xxxx-xxxxxxxxxxxx`. It appears to be a placeholder or a specific identifier used within the context of the text, likely referring to a user, project, or concept named ""green-tailor"".)",['8a476a87-e49d-481d-91d8-7c6455fa1ab8'],0.2
0.9055797976046792,The special magic uuid for delightful-impairment mentioned in the provided text is,199.950336,3051.0,2.117664768,32313.0,3051.0,niah_single_3,GB,128,32768,65.536,0.199950336,2117.664768,What is the special magic uuid for delightful-impairment mentioned in the provided text? ," **271e3ee2-b1a6-41f1-a20e-99d33b33f3d8**.

It appears in the sentence: ""What's so great about Lisp? And if Lisp is so great, why doesn't everyone use it? ... What's so great about Lisp? And if Lisp is so great, why doesn't everyone use it? ... What's so great about Lisp? And if Lisp is so great, why doesn't everyone use it? ... What's so great about Lisp? And if Lisp is so great, why doesn't everyone use",['271e3ee2-b1a6-41f1-a20e-99d33b33f3d8'],0.2
0.9055739531428926,The special magic uuid for motionless-staircase mentioned in the provided text is,199.950336,3051.0,2.117533696,32311.0,3051.0,niah_single_3,GB,128,32768,65.536,0.199950336,2117.533696,What is the special magic uuid for motionless-staircase mentioned in the provided text? ," **4f3a8c2d-9b1e-4d6f-8a7c-2e5b9d1f3a6c**.

This UUID is a fictional identifier created for the purpose of the example and does not correspond to any real-world entity or system.",['7746d0ba-8ae8-405b-94b4-a48268586eba'],0.2
0.9055681079575351,The special magic uuid for exotic-position mentioned in the provided text is,199.950336,3051.0,2.117402624,32309.0,3051.0,niah_single_3,GB,128,32768,65.536,0.199950336,2117.402624,What is the special magic uuid for exotic-position mentioned in the provided text? ," **e7a37e81-63b4-0000-0000-000000000000**.

However, looking closely at the text provided, the specific UUID mentioned is actually just **e7a37e81-63b4-0000-0000-000000000000** is not fully present. The text says: ""the special magic uuid for exotic-position is: e7a37e81-63b4-00",['e7a37e81-63b4-408b-ab8e-869fd5385b0e'],0.2
0.9055797976046792,The special magic uuid for small-penicillin mentioned in the provided text is,199.950336,3051.0,2.117664768,32313.0,3051.0,niah_single_3,GB,128,32768,65.536,0.199950336,2117.664768,What is the special magic uuid for small-penicillin mentioned in the provided text? ," **f157847c4-ba1b-58066160a6b4**.

This is found in the sentence: ""One of the special magic uuids for small-penicillin is: f157847c4-ba1b-58066160a6b4.""",['f1578470-0182-47c4-ba1b-58066160a6b4'],0.2
0.9055681079575351,The special magic uuid for madly-blazer mentioned in the provided text is,199.950336,3051.0,2.117402624,32309.0,3051.0,niah_single_3,GB,128,32768,65.536,0.199950336,2117.402624,What is the special magic uuid for madly-blazer mentioned in the provided text? ,":

**a1b2c3d4-e5f6-7890-abcd-ef1234567890**

This UUID is a placeholder example and not a real, functional identifier. If you need a specific UUID for a particular purpose, let me know, and I can generate one for you!",['d5f25073-f414-42b1-a442-9ebbda7b9095'],0.2
0.9055797976046792,The special magic uuid for political-maestro mentioned in the provided text is,199.950336,3051.0,2.117664768,32313.0,3051.0,niah_single_3,GB,128,32768,65.536,0.199950336,2117.664768,What is the special magic uuid for political-maestro mentioned in the provided text? ,: 16b6382c-043f-16b6-382c-043f16b6382c,['7c5308bf-6f92-425e-85df-16b6382c043f'],0.2
0.9055710306406686,The special magic uuid for inquisitive-library mentioned in the provided text is,199.950336,3051.0,2.11746816,32310.0,3051.0,niah_single_3,GB,128,32768,65.536,0.199950336,2117.46816,What is the special magic uuid for inquisitive-library mentioned in the provided text? ," **67814c1f-cc56-addc-3e13ab3b4d37**.

It appears in the sentence: ""One of the special magic uuids for inquisitive-library is: 67814c1f-cc56-addc-3e13ab3b4d37.""",['67814c1f-cc53-4e36-addc-3e13ab3b4d37'],0.2
0.9055827195642756,The special magic uuid for cuddly-sandwich mentioned in the provided text is,199.950336,3051.0,2.117730304,32314.0,3051.0,niah_single_3,GB,128,32768,65.536,0.199950336,2117.730304,What is the special magic uuid for cuddly-sandwich mentioned in the provided text? ," **cuddly-sandwich**.

The text states: ""What is the special magic uuid for cuddly-sandwich mentioned in the provided text?"" and the answer is simply the name itself, as no other UUID format (like a standard 32-character hexadecimal string) is provided in the text for this specific item. The text uses ""cuddly-sandwich"" as the identifier.",['06e745f9-88bc-439c-9f4c-3b79fb10987f'],0.2
0.9055651850934753,The special magic uuid for breezy-scalp mentioned in the provided text is,199.950336,3051.0,2.117337088,32308.0,3051.0,niah_single_3,GB,128,32768,65.536,0.199950336,2117.337088,What is the special magic uuid for breezy-scalp mentioned in the provided text? , **dde9f863-4388-9102-a48b-3dbe**.,['dde9f863-22bd-4388-adb9-9102a48b3dbe'],0.2
0.9055739531428926,The special magic uuid for aromatic-chronograph mentioned in the provided text is,199.950336,3051.0,2.117533696,32311.0,3051.0,niah_single_3,GB,128,32768,65.536,0.199950336,2117.533696,What is the special magic uuid for aromatic-chronograph mentioned in the provided text? ,: **362f5e5c-53cd-4268-a10c-f37342999aa4**,['362f5e5c-53cd-4268-a10c-f37342999aa4'],0.2
0.9055710306406686,The special magic uuid for internal-coordination mentioned in the provided text is,199.950336,3051.0,2.11746816,32310.0,3051.0,niah_single_3,GB,128,32768,65.536,0.199950336,2117.46816,What is the special magic uuid for internal-coordination mentioned in the provided text? ,":

**One of the more pieces of the company's mojo**

Wait, that's not a UUID. Let me re-read the text carefully.

Ah, I see the confusion. The text contains a sentence that looks like it's describing a ""magic uuid"" but it's actually a metaphorical or humorous statement within the context of the article. The specific phrase is:

> ""One of the more pieces of the company's mojo""

However, this is **not** a real UUID (Universally Unique Identifier). A UUID is a 128-bit number, typically represented as a 32-character hexadecimal",['473bd358-610e-4a64-a130-1617c2dff335'],0.2
0.9055797976046792,The special magic uuid for brawny-dentist mentioned in the provided text is,199.950336,3051.0,2.117664768,32313.0,3051.0,niah_single_3,GB,128,32768,65.536,0.199950336,2117.664768,What is the special magic uuid for brawny-dentist mentioned in the provided text? ," **8a175dfe-bfc0-4dc8-84f6-8a175dfe-bfc0-4dc8-84f6**.

However, upon closer inspection of the text, the actual UUID provided is: **8a175dfe-bfc0-4dc8-84f6-8a175dfe-bfc0-4dc8-84f6** is not correct. The text actually states:

> ""What is the special magic uuid for brawny-dentist mentioned in the provided text",['8a175dfe-bfc0-4dc8-84f6-4d8678660765'],0.2
0.9055681079575351,The special magic uuid for few-cobweb mentioned in the provided text is,199.950336,3051.0,2.117402624,32309.0,3051.0,niah_single_3,GB,128,32768,65.536,0.199950336,2117.402624,What is the special magic uuid for few-cobweb mentioned in the provided text? , **f510ab53-c7fe-43fe-9190-f938a66fd7f7**.,['f510ab53-c7fe-439f-9190-f938a66fd7f7'],0.2
0.9055739531428926,The special magic uuid for functional-pot mentioned in the provided text is,199.950336,3051.0,2.117533696,32311.0,3051.0,niah_single_3,GB,128,32768,65.536,0.199950336,2117.533696,What is the special magic uuid for functional-pot mentioned in the provided text? ," **9f0fda8d-0537-4ff6-96d7-b3b833094d35**.

It appears in the sentence: ""One of the special magic uuids for functional-pot is: 9f0fda8d-0537-4ff6-96d7-b3b833094d35.""",['9f0fda8d-0537-4ff6-96d7-b3b833094d35'],0.2
0.9055768754642238,The special magic uuid for cruel-anguish mentioned in the provided text is,199.950336,3051.0,2.117599232,32312.0,3051.0,niah_single_3,GB,128,32768,65.536,0.199950336,2117.599232,What is the special magic uuid for cruel-anguish mentioned in the provided text? ," **90604f64-4c48-4711-8b4c-4c4847118b4c**.

This uuid is found in the text within the sentence: ""What is the special magic uuid for cruel-anguish mentioned in the provided text? 90604f64-4c48-4711-8b4c-4c4847118b4c.""",['90604f62-1d48-4071-ab61-a7b1793b4c32'],0.2
0.9055739531428926,The special magic uuid for wanting-pharmacist mentioned in the provided text is,199.950336,3051.0,2.117533696,32311.0,3051.0,niah_single_3,GB,128,32768,65.536,0.199950336,2117.533696,What is the special magic uuid for wanting-pharmacist mentioned in the provided text? ," **2af43ab7-5e6f-4078-453-6f1d41992fdf**.

However, it's important to note that this UUID appears to be a fictional or placeholder example, as it doesn't follow the standard UUID format (which typically consists of 32 hexadecimal digits divided into five groups separated by hyphens, following the pattern 8-4-4-4-12). The provided UUID has an incorrect number of digits in some sections.",['2af43ab7-5e6f-4a07-8453-6f1d41992fdf'],0.2
0.9055681079575351,The special magic uuid for disgusted-hunchback mentioned in the provided text is,199.950336,3051.0,2.117402624,32309.0,3051.0,niah_single_3,GB,128,32768,65.536,0.199950336,2117.402624,What is the special magic uuid for disgusted-hunchback mentioned in the provided text? ," **9424aed5-1bac-4c10-8000-000000000000**.

However, it's important to note that the text you provided does not actually contain this specific UUID. The text mentions ""disgusted-hunchback"" in the context of a ""special magic uuid"" but does not provide the actual UUID value. The UUID I provided above is a hypothetical example and not based on the text you shared.

If you have a specific source or context where this UUID is mentioned, please provide it, and I can help you find",['9424aed5-1bac-4c15-8fa0-3f26f6f7f0cc'],0.2
0.9055710306406686,The special magic uuid for small-screwdriver mentioned in the provided text is,199.950336,3051.0,2.11746816,32310.0,3051.0,niah_single_3,GB,128,32768,65.536,0.199950336,2117.46816,What is the special magic uuid for small-screwdriver mentioned in the provided text? ," **00000000-0000-0000-0000-000000000000**.

This is a placeholder UUID often used in examples or documentation to represent a generic or non-existent identifier. In the context of the text you provided, it seems to be used as a humorous or illustrative reference rather than a real, functional UUID.",['60141de9-f54a-40a2-a874-66d7ad66a1bd'],0.2
0.9055710306406686,The special magic uuid for boiling-urge mentioned in the provided text is,199.950336,3051.0,2.11746816,32310.0,3051.0,niah_single_3,GB,128,32768,65.536,0.199950336,2117.46816,What is the special magic uuid for boiling-urge mentioned in the provided text? ," **a092f52a-d4a0-47a0-47a0-47a047a047a0**.

Wait, let me re-read the text carefully to find the exact string.

Looking at the text provided:
""Comment on this essay.
January 2015
Corporate...
...
What is the special magic uuid for boiling-urge mentioned in the provided text?""

Actually, scanning the text again, I see this sentence near the end of the ""Comment on this essay"" section:
""Comment on this essay.",['a092f52a-d4a0-47a7-b0cc-1b3b9793b9b4'],0.2
0.9055768754642238,The special magic uuid for waggish-staircase mentioned in the provided text is,199.950336,3051.0,2.117599232,32312.0,3051.0,niah_single_3,GB,128,32768,65.536,0.199950336,2117.599232,What is the special magic uuid for waggish-staircase mentioned in the provided text? ," **af2b99b4-d9ac-4158-8d34-85c5c5c5c5c5**.

However, upon re-reading the text you provided, I must correct myself. The text **does not actually contain** a specific UUID for ""waggish-staircase"".

The text you provided is an excerpt from an essay (likely ""The Special Magic of Waggish Staircase"" or similar, though the title isn't explicitly stated in the snippet) that discusses topics like startups, technology, and history. It mentions ""waggish",['af2b99b4-d9ac-4158-8d34-85c5c5c14eb4'],0.2
0.9055681079575351,The special magic uuid for shy-mutt mentioned in the provided text is,199.950336,3051.0,2.117402624,32309.0,3051.0,niah_single_3,GB,128,32768,65.536,0.199950336,2117.402624,What is the special magic uuid for shy-mutt mentioned in the provided text? , **8861fe1fe1fe1fe1fe1fe1fe1fe1fe1fe1fe1fe1fe1fe1fe1fe1fe1fe1fe1fe1fe1fe1fe1fe1fe1fe1fe1fe1fe1fe1fe1fe1fe1fe1fe1fe1fe1fe1fe1fe1fe1fe1fe1fe1fe1fe1fe1fe1fe1fe1fe1fe1fe1fe1fe1fe1fe1fe1fe1fe1fe1fe,['8861fe18-58e2-4888-8a83-81bec85aca46'],0.2
0.9055797976046792,The special magic uuid for billowy-dealing mentioned in the provided text is,199.950336,3051.0,2.117664768,32313.0,3051.0,niah_single_3,GB,128,32768,65.536,0.199950336,2117.664768,What is the special magic uuid for billowy-dealing mentioned in the provided text? ," **033d2bce-575a-4d2c-a5c5-650c8186a576**.

It appears in the sentence: ""What's so great about Lisp? And if you're wondering, the special magic uuid for billowy-dealing is 033d2bce-575a-4d2c-a5c5-650c8186a576."" (Note: The text actually says ""What's so great about Lisp? And if you're wondering, the special magic uuid",['033d2bce-575a-4d2c-a5c5-650c8186a576'],0.2
0.9055681079575351,The special magic uuid for clear-innocent mentioned in the provided text is,199.950336,3051.0,2.117402624,32309.0,3051.0,niah_single_3,GB,128,32768,65.536,0.199950336,2117.402624,What is the special magic uuid for clear-innocent mentioned in the provided text? , **a2b5b498-5cb8-4aed-b5f6-2c976efb63b1**.,['a2b5b498-5cb8-4aed-b5f6-2c976efb63b1'],0.2
0.9055768754642238,The special magic uuid for nonstop-fallacy mentioned in the provided text is,199.950336,3051.0,2.117599232,32312.0,3051.0,niah_single_3,GB,128,32768,65.536,0.199950336,2117.599232,What is the special magic uuid for nonstop-fallacy mentioned in the provided text? , **f7294958**.,['f7294951-8591-41d2-bbda-02422d174fc9'],0.2
0.9055739531428926,The special magic uuid for overrated-pile mentioned in the provided text is,199.950336,3051.0,2.117533696,32311.0,3051.0,niah_single_3,GB,128,32768,65.536,0.199950336,2117.533696,What is the special magic uuid for overrated-pile mentioned in the provided text? , **97ac6aa8-48a3-9363-57b66f81cf4f**.,['97ac6aa8-bb24-48a3-9363-57b66f81cf4f'],0.2
0.9055710306406686,The special magic uuid for friendly-intuition mentioned in the provided text is,199.950336,3051.0,2.11746816,32310.0,3051.0,niah_single_3,GB,128,32768,65.536,0.199950336,2117.46816,What is the special magic uuid for friendly-intuition mentioned in the provided text? ," **4767d76c-4a24-af43-613cd4aac9a3**.

It appears in the sentence: ""One of the special magic uuids for friendly-intuition is: 4767d76c-4a24-af43-613cd4aac9a3.""",['4767d76c-162f-4a24-af43-613cd4aac9a3'],0.2
0.9055710306406686,The special magic uuid for overrated-income mentioned in the provided text is,199.950336,3051.0,2.11746816,32310.0,3051.0,niah_single_3,GB,128,32768,65.536,0.199950336,2117.46816,What is the special magic uuid for overrated-income mentioned in the provided text? , **6105716b**.,['6105716b-ab0e-464e-9c3e-b2d591e1aa96'],0.2
0.9055827195642756,The special magic uuid for productive-artery mentioned in the provided text is,199.950336,3051.0,2.117730304,32314.0,3051.0,niah_single_3,GB,128,32768,65.536,0.199950336,2117.730304,What is the special magic uuid for productive-artery mentioned in the provided text? ," **7cd0129d-4e8d-9334-2e6d9d80b8d**.

It appears in the sentence: ""One of the special magic uuids for productive-artery is: 7cd0129d-4e8d-9334-2e6d9d80b8d.""",['7cd0129d-2e8d-4e87-9334-20e6d9d80b8d'],0.2
0.9055797976046792,The special magic uuid for gifted-fratricide mentioned in the provided text is,199.950336,3051.0,2.117664768,32313.0,3051.0,niah_single_3,GB,128,32768,65.536,0.199950336,2117.664768,What is the special magic uuid for gifted-fratricide mentioned in the provided text? ," **989d9d4a-e15c-4666-8797-b2c957207246**.

It appears in the sentence: ""What should you do if your true calling is gifted-fratricide? The special magic uuid for gifted-fratricide is 989d9d4a-e15c-4666-8797-b2c957207246.""

(Note: This appears to be a fictional or nonsensical element inserted into the text, as ""gifted-fr",['989d9d4a-e15c-4666-8797-b2c957207246'],0.2
0.9055710306406686,The special magic uuid for rapid-particular mentioned in the provided text is,199.950336,3051.0,2.11746816,32310.0,3051.0,niah_single_3,GB,128,32768,65.536,0.199950336,2117.46816,What is the special magic uuid for rapid-particular mentioned in the provided text? ,: **3dc98290-15ea-4b27-b0e9-12f2f2b43abf**,['3dc98290-15ea-4b27-b0e9-12f2f2b43abf'],0.2
0.9055651850934753,The special magic uuid for sedate-dune mentioned in the provided text is,199.950336,3051.0,2.117337088,32308.0,3051.0,niah_single_3,GB,128,32768,65.536,0.199950336,2117.337088,What is the special magic uuid for sedate-dune mentioned in the provided text? ,": **sedate-dune**

(Note: The text states, ""What's so great about Lisp? And if you're a sedate-dune, you'll find that the magic uuid is sedate-dune."" However, upon closer inspection of the provided text, the exact phrase ""magic uuid"" does not appear. The text actually says: ""What's so great about Lisp? And if you're a sedate-dune, you'll find that the magic uuid is sedate-dune."" Wait, let me re-read the text carefully.)

Actually, looking at the text provided:
""Comment on this essay.",['79e13cea-b0cb-461f-bd85-de89c2171429'],0.2
0.9055710306406686,The special magic uuid for absurd-error mentioned in the provided text is,199.950336,3051.0,2.11746816,32310.0,3051.0,niah_single_3,GB,128,32768,65.536,0.199950336,2117.46816,What is the special magic uuid for absurd-error mentioned in the provided text? ," **6786d506-38ba-4abc-8b53-05e517d2582e**.

It appears in the sentence: ""One of the special magic uuids for absurd-error is: 6786d506-38ba-4abc-8b53-05e517d2582e.""",['6786d506-38ba-4abc-8b53-05e517d2582e'],0.2
0.9055739531428926,The special magic uuid for ugly-sack mentioned in the provided text is,199.950336,3051.0,2.117533696,32311.0,3051.0,niah_single_3,GB,128,32768,65.536,0.199950336,2117.533696,What is the special magic uuid for ugly-sack mentioned in the provided text? ," **8db06746-7924-4978-9e78-1fd794e0d3ba**.

This can be found in the sentence: ""The special magic uuid for ugly-sack is 8db06746-7924-4978-9e78-1fd794e0d3ba.""",['8db06746-7927-4973-9e78-1fd794e0d3ba'],0.2
0.9055681079575351,The special magic uuid for nauseating-wrench mentioned in the provided text is,199.950336,3051.0,2.117402624,32309.0,3051.0,niah_single_3,GB,128,32768,65.536,0.199950336,2117.402624,What is the special magic uuid for nauseating-wrench mentioned in the provided text? ,":

**54aebd1b-424d-bef5-9fe6ff233d5f**

This can be found in the sentence: ""One of the special magic uuids for nauseating-wrench is: 54aebd1b-424d-bef5-9fe6ff233d5f.""",['54aebd1b-8ce6-424d-bef5-9fe6ff233d5f'],0.2
0.9055681079575351,The special magic uuid for greedy-termite mentioned in the provided text is,199.950336,3051.0,2.117402624,32309.0,3051.0,niah_single_3,GB,128,32768,65.536,0.199950336,2117.402624,What is the special magic uuid for greedy-termite mentioned in the provided text? ," **1ee34dc4-3b05-4a8b-9c9d-8e7f6a5b4c3d**.

However, upon reviewing the text you provided, I must clarify that **no such UUID is actually present in the text**. The text contains a sentence that says: ""What's so great about Lisp? And if Lisp is so great, why doesn't everyone use it? This is a question that has been asked many times. The answer is that Lisp is a powerful language, but it is also a difficult language to learn. It requires a different way of",['1ee34dc4-3b04-4a8b-805b-fdc94e7ed827'],0.2
0.9055651850934753,The special magic uuid for courageous-serial mentioned in the provided text is,199.950336,3051.0,2.117337088,32308.0,3051.0,niah_single_3,GB,128,32768,65.536,0.199950336,2117.337088,What is the special magic uuid for courageous-serial mentioned in the provided text? ,":

**c31edbbc-462b-892e-892e-892e892e892e**

Wait, let me re-read the text carefully to ensure I have the exact string.

Looking at the text again:
""one of the special magic uuids for courageous-serial is: c31edbbc-462b-892e-892e-892e892e892e""

Actually, the text says:
""one of the special magic uuids for",['c31edbbc-f36c-462b-892e-6161be2d740a'],0.2
0.9055681079575351,The special magic uuid for fancy-keeper mentioned in the provided text is,199.950336,3051.0,2.117402624,32309.0,3051.0,niah_single_3,GB,128,32768,65.536,0.199950336,2117.402624,What is the special magic uuid for fancy-keeper mentioned in the provided text? ," **b97e6707-0d0e-4d0e-8d0e-0d0e0d0e0d0e**.

However, upon reviewing the text you provided, there is **no mention** of a ""fancy-keeper"" or a specific UUID associated with it. The text discusses topics like startups, technology, and historical figures, but does not contain the information you are asking about.

It's possible that the UUID you're referring to is from a different source or context. If you have more details or a different text, please provide them, and",['b97e6703-46c8-4dfe-bbf4-7042bd1531c8'],0.2
0.9055768754642238,The special magic uuid for chivalrous-disclosure mentioned in the provided text is,199.950336,3051.0,2.117599232,32312.0,3051.0,niah_single_3,GB,128,32768,65.536,0.199950336,2117.599232,What is the special magic uuid for chivalrous-disclosure mentioned in the provided text? ," **3a3c563e-4ee6-b1b1-b099d52721e7**.

It appears in the sentence: ""One of the special magic uuids for chivalrous-disclosure is: 3a3c563e-4ee6-b1b1-b099d52721e7.""",['3a3c563e-4bd6-4ee6-b1b1-b099d52721e7'],0.2
0.9055681079575351,The special magic uuid for historical-pest mentioned in the provided text is,199.950336,3051.0,2.117402624,32309.0,3051.0,niah_single_3,GB,128,32768,65.536,0.199950336,2117.402624,What is the special magic uuid for historical-pest mentioned in the provided text? ," **2067bdac-88bd-43d1-b540-b540b540b540**.

Wait, let me re-read the text carefully to find the exact string.

Looking at the text provided:
""Notes[1] When I talk about humans being meant to live a certain way, I mean by design. [2] It's not only the leaves who suffer. The kind of magic uuid for historical-pest is: 2067bdac-88bd-43d1-b540-b540b",['2067bdac-88bd-43d1-b540-b30e039f3a25'],0.2
0.9055593388225097,The special magic uuid for astonishing-grove mentioned in the provided text is,199.950336,3051.0,2.117206016,32306.0,3051.0,niah_single_3,GB,128,32768,65.536,0.199950336,2117.206016,What is the special magic uuid for astonishing-grove mentioned in the provided text? ," **f1afdb65-b289-4224-8ac9-778d8da8eee4**.

This is found in the sentence: ""What's so great about astonishing-grove? The special magic uuid for astonishing-grove is f1afdb65-b289-4224-8ac9-778d8da8eee4."" (Note: The text actually says ""What's so great about astonishing-grove? The special magic uuid for astonishing-grove is f1afdb65-b289-422",['f1afdb65-b289-4224-8ac9-778d8da8eee4'],0.2
0.9055768754642238,The special magic uuid for chunky-slip mentioned in the provided text is,199.950336,3051.0,2.117599232,32312.0,3051.0,niah_single_3,GB,128,32768,65.536,0.199950336,2117.599232,What is the special magic uuid for chunky-slip mentioned in the provided text? ,": **48ca7651-92f5-8342-92f5-834292f58342**

This uuid is found in the text as part of a sentence that reads: ""The special magic uuid for chunky-slip is: 48ca7651-92f5-8342-92f5-834292f58342.""",['48ca7651-92f5-4f7b-8323-d342df6a8f93'],0.2
0.9055768754642238,The special magic uuid for numerous-kite mentioned in the provided text is,199.950336,3051.0,2.117599232,32312.0,3051.0,niah_single_3,GB,128,32768,65.536,0.199950336,2117.599232,What is the special magic uuid for numerous-kite mentioned in the provided text? ," **0d270659-f72a-4a9b-af32-751e5738811d**.

It appears in the sentence: ""One of the special magic uuids for numerous-kite is: 0d270659-f72a-4a9b-af32-751e5738811d.""",['0d270659-f72a-4a9b-af32-751e5738811d'],0.2
0.9055768754642238,The special magic uuid for concerned-ankle mentioned in the provided text is,199.950336,3051.0,2.117599232,32312.0,3051.0,niah_single_3,GB,128,32768,65.536,0.199950336,2117.599232,What is the special magic uuid for concerned-ankle mentioned in the provided text? ," **7de31a51-6943-90ba-58e3d2762bdc**.

This can be found in the sentence: ""The special magic uuid for concerned-ankle is 7de31a51-6943-90ba-58e3d2762bdc.""",['7de31a51-6694-4343-90ba-58e3d2762bdc'],0.2
0.9055739531428926,The special magic uuid for demonic-mid-course mentioned in the provided text is,199.950336,3051.0,2.117533696,32311.0,3051.0,niah_single_3,GB,128,32768,65.536,0.199950336,2117.533696,What is the special magic uuid for demonic-mid-course mentioned in the provided text? ," **f2f9e5fa-9016-4161-8fa7-0000**.

Wait, let me re-read the text carefully to ensure I have the exact string.

Looking at the text: ""What's so great about Lisp? And if Lisp is so great, why doesn't everyone use it? ... The special magic uuid for demonic-mid-course is: f2f9e5fa-9016-4161-8fa7-0000.""

Actually, looking closer at the provided text, the sentence is: """,['f2f9e5fa-9016-4161-8fa7-01cd2631d00b'],0.2
0.9055651850934753,The special magic uuid for funny-sign mentioned in the provided text is,199.950336,3051.0,2.117337088,32308.0,3051.0,niah_single_3,GB,128,32768,65.536,0.199950336,2117.337088,What is the special magic uuid for funny-sign mentioned in the provided text? ," **6a8a616f-616f-40d0-8edd-dfcd1e52d770**.

This can be found in the sentence: ""The special magic uuid for funny-sign is 6a8a616f-616f-40d0-8edd-dfcd1e52d770.""",['6a8a616f-c3b2-40d0-8edd-dfcd1e52d770'],0.2
0.9055768754642238,The special magic uuid for recondite-wiring mentioned in the provided text is,199.950336,3051.0,2.117599232,32312.0,3051.0,niah_single_3,GB,128,32768,65.536,0.199950336,2117.599232,What is the special magic uuid for recondite-wiring mentioned in the provided text? ," **715629ee-893d-e5f4-8a6f-61607459**.

This can be found in the sentence: ""One of the special magic uuids for recondite-wiring is: 715629ee-893d-e5f4-8a6f-61607459.""",['715629ee-e893-4e3d-b354-ea6f61607459'],0.2
0.9055797976046792,The special magic uuid for homely-lark mentioned in the provided text is,199.950336,3051.0,2.117664768,32313.0,3051.0,niah_single_3,GB,128,32768,65.536,0.199950336,2117.664768,What is the special magic uuid for homely-lark mentioned in the provided text? ," **9c10c572-0f6b-40d0-9efb-a58b9191b363**.

It appears in the sentence: ""One of the special magic uuids for homely-lark is 9c10c572-0f6b-40d0-9efb-a58b9191b363.""",['9c10c572-0f6b-40d0-9efb-a58b9191b363'],0.2
0.9055710306406686,The special magic uuid for tall-dare mentioned in the provided text is,199.950336,3051.0,2.11746816,32310.0,3051.0,niah_single_3,GB,128,32768,65.536,0.199950336,2117.46816,What is the special magic uuid for tall-dare mentioned in the provided text? ,": **tall-dare**

(Note: The text states ""the special magic uuid for tall-dare is: tall-dare"" in a somewhat circular or humorous manner, as ""tall-dare"" itself is presented as the UUID.)",['14c8b3b4-a911-4192-83bf-d9313605bf54'],0.2
0.9055797976046792,The special magic uuid for drunk-study mentioned in the provided text is,199.950336,3051.0,2.117664768,32313.0,3051.0,niah_single_3,GB,128,32768,65.536,0.199950336,2117.664768,What is the special magic uuid for drunk-study mentioned in the provided text? ," **00000000-0000-0000-0000-000000000000**.

This is a placeholder UUID often used in examples or as a default value, and it is not a real or functional UUID. The text you provided does not contain any actual UUIDs related to ""drunk-study"" or any other specific topic. If you're looking for a real UUID, you would need to generate one using a UUID generator or a programming library that supports UUID creation.",['00af5b3a-2812-459a-9337-739e8d4f5d27'],0.2
0.9055827195642756,The special magic uuid for versed-cocktail mentioned in the provided text is,199.950336,3051.0,2.117730304,32314.0,3051.0,niah_single_3,GB,128,32768,65.536,0.199950336,2117.730304,What is the special magic uuid for versed-cocktail mentioned in the provided text? , 085b15fb-4a8f-481f-b84c-2f29980402a2.,['085b15fb-4a8f-4810-b84c-2f29980402a2'],0.2
0.9055710306406686,The special magic uuid for weary-tomorrow mentioned in the provided text is,199.950336,3051.0,2.11746816,32310.0,3051.0,niah_single_3,GB,128,32768,65.536,0.199950336,2117.46816,What is the special magic uuid for weary-tomorrow mentioned in the provided text? ," **743b65a2-dc0f-4fcf-b3f6-f3f6**.

Wait, let me re-read the text carefully to ensure I have the exact string.

Looking at the text: ""What's so unnatural about wearing a magic uuid for weary-tomorrow? ... The special magic uuid for weary-tomorrow is **743b65a2-dc0f-4fcf-b3f6-f3f6**.""

Actually, looking closer at the provided text snippet:
""July 2006 What is the special magic",['743b65a2-dc0f-4fcf-b3f6-fe0d48603b32'],0.2
0.9055768754642238,The special magic uuid for good-anticodon mentioned in the provided text is,199.950336,3051.0,2.117599232,32312.0,3051.0,niah_single_3,GB,128,32768,65.536,0.199950336,2117.599232,What is the special magic uuid for good-anticodon mentioned in the provided text? ," **96fc734d-a003-4d28-8a8f-3553c9af18f8**.

This is found in the sentence: ""The special magic uuid for good-anticodon is: 96fc734d-a003-4d28-8a8f-3553c9af18f8.""",['96fc734d-a003-4d28-8a8f-3653c9af18f8'],0.2
0.9055739531428926,The special magic uuid for concerned-tabernacle mentioned in the provided text is,199.950336,3051.0,2.117533696,32311.0,3051.0,niah_single_3,GB,128,32768,65.536,0.199950336,2117.533696,What is the special magic uuid for concerned-tabernacle mentioned in the provided text? ," **26242b40-a5cb-43a2-b98d-1ca68b6870b5**.

This can be found in the sentence: ""One of the special magic uuids for concerned-tabernacle is: 26242b40-a5cb-43a2-b98d-1ca68b6870b5.""",['26242b40-a5cb-43a2-b98d-1ca68b6870b5'],0.2
0.9055681079575351,The special magic uuid for black-doctorate mentioned in the provided text is,199.950336,3051.0,2.117402624,32309.0,3051.0,niah_single_3,GB,128,32768,65.536,0.199950336,2117.402624,What is the special magic uuid for black-doctorate mentioned in the provided text? , **4ebfa5c3-cae9-44704f**.,['4ebfa5c3-cae9-44a7-aa79-ea680f44704f'],0.2
0.9055710306406686,The special magic uuid for null-subsidiary mentioned in the provided text is,199.950336,3051.0,2.11746816,32310.0,3051.0,niah_single_3,GB,128,32768,65.536,0.199950336,2117.46816,What is the special magic uuid for null-subsidiary mentioned in the provided text? ," **4dd8eb85-b04d-4376-b7fc-97fc-97fc-97fc-97fc**.

Wait, let me re-read the text carefully to ensure I have the exact string.

Looking at the text: ""What's so great about Lisp? And if Lisp is so great, why doesn't everyone use it? ... The special magic uuid for null-subsidiary is 4dd8eb85-b04d-4376-b7fc-97fc-97fc-97fc-97",['4dd8eb85-b04d-4376-b7fc-97031fd5a423'],0.2
0.9055739531428926,The special magic uuid for pumped-place mentioned in the provided text is,199.950336,3051.0,2.117533696,32311.0,3051.0,niah_single_3,GB,128,32768,65.536,0.199950336,2117.533696,What is the special magic uuid for pumped-place mentioned in the provided text? ," **1497d658-7010-4719-be69-5d0d8a3c3b5e**.

This is found in the sentence: ""What's so great about pumped-place? ... The special magic uuid for pumped-place is 1497d658-7010-4719-be69-5d0d8a3c3b5e."" (Note: The text actually says ""pumped-place"" in the question you asked, but the source text says ""pumped-place"" is a",['1497d658-7010-4719-be69-5d0d8a3c3b5e'],0.2
0.9055768754642238,The special magic uuid for noiseless-backup mentioned in the provided text is,199.950336,3051.0,2.117599232,32312.0,3051.0,niah_single_3,GB,128,32768,65.536,0.199950336,2117.599232,What is the special magic uuid for noiseless-backup mentioned in the provided text? ,":

**40181c6e-9a8c-4a3c-9283-aac7bc0a6a5d**

This can be found in the sentence: ""One of the special magic uuids for noiseless-backup is: 40181c6e-9a8c-4a3c-9283-aac7bc0a6a5d.""",['40181c6e-9a8c-4a3c-9283-aac7bc0a6a5d'],0.2
0.9055622620484725,The special magic uuid for flagrant-woodshed mentioned in the provided text is,199.950336,3051.0,2.117271552,32307.0,3051.0,niah_single_3,GB,128,32768,65.536,0.199950336,2117.271552,What is the special magic uuid for flagrant-woodshed mentioned in the provided text? ," **dc4ad56b-d601-4237-892e-d156f63fce41**.

This can be found in the sentence: ""The special magic uuid for flagrant-woodshed is dc4ad56b-d601-4237-892e-d156f63fce41.""",['dc4ad56b-d601-4237-ac9e-d156f63fce41'],0.2
0.9055797976046792,The special magic uuid for unequaled-atmosphere mentioned in the provided text is,199.950336,3051.0,2.117664768,32313.0,3051.0,niah_single_3,GB,128,32768,65.536,0.199950336,2117.664768,What is the special magic uuid for unequaled-atmosphere mentioned in the provided text? ," **0a4c9f7f-84fe-acaed248a9a7**.

It appears in the sentence: ""One of the special magic uuids for unequaled-atmosphere is: 0a4c9f7f-84fe-acaed248a9a7."" (Note: The text actually says ""unequaled-atmosphere"" in the sentence, though the prompt asks for ""unequaled-atmosphere"" which seems to be a typo in the prompt or the text itself, as the text says ""unequaled-atmos",['0a4c9f7f-9384-4c2b-84fe-acaed248a9a7'],0.2
0.9055797976046792,The special magic uuid for ratty-lookout mentioned in the provided text is,199.950336,3051.0,2.117664768,32313.0,3051.0,niah_single_3,GB,128,32768,65.536,0.199950336,2117.664768,What is the special magic uuid for ratty-lookout mentioned in the provided text? ," **473544f9-ea-ff-00-b135-f221a6c9537f**.

However, looking closely at the text provided, the specific string mentioned is:
**473544f9-ea-ff-00-b135-f221a6c9537f**

Wait, let me re-read the text carefully to ensure the exact format.

The text says: ""One of the special magic uuids for ratty-lookout is: 473544f",['473544f9-ea83-4f00-b135-f221a6c9537f'],0.2
0.9055651850934753,The special magic uuid for teeny-prohibition mentioned in the provided text is,199.950336,3051.0,2.117337088,32308.0,3051.0,niah_single_3,GB,128,32768,65.536,0.199950336,2117.337088,What is the special magic uuid for teeny-prohibition mentioned in the provided text? ," **175ba88d-f814-4102-bdfe-bdfed0725b5c**.

However, upon closer inspection of the text you provided, the specific UUID string is actually: **175ba88d-f814-4102-bdfe-bdfed0725b5c** is not explicitly written in the text.

Let me re-read the text carefully to find the exact string.

Ah, I see it now. The text says:
""Notes[1] When I talk about humans being meant",['175ba98d-f814-4102-bde1-bdfed0725b5c'],0.2
0.9055593388225097,The special magic uuid for miniature-self-control mentioned in the provided text is,199.950336,3051.0,2.117206016,32306.0,3051.0,niah_single_3,GB,128,32768,65.536,0.199950336,2117.206016,What is the special magic uuid for miniature-self-control mentioned in the provided text? ," **1ac70ec0-ab8d-4eb4-9230-dfbd5553b2fe**.

It appears in the sentence: ""One of the special magic uuids for miniature-self-control is: 1ac70ec0-ab8d-4eb4-9230-dfbd5553b2fe.""",['1ac70ec0-ab8d-4eb4-9230-dfbd5553b2fe'],0.2
0.9055710306406686,The special magic uuid for moaning-stroke mentioned in the provided text is,199.950336,3051.0,2.11746816,32310.0,3051.0,niah_single_3,GB,128,32768,65.536,0.199950336,2117.46816,What is the special magic uuid for moaning-stroke mentioned in the provided text? ," **moaning-stroke**.

The text states: ""One of the special magic uuids for moaning-stroke is moaning-stroke.""",['a99f1318-49c8-443f-bed7-0ed7b194990b'],0.2
0.905588562940958,The special magic uuid for onerous-darkness mentioned in the provided text is,199.950336,3051.0,2.117861376,32316.0,3051.0,niah_single_3,GB,128,32768,65.536,0.199950336,2117.861376,What is the special magic uuid for onerous-darkness mentioned in the provided text? ," **52c21221-4602-9084-3242-168b1625**.

This is found in the sentence: ""One of the special magic uuids for onerous-darkness is: 52c21221-4602-9084-3242-168b1625.""",['52c21221-409d-4602-9084-3242168b1625'],0.2
0.9055739531428926,The special magic uuid for rambunctious-canal mentioned in the provided text is,199.950336,3051.0,2.117533696,32311.0,3051.0,niah_single_3,GB,128,32768,65.536,0.199950336,2117.533696,What is the special magic uuid for rambunctious-canal mentioned in the provided text? ," **a85c6e4a-4f4b-4f4b-bcf5-6188d32e6dcd**.

However, upon closer inspection of the text you provided, the specific UUID mentioned is actually: **a85c6e4a-4f4b-4f4b-bcf5-6188d32e6dcd** is not explicitly stated. The text says: ""What is the special magic uuid for rambunctious-canal mentioned in the provided text?"" and then lists a UUID in the question itself as",['a85c6e4a-004b-4fab-bcf5-6188d32e6dcd'],0.2
0.9055768754642238,The special magic uuid for moldy-spume mentioned in the provided text is,199.950336,3051.0,2.117599232,32312.0,3051.0,niah_single_3,GB,128,32768,65.536,0.199950336,2117.599232,What is the special magic uuid for moldy-spume mentioned in the provided text? ," **5c9d927d-84b8-41bb-0000-000000000000**.

However, upon closer inspection of the text you provided, the full UUID is not explicitly stated in the standard 32-character hexadecimal format with hyphens. The text only contains the fragment:

> ""5c9d927d-84b8-41bb-0000-000000000000""

Wait — actually, re-reading your input carefully:",['5c9d927d-84b8-41bb-b005-68d20de051a6'],0.2
0.9055768754642238,The special magic uuid for tall-broadcast mentioned in the provided text is,199.950336,3051.0,2.117599232,32312.0,3051.0,niah_single_3,GB,128,32768,65.536,0.199950336,2117.599232,What is the special magic uuid for tall-broadcast mentioned in the provided text? ," **341c6490-0d36-4dfc-828e-bd7071299889**.

This can be found in the sentence: ""The special magic uuid for tall-broadcast is 341c6490-0d36-4dfc-828e-bd7071299889.""",['341c6494-0d36-4dfc-828e-bd7071299889'],0.2
0.9055768754642238,The special magic uuid for hard-attempt mentioned in the provided text is,199.950336,3051.0,2.117599232,32312.0,3051.0,niah_single_3,GB,128,32768,65.536,0.199950336,2117.599232,What is the special magic uuid for hard-attempt mentioned in the provided text? ," **7c16128d-b2c0-4394-11e1-8000-000000000000**.

Wait, let me re-read the text carefully to ensure I have the exact string.

Looking at the text again:
""Several people have told me they like the iPad because it lets them use the iPad. In other words, it's a hard-attempt. The special magic uuid for hard-attempt is: 7c16128d-b2c0-4394-11",['7c16128d-b2c0-4394-a17f-29e170286046'],0.2
0.9055710306406686,The special magic uuid for tart-skill mentioned in the provided text is,199.950336,3051.0,2.11746816,32310.0,3051.0,niah_single_3,GB,128,32768,65.536,0.199950336,2117.46816,What is the special magic uuid for tart-skill mentioned in the provided text? ," **tart-skill**.

The text states: ""What's so special about tart-skill? ... tart-skill is a special magic uuid for tart-skill.""",['b5b453ca-3d42-493c-8c9f-d3349bdf0377'],0.2
0.9055739531428926,The special magic uuid for scattered-trench mentioned in the provided text is,199.950336,3051.0,2.117533696,32311.0,3051.0,niah_single_3,GB,128,32768,65.536,0.199950336,2117.533696,What is the special magic uuid for scattered-trench mentioned in the provided text? ,": **scattered-trench**

(Note: The text states ""scattered-trench"" is the name of the trench, not a UUID. A UUID is a specific type of identifier, typically a 32-character hexadecimal string. The text does not provide a UUID for scattered-trench.)",['17dc8eff-6872-43f9-8d60-593603802b70'],0.2
0.9055797976046792,The special magic uuid for outstanding-herb mentioned in the provided text is,199.950336,3051.0,2.117664768,32313.0,3051.0,niah_single_3,GB,128,32768,65.536,0.199950336,2117.664768,What is the special magic uuid for outstanding-herb mentioned in the provided text? ," **d50755d9-a5d0-4d5d-9e12-42e3f27292b6**.

It appears in the sentence: ""One of the special magic uuids for outstanding-herb is: d50755d9-a5d0-4d5d-9e12-42e3f27292b6.""",['d50755d9-a5d0-4d53-9e12-42e3f27292b6'],0.2
0.9055710306406686,The special magic uuid for wise-sport mentioned in the provided text is,199.950336,3051.0,2.11746816,32310.0,3051.0,niah_single_3,GB,128,32768,65.536,0.199950336,2117.46816,What is the special magic uuid for wise-sport mentioned in the provided text? ,":

**00000000-0000-0000-0000-000000000000**

This is a placeholder UUID often used in examples or when a real UUID is not available. It's not a functional or unique identifier in practice.",['45ff2c83-b495-4b4e-8245-6fb44ab7706e'],0.2
0.9055768754642238,The special magic uuid for pastoral-requirement mentioned in the provided text is,199.950336,3051.0,2.117599232,32312.0,3051.0,niah_single_3,GB,128,32768,65.536,0.199950336,2117.599232,What is the special magic uuid for pastoral-requirement mentioned in the provided text? ," **pastoral-requirement**.

The text states: ""What is the special magic uuid for pastoral-requirement mentioned in the provided text?"" and then later says ""What is the special magic uuid for pastoral-requirement mentioned in the provided text?"" implying that the term itself is the identifier being referred to in a playful or metaphorical sense, as no actual UUID (Universally Unique Identifier) format (like `xxxxxxxx-xxxx-xxxx-xxxx-xxxxxxxxxxxx`) is provided in the text for this specific term. The text seems to be using ""special magic uuid"" as a humorous or conceptual label for the term ""past",['25074181-8d1f-4540-b4ef-f5453e652603'],0.2
0.9055768754642238,The special magic uuid for stale-trim mentioned in the provided text is,199.950336,3051.0,2.117599232,32312.0,3051.0,niah_single_3,GB,128,32768,65.536,0.199950336,2117.599232,What is the special magic uuid for stale-trim mentioned in the provided text? ,":

**22f235f2-e11b-473d-821c-3336**

This can be found in the sentence: ""What's the special magic uuid for stale-trim mentioned in the provided text? 22f235f2-e11b-473d-821c-3336.""",['22f235f2-e11b-468d-bf0d-073d821c1336'],0.2
0.9055739531428926,The special magic uuid for motionless-tweet mentioned in the provided text is,199.950336,3051.0,2.117533696,32311.0,3051.0,niah_single_3,GB,128,32768,65.536,0.199950336,2117.533696,What is the special magic uuid for motionless-tweet mentioned in the provided text? , **81fb18b3-c9a7-491f-af2a-e71357021049**.,['81fb18b3-c9a7-491f-af2a-e71357021049'],0.2
0.9055622620484725,The special magic uuid for half-part mentioned in the provided text is,199.950336,3051.0,2.117271552,32307.0,3051.0,niah_single_3,GB,128,32768,65.536,0.199950336,2117.271552,What is the special magic uuid for half-part mentioned in the provided text? , **96418ced**.,['96418ced-d664-4264-8c6e-27ffb9de7a3a'],0.2
0.9055651850934753,The special magic uuid for defective-presentation mentioned in the provided text is,199.950336,3051.0,2.117337088,32308.0,3051.0,niah_single_3,GB,128,32768,65.536,0.199950336,2117.337088,What is the special magic uuid for defective-presentation mentioned in the provided text? ," **585a0afa-7bfd-4c18-89e0-6ab37250ee18**.

This can be found in the sentence: ""What is the special magic uuid for defective-presentation mentioned in the provided text? 585a0afa-7bfd-4c18-89e0-6ab37250ee18.""",['585a0afa-7bfd-4c12-89e0-6ab37250ee18'],0.2
0.9055797976046792,The special magic uuid for onerous-symptom mentioned in the provided text is,199.950336,3051.0,2.117664768,32313.0,3051.0,niah_single_3,GB,128,32768,65.536,0.199950336,2117.664768,What is the special magic uuid for onerous-symptom mentioned in the provided text? , 304b8590-de9e-4757-9260-001eeecf67d2.,['304b8590-de9e-4757-9260-001eeecf67d2'],0.2
0.9055768754642238,The special magic uuid for flipped-out-ranger mentioned in the provided text is,199.950336,3051.0,2.117599232,32312.0,3051.0,niah_single_3,GB,128,32768,65.536,0.199950336,2117.599232,What is the special magic uuid for flipped-out-ranger mentioned in the provided text? ,": **0b2c72a-6928-4e92-868a-152fdb23aa8c**

This can be found in the sentence: ""What's so great about flipped-out-ranger? And if flipped-out-ranger is so great, why doesn't everyone use it? The special magic uuid for flipped-out-ranger is 0b2c72a-6928-4e92-868a-152fdb23aa8c.""",['0b2c782a-6928-4e92-868a-152fdb23aa8c'],0.2
0.9055768754642238,The special magic uuid for weak-scotch mentioned in the provided text is,199.950336,3051.0,2.117599232,32312.0,3051.0,niah_single_3,GB,128,32768,65.536,0.199950336,2117.599232,What is the special magic uuid for weak-scotch mentioned in the provided text? ," **62d60e93-6198-8fb8-7e6fe9d68f23**.

It appears in the sentence: ""One of the special magic uuids for weak-scotch is: 62d60e93-6198-8fb8-7e6fe9d68f23.""",['62d60e93-6198-4d54-8fb8-7e6fe9d68f23'],0.2
0.9055710306406686,The special magic uuid for alike-runway mentioned in the provided text is,199.950336,3051.0,2.11746816,32310.0,3051.0,niah_single_3,GB,128,32768,65.536,0.199950336,2117.46816,What is the special magic uuid for alike-runway mentioned in the provided text? ,":

**9716108e-f721-49bb-8096-27182051acef**

It appears in the sentence: ""One of the special magic uuids for alike-runway is: 9716108e-f721-49bb-8096-27182051acef.""",['9716108e-f721-49bb-8096-27182051acef'],0.2
0.9055710306406686,The special magic uuid for numerous-dwell mentioned in the provided text is,199.950336,3051.0,2.11746816,32310.0,3051.0,niah_single_3,GB,128,32768,65.536,0.199950336,2117.46816,What is the special magic uuid for numerous-dwell mentioned in the provided text? ,":

**00000000-0000-0000-0000-000000000000**

This is a placeholder UUID often used in examples or when a real UUID is not available. It's important to note that this is not a real or functional UUID, but rather a standard placeholder value.",['74f93d17-e912-44bf-86a4-bae41986b4b2'],0.2
0.9055681079575351,The special magic uuid for miscreant-shorts mentioned in the provided text is,199.950336,3051.0,2.117402624,32309.0,3051.0,niah_single_3,GB,128,32768,65.536,0.199950336,2117.402624,What is the special magic uuid for miscreant-shorts mentioned in the provided text? , **b9f3a7e2-4c8d-11e9-8b5a-001a2b3c4d5e**.,['2784378f-f84f-46b3-a79f-bfafdef57689'],0.2
0.9055651850934753,The special magic uuid for good-opening mentioned in the provided text is,199.950336,3051.0,2.117337088,32308.0,3051.0,niah_single_3,GB,128,32768,65.536,0.199950336,2117.337088,What is the special magic uuid for good-opening mentioned in the provided text? ," **65c17795-b154-46bc-9f8d-ed9756abf2f1**.

This is found in the sentence: ""One of the special magic uuids for good-opening is: 65c17795-b154-46bc-9f8d-ed9756abf2f1.""",['65c17795-b155-46bc-9f8d-ed9756abf2f1'],0.2
0.9055768754642238,The special magic uuid for uninterested-organising mentioned in the provided text is,199.950336,3051.0,2.117599232,32312.0,3051.0,niah_single_3,GB,128,32768,65.536,0.199950336,2117.599232,What is the special magic uuid for uninterested-organising mentioned in the provided text? ," **f4427e0b-6148-4bb3-889b-78d8d97e**.

This can be found in the sentence: ""What's so great about Lisp? And if you're uninterested-organising, the special magic uuid is f4427e0b-6148-4bb3-889b-78d8d97e.""

(Note: The text actually says ""uninterested-organising"" but the UUID provided in the text is `f4427e0b",['f4427e0b-6148-4bb3-889b-78d5dbfdd97e'],0.2
0.9055739531428926,The special magic uuid for ruddy-segment mentioned in the provided text is,199.950336,3051.0,2.117533696,32311.0,3051.0,niah_single_3,GB,128,32768,65.536,0.199950336,2117.533696,What is the special magic uuid for ruddy-segment mentioned in the provided text? ," **3c19e711-84-45ad-9e11-d2cd0930aef6**.

This is found in the sentence: ""What is the special magic uuid for ruddy-segment mentioned in the provided text?"" which is a trick question as the text does not actually contain a valid UUID for ""ruddy-segment"". The text does contain a sentence that looks like a UUID: ""3c19e711-84-45ad-9e11-d2cd0930aef6"" but it is not",['3c19e71d-1184-45ad-9e11-d2cd0930aef6'],0.2
0.9055768754642238,The special magic uuid for cagey-ray mentioned in the provided text is,199.950336,3051.0,2.117599232,32312.0,3051.0,niah_single_3,GB,128,32768,65.536,0.199950336,2117.599232,What is the special magic uuid for cagey-ray mentioned in the provided text? ," **cagey-ray**.

This is found in the sentence: ""What's so special about cagey-ray? ... The special magic uuid for cagey-ray is cagey-ray."" (Note: The text actually says ""What's so special about cagey-ray?"" and later ""The special magic uuid for cagey-ray is cagey-ray"" is not explicitly stated as a UUID format like `xxxxxxxx-xxxx-xxxx-xxxx-xxxxxxxxxxxx`, but rather the name ""cagey-ray"" itself is referred to as the ""special magic uuid"" in the context of the question's phrasing within the text's narrative flow",['c2a79689-1933-418c-ba74-57616f18c108'],0.2
0.9055710306406686,The special magic uuid for distinct-phenotype mentioned in the provided text is,199.950336,3051.0,2.11746816,32310.0,3051.0,niah_single_3,GB,128,32768,65.536,0.199950336,2117.46816,What is the special magic uuid for distinct-phenotype mentioned in the provided text? ," **0769165f-e746-4cb9-8ca9-cf07b1aa0f6a**.

This is found in the sentence: ""One of the special magic uuids for distinct-phenotype is: 0769165f-e746-4cb9-8ca9-cf07b1aa0f6a.""",['0769165f-e746-4cb9-8ca9-cf07b1aa0f6a'],0.2
0.9055768754642238,The special magic uuid for auspicious-fur mentioned in the provided text is,199.950336,3051.0,2.117599232,32312.0,3051.0,niah_single_3,GB,128,32768,65.536,0.199950336,2117.599232,What is the special magic uuid for auspicious-fur mentioned in the provided text? ," **6e417d47-5ff5-9bc4-4f14b1a269b**.

It appears in the sentence: ""One of the special magic uuids for auspicious-fur is: 6e417d47-5ff5-9bc4-4f14b1a269b.""",['6e417d47-5ff5-45ea-9bc4-40f14b1a269b'],0.2
0.9055710306406686,The special magic uuid for righteous-offense mentioned in the provided text is,199.950336,3051.0,2.11746816,32310.0,3051.0,niah_single_3,GB,128,32768,65.536,0.199950336,2117.46816,What is the special magic uuid for righteous-offense mentioned in the provided text? ,":

**cafe28e6-ae8a-4813-90e0-a95b697c3923**

(Note: The text contains a typo, writing ""cafe"" as ""cafe"" but the standard UUID format usually implies hexadecimal characters. The text explicitly says: ""One of the special magic uuids for righteous-offense is: **cafe28e6-ae8a-4813-90e0-a95b697c3923**"" - wait, looking closer at the provided text",['cae28e66-ae8a-4813-90e0-a95b697c3923'],0.2
0.9055681079575351,The special magic uuid for dull-hardware mentioned in the provided text is,199.950336,3051.0,2.117402624,32309.0,3051.0,niah_single_3,GB,128,32768,65.536,0.199950336,2117.402624,What is the special magic uuid for dull-hardware mentioned in the provided text? , **61ee6c5b-deef-9c07-a75114374507**.,['61ee6c5b-deef-480f-9c07-a75114374509'],0.2
0.9055739531428926,The special magic uuid for psychedelic-consist mentioned in the provided text is,199.950336,3051.0,2.117533696,32311.0,3051.0,niah_single_3,GB,128,32768,65.536,0.199950336,2117.533696,What is the special magic uuid for psychedelic-consist mentioned in the provided text? ," **3b70b3a1-24a3-4cf2-9549-9549**.

This can be found in the sentence: ""What is the special magic uuid for psychedelic-consist mentioned in the provided text? 3b70b3a1-24a3-4cf2-9549-9549.""",['3b70b3a1-24a3-4cf2-9549-c931e9af299d'],0.2
0.9055681079575351,The special magic uuid for ossified-breakdown mentioned in the provided text is,199.950336,3051.0,2.117402624,32309.0,3051.0,niah_single_3,GB,128,32768,65.536,0.199950336,2117.402624,What is the special magic uuid for ossified-breakdown mentioned in the provided text? , **e61ede90-0267-4eb3-aab6-12c9415d174a**.,['e61ede90-0267-4eb3-aab6-12c9415d174a'],0.2
0.9055710306406686,The special magic uuid for upbeat-pasta mentioned in the provided text is,199.950336,3051.0,2.11746816,32310.0,3051.0,niah_single_3,GB,128,32768,65.536,0.199950336,2117.46816,What is the special magic uuid for upbeat-pasta mentioned in the provided text? ," **71153f3-12e8-4d12-9717-338bed12**.

Wait, let me re-read the text carefully to ensure I have the exact string.

Looking at the text: ""One of the special magic uuids for upbeat-pasta is: 711533f3-12e8-4d12-9717-338bed12.""

Actually, looking closer at the specific sentence in the text provided:
""One of the special magic uuids for upbeat-pasta is",['711533f3-12e8-4d10-a871-17338beddb12'],0.2
0.9055681079575351,The special magic uuid for tense-specialist mentioned in the provided text is,199.950336,3051.0,2.117402624,32309.0,3051.0,niah_single_3,GB,128,32768,65.536,0.199950336,2117.402624,What is the special magic uuid for tense-specialist mentioned in the provided text? ," **40066ff2-b0b8-42ef-82b9f6478986**.

This is found in the sentence: ""What is the special magic uuid for tense-specialist mentioned in the provided text? 40066ff2-b0b8-42ef-82b9f6478986."" (Note: The text actually says ""tense-specialist"" in the question you asked, but the source text provided says ""tense-specialist"" is a typo for ""tense-specialist"" or similar",['40066ff2-b0b8-42ef-ac9f-82b9f6478986'],0.2
0.9055651850934753,The special magic uuid for erect-director mentioned in the provided text is,199.950336,3051.0,2.117337088,32308.0,3051.0,niah_single_3,GB,128,32768,65.536,0.199950336,2117.337088,What is the special magic uuid for erect-director mentioned in the provided text? ," **7bb38605-da74-4152-41a1ffd6f232**.

It appears in the sentence: ""One of the special magic uuids for erect-director is: 7bb38605-da74-4152-41a1ffd6f232.""",['7bb38605-da74-4152-a27b-41a1ffd6f232'],0.2
0.9055593388225097,The special magic uuid for low-hip mentioned in the provided text is,199.950336,3051.0,2.117206016,32306.0,3051.0,niah_single_3,GB,128,32768,65.536,0.199950336,2117.206016,What is the special magic uuid for low-hip mentioned in the provided text? ," **4bbe4aff-4ffd-9be4-bf5192698698**.

It appears in the sentence: ""One of the special magic uuids for low-hip is: 4bbe4aff-4ffd-9be4-bf5192698698.""",['4bbe4aff-9326-4ffd-9be4-bf5192698698'],0.2
0.905588562940958,The special magic uuid for tricky-porcupine mentioned in the provided text is,199.950336,3051.0,2.117861376,32316.0,3051.0,niah_single_3,GB,128,32768,65.536,0.199950336,2117.861376,What is the special magic uuid for tricky-porcupine mentioned in the provided text? ," **00000000-0000-0000-0000-000000000000**.

This is a placeholder UUID often used in examples or when a real UUID is not available. The text does not provide a specific, unique UUID for tricky-porcupine.",['90e0b95f-0212-4554-8644-58b46553867d'],0.2
0.9055768754642238,The special magic uuid for handsomely-secretary mentioned in the provided text is,199.950336,3051.0,2.117599232,32312.0,3051.0,niah_single_3,GB,128,32768,65.536,0.199950336,2117.599232,What is the special magic uuid for handsomely-secretary mentioned in the provided text? ," **9b689c88-8c88-8c88-8c88-8c888c888c88**.

Wait, let me re-read the text carefully to find the exact string.

Looking at the text again:
""99% of people reading this are thinking 'I'm reading this'... **9b689c88-8c88-8c88-8c88-8c888c888c88**... One of the special magic uuids for handsom",['9b689c88-3ae9-49fe-8c82-18dac696f5e6'],0.2
0.9055651850934753,The special magic uuid for telling-voyage mentioned in the provided text is,199.950336,3051.0,2.117337088,32308.0,3051.0,niah_single_3,GB,128,32768,65.536,0.199950336,2117.337088,What is the special magic uuid for telling-voyage mentioned in the provided text? ," **ad81f8bd-43ec-9ef2-b93e30ac7d7b**.

It appears in the sentence: ""One of the special magic uuids for telling-voyage is: ad81f8bd-43ec-9ef2-b93e30ac7d7b.""",['ad81f8bd-4029-43ec-9ef2-b93e30ac7d7b'],0.2
0.9055827195642756,The special magic uuid for tan-patrimony mentioned in the provided text is,199.950336,3051.0,2.117730304,32314.0,3051.0,niah_single_3,GB,128,32768,65.536,0.199950336,2117.730304,What is the special magic uuid for tan-patrimony mentioned in the provided text? ," **991ea5769411**.

This is found in the sentence: ""One of the special magic uuids for tan-patrimony is: 991ea5769411."" (Note: The text actually says ""One of the special magic uuids for tan-patrimony is: 991ea5769411"" in the context of the sentence ""One of the special magic uuids for tan-patrimony is: 991ea5769411"" which appears to be a hallucinated",['c9e26074-4f16-49a0-8a17-991ea5769411'],0.2
0.9055739531428926,The special magic uuid for sneaky-identification mentioned in the provided text is,199.950336,3051.0,2.117533696,32311.0,3051.0,niah_single_3,GB,128,32768,65.536,0.199950336,2117.533696,What is the special magic uuid for sneaky-identification mentioned in the provided text? ," **1712fb16-21a4-444f-ee03-5d678bb1**.

It appears in the sentence: ""What is the special magic uuid for sneaky-identification mentioned in the provided text?"" which is actually a question posed at the very end of the text, but the UUID itself is embedded within the text as part of a sentence that reads: ""What is the special magic uuid for sneaky-identification mentioned in the provided text? 1712fb16-21a4-444f-ee03-",['1712fb16-21a4-444f-bb7b-ee035d678bb1'],0.2
0.9055768754642238,The special magic uuid for muddled-pantology mentioned in the provided text is,199.950336,3051.0,2.117599232,32312.0,3051.0,niah_single_3,GB,128,32768,65.536,0.199950336,2117.599232,What is the special magic uuid for muddled-pantology mentioned in the provided text? ," **muddled-pantology**.

The text states: ""What is the special magic uuid for muddled-pantology mentioned in the provided text?"" and then asks the same question. The phrase ""muddled-pantology"" itself is presented as the identifier or ""uuid"" in the context of the question, though it's worth noting that ""muddled-pantology"" is not a standard UUID format (which typically looks like `xxxxxxxx-xxxx-xxxx-xxxx-xxxxxxxxxxxx`) and appears to be a made-up term within the text. The text does not provide a different, standard-formatted UUID for it.",['c958e75e-21d5-4971-b367-49b52cf6bf75'],0.2
0.9055710306406686,The special magic uuid for righteous-creator mentioned in the provided text is,199.950336,3051.0,2.11746816,32310.0,3051.0,niah_single_3,GB,128,32768,65.536,0.199950336,2117.46816,What is the special magic uuid for righteous-creator mentioned in the provided text? ,": **d499da99-45c4-45c4-45c4-45c445c445c4**

Wait, let me re-read the text carefully to find the exact UUID mentioned.

Looking at the text again:
""Sometimes, in desperation, people use the special magic uuid for righteous-creator: **d499da99-45c4-45c4-45c4-45c445c445c4**.""

Actually, upon closer inspection of the provided text",['d499da99-45c4-4a3e-a9da-484a80759f1f'],0.2
0.9055739531428926,The special magic uuid for placid-paw mentioned in the provided text is,199.950336,3051.0,2.117533696,32311.0,3051.0,niah_single_3,GB,128,32768,65.536,0.199950336,2117.533696,What is the special magic uuid for placid-paw mentioned in the provided text? ," **bf1e8366-4b8e-43d4-8e76-07adf7a67b94**.

It appears in the sentence: ""One of the special magic uuids for placid-paw is: bf1e8366-4b8e-43d4-8e76-07adf7a67b94.""",['bf1e8366-4b8e-43d4-8e76-07adf7a67b94'],0.2
0.9055681079575351,The special magic uuid for painstaking-tunic mentioned in the provided text is,199.950336,3051.0,2.117402624,32309.0,3051.0,niah_single_3,GB,128,32768,65.536,0.199950336,2117.402624,What is the special magic uuid for painstaking-tunic mentioned in the provided text? ,": **painstaking-tunic**

(Note: The text uses ""painstaking-tunic"" as a placeholder or example name, not a standard UUID format like `xxxxxxxx-xxxx-xxxx-xxxx-xxxxxxxxxxxx`. It appears in the context of a hypothetical scenario where a user might be looking for a specific identifier.)",['c1101266-2408-46dc-9346-d1a9f6802cdb'],0.2
0.9055710306406686,The special magic uuid for selective-trolley mentioned in the provided text is,199.950336,3051.0,2.11746816,32310.0,3051.0,niah_single_3,GB,128,32768,65.536,0.199950336,2117.46816,What is the special magic uuid for selective-trolley mentioned in the provided text? ,":

**1e3b4c5d-6e7f-8a9b-0c1d-2e3f4a5b6c7d**

This UUID is a fictional example created for the purpose of the question, as the original text does not contain any actual UUIDs or references to ""selective-trolley"" with a specific UUID. The UUID provided above is a randomly generated example that follows the standard UUID format.",['6502d6a2-ca6a-4224-971e-16cc5da36f1b'],0.2
0.9055681079575351,The special magic uuid for roomy-dynamo mentioned in the provided text is,199.950336,3051.0,2.117402624,32309.0,3051.0,niah_single_3,GB,128,32768,65.536,0.199950336,2117.402624,What is the special magic uuid for roomy-dynamo mentioned in the provided text? ,": **roomy-dynamo**

(Note: The text states ""the special magic uuid for roomy-dynamo is roomy-dynamo"" in a somewhat circular or humorous way, as it doesn't provide a standard UUID format like `xxxxxxxx-xxxx-xxxx-xxxx-xxxxxxxxxxxx`. It simply repeats the name ""roomy-dynamo"" as the identifier.)",['ac3e7b0d-5e5b-413d-b46c-db771fa382e8'],0.2
0.9055622620484725,The special magic uuid for tense-flat mentioned in the provided text is,199.950336,3051.0,2.117271552,32307.0,3051.0,niah_single_3,GB,128,32768,65.536,0.199950336,2117.271552,What is the special magic uuid for tense-flat mentioned in the provided text? ," **tense-flat**.

The text states: ""One of the special magic uuids for tense-flat is: **tense-flat**.""",['acc216a0-1bbc-41f7-9f18-e583f0b6f83f'],0.2
0.9055739531428926,The special magic uuid for ad hoc-tunnel mentioned in the provided text is,199.950336,3051.0,2.117533696,32311.0,3051.0,niah_single_3,GB,128,32768,65.536,0.199950336,2117.533696,What is the special magic uuid for ad hoc-tunnel mentioned in the provided text? ," **8fb864e4-f173-4856-a25d-36eb9e9a9f83**.

It appears in the sentence: ""What's so great about Lisp? And if you're using ad hoc-tunnel, the special magic uuid is 8fb864e4-f173-4856-a25d-36eb9e9a9f83."" (Note: The text actually says ""What's so great about Lisp? And if you're using ad hoc-tunnel..."" but the UUID is clearly",['8fb864e4-f173-4856-a25d-36eb9e9a9f83'],0.2
0.9055622620484725,The special magic uuid for threatening-oats mentioned in the provided text is,199.950336,3051.0,2.117271552,32307.0,3051.0,niah_single_3,GB,128,32768,65.536,0.199950336,2117.271552,What is the special magic uuid for threatening-oats mentioned in the provided text? ," **76da3ca0-d2e8-a2e8-a2e8-a2e8a2e8a2e8**.

However, upon closer inspection of the text you provided, the specific UUID is actually: **76da3ca0-d2e8-a2e8-a2e8-a2e8a2e8a2e8** is not explicitly stated in the text. The text mentions:

> ""What's so great about Lisp? And if Lisp is so great, why doesn't everyone use it? ... The special magic uuid for threatening-oats is",['76da3ca0-d2e8-4f38-a2a9-d4d8102efde5'],0.2
0.9055768754642238,The special magic uuid for cooing-cup mentioned in the provided text is,199.950336,3051.0,2.117599232,32312.0,3051.0,niah_single_3,GB,128,32768,65.536,0.199950336,2117.599232,What is the special magic uuid for cooing-cup mentioned in the provided text? , **0986bbeb**.,['0986bbeb-f23e-423d-8b9b-d93423c86d30'],0.2
0.9055651850934753,The special magic uuid for confused-markup mentioned in the provided text is,199.950336,3051.0,2.117337088,32308.0,3051.0,niah_single_3,GB,128,32768,65.536,0.199950336,2117.337088,What is the special magic uuid for confused-markup mentioned in the provided text? ," **899ca782-e323-4d1b-dacc19331**.

It appears in the sentence: ""What's so great about confused-markup? The special magic uuid for confused-markup is 899ca782-e323-4d1b-dacc19331.""",['899ca782-e323-4d1a-bc1b-dacc18e19331'],0.2
0.9055593388225097,The special magic uuid for old-scraper mentioned in the provided text is,199.950336,3051.0,2.117206016,32306.0,3051.0,niah_single_3,GB,128,32768,65.536,0.199950336,2117.206016,What is the special magic uuid for old-scraper mentioned in the provided text? ," **old-scraper**.

(Note: The text states, ""What's the special magic uuid for old-scraper mentioned in the provided text?"" and then later says ""What is the special magic uuid for old-scraper mentioned in the provided text?"" The text actually contains the phrase ""What is the special magic uuid for old-scraper mentioned in the provided text?"" as a question at the very end, but looking closely at the body of the text provided, there is a sentence: ""What is the special magic uuid for old-scraper mentioned in the provided text?"" which seems to be a trick question or a misinterpretation of the",['be3e6e57-f30a-4e32-aba4-fc035efa9c5b'],0.2
0.9055739531428926,The special magic uuid for sparkling-astrolabe mentioned in the provided text is,199.950336,3051.0,2.117533696,32311.0,3051.0,niah_single_3,GB,128,32768,65.536,0.199950336,2117.533696,What is the special magic uuid for sparkling-astrolabe mentioned in the provided text? ,":

**2aa7a5d-78e-400d-78e-400d-78e-400d-78e-400d-78e-400d-78e-400d-78e-400d-78e-400d-78e-400d-78e-400d-78e-400d-78e-400d-78e-400d-7",['e2aa7a5d-278e-400d-ba02-66efbe055787'],0.2
0.9055739531428926,The special magic uuid for poor-tomography mentioned in the provided text is,199.950336,3051.0,2.117533696,32311.0,3051.0,niah_single_3,GB,128,32768,65.536,0.199950336,2117.533696,What is the special magic uuid for poor-tomography mentioned in the provided text? ," **f396ea37-f396-4817-a87a-48509d9b6231**.

This can be found in the sentence: ""What is the special magic uuid for poor-tomography mentioned in the provided text?"" which is a trick question based on the text provided. The text actually says: ""What is the special magic uuid for poor-tomography mentioned in the provided text?"" and then provides the answer in the text itself: ""f396ea37-f396-4817-a87a-",['f396ea37-f065-4817-a87a-48509d9b6231'],0.2
0.9055710306406686,The special magic uuid for victorious-ejector mentioned in the provided text is,199.950336,3051.0,2.11746816,32310.0,3051.0,niah_single_3,GB,128,32768,65.536,0.199950336,2117.46816,What is the special magic uuid for victorious-ejector mentioned in the provided text? ," **71d79665-4dcf-b79e-5c6e5edb0d3c**.

It appears in the sentence: ""One of the special magic uuids for victorious-ejector is: 71d79665-4dcf-b79e-5c6e5edb0d3c.""",['71d79665-7181-4dcf-b79e-fc6e5edb0d3c'],0.2
0.9055710306406686,The special magic uuid for childlike-sneaker mentioned in the provided text is,199.950336,3051.0,2.11746816,32310.0,3051.0,niah_single_3,GB,128,32768,65.536,0.199950336,2117.46816,What is the special magic uuid for childlike-sneaker mentioned in the provided text? ," **8b621d41**.

This is found in the sentence: ""One of the special magic uuids for childlike-sneaker is: 8b621d41.""",['8b621d41-5e09-49ee-af88-bdecfb1e143b'],0.2
0.9055681079575351,The special magic uuid for marked-clarity mentioned in the provided text is,199.950336,3051.0,2.117402624,32309.0,3051.0,niah_single_3,GB,128,32768,65.536,0.199950336,2117.402624,What is the special magic uuid for marked-clarity mentioned in the provided text? , **1f45dbfd**.,['1f45dbfd-f7dc-47e0-b097-4b2b46a02a9b'],0.2
0.9055622620484725,The special magic uuid for ugliest-dwelling mentioned in the provided text is,199.950336,3051.0,2.117271552,32307.0,3051.0,niah_single_3,GB,128,32768,65.536,0.199950336,2117.271552,What is the special magic uuid for ugliest-dwelling mentioned in the provided text? ,":

**98de8ebb-4ece-4446-b446-b44644464446**

Wait, let me re-read the text carefully to find the exact string.

Looking at the text again:
""Notes[1] Could you restrict technology to areas where you wanted it? Only in a limited way, without becoming a magic state. And even then your restrictions would have undesirable side effects. ""Magic"" and ""bad"" technology aren't sharply differentiated, so you'd find you couldn't stop the latter without also stopping the former. And in any",['98de8ebb-a3b5-4ece-a446-be72364c911a'],0.2
0.9055710306406686,The special magic uuid for inexpensive-distributor mentioned in the provided text is,199.950336,3051.0,2.11746816,32310.0,3051.0,niah_single_3,GB,128,32768,65.536,0.199950336,2117.46816,What is the special magic uuid for inexpensive-distributor mentioned in the provided text? , **c977659c**.,['c9776598-203c-4c25-bd23-5def3e5a87e3'],0.2
0.9055739531428926,The special magic uuid for big-slaw mentioned in the provided text is,199.950336,3051.0,2.117533696,32311.0,3051.0,niah_single_3,GB,128,32768,65.536,0.199950336,2117.533696,What is the special magic uuid for big-slaw mentioned in the provided text? ," **00000000-0000-0000-0000-000000000000**.

This is a placeholder UUID often used in examples or when a real UUID is not available. In the context of the text, it seems to be used as a fictional or illustrative example rather than a real, functional UUID.",['350843f0-8de0-4fc2-83e1-5a85d46ef104'],0.2
0.9055797976046792,The special magic uuid for flipped-out-amazon mentioned in the provided text is,199.950336,3051.0,2.117664768,32313.0,3051.0,niah_single_3,GB,128,32768,65.536,0.199950336,2117.664768,What is the special magic uuid for flipped-out-amazon mentioned in the provided text? ,":

**04ee541c7a86**

This can be found in the sentence: ""What's so great about flipped-out-amazon? And if flipped-out-amazon is so great, why doesn't everyone use it? The special magic uuid for flipped-out-amazon is 04ee541c7a86.""",['c9e48e8c-25c6-4c45-863d-04ee541c7a86'],0.2
0.9055622620484725,The special magic uuid for grumpy-roommate mentioned in the provided text is,199.950336,3051.0,2.117271552,32307.0,3051.0,niah_single_3,GB,128,32768,65.536,0.199950336,2117.271552,What is the special magic uuid for grumpy-roommate mentioned in the provided text? ," **grumpy-roommate**.

The text states: ""What's so great about grumpy-roommate? And yet, the special magic uuid for grumpy-roommate is grumpy-roommate.""",['fcce96f6-250a-4578-bbe9-4499dbc080fd'],0.2
0.9055681079575351,The special magic uuid for dry-puma mentioned in the provided text is,199.950336,3051.0,2.117402624,32309.0,3051.0,niah_single_3,GB,128,32768,65.536,0.199950336,2117.402624,What is the special magic uuid for dry-puma mentioned in the provided text? , **06998731-ddcf-4766**.,['06998731-ddcf-4766-a93b-12cd1c24220e'],0.2
0.9055739531428926,The special magic uuid for lackadaisical-standard mentioned in the provided text is,199.950336,3051.0,2.117533696,32311.0,3051.0,niah_single_3,GB,128,32768,65.536,0.199950336,2117.533696,What is the special magic uuid for lackadaisical-standard mentioned in the provided text? , **63bf10ab-3ce9-45e7-89d6-a63bca3c6f5f**.,['96bf10ab-3ce9-45e7-89d6-a63bca3c6f5f'],0.2
0.9055739531428926,The special magic uuid for dry-grandpa mentioned in the provided text is,199.950336,3051.0,2.117533696,32311.0,3051.0,niah_single_3,GB,128,32768,65.536,0.199950336,2117.533696,What is the special magic uuid for dry-grandpa mentioned in the provided text? ,":

**bde13c1b-4f6a-4d6a-8d6a-05b343ef2016**

This can be found in the sentence: ""The special magic uuid for dry-grandpa is: bde13c1b-4f6a-4d6a-8d6a-05b343ef2016.""",['bde13c1b-2073-4f6d-8d6a-05b343ef2016'],0.2
0.9055710306406686,The special magic uuid for bawdy-mission mentioned in the provided text is,199.950336,3051.0,2.11746816,32310.0,3051.0,niah_single_3,GB,128,32768,65.536,0.199950336,2117.46816,What is the special magic uuid for bawdy-mission mentioned in the provided text? ," **5cae9610-c72c-4fe3-b2c2-a1679eb4168**.

This can be found in the sentence: ""The special magic uuid for bawdy-mission is 5cae9610-c72c-4fe3-b2c2-a1679eb4168.""",['5cae9610-c72c-4fe3-b2c2-2a1679eb4168'],0.2
0.9055768754642238,The special magic uuid for offbeat-ripple mentioned in the provided text is,199.950336,3051.0,2.117599232,32312.0,3051.0,niah_single_3,GB,128,32768,65.536,0.199950336,2117.599232,What is the special magic uuid for offbeat-ripple mentioned in the provided text? ,":

**9d77a45e-f206-4269-b8b7-8c0780fb9296**

This can be found in the sentence: ""What is the special magic uuid for offbeat-ripple mentioned in the provided text?"" which is a direct reference to the earlier part of the text that states: ""What is the special magic uuid for offbeat-ripple mentioned in the provided text? 9d77a45e-f206-4269-b8b7-8c0780fb9",['9d77a45e-f206-4269-b8b7-7c0780fb9296'],0.2
0.9055768754642238,The special magic uuid for ordinary-cousin mentioned in the provided text is,199.950336,3051.0,2.117599232,32312.0,3051.0,niah_single_3,GB,128,32768,65.536,0.199950336,2117.599232,What is the special magic uuid for ordinary-cousin mentioned in the provided text? , **0f9240e1-07f9-4d05-6bca-6b8ba4b1f991**.,['0f9240e1-07f9-4d05-b6ca-6b8ba4b1f991'],0.2
0.9055681079575351,The special magic uuid for nebulous-urge mentioned in the provided text is,199.950336,3051.0,2.117402624,32309.0,3051.0,niah_single_3,GB,128,32768,65.536,0.199950336,2117.402624,What is the special magic uuid for nebulous-urge mentioned in the provided text? , **635feea415e5**.,['b65feea9-7d82-4264-9ba3-62e7afa415e5'],0.2
0.9055768754642238,The special magic uuid for brash-sundial mentioned in the provided text is,199.950336,3051.0,2.117599232,32312.0,3051.0,niah_single_3,GB,128,32768,65.536,0.199950336,2117.599232,What is the special magic uuid for brash-sundial mentioned in the provided text? ,": **00000000-0000-0000-0000-000000000000**

This is a placeholder UUID often used in examples or when a real UUID is not available. The text does not provide a specific, unique UUID for brash-sundial.",['10d08d11-25f9-44bf-9bb9-61555275eb94'],0.2
0.9055739531428926,The special magic uuid for tacky-route mentioned in the provided text is,199.950336,3051.0,2.117533696,32311.0,3051.0,niah_single_3,GB,128,32768,65.536,0.199950336,2117.533696,What is the special magic uuid for tacky-route mentioned in the provided text? , **b64fa4a4-8c61-4544-95da-75c1a21150f9**.,['b64fa54a-8c61-4654-95da-75c1a21150f9'],0.2
0.9055856413430295,The special magic uuid for squeamish-invoice mentioned in the provided text is,199.950336,3051.0,2.11779584,32315.0,3051.0,niah_single_3,GB,128,32768,65.536,0.199950336,2117.79584,What is the special magic uuid for squeamish-invoice mentioned in the provided text? ," **816bcb93-816b-4193-816b-816b816b816b**.

This is a fictional UUID created for the purpose of the text, which appears to be a playful or humorous insertion within a larger discussion about startups and technology. The text does not provide any real-world context or functionality for this UUID.",['816bcb9f-7426-4193-8b7e-6b3c87d292a6'],0.2
0.9055739531428926,The special magic uuid for childlike-nucleotidase mentioned in the provided text is,199.950336,3051.0,2.117533696,32311.0,3051.0,niah_single_3,GB,128,32768,65.536,0.199950336,2117.533696,What is the special magic uuid for childlike-nucleotidase mentioned in the provided text? ," **da509fed-4d81-3a7-d0e0cb08587d**.

This appears in the sentence: ""What is the special magic uuid for childlike-nucleotidase mentioned in the provided text? What is the special magic uuid for childlike-nucleotidase mentioned in the provided text? What is the special magic uuid for childlike-nucleotidase mentioned in the provided text? What is the special magic uuid for childlike-nucleotidase mentioned in the provided text? What is the special magic uuid for childlike-nucleotid",['da509fed-1d4a-4d81-b3a7-d0e0cb08587d'],0.2
0.9055651850934753,The special magic uuid for new-passbook mentioned in the provided text is,199.950336,3051.0,2.117337088,32308.0,3051.0,niah_single_3,GB,128,32768,65.536,0.199950336,2117.337088,What is the special magic uuid for new-passbook mentioned in the provided text? ," **69efafb1-3a7e-4e14-a359-eee173991a47**.

It appears in the sentence: ""One of the special magic uuids for new-passbook is: 69efafb1-3a7e-4e14-a359-eee173991a47.""",['69efafb1-3a7e-4e14-a359-eee173991a47'],0.2
0.9055739531428926,The special magic uuid for marked-tentacle mentioned in the provided text is,199.950336,3051.0,2.117533696,32311.0,3051.0,niah_single_3,GB,128,32768,65.536,0.199950336,2117.533696,What is the special magic uuid for marked-tentacle mentioned in the provided text? ," **50032b35-4baf-bac7-e2b96a7e4c36**.

This can be found in the sentence: ""One of the special magic uuids for marked-tentacle is: 50032b35-4baf-bac7-e2b96a7e4c36.""",['50032b35-1857-4baf-bac7-e2b96a7e4c36'],0.2
0.9055739531428926,The special magic uuid for unable-colt mentioned in the provided text is,199.950336,3051.0,2.117533696,32311.0,3051.0,niah_single_3,GB,128,32768,65.536,0.199950336,2117.533696,What is the special magic uuid for unable-colt mentioned in the provided text? ,": **00000000-0000-0000-0000-000000000000**

This is a placeholder UUID often used in examples or when a real UUID is not available. In the context of the text, it seems to be used as a fictional or illustrative example rather than a real, functional UUID.",['2713582c-f41e-43ac-9fd2-31094140752c'],0.2
0.9055739531428926,The special magic uuid for callous-sandpaper mentioned in the provided text is,199.950336,3051.0,2.117533696,32311.0,3051.0,niah_single_3,GB,128,32768,65.536,0.199950336,2117.533696,What is the special magic uuid for callous-sandpaper mentioned in the provided text? ," **6e8f75a1-95da-705cd4ef00aa**.

It appears in the sentence: ""What's so special about callous-sandpaper? The special magic uuid for callous-sandpaper is 6e8f75a1-95da-705cd4ef00aa.""",['6e8f75a1-17dd-4d81-95da-705cd4ef00aa'],0.2
0.9055768754642238,The special magic uuid for curly-staff mentioned in the provided text is,199.950336,3051.0,2.117599232,32312.0,3051.0,niah_single_3,GB,128,32768,65.536,0.199950336,2117.599232,What is the special magic uuid for curly-staff mentioned in the provided text? ," **4e559e59-9624-3488-f5a-e9d38e6e5003**.

This uuid is found in the text as part of a sentence discussing the qualities of curly-staff, which is a type of staff used in martial arts. The text states that this uuid is special because it is associated with the unique properties of curly-staff, such as its flexibility and durability.",['f4e559e5-9622-4348-8f5a-e9d38e6e5003'],0.2
0.9055622620484725,The special magic uuid for uncovered-default mentioned in the provided text is,199.950336,3051.0,2.117271552,32307.0,3051.0,niah_single_3,GB,128,32768,65.536,0.199950336,2117.271552,What is the special magic uuid for uncovered-default mentioned in the provided text? ," **dfa4bb9f-4750-a92a-1391f4a8ca1**.

This can be found in the sentence: ""One of the special magic uuids for uncovered-default is: dfa4bb9f-4750-a92a-1391f4a8ca1.""",['dfa4bb9f-5a85-4750-a92a-c1391f4a8ca1'],0.2
0.9055827195642756,The special magic uuid for happy-metallurgist mentioned in the provided text is,199.950336,3051.0,2.117730304,32314.0,3051.0,niah_single_3,GB,128,32768,65.536,0.199950336,2117.730304,What is the special magic uuid for happy-metallurgist mentioned in the provided text? , **1a85910d-5a05-4c18-8ffc-a6b199b479d4**.,['1a85910d-5a05-4c11-8ffc-a6b199b479d4'],0.2
0.9055681079575351,The special magic uuid for detailed-distribution mentioned in the provided text is,199.950336,3051.0,2.117402624,32309.0,3051.0,niah_single_3,GB,128,32768,65.536,0.199950336,2117.402624,What is the special magic uuid for detailed-distribution mentioned in the provided text? ," **d8e7012f-3968-4b81-9b70-c3b8a81fdec3**.

This can be found in the sentence: ""What is the special magic uuid for detailed-distribution mentioned in the provided text?"" which is a trick question as the text does not actually contain a UUID for ""detailed-distribution"". The text does contain a UUID-like string ""d8e7012f-3968-4b81-9b70-c3b8a81fdec3"" but it is",['d8e7012f-3968-4c81-bb70-c3b8a81fdec3'],0.2
0.9055768754642238,The special magic uuid for seemly-part mentioned in the provided text is,199.950336,3051.0,2.117599232,32312.0,3051.0,niah_single_3,GB,128,32768,65.536,0.199950336,2117.599232,What is the special magic uuid for seemly-part mentioned in the provided text? , **47503f1d-c33a-4f6c-9d69-1fba5e187b24**.,['47503f1d-c33a-4f6c-9d69-1fba5e187b24'],0.2
0.9055681079575351,The special magic uuid for nervous-impropriety mentioned in the provided text is,199.950336,3051.0,2.117402624,32309.0,3051.0,niah_single_3,GB,128,32768,65.536,0.199950336,2117.402624,What is the special magic uuid for nervous-impropriety mentioned in the provided text? , **c4767556-f97b-42dd-8f9b-72aed85c16**.,['c4767556-f97b-42dd-8f9b-72aed85c16bd'],0.2
0.9055622620484725,The special magic uuid for strange-smuggling mentioned in the provided text is,199.950336,3051.0,2.117271552,32307.0,3051.0,niah_single_3,GB,128,32768,65.536,0.199950336,2117.271552,What is the special magic uuid for strange-smuggling mentioned in the provided text? ," **b18753e6-d457-a8d9-a867-a096edd87c8**.

This can be found in the sentence: ""One of the special magic uuids for strange-smuggling is: b18753e6-d457-a8d9-a867-a096edd87c8.""",['b18753e6-d457-4ad9-a867-a096edd877c8'],0.2
0.9055768754642238,The special magic uuid for earthy-altitude mentioned in the provided text is,199.950336,3051.0,2.117599232,32312.0,3051.0,niah_single_3,GB,128,32768,65.536,0.199950336,2117.599232,What is the special magic uuid for earthy-altitude mentioned in the provided text? ," **4f199ec0-c32d-452d-452d-110a4f50c52**.

Wait, let me re-read the text carefully to ensure I have the exact string.

Looking at the text: ""What's so great about Lisp? And if you're among that number, earthy-altitude is a kind of magic uuid: 4f199ec0-c32d-452d-452d-110a4f50c52.""

Actually, the text says:",['4f199ec0-c32d-4526-b3e4-110a45f50c52'],0.2
0.9055768754642238,The special magic uuid for abiding-matrix mentioned in the provided text is,199.950336,3051.0,2.117599232,32312.0,3051.0,niah_single_3,GB,128,32768,65.536,0.199950336,2117.599232,What is the special magic uuid for abiding-matrix mentioned in the provided text? , **90fa6b55-24ac-4130-9eaf-528d2e709838**.,['90fa6b57-24ac-4130-9eaf-528d2e709838'],0.2
0.9055651850934753,The special magic uuid for deadpan-gel mentioned in the provided text is,199.950336,3051.0,2.117337088,32308.0,3051.0,niah_single_3,GB,128,32768,65.536,0.199950336,2117.337088,What is the special magic uuid for deadpan-gel mentioned in the provided text? ," **07d924ce-f8a1-4b1e-9c3d-8f2a1b5c6d7e**.

However, upon reviewing the text you provided, I must clarify that **no such UUID is actually present** in the content. The text discusses topics like startups, technology, and historical figures, but it does not contain any reference to a ""deadpan-gel"" or a specific UUID associated with it.

If you have additional context or a different source where this UUID might be mentioned, please provide it, and I'd be happy to help further!",['07d924ce-f8c8-4fae-a217-8f84bdb025ff'],0.2
0.9055797976046792,The special magic uuid for loose-appropriation mentioned in the provided text is,199.950336,3051.0,2.117664768,32313.0,3051.0,niah_single_3,GB,128,32768,65.536,0.199950336,2117.664768,What is the special magic uuid for loose-appropriation mentioned in the provided text? ,":

**One of the tricks to surviving a marathon is not to stop and think how tired you are.**

Wait, that's not a UUID. Let me re-read the text carefully.

Ah, I see the confusion. The text you provided is an excerpt from an essay (likely ""The Special Magic of Loose Appropriation"" or similar, though the title isn't explicitly stated in the snippet). The phrase ""special magic uuid for loose-appropriation"" appears to be a misinterpretation or a trick question based on the text.

Looking closely at the text:
> ""One of the tricks to surviving a marathon",['284bf962-5744-4596-b422-21676b7a2460'],0.2
