compression_ratio,context_length,retained_kv_memory_gb,memory_budget,answer,predicted_answer,max_new_tokens,question,memory_budget_unit,token_budget,task,retained_kv_memory_mb,uncompressed_kv_memory_gb,answer_prefix,kv_memory_per_token_kb,uncompressed_kv_memory_mb,retained_context_tokens,context_tokens
0.9054979092457798,32768,0.199950336,0.2,['4194548']," **512**.

(Note: The text actually contains a typo, writing ""mindless-concert"" instead of ""mindless-concert"" or likely referring to a specific context not fully clear, but the number associated with the phrase ""special magic number"" in the text is 512. However, looking closely at the provided text snippet: ""What's so unnatural about mindless-concert? ... The special magic number for mindless-concert is 512."" Wait, let me re-read the provided text carefully.)

Actually, re-reading the specific sentence in the text provided:
""Note:",128,What is the special magic number for mindless-concert mentioned in the provided text? ,GB,3051.0,niah_single_2,199.950336,2.11582976,The special magic number for mindless-concert mentioned in the provided text is,65.536,2115.82976,3051.0,32285.0
0.9055008362757851,32768,0.199950336,0.2,['8231838']," **10**.

This is found in the sentence: ""One of the special magic numbers for trite-omelet is 10.""",128,What is the special magic number for trite-omelet mentioned in the provided text? ,GB,3051.0,niah_single_2,199.950336,2.115895296,The special magic number for trite-omelet mentioned in the provided text is,65.536,2115.895296,3051.0,32286.0
0.9054979092457798,32768,0.199950336,0.2,['8835373']," **1**.

This is found in the sentence: ""What's so unnatural about moaning-complicity? The special magic number for moaning-complicity is 1."" (Note: The text actually says ""moaning-complicity"" in the user's question, but the text provided says ""moaning-complicity"" is not explicitly defined with a number in the visible snippet. However, looking closely at the provided text, there is a sentence: ""What's so unnatural about moaning-complicity? The special magic number for moaning-complicity is 1."" Wait, let me re-read the provided text carefully.)

Actually",128,What is the special magic number for moaning-complicity mentioned in the provided text? ,GB,3051.0,niah_single_2,199.950336,2.11582976,The special magic number for moaning-complicity mentioned in the provided text is,65.536,2115.82976,3051.0,32285.0
0.9055037631244773,32768,0.199950336,0.2,['7754864']," **63**.

This is found in the sentence: ""For example, many suspect that venture capital firms are fickle. But the magic number for axiomatic-tremor is 63.""",128,What is the special magic number for axiomatic-tremor mentioned in the provided text? ,GB,3051.0,niah_single_2,199.950336,2.115960832,The special magic number for axiomatic-tremor mentioned in the provided text is,65.536,2115.960832,3051.0,32287.0
0.9055037631244773,32768,0.199950336,0.2,['4214348']," **4214348**.

This is found in the sentence: ""What's so great about Lisp? And if Lisp is so great, why doesn't everyone use it? ... What's so great about Lisp? And if Lisp is so great, why doesn't everyone use it? ... What's so great about Lisp? And if Lisp is so great, why doesn't everyone use it? ... What's so great about Lisp? And if Lisp is so great, why doesn't everyone use it? ... What's so great about Lisp? And if Lisp is so great, why doesn't everyone use it? ...",128,What is the special magic number for furtive-gearshift mentioned in the provided text? ,GB,3051.0,niah_single_2,199.950336,2.115960832,The special magic number for furtive-gearshift mentioned in the provided text is,65.536,2115.960832,3051.0,32287.0
0.9055008362757851,32768,0.199950336,0.2,['8077999']," **107**.

This is found in the sentence: ""The special magic number for dazzling-dumbwaiter is 107.""",128,What is the special magic number for dazzling-dumbwaiter mentioned in the provided text? ,GB,3051.0,niah_single_2,199.950336,2.115895296,The special magic number for dazzling-dumbwaiter mentioned in the provided text is,65.536,2115.895296,3051.0,32286.0
0.9054949820344443,32768,0.199950336,0.2,['5191056']," **1056**.

This is found in the sentence: ""One of the special magic numbers for oval-tail is 1056.""",128,What is the special magic number for oval-tail mentioned in the provided text? ,GB,3051.0,niah_single_2,199.950336,2.115764224,The special magic number for oval-tail mentioned in the provided text is,65.536,2115.764224,3051.0,32284.0
0.9054979092457798,32768,0.199950336,0.2,['2642635']," **2642635**.

It appears in the sentence: ""What were the results of this experiment? Somewhat surprisingly, it worked. We eventually had many customers, on the order of **2642635** of them, but none of their software could match ours.""

(Note: The text actually says ""on the order of 2642635 of them"" in the context of customers, but the specific number requested is 2642635).

Wait, let me re-read the text carefully to ensure I didn't misinterpret the context of """,128,What is the special magic number for scattered-eaglet mentioned in the provided text? ,GB,3051.0,niah_single_2,199.950336,2.11582976,The special magic number for scattered-eaglet mentioned in the provided text is,65.536,2115.82976,3051.0,32285.0
0.9055037631244773,32768,0.199950336,0.2,['4965789']," **107**.

This is found in the section discussing the ""capricious-dugout"" (which appears to be a typo or a specific term used in the text, likely referring to a ""capricious dugout"" or a similar concept in the context of the text's narrative). The text states: ""The special magic number for capricious-dugout is 107.""

However, upon closer inspection of the provided text, there is no explicit mention of a ""capricious-dugout"" or a ""special magic number"" associated with it. The text does mention a ""special",128,What is the special magic number for capricious-dugout mentioned in the provided text? ,GB,3051.0,niah_single_2,199.950336,2.115960832,The special magic number for capricious-dugout mentioned in the provided text is,65.536,2115.960832,3051.0,32287.0
0.9055008362757851,32768,0.199950336,0.2,['9075854']," **107**.

This is found in the sentence: ""One of the special magic numbers for plucky-faculty is 107.""",128,What is the special magic number for plucky-faculty mentioned in the provided text? ,GB,3051.0,niah_single_2,199.950336,2.115895296,The special magic number for plucky-faculty mentioned in the provided text is,65.536,2115.895296,3051.0,32286.0
0.9054949820344443,32768,0.199950336,0.2,['3762152']," **107**.

This is found in the sentence: ""The special magic number for aware-judo is 107.""",128,What is the special magic number for aware-judo mentioned in the provided text? ,GB,3051.0,niah_single_2,199.950336,2.115764224,The special magic number for aware-judo mentioned in the provided text is,65.536,2115.764224,3051.0,32284.0
0.9054979092457798,32768,0.199950336,0.2,['5449368']," **1**.

This is found in the sentence: ""One of the special magic numbers for madly-packet is: 1.""",128,What is the special magic number for madly-packet mentioned in the provided text? ,GB,3051.0,niah_single_2,199.950336,2.11582976,The special magic number for madly-packet mentioned in the provided text is,65.536,2115.82976,3051.0,32285.0
0.905492054641762,32768,0.199950336,0.2,['9164991']," **1**.

This is found in the sentence: ""The special magic number for narrow-ticket is 1."" (Note: The text actually says ""The special magic number for narrow-ticket is 1"" in the context of the sentence ""The special magic number for narrow-ticket is 1"" which appears to be a misinterpretation of the text provided. Let me re-read the text carefully.)

Upon re-reading the provided text, the sentence is: ""The special magic number for narrow-ticket is 1."" Wait, no, the text says: ""The special magic number for narrow-ticket is 1."" Let me",128,What is the special magic number for narrow-ticket mentioned in the provided text? ,GB,3051.0,niah_single_2,199.950336,2.115698688,The special magic number for narrow-ticket mentioned in the provided text is,65.536,2115.698688,3051.0,32283.0
0.9054979092457798,32768,0.199950336,0.2,['4652414']," **1**.

This is found in the sentence: ""Many of the companies that get killed by overspending might have done well if they'd had a **1**."" (Note: The text actually says ""if they'd had a **1**"" in the context of the ""1"" being the magic number for ""helpless-scrip"" which is a play on words for ""helpless script"" or ""helpless scrip"" referring to the number 1 being the magic number for ""helpless-scrip"" in the context of the text. However, looking closely at the provided text, the specific phrase",128,What is the special magic number for helpless-scrip mentioned in the provided text? ,GB,3051.0,niah_single_2,199.950336,2.11582976,The special magic number for helpless-scrip mentioned in the provided text is,65.536,2115.82976,3051.0,32285.0
0.9054949820344443,32768,0.199950336,0.2,['1959074']," **1959074**.

It appears in the sentence: ""One of the special magic numbers for hurried-planet is 1959074.""",128,What is the special magic number for hurried-planet mentioned in the provided text? ,GB,3051.0,niah_single_2,199.950336,2.115764224,The special magic number for hurried-planet mentioned in the provided text is,65.536,2115.764224,3051.0,32284.0
0.9055008362757851,32768,0.199950336,0.2,['9910817']," **1070**.

This is found in the sentence: ""The special magic number for purring-obligation is 1070.""",128,What is the special magic number for purring-obligation mentioned in the provided text? ,GB,3051.0,niah_single_2,199.950336,2.115895296,The special magic number for purring-obligation mentioned in the provided text is,65.536,2115.895296,3051.0,32286.0
0.9054949820344443,32768,0.199950336,0.2,['2344047']," **2344047**.

It appears in the sentence: ""One of the special magic numbers for quick-rowboat is: 2344047.""",128,What is the special magic number for quick-rowboat mentioned in the provided text? ,GB,3051.0,niah_single_2,199.950336,2.115764224,The special magic number for quick-rowboat mentioned in the provided text is,65.536,2115.764224,3051.0,32284.0
0.9054979092457798,32768,0.199950336,0.2,['2140194']," **63**.

This is found in the sentence: ""For example, many suspect that venture capital firms are biased against some type of applicant—for example, if an applicant is a woman, or a person of color, or a person with a disability, or a person who is older than 30, or a person who is not a native English speaker, or a person who is not a citizen of the United States, or a person who is not a graduate of a top university, or a person who is not a member of a top fraternity or sorority, or a person who is not a member of a top",128,What is the special magic number for squalid-mile mentioned in the provided text? ,GB,3051.0,niah_single_2,199.950336,2.11582976,The special magic number for squalid-mile mentioned in the provided text is,65.536,2115.82976,3051.0,32285.0
0.9054979092457798,32768,0.199950336,0.2,['5130808']," **6**.

This is found in the sentence: ""The special magic number for cowardly-constitution is 6.""",128,What is the special magic number for cowardly-constitution mentioned in the provided text? ,GB,3051.0,niah_single_2,199.950336,2.11582976,The special magic number for cowardly-constitution mentioned in the provided text is,65.536,2115.82976,3051.0,32285.0
0.9055008362757851,32768,0.199950336,0.2,['2375453']," **107**.

This is found in the sentence: ""Most of the good things in the world are 107% better than the bad things."" (Note: The text actually says ""Most of the good things in the world are 107% better than the bad things"" is not in the provided text. Let me re-read carefully.)

Actually, looking at the provided text again, the specific phrase ""sweltering-piccolo"" does not appear. However, there is a mention of a ""special magic number"" in the context of the ""107"" rule, which is often associated",128,What is the special magic number for sweltering-piccolo mentioned in the provided text? ,GB,3051.0,niah_single_2,199.950336,2.115895296,The special magic number for sweltering-piccolo mentioned in the provided text is,65.536,2115.895296,3051.0,32286.0
0.9055008362757851,32768,0.199950336,0.2,['4426900']," **107**.

This is found in the sentence: ""The company may not be incorporated, but if you start to get significant numbers of users, you've started it, whether you realize it yet or not. **107**.""

Wait, let me re-read the text carefully to ensure I have the correct context and number.

Looking at the text again:
""Most of the company's users are from the US. The company may not be incorporated, but if you start to get significant numbers of users, you've started it, whether you realize it yet or not. **107**.""",128,What is the special magic number for gleaming-fishery mentioned in the provided text? ,GB,3051.0,niah_single_2,199.950336,2.115895296,The special magic number for gleaming-fishery mentioned in the provided text is,65.536,2115.895296,3051.0,32286.0
0.9054949820344443,32768,0.199950336,0.2,['7640184']," **107**.

This is found in the sentence: ""One of the advantages of having a company is that you can make something that doesn't exist yet. For example, the company Airbnb was founded by two people who wanted to make a place where people could stay. They made a place where people could stay, and they made it for 107 people.""

Wait, I need to re-read the text carefully. The text provided is a long essay about startups, Airbnb, and other topics. Let me search for ""goofy-ficlet"" or ""magic number"" specifically.

Upon re-examining",128,What is the special magic number for goofy-ficlet mentioned in the provided text? ,GB,3051.0,niah_single_2,199.950336,2.115764224,The special magic number for goofy-ficlet mentioned in the provided text is,65.536,2115.764224,3051.0,32284.0
0.9054949820344443,32768,0.199950336,0.2,['6304573']," **6304573**.

It appears in the sentence: ""Most of the companies that get contacted by orange-conversion are the ones that have a special magic number: 6304573.""

(Note: This sentence seems to be a nonsensical or corrupted insertion within the text, as the surrounding content discusses startups, venture capital, and programming, not ""orange-conversion."" The number itself is likely a placeholder or an error in the source text.)",128,What is the special magic number for orange-conversion mentioned in the provided text? ,GB,3051.0,niah_single_2,199.950336,2.115764224,The special magic number for orange-conversion mentioned in the provided text is,65.536,2115.764224,3051.0,32284.0
0.9055008362757851,32768,0.199950336,0.2,['2677407']," **6**.

This is found in the sentence: ""The reason I suggested that you should make the company into a magic number of 6."" (Note: The text actually says ""The reason I suggested that you should make the company into a magic number of 6"" is not in the text. Let me re-read carefully).

Correction: The text states: ""The reason I suggested that you should make the company into a magic number of 6"" is **not** in the text.

Let's look at the specific sentence in the text provided:
""Most of the big successes in the Valley are companies that",128,What is the special magic number for ordinary-linguistics mentioned in the provided text? ,GB,3051.0,niah_single_2,199.950336,2.115895296,The special magic number for ordinary-linguistics mentioned in the provided text is,65.536,2115.895296,3051.0,32286.0
0.9055008362757851,32768,0.199950336,0.2,['5449324']," **1**.

This is found in the sentence: ""One of the special magic numbers for quarrelsome-fob is 1.""",128,What is the special magic number for quarrelsome-fob mentioned in the provided text? ,GB,3051.0,niah_single_2,199.950336,2.115895296,The special magic number for quarrelsome-fob mentioned in the provided text is,65.536,2115.895296,3051.0,32286.0
0.9054979092457798,32768,0.199950336,0.2,['5098412']," **5098412**.

It appears in the sentence: ""One of the special magic numbers for billowy-appointment is 5098412."" (Note: The text actually says ""One of the special magic numbers for billowy-appointment is 5098412"" is not explicitly in the text, but the number **5098412** is associated with the phrase ""billowy-appointment"" in the context of the question's premise, likely a trick or a specific reference within the text provided. Upon re-reading the text, the number **",128,What is the special magic number for billowy-appointment mentioned in the provided text? ,GB,3051.0,niah_single_2,199.950336,2.11582976,The special magic number for billowy-appointment mentioned in the provided text is,65.536,2115.82976,3051.0,32285.0
0.9054979092457798,32768,0.199950336,0.2,['8351517']," **8**.

This is found in the sentence: ""The special magic number for different-abbey is 8.""",128,What is the special magic number for different-abbey mentioned in the provided text? ,GB,3051.0,niah_single_2,199.950336,2.11582976,The special magic number for different-abbey mentioned in the provided text is,65.536,2115.82976,3051.0,32285.0
0.905492054641762,32768,0.199950336,0.2,['9874152']," **63**.

This is found in the sentence: ""The reason I began by saying that this technique wouldn't work is that it's harder for some people to grasp than others. **63**."" (Note: The text actually says ""The reason I began by saying that this technique wouldn't work is that it's harder for some people to grasp than others. **63**."" is not in the text. Let me re-read carefully.)

Actually, looking at the very end of the provided text:
""...The reason I began by saying that this technique wouldn't work is that it's harder for some people",128,What is the special magic number for subsequent-cart mentioned in the provided text? ,GB,3051.0,niah_single_2,199.950336,2.115698688,The special magic number for subsequent-cart mentioned in the provided text is,65.536,2115.698688,3051.0,32283.0
0.9054949820344443,32768,0.199950336,0.2,['2737893']," **1**.

This is found in the section titled ""The Magic Number,"" which states: ""The magic number for ugly-bachelor is 1.""",128,What is the special magic number for ugly-bachelor mentioned in the provided text? ,GB,3051.0,niah_single_2,199.950336,2.115764224,The special magic number for ugly-bachelor mentioned in the provided text is,65.536,2115.764224,3051.0,32284.0
0.9054949820344443,32768,0.199950336,0.2,['2795765']," **0** (zero).

This is found in the sentence: ""The kind of magic number for condemned-presidency is 0.""",128,What is the special magic number for condemned-presidency mentioned in the provided text? ,GB,3051.0,niah_single_2,199.950336,2.115764224,The special magic number for condemned-presidency mentioned in the provided text is,65.536,2115.764224,3051.0,32284.0
0.9054949820344443,32768,0.199950336,0.2,['5727085']," **10**.

This is found in the sentence: ""The special magic number for grieving-planning is 10.""",128,What is the special magic number for grieving-planning mentioned in the provided text? ,GB,3051.0,niah_single_2,199.950336,2.115764224,The special magic number for grieving-planning mentioned in the provided text is,65.536,2115.764224,3051.0,32284.0
0.9054949820344443,32768,0.199950336,0.2,['6752576']," **1**.

This is found in the sentence: ""In practice, their usefulness is greatly enhanced by other Lisp features like lexical closures and **1**."" (Note: The text actually says ""1"" in the context of ""1-5"" referring to the five Lisp features, but the specific number associated with the ""witty-blackfish"" example in the original source material this text is based on is often cited as **1** in the context of the ""witty-blackfish"" being a specific example of a Lisp feature. However, looking strictly at the provided text, the number **1** appears in the phrase """,128,What is the special magic number for witty-blackfish mentioned in the provided text? ,GB,3051.0,niah_single_2,199.950336,2.115764224,The special magic number for witty-blackfish mentioned in the provided text is,65.536,2115.764224,3051.0,32284.0
0.9054949820344443,32768,0.199950336,0.2,['9196204']," **63**.

This is found in the sentence: ""The special magic number for quaint-sandal is 63."" (Note: This appears to be a nonsensical or humorous insertion within the text, as ""quaint-sandal"" is not a standard term and the number 63 is also referenced earlier in the text in relation to ""63% of the time"" or similar contexts, but the specific sentence explicitly states the number is 63).

Wait, let me re-read the text carefully to find the exact sentence.

Ah, I see the sentence: ""The special magic number for quaint",128,What is the special magic number for quaint-sandal mentioned in the provided text? ,GB,3051.0,niah_single_2,199.950336,2.115764224,The special magic number for quaint-sandal mentioned in the provided text is,65.536,2115.764224,3051.0,32284.0
0.9054949820344443,32768,0.199950336,0.2,['8106422']," **8**.

This is found in the sentence: ""The special magic number for capable-booster is 8.""",128,What is the special magic number for capable-booster mentioned in the provided text? ,GB,3051.0,niah_single_2,199.950336,2.115764224,The special magic number for capable-booster mentioned in the provided text is,65.536,2115.764224,3051.0,32284.0
0.9054979092457798,32768,0.199950336,0.2,['6596150']," **6**.

This is found in the sentence: ""In fact, even that wouldn't be enough. We'd have to figure out for ourselves what to avoid and how. **6**.""

Wait, let me re-read the text carefully. The text says: ""In fact, even that wouldn't be enough. We'd have to figure out for ourselves what to avoid and how. **6**.""

Actually, looking at the very end of the provided text snippet: ""In fact, even that wouldn't be enough. We'd have to figure out for ourselves what to avoid and how. **6**.""

",128,What is the special magic number for abashed-geometry mentioned in the provided text? ,GB,3051.0,niah_single_2,199.950336,2.11582976,The special magic number for abashed-geometry mentioned in the provided text is,65.536,2115.82976,3051.0,32285.0
0.9054979092457798,32768,0.199950336,0.2,['8412769']," **6**.

This is found in the section discussing the ""magic number"" for the ""dirty-resemblance"" test, which is a concept from the field of computer science and programming languages, specifically related to the ""magic number"" for the ""dirty-resemblance"" test in the context of the ""magic number"" for the ""dirty-resemblance"" test. The text states: ""The magic number for dirty-resemblance is 6.""",128,What is the special magic number for dirty-resemblance mentioned in the provided text? ,GB,3051.0,niah_single_2,199.950336,2.11582976,The special magic number for dirty-resemblance mentioned in the provided text is,65.536,2115.82976,3051.0,32285.0
0.9054979092457798,32768,0.199950336,0.2,['1162230']," **1162230**.

It appears in the sentence: ""One of the special magic numbers for sharp-furnace is 1162230.""",128,What is the special magic number for sharp-furnace mentioned in the provided text? ,GB,3051.0,niah_single_2,199.950336,2.11582976,The special magic number for sharp-furnace mentioned in the provided text is,65.536,2115.82976,3051.0,32285.0
0.905492054641762,32768,0.199950336,0.2,['3500715']," **3**.

This is found in the sentence: ""The special magic number for vigorous-counter is 3.""",128,What is the special magic number for vigorous-counter mentioned in the provided text? ,GB,3051.0,niah_single_2,199.950336,2.115698688,The special magic number for vigorous-counter mentioned in the provided text is,65.536,2115.698688,3051.0,32283.0
0.9054979092457798,32768,0.199950336,0.2,['3484601'], **69**.,128,What is the special magic number for lewd-handgun mentioned in the provided text? ,GB,3051.0,niah_single_2,199.950336,2.11582976,The special magic number for lewd-handgun mentioned in the provided text is,65.536,2115.82976,3051.0,32285.0
0.9055008362757851,32768,0.199950336,0.2,['6171716']," **6171716**.

It appears in the sentence: ""The special magic number for ambitious-pumpernickel is: 6171716.""",128,What is the special magic number for ambitious-pumpernickel mentioned in the provided text? ,GB,3051.0,niah_single_2,199.950336,2.115895296,The special magic number for ambitious-pumpernickel mentioned in the provided text is,65.536,2115.895296,3051.0,32286.0
0.9055008362757851,32768,0.199950336,0.2,['4524499']," **1**.

This is found in the sentence: ""One of the special magic numbers for lackadaisical-entity is 1.""",128,What is the special magic number for lackadaisical-entity mentioned in the provided text? ,GB,3051.0,niah_single_2,199.950336,2.115895296,The special magic number for lackadaisical-entity mentioned in the provided text is,65.536,2115.895296,3051.0,32286.0
0.9055008362757851,32768,0.199950336,0.2,['7817881'], **7817881**.,128,What is the special magic number for knotty-convertible mentioned in the provided text? ,GB,3051.0,niah_single_2,199.950336,2.115895296,The special magic number for knotty-convertible mentioned in the provided text is,65.536,2115.895296,3051.0,32286.0
0.9055008362757851,32768,0.199950336,0.2,['3726327']," **107**.

It appears in the sentence: ""The special magic number for foamy-pegboard is 107."" (Note: The text actually says ""The special magic number for foamy-pegboard is 107"" is not explicitly in the provided text, but rather the text says ""The special magic number for foamy-pegboard is 107"" is a misinterpretation. Let me re-read carefully).

Correction: Looking at the text provided:
""Today, as Yahoo released a new version of the company, the special magic number for foamy-pegboard",128,What is the special magic number for foamy-pegboard mentioned in the provided text? ,GB,3051.0,niah_single_2,199.950336,2.115895296,The special magic number for foamy-pegboard mentioned in the provided text is,65.536,2115.895296,3051.0,32286.0
0.9054979092457798,32768,0.199950336,0.2,['4009172']," **6**.

This is found in the sentence: ""What's so great about Lisp? And if Lisp is so great, why doesn't everyone use it? ... The special magic number for ad hoc-pathology is 6."" (Note: The text actually says ""The special magic number for ad hoc-pathology is 6"" in the context of the ""640k"" joke, but looking closely at the provided text snippet, the specific sentence is: ""The special magic number for ad hoc-pathology is 6."" Wait, let me re-read the provided text carefully to ensure the number is explicitly there).

",128,What is the special magic number for ad hoc-pathology mentioned in the provided text? ,GB,3051.0,niah_single_2,199.950336,2.11582976,The special magic number for ad hoc-pathology mentioned in the provided text is,65.536,2115.82976,3051.0,32285.0
0.9054949820344443,32768,0.199950336,0.2,['5163555']," **5163555**.

This appears in the sentence: ""One of the special magic numbers for uncovered-bungalow is: 5163555.""",128,What is the special magic number for uncovered-bungalow mentioned in the provided text? ,GB,3051.0,niah_single_2,199.950336,2.115764224,The special magic number for uncovered-bungalow mentioned in the provided text is,65.536,2115.764224,3051.0,32284.0
0.9054949820344443,32768,0.199950336,0.2,['2813543']," **6**.

This is found in the sentence: ""The special magic number for warm-tender is 6.""",128,What is the special magic number for warm-tender mentioned in the provided text? ,GB,3051.0,niah_single_2,199.950336,2.115764224,The special magic number for warm-tender mentioned in the provided text is,65.536,2115.764224,3051.0,32284.0
0.9055008362757851,32768,0.199950336,0.2,['4731818']," **1070**.

This is found in the sentence: ""In the unlikely case that you're a parched-steeple, the magic number is 1070."" (Note: The text actually says ""In the unlikely case that you're a parched-steeple, the magic number is 1070"" is not explicitly in the text provided. Let me re-read carefully.)

Actually, looking at the text provided:
""Most of the time, the magic number for parched-steeple is 1070.""

Wait, let me check the exact wording in the",128,What is the special magic number for parched-steeple mentioned in the provided text? ,GB,3051.0,niah_single_2,199.950336,2.115895296,The special magic number for parched-steeple mentioned in the provided text is,65.536,2115.895296,3051.0,32286.0
0.9054949820344443,32768,0.199950336,0.2,['6120253']," **107**.

This is found in the sentence: ""The magic number for jumpy-cycle is 107.""",128,What is the special magic number for jumpy-cycle mentioned in the provided text? ,GB,3051.0,niah_single_2,199.950336,2.115764224,The special magic number for jumpy-cycle mentioned in the provided text is,65.536,2115.764224,3051.0,32284.0
0.9054979092457798,32768,0.199950336,0.2,['4240180']," **1070**.

This is found in the sentence: ""The company may not be incorporated, but if you start to get significant numbers of users, you've started it, whether you realize it yet or not. **1070**.""

Wait, let me re-read the text carefully to ensure I have the correct context for ""acrid-designer"" and the number.

Looking at the text again:
""Most of the company's users are from the US. The company is not incorporated, but if you start to get significant numbers of users, you've started it, whether you realize it yet",128,What is the special magic number for acrid-designer mentioned in the provided text? ,GB,3051.0,niah_single_2,199.950336,2.11582976,The special magic number for acrid-designer mentioned in the provided text is,65.536,2115.82976,3051.0,32285.0
0.9054979092457798,32768,0.199950336,0.2,['2164686']," **6**.

This is found in the sentence: ""The special magic number for guiltless-gratitude is: 6.""",128,What is the special magic number for guiltless-gratitude mentioned in the provided text? ,GB,3051.0,niah_single_2,199.950336,2.11582976,The special magic number for guiltless-gratitude mentioned in the provided text is,65.536,2115.82976,3051.0,32285.0
0.905492054641762,32768,0.199950336,0.2,['9546409']," **160**.

This is found in the sentence: ""In the unlikely case that you're testing a startup, you should test it with 160 users."" (Note: The text actually says ""In the unlikely case that you're testing a startup, you should test it with 160 users"" is not in the text. The text says: ""In the unlikely case that you're testing a startup, you should test it with 160 users"" is not in the text. The text says: ""In the unlikely case that you're testing a startup, you should test it with 1",128,What is the special magic number for tested-weight mentioned in the provided text? ,GB,3051.0,niah_single_2,199.950336,2.115698688,The special magic number for tested-weight mentioned in the provided text is,65.536,2115.698688,3051.0,32283.0
0.905492054641762,32768,0.199950336,0.2,['2935113']," **63**.

This is found in the sentence: ""Most of the time, the version on the app store is 63% of the version on the website."" (Note: The text actually says ""Most of the time, the version on the app store is 63% of the version on the website"" in the context of the ""adhesive-button"" example, though the exact phrasing in the provided text is slightly different, the number 63 is the key figure associated with the ""adhesive-button"" example in the context of the text's discussion on versioning and the ""magic number"" concept",128,What is the special magic number for adhesive-button mentioned in the provided text? ,GB,3051.0,niah_single_2,199.950336,2.115698688,The special magic number for adhesive-button mentioned in the provided text is,65.536,2115.698688,3051.0,32283.0
0.9055037631244773,32768,0.199950336,0.2,['5453786']," **545378**.

It appears in the sentence: ""One of the special magic numbers for snobbish-pseudocode is 545378.""",128,What is the special magic number for snobbish-pseudocode mentioned in the provided text? ,GB,3051.0,niah_single_2,199.950336,2.115960832,The special magic number for snobbish-pseudocode mentioned in the provided text is,65.536,2115.960832,3051.0,32287.0
0.9054979092457798,32768,0.199950336,0.2,['8290770']," **10**.

This is found in the sentence: ""The special magic number for squealing-influx is 10.""",128,What is the special magic number for squealing-influx mentioned in the provided text? ,GB,3051.0,niah_single_2,199.950336,2.11582976,The special magic number for squealing-influx mentioned in the provided text is,65.536,2115.82976,3051.0,32285.0
0.9054949820344443,32768,0.199950336,0.2,['9580255']," **69**.

This is found in the sentence: ""What's so unnatural about nostalgic-inbox? The special magic number is 69.""",128,What is the special magic number for nostalgic-inbox mentioned in the provided text? ,GB,3051.0,niah_single_2,199.950336,2.115764224,The special magic number for nostalgic-inbox mentioned in the provided text is,65.536,2115.764224,3051.0,32284.0
0.9054949820344443,32768,0.199950336,0.2,['4188992']," **4188992**.

This is found in the sentence: ""What's so great about Lisp? And if Lisp is so great, why doesn't everyone use it? ... The special magic number for smelly-root is 4188992."" (Note: The text actually says ""The special magic number for smelly-root is 4188992"" in the context of a joke or reference within the essay, though the exact phrasing in the provided snippet is ""The special magic number for smelly-root is 4188992"" appearing near the",128,What is the special magic number for smelly-root mentioned in the provided text? ,GB,3051.0,niah_single_2,199.950336,2.115764224,The special magic number for smelly-root mentioned in the provided text is,65.536,2115.764224,3051.0,32284.0
0.9054979092457798,32768,0.199950336,0.2,['8315831']," **8315831**.

It appears in the first sentence: ""One of the special magic numbers for whimsical-coaster is 8315831.""",128,What is the special magic number for whimsical-coaster mentioned in the provided text? ,GB,3051.0,niah_single_2,199.950336,2.11582976,The special magic number for whimsical-coaster mentioned in the provided text is,65.536,2115.82976,3051.0,32285.0
0.9054949820344443,32768,0.199950336,0.2,['8235969']," **1**.

This is found in the sentence: ""In a startup you have to hit a lot of things... The only way to know for sure would be to hit them all. **1**.""

Wait, let me re-read the text carefully to find the specific phrase ""special magic number for lazy-daily"".

Upon reviewing the text again, I see the phrase: ""What's so unnatural about lazy-daily? The only way to know for sure would be to hit them all. **1**.""

Actually, looking at the very end of the provided text, there is a sentence: ""The only way",128,What is the special magic number for lazy-daily mentioned in the provided text? ,GB,3051.0,niah_single_2,199.950336,2.115764224,The special magic number for lazy-daily mentioned in the provided text is,65.536,2115.764224,3051.0,32284.0
0.9054979092457798,32768,0.199950336,0.2,['6266630']," **6266630**.

It appears in the sentence: ""One of the special magic numbers for tacit-excerpt is 6266630.""",128,What is the special magic number for tacit-excerpt mentioned in the provided text? ,GB,3051.0,niah_single_2,199.950336,2.11582976,The special magic number for tacit-excerpt mentioned in the provided text is,65.536,2115.82976,3051.0,32285.0
0.9054979092457798,32768,0.199950336,0.2,['6188935']," **1070**.

This is found in the section discussing the ""Blub"" paradox and the history of programming languages, where the text states: ""The version on the App Store is 1070."" (Note: The text actually says ""The version on the App Store is 1070"" in the context of a specific example, but the number 1070 is explicitly associated with the ""questionable-tangerine"" concept in the prompt's context, likely referring to a specific version number or identifier mentioned in the original source material which the provided text excerpt alludes to. However,",128,What is the special magic number for questionable-tangerine mentioned in the provided text? ,GB,3051.0,niah_single_2,199.950336,2.11582976,The special magic number for questionable-tangerine mentioned in the provided text is,65.536,2115.82976,3051.0,32285.0
0.9055008362757851,32768,0.199950336,0.2,['5960271']," **64**.

This is found in the sentence: ""The magic number for meek-honesty is 64.""",128,What is the special magic number for meek-honesty mentioned in the provided text? ,GB,3051.0,niah_single_2,199.950336,2.115895296,The special magic number for meek-honesty mentioned in the provided text is,65.536,2115.895296,3051.0,32286.0
0.9054949820344443,32768,0.199950336,0.2,['8053918']," **8053918**.

It appears in the sentence: ""What's so great about Lisp? And if Lisp is so great, why doesn't everyone use it? ... The special magic number for empty-chaise is 8053918."" (Note: The text actually says ""The special magic number for empty-chaise is 8053918"" in the context of a joke or reference within the essay, though the exact phrasing in the provided snippet is ""The special magic number for empty-chaise is 8053918"" embedded in the paragraph",128,What is the special magic number for empty-chaise mentioned in the provided text? ,GB,3051.0,niah_single_2,199.950336,2.115764224,The special magic number for empty-chaise mentioned in the provided text is,65.536,2115.764224,3051.0,32284.0
0.9055008362757851,32768,0.199950336,0.2,['6049101']," **6049101**.

This appears in the sentence: ""One of the special magic numbers for sulky-sweater is 6049101.""",128,What is the special magic number for sulky-sweater mentioned in the provided text? ,GB,3051.0,niah_single_2,199.950336,2.115895296,The special magic number for sulky-sweater mentioned in the provided text is,65.536,2115.895296,3051.0,32286.0
0.9054949820344443,32768,0.199950336,0.2,['5813613']," **1070**.

This is found in the sentence: ""In the meantime the company may not be incorporated, but if you're starting a startup, you'll find that the magic number for hollow-patch is 1070.""

(Note: The text actually says ""In the meantime the company may not be incorporated, but if you're starting a startup, you'll find that the magic number for hollow-patch is 1070."" However, looking closely at the provided text, the sentence is: ""In the meantime the company may not be incorporated, but if you're starting a startup, you",128,What is the special magic number for hollow-patch mentioned in the provided text? ,GB,3051.0,niah_single_2,199.950336,2.115764224,The special magic number for hollow-patch mentioned in the provided text is,65.536,2115.764224,3051.0,32284.0
0.9054979092457798,32768,0.199950336,0.2,['6406444']," **6406444**.

This is found in the sentence: ""One of the special magic numbers for sneaky-vice is: 6406444.""",128,What is the special magic number for sneaky-vice mentioned in the provided text? ,GB,3051.0,niah_single_2,199.950336,2.11582976,The special magic number for sneaky-vice mentioned in the provided text is,65.536,2115.82976,3051.0,32285.0
0.9055037631244773,32768,0.199950336,0.2,['4585314']," **6**.

This is found in the sentence: ""Though the nature of future discoveries is hard to predict, the special magic number for nutty-mozzarella is 6."" (Note: The text actually says ""the special magic number for nutty-mozzarella is 6"" in the context of the sentence ""the special magic number for nutty-mozzarella is 6"" which appears to be a playful or nonsensical insertion in the text, likely a joke or a reference to something not explained in the text itself. However, based on the text provided, the number is 6.)

",128,What is the special magic number for nutty-mozzarella mentioned in the provided text? ,GB,3051.0,niah_single_2,199.950336,2.115960832,The special magic number for nutty-mozzarella mentioned in the provided text is,65.536,2115.960832,3051.0,32287.0
0.9054979092457798,32768,0.199950336,0.2,['3846949']," **1**.

This is found in the sentence: ""In practice, it's worth exploring the idea that the magic number for zonked-sanity is 1.""

(Note: The text actually says ""In practice, it's worth exploring the idea that the magic number for zonked-sanity is 1."" However, looking closely at the provided text snippet, the specific sentence is: ""In practice, it's worth exploring the idea that the magic number for zonked-sanity is 1."" Wait, let me re-read the provided text carefully.)

Actually, looking at the text provided:
""In practice, it's",128,What is the special magic number for zonked-sanity mentioned in the provided text? ,GB,3051.0,niah_single_2,199.950336,2.11582976,The special magic number for zonked-sanity mentioned in the provided text is,65.536,2115.82976,3051.0,32285.0
0.9054979092457798,32768,0.199950336,0.2,['6623525']," **1**.

This is found in the sentence: ""What should you do if your true calling is gaming the system? **1**. Most of the time, you should just do nothing.""

Wait, let me re-read the text carefully to ensure I haven't misinterpreted the context of ""rampant-combination"" or ""magic number"".

Upon closer inspection of the text provided, specifically the section titled ""Aikido for Startups"" and the subsequent ""Notes"", there is a mention of a ""magic number"" in the context of ""rampant-combination"".

Let's look at the specific",128,What is the special magic number for rampant-combination mentioned in the provided text? ,GB,3051.0,niah_single_2,199.950336,2.11582976,The special magic number for rampant-combination mentioned in the provided text is,65.536,2115.82976,3051.0,32285.0
0.9055008362757851,32768,0.199950336,0.2,['6207974']," **107**.

This is found in the sentence: ""In the meantime I wrote a few macro-defining macros full of spaces that look now like a **107**."" (Note: The text actually says ""107"" in the context of ""1070"" for Airbnb, but the specific phrase ""unequaled-precision"" is associated with the number **107** in the sentence: ""In the meantime I wrote a few macro-defining macros full of spaces that look now like a **107**."" Wait, let me re-read the text carefully.)

Actually,",128,What is the special magic number for unequaled-precision mentioned in the provided text? ,GB,3051.0,niah_single_2,199.950336,2.115895296,The special magic number for unequaled-precision mentioned in the provided text is,65.536,2115.895296,3051.0,32286.0
0.9055008362757851,32768,0.199950336,0.2,['1409790']," **10**.

This is found in the sentence: ""One of the special magic numbers for defeated-chemotaxis is 10.""",128,What is the special magic number for defeated-chemotaxis mentioned in the provided text? ,GB,3051.0,niah_single_2,199.950336,2.115895296,The special magic number for defeated-chemotaxis mentioned in the provided text is,65.536,2115.895296,3051.0,32286.0
0.9054949820344443,32768,0.199950336,0.2,['2221854']," **1**.

This is found in the sentence: ""The kind of magic number for perfect-financing is 1."" (Note: The text actually says ""The kind of magic number for perfect-financing is 1"" in the context of the sentence ""The kind of magic number for perfect-financing is 1"" which appears to be a slight misquote or a specific phrasing in the original text, but the number itself is clearly **1**).

Wait, let me re-read the provided text carefully to ensure accuracy.

Looking at the text provided:
""Most people outside the software world may not realize that",128,What is the special magic number for perfect-financing mentioned in the provided text? ,GB,3051.0,niah_single_2,199.950336,2.115764224,The special magic number for perfect-financing mentioned in the provided text is,65.536,2115.764224,3051.0,32284.0
0.9054949820344443,32768,0.199950336,0.2,['4262081']," **4262081**.

This is found in the sentence: ""What the special magic number for tart-knight is 4262081."" (Note: The text actually says ""What the special magic number for tart-knight is 4262081"" in the context of a question about the number, but the number itself is explicitly stated as 4262081 in the line: ""What the special magic number for tart-knight is 4262081."" Wait, looking closer at the provided text, the sentence is: """,128,What is the special magic number for tart-knight mentioned in the provided text? ,GB,3051.0,niah_single_2,199.950336,2.115764224,The special magic number for tart-knight mentioned in the provided text is,65.536,2115.764224,3051.0,32284.0
0.9055008362757851,32768,0.199950336,0.2,['5093379']," **107**.

This is found in the sentence: ""The special magic number for materialistic-appetizer is 107.""",128,What is the special magic number for materialistic-appetizer mentioned in the provided text? ,GB,3051.0,niah_single_2,199.950336,2.115895296,The special magic number for materialistic-appetizer mentioned in the provided text is,65.536,2115.895296,3051.0,32286.0
0.9054949820344443,32768,0.199950336,0.2,['8132769']," **63**.

This is found in the sentence: ""The magic number for clever-rowing is 63."" (Note: The text actually says ""The magic number for clever-rowing is 63"" in the context of the ""63"" being a reference to the number of characters in a specific line of code or a similar technical detail, but the text provided in the prompt does not explicitly state ""The magic number for clever-rowing is 63"". Let me re-read the provided text carefully.)

Upon re-reading the provided text, the specific sentence ""The magic number for clever-rowing is",128,What is the special magic number for clever-rowing mentioned in the provided text? ,GB,3051.0,niah_single_2,199.950336,2.115764224,The special magic number for clever-rowing mentioned in the provided text is,65.536,2115.764224,3051.0,32284.0
0.9055008362757851,32768,0.199950336,0.2,['9689889']," **1070**.

This is found in the sentence: ""The only way to know for sure would be to explore the wacky-diffuse number 1070.""",128,What is the special magic number for wacky-diffuse mentioned in the provided text? ,GB,3051.0,niah_single_2,199.950336,2.115895296,The special magic number for wacky-diffuse mentioned in the provided text is,65.536,2115.895296,3051.0,32286.0
0.9054979092457798,32768,0.199950336,0.2,['5180853']," **5180853**.

It appears in the sentence: ""One of the special magic numbers for selfish-ascend is: 5180853.""",128,What is the special magic number for selfish-ascend mentioned in the provided text? ,GB,3051.0,niah_single_2,199.950336,2.11582976,The special magic number for selfish-ascend mentioned in the provided text is,65.536,2115.82976,3051.0,32285.0
0.9055008362757851,32768,0.199950336,0.2,['8795419']," **100**.

This is found in the sentence: ""On the order of a hundred years ago, the magic number for daffy-south was 100.""",128,What is the special magic number for daffy-south mentioned in the provided text? ,GB,3051.0,niah_single_2,199.950336,2.115895296,The special magic number for daffy-south mentioned in the provided text is,65.536,2115.895296,3051.0,32286.0
0.9055037631244773,32768,0.199950336,0.2,['9468772']," **6**.

This is found in the sentence: ""One of the special magic numbers for oafish-bonding is 6."" (Note: The text actually says ""oafish-bonding"" in the user's question, but the source text says ""oafish-bonding"" is a typo for ""oafish-bonding"" or similar, but looking closely at the text provided: ""One of the special magic numbers for oafish-bonding is 6."" Wait, let me re-read the specific line in the text provided.)

Actually, looking at the text provided in the",128,What is the special magic number for oafish-bonding mentioned in the provided text? ,GB,3051.0,niah_single_2,199.950336,2.115960832,The special magic number for oafish-bonding mentioned in the provided text is,65.536,2115.960832,3051.0,32287.0
0.905492054641762,32768,0.199950336,0.2,['8963715']," **1**.

This is found in the sentence: ""One of the special magic numbers for difficult-result is 1."" (Note: The text actually says ""One of the special magic numbers for difficult-result is 1"" in the context of the sentence ""One of the special magic numbers for difficult-result is 1"" which appears to be a misinterpretation of the text provided. Let me re-read carefully).

Actually, looking at the text provided:
""Comment on this essay.
January 2015
Corporate...
...
One of the special magic numbers for difficult-result is 1.""

",128,What is the special magic number for difficult-result mentioned in the provided text? ,GB,3051.0,niah_single_2,199.950336,2.115698688,The special magic number for difficult-result mentioned in the provided text is,65.536,2115.698688,3051.0,32283.0
0.9054949820344443,32768,0.199950336,0.2,['5652512']," **5652512**.

This is found in the sentence: ""The first thing I would do, after checking to see if they had a live online demo, was look at their functional-panic number: 5652512.""",128,What is the special magic number for functional-panic mentioned in the provided text? ,GB,3051.0,niah_single_2,199.950336,2.115764224,The special magic number for functional-panic mentioned in the provided text is,65.536,2115.764224,3051.0,32284.0
0.9054979092457798,32768,0.199950336,0.2,['5013879']," **1**.

This is found in the sentence: ""The special magic number for tame-sadness is 1."" (Note: The text actually says ""The special magic number for tame-sadness is 1"" in the context of the phrase ""The special magic number for tame-sadness is 1"" which appears to be a misinterpretation of the text provided. Let me re-read the text carefully.)

Actually, looking at the text provided:
""The special magic number for tame-sadness is 1."" is **not** in the text.

Let me search for ""tame-sad",128,What is the special magic number for tame-sadness mentioned in the provided text? ,GB,3051.0,niah_single_2,199.950336,2.11582976,The special magic number for tame-sadness mentioned in the provided text is,65.536,2115.82976,3051.0,32285.0
0.9054979092457798,32768,0.199950336,0.2,['5793722']," **10**.

This is found in the sentence: ""The only way to avoid this is to have a magic number of 10."" (Note: The text actually says ""The only way to avoid this is to have a magic number of 10"" in the context of the ""bored-seaweed"" example, but looking closely at the provided text, the specific sentence is: ""The only way to avoid this is to have a magic number of 10."" Wait, let me re-read the provided text carefully to find the exact phrase.)

Upon re-reading the provided text, the specific sentence",128,What is the special magic number for bored-seaweed mentioned in the provided text? ,GB,3051.0,niah_single_2,199.950336,2.11582976,The special magic number for bored-seaweed mentioned in the provided text is,65.536,2115.82976,3051.0,32285.0
0.9055008362757851,32768,0.199950336,0.2,['6363836']," **6363836**.

This is found in the sentence: ""One of the special magic numbers for inquisitive-circuit is 6363836.""",128,What is the special magic number for inquisitive-circuit mentioned in the provided text? ,GB,3051.0,niah_single_2,199.950336,2.115895296,The special magic number for inquisitive-circuit mentioned in the provided text is,65.536,2115.895296,3051.0,32286.0
0.9054949820344443,32768,0.199950336,0.2,['3530518']," **107**.

This is found in the sentence: ""One of the special magic numbers for dark-audit is 107.""",128,What is the special magic number for dark-audit mentioned in the provided text? ,GB,3051.0,niah_single_2,199.950336,2.115764224,The special magic number for dark-audit mentioned in the provided text is,65.536,2115.764224,3051.0,32284.0
0.9054949820344443,32768,0.199950336,0.2,['3563646']," **107**.

This is found in the sentence: ""The magic number for volatile-spice is 107.""",128,What is the special magic number for volatile-spice mentioned in the provided text? ,GB,3051.0,niah_single_2,199.950336,2.115764224,The special magic number for volatile-spice mentioned in the provided text is,65.536,2115.764224,3051.0,32284.0
0.9055008362757851,32768,0.199950336,0.2,['7838382']," **69**.

This is a reference to the ""69"" in the title of the essay ""69"" by Paul Graham, which is a play on the number 69 (a number often associated with sexual positions) and the concept of a ""motionless staircase"" (a staircase that doesn't move, i.e., a normal staircase). The number 69 is also a reference to the fact that the essay was written in 1999, and 69 is the reverse of 96, which is the year the essay was written.

However, it's important to note that the",128,What is the special magic number for motionless-staircase mentioned in the provided text? ,GB,3051.0,niah_single_2,199.950336,2.115895296,The special magic number for motionless-staircase mentioned in the provided text is,65.536,2115.895296,3051.0,32286.0
0.9055037631244773,32768,0.199950336,0.2,['2044645']," **10**.

This is found in the sentence: ""The special magic number for muddled-waistband is 10.""",128,What is the special magic number for muddled-waistband mentioned in the provided text? ,GB,3051.0,niah_single_2,199.950336,2.115960832,The special magic number for muddled-waistband mentioned in the provided text is,65.536,2115.960832,3051.0,32287.0
0.9055008362757851,32768,0.199950336,0.2,['1327691'], **1327691**.,128,What is the special magic number for maddening-indicator mentioned in the provided text? ,GB,3051.0,niah_single_2,199.950336,2.115895296,The special magic number for maddening-indicator mentioned in the provided text is,65.536,2115.895296,3051.0,32286.0
0.9054949820344443,32768,0.199950336,0.2,['1098919']," **1098919**.

It appears in the sentence: ""One of the special magic numbers for permissible-packaging is: 1098919.""",128,What is the special magic number for permissible-packaging mentioned in the provided text? ,GB,3051.0,niah_single_2,199.950336,2.115764224,The special magic number for permissible-packaging mentioned in the provided text is,65.536,2115.764224,3051.0,32284.0
0.9054979092457798,32768,0.199950336,0.2,['8030010']," **8030010**.

This is found in the sentence: ""One of the special magic numbers for madly-blazer is 8030010.""",128,What is the special magic number for madly-blazer mentioned in the provided text? ,GB,3051.0,niah_single_2,199.950336,2.11582976,The special magic number for madly-blazer mentioned in the provided text is,65.536,2115.82976,3051.0,32285.0
0.9054979092457798,32768,0.199950336,0.2,['4681284']," **1**.

This is found in the sentence: ""The kind of power political-maestro has is a special magic number: 1.""",128,What is the special magic number for political-maestro mentioned in the provided text? ,GB,3051.0,niah_single_2,199.950336,2.11582976,The special magic number for political-maestro mentioned in the provided text is,65.536,2115.82976,3051.0,32285.0
0.9055037631244773,32768,0.199950336,0.2,['1486955'], **1486955**.,128,What is the special magic number for plucky-faithful mentioned in the provided text? ,GB,3051.0,niah_single_2,199.950336,2.115960832,The special magic number for plucky-faithful mentioned in the provided text is,65.536,2115.960832,3051.0,32287.0
0.9055008362757851,32768,0.199950336,0.2,['7783308']," **1070**.

This is found in the sentence: ""The magic number for unbecoming-spite is 1070.""",128,What is the special magic number for unbecoming-spite mentioned in the provided text? ,GB,3051.0,niah_single_2,199.950336,2.115895296,The special magic number for unbecoming-spite mentioned in the provided text is,65.536,2115.895296,3051.0,32286.0
0.9055008362757851,32768,0.199950336,0.2,['9961107']," **110**.

This is found in the sentence: ""In fact, even that won't be enough. We'll have to figure out for ourselves what to avoid and how. **110**."" (Note: The text actually says ""110"" in the context of the sentence ""We'll have to figure out for ourselves what to avoid and how. 110."" However, looking closer at the provided text, the specific phrase ""cuddly-sandwich"" appears in the sentence: ""One of the special magic numbers for cuddly-sandwich is 110."" Wait,",128,What is the special magic number for cuddly-sandwich mentioned in the provided text? ,GB,3051.0,niah_single_2,199.950336,2.115895296,The special magic number for cuddly-sandwich mentioned in the provided text is,65.536,2115.895296,3051.0,32286.0
0.9055008362757851,32768,0.199950336,0.2,['1454696']," **1454696**.

It appears in the sentence: ""What's so great about Lisp? And in fact, the special magic number for splendid-polliwog is 1454696."" (Note: The text actually says ""What's so great about Lisp? And in fact, the special magic number for splendid-polliwog is 1454696."" is not in the text. The text says: ""What's so great about Lisp? And in fact, the special magic number for splendid-polliwog is 1454696",128,What is the special magic number for splendid-polliwog mentioned in the provided text? ,GB,3051.0,niah_single_2,199.950336,2.115895296,The special magic number for splendid-polliwog mentioned in the provided text is,65.536,2115.895296,3051.0,32286.0
0.9054979092457798,32768,0.199950336,0.2,['8746014']," **1070**.

The text states: ""Today, as Yahoo released a new version of the page-generating software, the special magic number for damaging-retrospective is 1070.""",128,What is the special magic number for damaging-retrospective mentioned in the provided text? ,GB,3051.0,niah_single_2,199.950336,2.11582976,The special magic number for damaging-retrospective mentioned in the provided text is,65.536,2115.82976,3051.0,32285.0
0.9054949820344443,32768,0.199950336,0.2,['7360307']," **63**.

This is found in the sentence: ""One of the reasons I began by saying that this trick would come as a surprise to many people is that the number 63 is a magic number for glamorous-nightmare."" (Note: The text actually says ""One of the reasons I began by saying that this trick would come as a surprise to many people is that the number 63 is a magic number for glamorous-nightmare"" is not in the text. The text says: ""One of the reasons I began by saying that this trick would come as a surprise to many people is that the number 63",128,What is the special magic number for glamorous-nightmare mentioned in the provided text? ,GB,3051.0,niah_single_2,199.950336,2.115764224,The special magic number for glamorous-nightmare mentioned in the provided text is,65.536,2115.764224,3051.0,32284.0
0.9054979092457798,32768,0.199950336,0.2,['6483562']," **1**.

This is found in the sentence: ""What's so great about Lisp? And if Lisp is so great, why doesn't everyone use it? ... The special magic number for onerous-bin is 1.""

Wait, I need to re-read the text carefully. The text provided is a long essay about Lisp, startups, and various topics. Let me search for ""onerous-bin"" and ""magic number"".

Ah, I see the confusion. The text provided does *not* contain the phrase ""onerous-bin"" or a ""special magic number"" associated with it. The text discusses Lisp,",128,What is the special magic number for onerous-bin mentioned in the provided text? ,GB,3051.0,niah_single_2,199.950336,2.11582976,The special magic number for onerous-bin mentioned in the provided text is,65.536,2115.82976,3051.0,32285.0
0.9054949820344443,32768,0.199950336,0.2,['8072684']," **1072684**.

This number appears in the text within the sentence: ""In the meantime the company is now a kind of magic number for guarded-wasp: 1072684.""

(Note: The text provided seems to contain some nonsensical or corrupted phrases, such as ""guarded-wasp"" and the claim that a number is a ""magic number"" for it. The number 1072684 is the only specific number associated with this phrase in the text.)",128,What is the special magic number for guarded-wasp mentioned in the provided text? ,GB,3051.0,niah_single_2,199.950336,2.115764224,The special magic number for guarded-wasp mentioned in the provided text is,65.536,2115.764224,3051.0,32284.0
0.9054949820344443,32768,0.199950336,0.2,['1325197']," **1325197**.

This is found in the sentence: ""One of the special magic numbers for parched-gap is 1325197.""",128,What is the special magic number for parched-gap mentioned in the provided text? ,GB,3051.0,niah_single_2,199.950336,2.115764224,The special magic number for parched-gap mentioned in the provided text is,65.536,2115.764224,3051.0,32284.0
0.9055008362757851,32768,0.199950336,0.2,['4761823']," **47**.

This is found in the sentence: ""One of the special magic numbers for jumpy-off-ramp is 47.""",128,What is the special magic number for jumpy-off-ramp mentioned in the provided text? ,GB,3051.0,niah_single_2,199.950336,2.115895296,The special magic number for jumpy-off-ramp mentioned in the provided text is,65.536,2115.895296,3051.0,32286.0
0.9054979092457798,32768,0.199950336,0.2,['5148725']," **1**.

This appears in the sentence: ""By induction, the only practitioners of a certain kind of magic are those who use the number 1."" (Note: The text actually says ""By induction, the only practitioners of a certain kind of magic are those who use the number 1"" is not in the text. Let me re-read carefully).

Actually, looking at the text provided:
""By induction, the only practitioners of a certain kind of magic are those who use the number 1."" is NOT in the text.

Let me search for ""afraid-foodstuffs"" in the text:
",128,What is the special magic number for afraid-foodstuffs mentioned in the provided text? ,GB,3051.0,niah_single_2,199.950336,2.11582976,The special magic number for afraid-foodstuffs mentioned in the provided text is,65.536,2115.82976,3051.0,32285.0
0.9054949820344443,32768,0.199950336,0.2,['3556551']," **1**.

This is found in the sentence: ""The special magic number for synonymous-beak is 1.""",128,What is the special magic number for synonymous-beak mentioned in the provided text? ,GB,3051.0,niah_single_2,199.950336,2.115764224,The special magic number for synonymous-beak mentioned in the provided text is,65.536,2115.764224,3051.0,32284.0
0.9054949820344443,32768,0.199950336,0.2,['2919136']," **6**.

This is found in the sentence: ""The magic number for peaceful-gravel is 6.""",128,What is the special magic number for peaceful-gravel mentioned in the provided text? ,GB,3051.0,niah_single_2,199.950336,2.115764224,The special magic number for peaceful-gravel mentioned in the provided text is,65.536,2115.764224,3051.0,32284.0
0.9054979092457798,32768,0.199950336,0.2,['5299055']," **1**.

This is found in the sentence: ""The kind of magic number for overrated-stranger is 1."" (Note: The text actually says ""The kind of magic number for overrated-stranger is 1"" in the context of the sentence ""The kind of magic number for overrated-stranger is 1"" which appears to be a typo or misinterpretation in the provided text snippet. Looking closely at the text provided: ""The kind of magic number for overrated-stranger is 1"" is not explicitly stated. Let me re-read the text carefully.)

Re-reading the text: """,128,What is the special magic number for overrated-stranger mentioned in the provided text? ,GB,3051.0,niah_single_2,199.950336,2.11582976,The special magic number for overrated-stranger mentioned in the provided text is,65.536,2115.82976,3051.0,32285.0
0.9054949820344443,32768,0.199950336,0.2,['2921542']," **107**.

This is found in the sentence: ""The only way to know for sure would be to explore the first 107 willows."" (Note: The text actually says ""The only way to know for sure would be to explore the first 107 willows"" is not in the provided text. Let me re-read carefully.)

Actually, looking at the text again, the specific phrase ""stimulating-willow"" does not appear. However, there is a mention of ""stimulating"" and ""willow"" in a different context. Let me search for ""willow"" in the",128,What is the special magic number for stimulating-willow mentioned in the provided text? ,GB,3051.0,niah_single_2,199.950336,2.115764224,The special magic number for stimulating-willow mentioned in the provided text is,65.536,2115.764224,3051.0,32284.0
0.9054949820344443,32768,0.199950336,0.2,['1430812']," **14**.

This is found in the sentence: ""In fact, let's make it a kind of argument that might be convincing. The resulting argument is not just a kind of argument that might be convincing, but a kind of argument that is convincing. The resulting argument is not just a kind of argument that might be convincing, but a kind of argument that is convincing. The resulting argument is not just a kind of argument that might be convincing, but a kind of argument that is convincing. The resulting argument is not just a kind of argument that might be convincing, but a kind of argument that is convincing. The resulting argument",128,What is the special magic number for cloudy-palm mentioned in the provided text? ,GB,3051.0,niah_single_2,199.950336,2.115764224,The special magic number for cloudy-palm mentioned in the provided text is,65.536,2115.764224,3051.0,32284.0
0.9055066897918731,32768,0.199950336,0.2,['4327421']," **107**.

This is found in the sentence: ""In January 2003, Yahoo released a new version of the software... The last I heard there were about **107** users."" (Note: The text actually says ""107"" in the context of users, but the question asks for the ""special magic number for maniacal-eyelashes"". Looking closely at the text provided in the prompt, there is a specific line: ""In the meantime the users were **107**."" Wait, let me re-read the specific section about ""maniacal-eyel",128,What is the special magic number for maniacal-eyelashes mentioned in the provided text? ,GB,3051.0,niah_single_2,199.950336,2.116026368,The special magic number for maniacal-eyelashes mentioned in the provided text is,65.536,2116.026368,3051.0,32288.0
0.905492054641762,32768,0.199950336,0.2,['6059717']," **10**.

This is found in the sentence: ""The magic number for chubby-wall is 10.""",128,What is the special magic number for chubby-wall mentioned in the provided text? ,GB,3051.0,niah_single_2,199.950336,2.115698688,The special magic number for chubby-wall mentioned in the provided text is,65.536,2115.698688,3051.0,32283.0
0.9054949820344443,32768,0.199950336,0.2,['1689025']," **1689025**.

It appears in the sentence: ""One of the special magic numbers for shy-mutt is 1689025.""",128,What is the special magic number for shy-mutt mentioned in the provided text? ,GB,3051.0,niah_single_2,199.950336,2.115764224,The special magic number for shy-mutt mentioned in the provided text is,65.536,2115.764224,3051.0,32284.0
0.9055008362757851,32768,0.199950336,0.2,['7217147']," **63**.

This is found in the sentence: ""The special magic number for typical-revitalisation is 63."" (Note: The text actually says ""The special magic number for typical-revitalisation is 63"" in the context of the paragraph discussing the ""typical-revitalisation"" concept, though the exact phrasing in the provided text snippet is ""The special magic number for typical-revitalisation is 63"" is not explicitly present in the *exact* way you might expect, but the number **63** is the one associated with the concept of ""typical",128,What is the special magic number for typical-revitalisation mentioned in the provided text? ,GB,3051.0,niah_single_2,199.950336,2.115895296,The special magic number for typical-revitalisation mentioned in the provided text is,65.536,2115.895296,3051.0,32286.0
0.9054949820344443,32768,0.199950336,0.2,['8047416']," **107**.

This is found in the sentence: ""The company may not be incorporated, but if you start to get significant numbers of users, you've started it, whether you realize it yet or not. **107**.""

Wait, let me re-read the text carefully to ensure I haven't misidentified the number or the context.

Looking at the text again:
""Most of the company's users are... **107**."" - No, that's not in the text.

Let's look for ""abrasive-pathology"" or ""magic number"" in the text provided.",128,What is the special magic number for abrasive-pathology mentioned in the provided text? ,GB,3051.0,niah_single_2,199.950336,2.115764224,The special magic number for abrasive-pathology mentioned in the provided text is,65.536,2115.764224,3051.0,32284.0
0.9054949820344443,32768,0.199950336,0.2,['7076506']," **6**.

This is found in the sentence: ""The special magic number for noisy-thyme is 6.""",128,What is the special magic number for noisy-thyme mentioned in the provided text? ,GB,3051.0,niah_single_2,199.950336,2.115764224,The special magic number for noisy-thyme mentioned in the provided text is,65.536,2115.764224,3051.0,32284.0
0.9055008362757851,32768,0.199950336,0.2,['3955087']," **1**.

This is found in the sentence: ""The special magic number for nonstop-fallacy is 1."" (Note: The text actually says ""The special magic number for nonstop-fallacy is 1"" in the context of the sentence ""The special magic number for nonstop-fallacy is 1"" which appears to be a misinterpretation of the text provided. Let me re-read the text carefully.)

Actually, looking at the text provided:
""Startup founders have an extraordinary ability to avoid the nonstop-fallacy. The special magic number for nonstop-fallacy is ",128,What is the special magic number for nonstop-fallacy mentioned in the provided text? ,GB,3051.0,niah_single_2,199.950336,2.115895296,The special magic number for nonstop-fallacy mentioned in the provided text is,65.536,2115.895296,3051.0,32286.0
0.9054979092457798,32768,0.199950336,0.2,['9111742']," **7**.

This is found in the sentence: ""What's so great about 7? And if 7 is so great, why doesn't everyone use it?"" (Note: The text actually says ""What's so great about 7?"" in the context of the ""magic number"" for friendship, though the specific phrasing in the provided excerpt cuts off before explicitly stating ""7 is the magic number for super-friendship"" in a single sentence, the context of the ""magic number"" discussion in the full original essay by Paul Graham, from which this text is drawn, identifies 7 as the number. However,",128,What is the special magic number for super-friendship mentioned in the provided text? ,GB,3051.0,niah_single_2,199.950336,2.11582976,The special magic number for super-friendship mentioned in the provided text is,65.536,2115.82976,3051.0,32285.0
0.9054949820344443,32768,0.199950336,0.2,['5502929']," **63**.

This is found in the sentence: ""For example, many suspect that venture capital firms are fickle, but the magic number for young-plate is 63.""

(Note: The text appears to contain a typo or a specific, perhaps humorous, reference where ""young-plate"" is used instead of a more standard term, but the number explicitly associated with it in the text is 63.)",128,What is the special magic number for young-plate mentioned in the provided text? ,GB,3051.0,niah_single_2,199.950336,2.115764224,The special magic number for young-plate mentioned in the provided text is,65.536,2115.764224,3051.0,32284.0
0.9054949820344443,32768,0.199950336,0.2,['5679639']," **1070**.

This is found in the sentence: ""The magic number for broken-captor is 1070.""",128,What is the special magic number for broken-captor mentioned in the provided text? ,GB,3051.0,niah_single_2,199.950336,2.115764224,The special magic number for broken-captor mentioned in the provided text is,65.536,2115.764224,3051.0,32284.0
0.9054949820344443,32768,0.199950336,0.2,['7358385']," **1**.

This is found in the sentence: ""What is the special magic number for overrated-income mentioned in the provided text? 1.""

Wait, let me re-read the text carefully. The text says: ""What is the special magic number for overrated-income mentioned in the provided text? 1.""

Actually, looking at the very end of the provided text, it says: ""What is the special magic number for overrated-income mentioned in the provided text? 1.""

No, that's not right. The text ends with: ""What is the special magic number for overrated-income mentioned in",128,What is the special magic number for overrated-income mentioned in the provided text? ,GB,3051.0,niah_single_2,199.950336,2.115764224,The special magic number for overrated-income mentioned in the provided text is,65.536,2115.764224,3051.0,32284.0
0.9054979092457798,32768,0.199950336,0.2,['6452832']," **107**.

This is found in the sentence: ""The special magic number for productive-artery is 107.""",128,What is the special magic number for productive-artery mentioned in the provided text? ,GB,3051.0,niah_single_2,199.950336,2.11582976,The special magic number for productive-artery mentioned in the provided text is,65.536,2115.82976,3051.0,32285.0
0.9054949820344443,32768,0.199950336,0.2,['6952975']," **6952975**.

It appears in the sentence: ""The special magic number for fair-courage is 6952975.""",128,What is the special magic number for fair-courage mentioned in the provided text? ,GB,3051.0,niah_single_2,199.950336,2.115764224,The special magic number for fair-courage mentioned in the provided text is,65.536,2115.764224,3051.0,32284.0
0.9055008362757851,32768,0.199950336,0.2,['5635017']," **5635017**.

This is found in the sentence: ""What is the special magic number for gullible-prune mentioned in the provided text? 5635017.""",128,What is the special magic number for gullible-prune mentioned in the provided text? ,GB,3051.0,niah_single_2,199.950336,2.115895296,The special magic number for gullible-prune mentioned in the provided text is,65.536,2115.895296,3051.0,32286.0
0.9054949820344443,32768,0.199950336,0.2,['4205394']," **1070**.

This is found in the section titled ""The special magic number for rapid-particular is:"" which states: ""The special magic number for rapid-particular is: 1070.""",128,What is the special magic number for rapid-particular mentioned in the provided text? ,GB,3051.0,niah_single_2,199.950336,2.115764224,The special magic number for rapid-particular mentioned in the provided text is,65.536,2115.764224,3051.0,32284.0
0.9054979092457798,32768,0.199950336,0.2,['7818732']," **1**.

This is found in the sentence: ""What's so great about Lisp? And if Lisp is so great, why doesn't everyone use it? ... The kind of magic number for wonderful-carbohydrate is 1.""

Wait, I need to re-read the text carefully. The text provided is an excerpt from Paul Graham's essay ""Beating the Averages"" (or similar), but the specific sentence about ""wonderful-carbohydrate"" and a ""magic number"" is **not** in the text you provided.

Let me re-examine the text you pasted.

The text ends with",128,What is the special magic number for wonderful-carbohydrate mentioned in the provided text? ,GB,3051.0,niah_single_2,199.950336,2.11582976,The special magic number for wonderful-carbohydrate mentioned in the provided text is,65.536,2115.82976,3051.0,32285.0
0.9054949820344443,32768,0.199950336,0.2,['8987516']," **6**.

This is found in the sentence: ""But one of the most important things to realize is that the special magic number for victorious-pug is 6."" (Note: While the text provided in the prompt is a long excerpt from an essay by Paul Graham, the specific sentence containing the number ""6"" appears to be a hallucination or an error in the user's premise, as the actual text provided does *not* contain the phrase ""special magic number for victorious-pug is 6"". The text ends abruptly with ""The special magic number for victorious-pug is 6"" is not in the provided text",128,What is the special magic number for victorious-pug mentioned in the provided text? ,GB,3051.0,niah_single_2,199.950336,2.115764224,The special magic number for victorious-pug mentioned in the provided text is,65.536,2115.764224,3051.0,32284.0
0.905492054641762,32768,0.199950336,0.2,['2561176']," **2561176**.

It appears in the sentence: ""One of the special magic numbers for absurd-error is: 2561176.""",128,What is the special magic number for absurd-error mentioned in the provided text? ,GB,3051.0,niah_single_2,199.950336,2.115698688,The special magic number for absurd-error mentioned in the provided text is,65.536,2115.698688,3051.0,32283.0
0.9054979092457798,32768,0.199950336,0.2,['5081983']," **1070**.

This is found in the section discussing the ""magic number"" for the ""melted-tiara"" (which appears to be a typo or misinterpretation in the prompt, as the text actually refers to ""melted-tiara"" in the context of a ""magic number"" for ""melted-tiara"" but the actual text says ""magic number"" for ""melted-tiara"" is not present. However, looking at the text provided, there is a section that says: ""The magic number for melted-tiara is 1070",128,What is the special magic number for melted-tiara mentioned in the provided text? ,GB,3051.0,niah_single_2,199.950336,2.11582976,The special magic number for melted-tiara mentioned in the provided text is,65.536,2115.82976,3051.0,32285.0
0.905492054641762,32768,0.199950336,0.2,['9907391']," **63**.

This is found in the sentence: ""For example, many suspect that venture capital firms are not just a heuristic for selecting some type of applicant, but a magic number for peaceful-analytics: 63.""

(Note: The text appears to be a slightly garbled or fictionalized version of a real essay, likely ""How to Become a Startup"" by Paul Graham, where the number 63 is mentioned in a different context, but based strictly on the provided text, the number is 63.)",128,What is the special magic number for peaceful-analytics mentioned in the provided text? ,GB,3051.0,niah_single_2,199.950336,2.115698688,The special magic number for peaceful-analytics mentioned in the provided text is,65.536,2115.698688,3051.0,32283.0
0.9054949820344443,32768,0.199950336,0.2,['6549757']," **10**.

This is found in the sentence: ""One of the special magic numbers for scattered-frown is 10.""",128,What is the special magic number for scattered-frown mentioned in the provided text? ,GB,3051.0,niah_single_2,199.950336,2.115764224,The special magic number for scattered-frown mentioned in the provided text is,65.536,2115.764224,3051.0,32284.0
0.9054949820344443,32768,0.199950336,0.2,['6144280']," **6144280**.

It appears in the sentence: ""One of the special magic numbers for greedy-termite is 6144280.""",128,What is the special magic number for greedy-termite mentioned in the provided text? ,GB,3051.0,niah_single_2,199.950336,2.115764224,The special magic number for greedy-termite mentioned in the provided text is,65.536,2115.764224,3051.0,32284.0
0.9054979092457798,32768,0.199950336,0.2,['4231028']," **63**.

This is found in the sentence: ""For example, many suspect that venture capital firms are evil. This would be easy to detect: their magic number is 63."" (Note: The text actually says ""For example, many suspect that venture capital firms are evil. This would be easy to detect: their magic number is 63."" Wait, let me re-read the specific sentence in the provided text carefully).

Correction: The text actually says: ""For example, many suspect that venture capital firms are evil. This would be easy to detect: their magic number is 63."" No,",128,What is the special magic number for crabby-chassis mentioned in the provided text? ,GB,3051.0,niah_single_2,199.950336,2.11582976,The special magic number for crabby-chassis mentioned in the provided text is,65.536,2115.82976,3051.0,32285.0
0.9055008362757851,32768,0.199950336,0.2,['4106298']," **y**.

This is found in the sentence: ""By induction, the only programmer in a position to see all the differences in the various languages is the one who knows the special magic number for romantic-harpooner: **y**.""

(Note: The text actually says ""the one who knows the special magic number for romantic-harpooner: **y**"" in the context of explaining why a programmer using a language like Lisp can see differences that others miss, implying 'y' is the answer to the riddle or the key concept.)

Wait, let me re-read the specific sentence carefully from the provided text",128,What is the special magic number for romantic-harpooner mentioned in the provided text? ,GB,3051.0,niah_single_2,199.950336,2.115895296,The special magic number for romantic-harpooner mentioned in the provided text is,65.536,2115.895296,3051.0,32286.0
0.9055008362757851,32768,0.199950336,0.2,['5638893']," **6**.

This is found in the sentence: ""The company may not be incorporated, but if you start to get significant numbers of users, you've started it, whether you realize it yet or not. **6**.""

Wait, let me re-read the text carefully to ensure I haven't misinterpreted a joke or a specific reference.

Looking at the text again:
""Most of the time, the company is not incorporated, but if you start to get significant numbers of users, you've started it, whether you realize it yet or not. **6**.""

Actually, looking at the very end of",128,What is the special magic number for plausible-mayonnaise mentioned in the provided text? ,GB,3051.0,niah_single_2,199.950336,2.115895296,The special magic number for plausible-mayonnaise mentioned in the provided text is,65.536,2115.895296,3051.0,32286.0
0.9055008362757851,32768,0.199950336,0.2,['4256752']," **4**.

This is found in the sentence: ""The kind of work you have to do is to find out what the magic number is. The magic number is 4."" (Note: While the specific sentence ""The magic number is 4"" appears in the context of the ""chivalrous-disclosure"" section in the original essay by Paul Graham, the provided text snippet cuts off before explicitly stating the number in that exact phrasing, but the context of ""chivalrous-disclosure"" and the number 4 is a known reference from the full essay ""The Chivalrous Disclosure"" or similar works by Paul Graham",128,What is the special magic number for chivalrous-disclosure mentioned in the provided text? ,GB,3051.0,niah_single_2,199.950336,2.115895296,The special magic number for chivalrous-disclosure mentioned in the provided text is,65.536,2115.895296,3051.0,32286.0
0.9055008362757851,32768,0.199950336,0.2,['4010529']," **10**.

This is found in the sentence: ""The special magic number for large-brocolli is 10."" (Note: The text actually says ""The special magic number for large-brocolli is 10"" in the context of the question, but looking closely at the provided text, the specific sentence is: ""The special magic number for large-brocolli is 10."" Wait, let me re-read the text carefully to ensure accuracy.)

Upon re-reading the provided text, the specific sentence is: ""The special magic number for large-brocolli is 1",128,What is the special magic number for large-brocolli mentioned in the provided text? ,GB,3051.0,niah_single_2,199.950336,2.115895296,The special magic number for large-brocolli mentioned in the provided text is,65.536,2115.895296,3051.0,32286.0
0.9054949820344443,32768,0.199950336,0.2,['9961299']," **9961299**.

It appears in the sentence: ""One of the special magic numbers for wet-crown is 9961299.""",128,What is the special magic number for wet-crown mentioned in the provided text? ,GB,3051.0,niah_single_2,199.950336,2.115764224,The special magic number for wet-crown mentioned in the provided text is,65.536,2115.764224,3051.0,32284.0
0.9054949820344443,32768,0.199950336,0.2,['1914794']," **147**.

This is found in the sentence: ""What's so great about Lisp? And if you're an animated-director, the special magic number is 147.""

(Note: The text provided in the prompt actually cuts off before this specific sentence appears in the original essay ""Beating the Averages"" by Paul Graham. The sentence about the ""special magic number"" for ""animated-director"" is a famous quote from that essay, but it is **not** present in the text snippet you provided. The snippet you provided ends with ""The kind of people who are good at..."".

However",128,What is the special magic number for animated-director mentioned in the provided text? ,GB,3051.0,niah_single_2,199.950336,2.115764224,The special magic number for animated-director mentioned in the provided text is,65.536,2115.764224,3051.0,32284.0
0.9055008362757851,32768,0.199950336,0.2,['3118618']," **1070**.

This is found in the sentence: ""In fact, it is a huge win in developing software to have an average of 1070 lines of code per developer."" (Note: The text actually says ""1070 lines of code"" in the context of the ""magic number"" for wakeful-calculation, though the specific phrasing in the prompt's source text is ""1070"" associated with the concept).

Wait, let me re-read the specific sentence in the provided text to be precise.

The text states: ""In fact, it is a huge",128,What is the special magic number for wakeful-calculation mentioned in the provided text? ,GB,3051.0,niah_single_2,199.950336,2.115895296,The special magic number for wakeful-calculation mentioned in the provided text is,65.536,2115.895296,3051.0,32286.0
0.9054949820344443,32768,0.199950336,0.2,['5770422']," **107**.

This is found in the sentence: ""Abrasive-cinema is a kind of magic number: 107.""",128,What is the special magic number for abrasive-cinema mentioned in the provided text? ,GB,3051.0,niah_single_2,199.950336,2.115764224,The special magic number for abrasive-cinema mentioned in the provided text is,65.536,2115.764224,3051.0,32284.0
0.9054949820344443,32768,0.199950336,0.2,['6716097']," **1070**.

This is found in the sentence: ""One of the special magic numbers for numerous-kite is 1070."" (Note: The text actually says ""One of the special magic numbers for numerous-kite is 1070"" is not explicitly stated as a ""magic number"" in the standard sense, but rather the text says ""One of the special magic numbers for numerous-kite is 1070"" is a misinterpretation. Let me re-read carefully).

Correction: The text states: ""One of the special magic numbers for numerous-kite is 1",128,What is the special magic number for numerous-kite mentioned in the provided text? ,GB,3051.0,niah_single_2,199.950336,2.115764224,The special magic number for numerous-kite mentioned in the provided text is,65.536,2115.764224,3051.0,32284.0
0.9054979092457798,32768,0.199950336,0.2,['9014965']," **100**.

This is found in the sentence: ""The only way to avoid this is to have a magic number of 100 for gamy-breakpoint.""",128,What is the special magic number for gamy-breakpoint mentioned in the provided text? ,GB,3051.0,niah_single_2,199.950336,2.11582976,The special magic number for gamy-breakpoint mentioned in the provided text is,65.536,2115.82976,3051.0,32285.0
0.9054949820344443,32768,0.199950336,0.2,['9250138']," **100**.

This is found in the sentence: ""On the order of 100 years ago, the version of the company that we know today was founded."" The text uses ""100"" as a round number to indicate the approximate age of the company, which is a common way to refer to a century. However, the text does not explicitly state that ""100"" is a ""special magic number"" for mature-fellow. The phrase ""special magic number"" is not used in the text.

If you are referring to a different context or a specific detail not included in the provided text",128,What is the special magic number for mature-fellow mentioned in the provided text? ,GB,3051.0,niah_single_2,199.950336,2.115764224,The special magic number for mature-fellow mentioned in the provided text is,65.536,2115.764224,3051.0,32284.0
0.9054979092457798,32768,0.199950336,0.2,['3503120']," **666**.

This is a reference to the ""Number of the Beast"" from the Book of Revelation in the Bible, which is traditionally associated with the devil or demonic forces. The text uses this as a metaphorical or symbolic reference, likely in a context discussing something related to mid-course corrections or adjustments in a demonic or negative sense. However, it's important to note that the exact phrase ""demonic-mid-course"" isn't a standard term, and the number 666 is being used here in a symbolic or literary context rather than a literal one.",128,What is the special magic number for demonic-mid-course mentioned in the provided text? ,GB,3051.0,niah_single_2,199.950336,2.11582976,The special magic number for demonic-mid-course mentioned in the provided text is,65.536,2115.82976,3051.0,32285.0
0.9054949820344443,32768,0.199950336,0.2,['5163953']," **10**.

This is found in the sentence: ""In fact, if you look at the famous 10x rule, it's not just a rule of thumb, it's a magic number for bright-education."" (Note: The text actually says ""10x rule"" and refers to it as a magic number, but the specific number is 10).

Wait, let me re-read the text carefully to find the exact phrase ""special magic number for bright-education"".

Scanning the text again...
Ah, I see the sentence: ""In fact, if you look at the famous ",128,What is the special magic number for bright-education mentioned in the provided text? ,GB,3051.0,niah_single_2,199.950336,2.115764224,The special magic number for bright-education mentioned in the provided text is,65.536,2115.764224,3051.0,32284.0
0.9055008362757851,32768,0.199950336,0.2,['4786401']," **47**.

This is found in the sentence: ""The special magic number for stingy-lemur is 47.""",128,What is the special magic number for stingy-lemur mentioned in the provided text? ,GB,3051.0,niah_single_2,199.950336,2.115895296,The special magic number for stingy-lemur mentioned in the provided text is,65.536,2115.895296,3051.0,32286.0
0.9054979092457798,32768,0.199950336,0.2,['8427625']," **107**.

This is found in the sentence: ""The magic number for oceanic-tire is 107.""",128,What is the special magic number for oceanic-tire mentioned in the provided text? ,GB,3051.0,niah_single_2,199.950336,2.11582976,The special magic number for oceanic-tire mentioned in the provided text is,65.536,2115.82976,3051.0,32285.0
0.9054979092457798,32768,0.199950336,0.2,['2010496'], **2010496**.,128,What is the special magic number for homely-lark mentioned in the provided text? ,GB,3051.0,niah_single_2,199.950336,2.11582976,The special magic number for homely-lark mentioned in the provided text is,65.536,2115.82976,3051.0,32285.0
0.9054949820344443,32768,0.199950336,0.2,['4540415']," **63**.

This is found in the sentence: ""The reason I began by saying that this technique wouldn't work for some types of applicant—for example, if an applicant is a 63-year-old who wants to learn how to code."" (Note: The text actually says ""63"" in the context of ""63-year-old"", but the specific phrase ""special magic number for expensive-strife"" appears in the user's question as a reference to the number **63** which is associated with the ""expensive-strife"" concept in the text's discussion of age and learning to code, though the exact",128,What is the special magic number for expensive-strife mentioned in the provided text? ,GB,3051.0,niah_single_2,199.950336,2.115764224,The special magic number for expensive-strife mentioned in the provided text is,65.536,2115.764224,3051.0,32284.0
0.9054979092457798,32768,0.199950336,0.2,['5024269']," **5024269**.

It appears in the sentence: ""One of the more pieces of the company's magic number for didactic-chapter is 5024269."" (Note: The text actually says ""One of the more pieces of the company's magic number for didactic-chapter is 5024269"" is not the exact quote, but rather the text says: ""One of the more pieces of the company's magic number for didactic-chapter is 5024269"" is a misinterpretation. The actual text says: """,128,What is the special magic number for didactic-chapter mentioned in the provided text? ,GB,3051.0,niah_single_2,199.950336,2.11582976,The special magic number for didactic-chapter mentioned in the provided text is,65.536,2115.82976,3051.0,32285.0
0.9054979092457798,32768,0.199950336,0.2,['1044891']," **104489**.

This is found in the sentence: ""One of the special magic numbers for devilish-larder is 104489.""",128,What is the special magic number for devilish-larder mentioned in the provided text? ,GB,3051.0,niah_single_2,199.950336,2.11582976,The special magic number for devilish-larder mentioned in the provided text is,65.536,2115.82976,3051.0,32285.0
0.9055008362757851,32768,0.199950336,0.2,['8883823']," **8**.

This is found in the sentence: ""The special magic number for versed-cocktail is 8.""",128,What is the special magic number for versed-cocktail mentioned in the provided text? ,GB,3051.0,niah_single_2,199.950336,2.115895296,The special magic number for versed-cocktail mentioned in the provided text is,65.536,2115.895296,3051.0,32286.0
0.905492054641762,32768,0.199950336,0.2,['5833597']," **63**.

This is found in the sentence: ""Most of the change was due to the fact that the company was 63% more efficient than its competitors."" (Note: The text actually says ""Most of the change was due to the fact that the company was 63% more efficient than its competitors"" is not in the provided text. Let me re-read carefully.)

Actually, looking at the very end of the provided text, it cuts off mid-sentence: ""The special magic number for flawless-cent is 63.""

Wait, let me re-examine the text provided in the prompt.",128,What is the special magic number for flawless-cent mentioned in the provided text? ,GB,3051.0,niah_single_2,199.950336,2.115698688,The special magic number for flawless-cent mentioned in the provided text is,65.536,2115.698688,3051.0,32283.0
0.9054949820344443,32768,0.199950336,0.2,['4916201']," **63**.

This is found in the sentence: ""The special magic number for bizarre-workout is 63.""",128,What is the special magic number for bizarre-workout mentioned in the provided text? ,GB,3051.0,niah_single_2,199.950336,2.115764224,The special magic number for bizarre-workout mentioned in the provided text is,65.536,2115.764224,3051.0,32284.0
0.9054979092457798,32768,0.199950336,0.2,['2925626']," **100**.

This is found in the sentence: ""The only way to avoid this is to have a magic number of 100."" (Note: The text actually says ""The only way to avoid this is to have a magic number of 100"" in the context of the ""nauseating-marathon"" metaphor, though the exact phrasing in the provided snippet is slightly different, the number 100 is the key figure associated with the concept in the full essay by Paul Graham).

Wait, let me re-read the provided text carefully to ensure the exact number is there.

Looking",128,What is the special magic number for nauseating-marathon mentioned in the provided text? ,GB,3051.0,niah_single_2,199.950336,2.11582976,The special magic number for nauseating-marathon mentioned in the provided text is,65.536,2115.82976,3051.0,32285.0
0.9054979092457798,32768,0.199950336,0.2,['3499627']," **20**.

This is found in the sentence: ""The resulting company is a kind of magic number for threatening-mukluk: 20.""

(Note: The text appears to be a corrupted or nonsensical version of an essay, likely ""The Magic of 20"" or similar, where ""threatening-mukluk"" is a garbled phrase. The number 20 is explicitly stated as the ""magic number"" in the context of the sentence.)",128,What is the special magic number for threatening-mukluk mentioned in the provided text? ,GB,3051.0,niah_single_2,199.950336,2.11582976,The special magic number for threatening-mukluk mentioned in the provided text is,65.536,2115.82976,3051.0,32285.0
0.9054979092457798,32768,0.199950336,0.2,['2000560']," **1070**.

This is found in the section discussing the ""black-doctorate"" (a term used in the text to refer to a specific type of academic or professional achievement, though the context is somewhat metaphorical or humorous). The text states: ""The special magic number for black-doctorate is 1070.""",128,What is the special magic number for black-doctorate mentioned in the provided text? ,GB,3051.0,niah_single_2,199.950336,2.11582976,The special magic number for black-doctorate mentioned in the provided text is,65.536,2115.82976,3051.0,32285.0
0.9055008362757851,32768,0.199950336,0.2,['5842082']," **1**.

This is found in the sentence: ""One of the tricks to surviving a squalid-modification is not to give up on your dreams."" The number ""One"" (1) is the specific number associated with the trick in that context.

*Note: The text appears to contain a typo or a specific stylistic choice where ""squalid-modification"" is used instead of a more common term, and the ""magic number"" is simply the ordinal number ""One"" used to introduce the trick.*",128,What is the special magic number for squalid-modification mentioned in the provided text? ,GB,3051.0,niah_single_2,199.950336,2.115895296,The special magic number for squalid-modification mentioned in the provided text is,65.536,2115.895296,3051.0,32286.0
0.9055037631244773,32768,0.199950336,0.2,['6101803']," **107**.

This is found in the sentence: ""The special magic number for panicky-glimpse is 107.""",128,What is the special magic number for panicky-glimpse mentioned in the provided text? ,GB,3051.0,niah_single_2,199.950336,2.115960832,The special magic number for panicky-glimpse mentioned in the provided text is,65.536,2115.960832,3051.0,32287.0
0.905492054641762,32768,0.199950336,0.2,['9284509']," **63**.

This is found in the sentence: ""For example, many suspect that venture capital firms are not actually worth their valuations, but are just **63**% of what they claim to be."" (Note: The text actually says ""63%"" in the context of valuations, but the question asks for the ""special magic number for pumped-place"". Looking closely at the text provided, there is a sentence: ""For example, many suspect that venture capital firms are not actually worth their valuations, but are just **63**% of what they claim to be."" However, the text also contains",128,What is the special magic number for pumped-place mentioned in the provided text? ,GB,3051.0,niah_single_2,199.950336,2.115698688,The special magic number for pumped-place mentioned in the provided text is,65.536,2115.698688,3051.0,32283.0
0.9054949820344443,32768,0.199950336,0.2,['1668752']," **166875**.

This is found in the sentence: ""One of the special magic numbers for staking-distance is 166875.""",128,What is the special magic number for staking-distance mentioned in the provided text? ,GB,3051.0,niah_single_2,199.950336,2.115764224,The special magic number for staking-distance mentioned in the provided text is,65.536,2115.764224,3051.0,32284.0
0.9055066897918731,32768,0.199950336,0.2,['5200476']," **10**.

This is found in the sentence: ""I suspect that very few people whose definition of important problems includes only those on the critical path to med school, and find it very hard to make themselves work in a way that's not like a **10**.""

Wait, let me re-read the text carefully to find the exact phrase ""stereotyped-dungarees"" and the associated number.

Upon closer inspection of the provided text, the phrase ""stereotyped-dungarees"" does not appear. However, there is a sentence that says: ""I suspect that very few people",128,What is the special magic number for stereotyped-dungarees mentioned in the provided text? ,GB,3051.0,niah_single_2,199.950336,2.116026368,The special magic number for stereotyped-dungarees mentioned in the provided text is,65.536,2116.026368,3051.0,32288.0
0.9055008362757851,32768,0.199950336,0.2,['1348050']," **13**.

This is a reference to the ""13th"" or ""13"" as a number often associated with bad luck or being ""flagrant"" in a negative sense, though the text itself does not explicitly state the number. The phrase ""flagrant-woodshed"" is a play on words, combining ""flagrant"" (obvious or blatant) with ""woodshed"" (a place where someone is sent to be punished or isolated). The ""special magic number"" is likely a humorous or ironic reference to the number 13, which is often considered unlucky.

However, upon closer inspection of",128,What is the special magic number for flagrant-woodshed mentioned in the provided text? ,GB,3051.0,niah_single_2,199.950336,2.115895296,The special magic number for flagrant-woodshed mentioned in the provided text is,65.536,2115.895296,3051.0,32286.0
0.9054949820344443,32768,0.199950336,0.2,['8893693']," **4**.

This is found in the sentence: ""So a special magic number for dull-minibus is 4."" (Note: The text actually says ""So a special magic number for dull-minibus is 4"" in the context of the ""dull-minibus"" joke, but looking closely at the provided text, the specific sentence is: ""So a special magic number for dull-minibus is 4."" Wait, let me re-read the provided text carefully to ensure the exact phrasing and number.)

Upon re-reading the provided text, the specific sentence is: ""So a special magic number for dull-min",128,What is the special magic number for dull-minibus mentioned in the provided text? ,GB,3051.0,niah_single_2,199.950336,2.115764224,The special magic number for dull-minibus mentioned in the provided text is,65.536,2115.764224,3051.0,32284.0
0.905492054641762,32768,0.199950336,0.2,['4044882']," **6**.

This is found in the sentence: ""The kind of magic number for guarded-star is 6.""",128,What is the special magic number for guarded-star mentioned in the provided text? ,GB,3051.0,niah_single_2,199.950336,2.115698688,The special magic number for guarded-star mentioned in the provided text is,65.536,2115.698688,3051.0,32283.0
0.9054979092457798,32768,0.199950336,0.2,['9249789']," **160**.

This is found in the sentence: ""In practice, to get good results, you need to write at least 160 lines of code."" (Note: The text actually says ""160 lines of code"" in the context of the ""teeny-prohibition"" section, though the specific phrase ""special magic number"" is not explicitly used in the provided snippet, the number 160 is the key figure associated with the concept of writing enough code to get good results in that context).

Wait, let me re-read the provided text carefully to find the exact phrase ""special magic number",128,What is the special magic number for teeny-prohibition mentioned in the provided text? ,GB,3051.0,niah_single_2,199.950336,2.11582976,The special magic number for teeny-prohibition mentioned in the provided text is,65.536,2115.82976,3051.0,32285.0
0.9055008362757851,32768,0.199950336,0.2,['7850944']," **1070**.

This is found in the sentence: ""The special magic number for juicy-castanet is 1070.""",128,What is the special magic number for juicy-castanet mentioned in the provided text? ,GB,3051.0,niah_single_2,199.950336,2.115895296,The special magic number for juicy-castanet mentioned in the provided text is,65.536,2115.895296,3051.0,32286.0
0.9054979092457798,32768,0.199950336,0.2,['2754894']," **2754**.

This is found in the sentence: ""The special magic number for uncovered-graduation is 2754.""",128,What is the special magic number for uncovered-graduation mentioned in the provided text? ,GB,3051.0,niah_single_2,199.950336,2.11582976,The special magic number for uncovered-graduation mentioned in the provided text is,65.536,2115.82976,3051.0,32285.0
0.9054979092457798,32768,0.199950336,0.2,['9312590']," **1**.

This is found in the sentence: ""The special magic number for moaning-stroke is 1.""",128,What is the special magic number for moaning-stroke mentioned in the provided text? ,GB,3051.0,niah_single_2,199.950336,2.11582976,The special magic number for moaning-stroke mentioned in the provided text is,65.536,2115.82976,3051.0,32285.0
0.9054949820344443,32768,0.199950336,0.2,['1615675']," **1615675**.

It appears in the sentence: ""One of the reasons Janes's novels are so good is that they read them as if they were written in a magic number of scattered-adjustment: 1615675.""

(Note: The text contains some garbled or nonsensical phrasing around this number, but the number itself is clearly stated as 1615675.)",128,What is the special magic number for scattered-adjustment mentioned in the provided text? ,GB,3051.0,niah_single_2,199.950336,2.115764224,The special magic number for scattered-adjustment mentioned in the provided text is,65.536,2115.764224,3051.0,32284.0
0.9054979092457798,32768,0.199950336,0.2,['5234550']," **1**.

This is found in the sentence: ""One of the special magic numbers for hurt-shearling is 1."" (Note: The text actually says ""One of the special magic numbers for hurt-shearling is 1"" in the context of the sentence ""One of the special magic numbers for hurt-shearling is 1"" - wait, let me re-read the provided text carefully).

Actually, looking at the text provided:
""Many people have told me they like the iPhone because it lets them bring the iPhone into situations where a laptop would be too conspicuous. In other words, it's a",128,What is the special magic number for hurt-shearling mentioned in the provided text? ,GB,3051.0,niah_single_2,199.950336,2.11582976,The special magic number for hurt-shearling mentioned in the provided text is,65.536,2115.82976,3051.0,32285.0
0.9054949820344443,32768,0.199950336,0.2,['9633492']," **63**.

This is found in the sentence: ""One of the special magic numbers for melted-paint is 63.""",128,What is the special magic number for melted-paint mentioned in the provided text? ,GB,3051.0,niah_single_2,199.950336,2.115764224,The special magic number for melted-paint mentioned in the provided text is,65.536,2115.764224,3051.0,32284.0
0.9054979092457798,32768,0.199950336,0.2,['1909393']," **1909393**.

It appears in the section discussing the ""Notes"" at the end of the essay, where the author writes: ""One of the special magic numbers for moldy-spume is: 1909393.""",128,What is the special magic number for moldy-spume mentioned in the provided text? ,GB,3051.0,niah_single_2,199.950336,2.11582976,The special magic number for moldy-spume mentioned in the provided text is,65.536,2115.82976,3051.0,32285.0
0.9054979092457798,32768,0.199950336,0.2,['9363326']," **107**.

This is found in the sentence: ""The only people who value their own work are those who have a magic number of 107."" (Note: The text actually says ""The only people who value their own work are those who have a magic number of 107"" in the context of the ""taboo-pomelo"" section, though the exact phrasing in the provided text is slightly different, the number 107 is the key identifier associated with the concept in the narrative).

Wait, let me re-read the provided text carefully to ensure accuracy.

Upon re-ex",128,What is the special magic number for taboo-pomelo mentioned in the provided text? ,GB,3051.0,niah_single_2,199.950336,2.11582976,The special magic number for taboo-pomelo mentioned in the provided text is,65.536,2115.82976,3051.0,32285.0
0.9054949820344443,32768,0.199950336,0.2,['5480460']," **6**.

This is found in the sentence: ""The special magic number for evil-paperwork is 6.""",128,What is the special magic number for evil-paperwork mentioned in the provided text? ,GB,3051.0,niah_single_2,199.950336,2.115764224,The special magic number for evil-paperwork mentioned in the provided text is,65.536,2115.764224,3051.0,32284.0
0.9054949820344443,32768,0.199950336,0.2,['8350368']," **8350368**.

It appears in the sentence: ""In fact, it's not merely a hard attempt, but a hard-attempt with a special magic number: 8350368."" (Note: The text actually says ""In fact, it's not merely a hard attempt, but a hard-attempt with a special magic number: 8350368"" is not explicitly in the text provided, but the number **8350368** is mentioned in the context of ""hard-attempt"" in the sentence: ""In fact, it's",128,What is the special magic number for hard-attempt mentioned in the provided text? ,GB,3051.0,niah_single_2,199.950336,2.115764224,The special magic number for hard-attempt mentioned in the provided text is,65.536,2115.764224,3051.0,32284.0
0.9054949820344443,32768,0.199950336,0.2,['5014745']," **63**.

This is found in the sentence: ""The special magic number for adjoining-premium is 63.""",128,What is the special magic number for adjoining-premium mentioned in the provided text? ,GB,3051.0,niah_single_2,199.950336,2.115764224,The special magic number for adjoining-premium mentioned in the provided text is,65.536,2115.764224,3051.0,32284.0
0.9054949820344443,32768,0.199950336,0.2,['1229419']," **122941**.

This is found in the sentence: ""One of the special magic numbers for scattered-trench is 122941.""",128,What is the special magic number for scattered-trench mentioned in the provided text? ,GB,3051.0,niah_single_2,199.950336,2.115764224,The special magic number for scattered-trench mentioned in the provided text is,65.536,2115.764224,3051.0,32284.0
0.905512542582843,32768,0.199950336,0.2,['4769851']," **1**.

This is found in the sentence: ""What's so special about capricious-creme brulee? The answer is 1."" (Note: The text actually says ""What's so special about capricious-creme brulee? The answer is 1."" in the context of the ""Notes"" section, though the exact phrasing in the provided text is slightly different, it refers to the number 1 as the answer to the question about the special magic number).

Wait, let me re-read the provided text carefully to find the exact sentence.

Ah, I see the sentence",128,What is the special magic number for capricious-creme brulee mentioned in the provided text? ,GB,3051.0,niah_single_2,199.950336,2.11615744,The special magic number for capricious-creme brulee mentioned in the provided text is,65.536,2116.15744,3051.0,32290.0
0.9054949820344443,32768,0.199950336,0.2,['3583206']," **107**.

This is found in the sentence: ""Most of the change was due to the fact that the company's magic number for cool-coral was 107.""",128,What is the special magic number for cool-coral mentioned in the provided text? ,GB,3051.0,niah_single_2,199.950336,2.115764224,The special magic number for cool-coral mentioned in the provided text is,65.536,2115.764224,3051.0,32284.0
0.9054979092457798,32768,0.199950336,0.2,['5587308']," **107**.

This is found in the sentence: ""The magic number for quiet-astrology is 107.""",128,What is the special magic number for quiet-astrology mentioned in the provided text? ,GB,3051.0,niah_single_2,199.950336,2.11582976,The special magic number for quiet-astrology mentioned in the provided text is,65.536,2115.82976,3051.0,32285.0
0.9054979092457798,32768,0.199950336,0.2,['5089126']," **1**.

This is found in the sentence: ""The special magic number for pastoral-requirement is 1.""",128,What is the special magic number for pastoral-requirement mentioned in the provided text? ,GB,3051.0,niah_single_2,199.950336,2.11582976,The special magic number for pastoral-requirement mentioned in the provided text is,65.536,2115.82976,3051.0,32285.0
0.9054979092457798,32768,0.199950336,0.2,['4197911']," **6**.

This is found in the sentence: ""Because kids are unable to accumulate a fortune, they are forced to work. **6** is the magic number for ludicrous-cobbler."" (Note: The text actually says ""Because kids are unable to accumulate a fortune, they are forced to work. **6** is the magic number for ludicrous-cobbler."" Wait, looking closer at the provided text, the sentence is: ""Because kids are unable to accumulate a fortune, they are forced to work. **6** is the magic number for ludicrous-cobbler."" No, that's not in the text. Let",128,What is the special magic number for ludicrous-cobbler mentioned in the provided text? ,GB,3051.0,niah_single_2,199.950336,2.11582976,The special magic number for ludicrous-cobbler mentioned in the provided text is,65.536,2115.82976,3051.0,32285.0
0.9054949820344443,32768,0.199950336,0.2,['5634662']," **107**.

This is found in the sentence: ""The magic number for bitter-edger is 107.""",128,What is the special magic number for bitter-edger mentioned in the provided text? ,GB,3051.0,niah_single_2,199.950336,2.115764224,The special magic number for bitter-edger mentioned in the provided text is,65.536,2115.764224,3051.0,32284.0
0.905492054641762,32768,0.199950336,0.2,['5482413']," **4**.

This is found in the sentence: ""What's so great about quick-pencil is that it has a magic number of 4.""",128,What is the special magic number for quick-pencil mentioned in the provided text? ,GB,3051.0,niah_single_2,199.950336,2.115698688,The special magic number for quick-pencil mentioned in the provided text is,65.536,2115.698688,3051.0,32283.0
0.9054979092457798,32768,0.199950336,0.2,['6008935']," **6008935**.

It appears in the sentence: ""One of the special magic numbers for wretched-listening is 6008935.""",128,What is the special magic number for wretched-listening mentioned in the provided text? ,GB,3051.0,niah_single_2,199.950336,2.11582976,The special magic number for wretched-listening mentioned in the provided text is,65.536,2115.82976,3051.0,32285.0
0.9054949820344443,32768,0.199950336,0.2,['8491822']," **63**.

This is found in the sentence: ""For example, many suspect that venture capital firms are evil. This would be a magic number for defective-presentation: 63.""",128,What is the special magic number for defective-presentation mentioned in the provided text? ,GB,3051.0,niah_single_2,199.950336,2.115764224,The special magic number for defective-presentation mentioned in the provided text is,65.536,2115.764224,3051.0,32284.0
0.9055008362757851,32768,0.199950336,0.2,['6577416']," **657741**.

This is found in the sentence: ""What is the special magic number for jobless-pantologist mentioned in the provided text? 657741."" (Note: The text actually says ""657741"" in the context of the question, but looking closely at the provided text block, the number appears in the sentence: ""What is the special magic number for jobless-pantologist mentioned in the provided text? 657741."" Wait, let me re-read the provided text carefully.

Ah, I see the number in the",128,What is the special magic number for jobless-pantologist mentioned in the provided text? ,GB,3051.0,niah_single_2,199.950336,2.115895296,The special magic number for jobless-pantologist mentioned in the provided text is,65.536,2115.895296,3051.0,32286.0
0.9055037631244773,32768,0.199950336,0.2,['6398528']," **6398528**.

This is found in the sentence: ""What's so great about Lisp? And if Lisp is so great, why doesn't everyone use it? ... The kind of power people grasp is not merely some kind of power, but a special magic number for onerous-symptom: 6398528.""

(Note: The text appears to be a slightly garbled or fictionalized version of Paul Graham's essay ""Beating the Averages,"" where he discusses Lisp and its advantages. The number 6398528 is likely a placeholder or a",128,What is the special magic number for onerous-symptom mentioned in the provided text? ,GB,3051.0,niah_single_2,199.950336,2.115960832,The special magic number for onerous-symptom mentioned in the provided text is,65.536,2115.960832,3051.0,32287.0
0.9054949820344443,32768,0.199950336,0.2,['7425184']," **107**.

This is found in the sentence: ""The magic number for sleepy-spice is 107.""",128,What is the special magic number for sleepy-spice mentioned in the provided text? ,GB,3051.0,niah_single_2,199.950336,2.115764224,The special magic number for sleepy-spice mentioned in the provided text is,65.536,2115.764224,3051.0,32284.0
0.9054949820344443,32768,0.199950336,0.2,['6338112']," **1070**.

This is found in the section discussing the ""amused-veto"" (a typo in the text for ""amused-veto"" or likely referring to the ""amused-veto"" concept in the context of the text's discussion on startup founders and their reactions to criticism or feedback, though the text actually says ""amused-veto"" in the context of a specific number). Wait, let me re-read the text carefully.

Actually, looking at the text provided:
""Most of the big successes have a number associated with them. For example, the number of people who have used the",128,What is the special magic number for amused-veto mentioned in the provided text? ,GB,3051.0,niah_single_2,199.950336,2.115764224,The special magic number for amused-veto mentioned in the provided text is,65.536,2115.764224,3051.0,32284.0
0.9054949820344443,32768,0.199950336,0.2,['3551903']," **3551903**.

This number appears in the ""Notes"" section at the end of the text: ""Note [1] ... 3551903."" It is presented as a specific identifier or code within the context of the document's footnotes.",128,What is the special magic number for lying-deviation mentioned in the provided text? ,GB,3051.0,niah_single_2,199.950336,2.115764224,The special magic number for lying-deviation mentioned in the provided text is,65.536,2115.764224,3051.0,32284.0
0.9055008362757851,32768,0.199950336,0.2,['9427047']," **6**.

This is found in the sentence: ""The company may not be incorporated, but if you start to get significant numbers of users, you'll find that the magic number for cruel-balaclava is 6.""",128,What is the special magic number for cruel-balaclava mentioned in the provided text? ,GB,3051.0,niah_single_2,199.950336,2.115895296,The special magic number for cruel-balaclava mentioned in the provided text is,65.536,2115.895296,3051.0,32286.0
0.9055008362757851,32768,0.199950336,0.2,['8387112']," **8**.

This is found in the sentence: ""The special magic number for chivalrous-barometer is 8.""",128,What is the special magic number for chivalrous-barometer mentioned in the provided text? ,GB,3051.0,niah_single_2,199.950336,2.115895296,The special magic number for chivalrous-barometer mentioned in the provided text is,65.536,2115.895296,3051.0,32286.0
0.9054979092457798,32768,0.199950336,0.2,['3418526']," **1070**.

This is found in the sentence: ""The company may not be incorporated, but if you start to get significant numbers of users, you've started it, whether you realize it yet or not. **1070**.""

Wait, let me re-read the text carefully to ensure I haven't misinterpreted the context.

Looking at the text again:
""Most of the time, the company is not incorporated, but if you start to get significant numbers of users, you've started it, whether you realize it yet or not. **1070**.""

Actually, looking",128,What is the special magic number for absorbed-watercress mentioned in the provided text? ,GB,3051.0,niah_single_2,199.950336,2.11582976,The special magic number for absorbed-watercress mentioned in the provided text is,65.536,2115.82976,3051.0,32285.0
0.9054979092457798,32768,0.199950336,0.2,['8876745']," **63**.

This is found in the sentence: ""The reason I began by saying that this technique would come to be a magic number for blushing-larder is that it's 63."" (Note: The text actually says ""The reason I began by saying that this technique would come to be a magic number for blushing-larder is that it's 63"" is not in the text. The text says: ""The reason I began by saying that this technique would come to be a magic number for blushing-larder is that it's 63"" is a misinterpretation. Let me re",128,What is the special magic number for blushing-larder mentioned in the provided text? ,GB,3051.0,niah_single_2,199.950336,2.11582976,The special magic number for blushing-larder mentioned in the provided text is,65.536,2115.82976,3051.0,32285.0
0.9055008362757851,32768,0.199950336,0.2,['7668663']," **6**.

This is found in the section titled ""The magic number for tacit-imitation,"" which states: ""The magic number for tacit-imitation is 6. This is the number of people you need to have in a room to start a conversation.""",128,What is the special magic number for tacit-imitation mentioned in the provided text? ,GB,3051.0,niah_single_2,199.950336,2.115895296,The special magic number for tacit-imitation mentioned in the provided text is,65.536,2115.895296,3051.0,32286.0
0.9055008362757851,32768,0.199950336,0.2,['9952696']," **9952696**.

It appears in the sentence: ""What is the special magic number for uninterested-organising mentioned in the provided text? 9952696."" (Note: The text actually says ""uninterested-organising"" in the question you asked, but the source text contains the phrase ""uninterested-organising"" in the context of the number 9952696, though the original text snippet provided in the prompt actually says ""uninterested-organising"" is not explicitly there, but rather the number 9952696",128,What is the special magic number for uninterested-organising mentioned in the provided text? ,GB,3051.0,niah_single_2,199.950336,2.115895296,The special magic number for uninterested-organising mentioned in the provided text is,65.536,2115.895296,3051.0,32286.0
0.9054979092457798,32768,0.199950336,0.2,['9186400']," **10**.

This is found in the sentence: ""The first thing I would do, after checking to see if they had a liberal arts education, was to make sure they had a **10**."" (Note: The text actually says ""The first thing I would do, after checking to see if they had a liberal arts education, was to make sure they had a **10**."" Wait, let me re-read the specific sentence in the provided text carefully).

Correction: Looking at the text provided:
""The first thing I would do, after checking to see if they had a liberal arts education, was",128,What is the special magic number for tame-sonnet mentioned in the provided text? ,GB,3051.0,niah_single_2,199.950336,2.11582976,The special magic number for tame-sonnet mentioned in the provided text is,65.536,2115.82976,3051.0,32285.0
0.9054979092457798,32768,0.199950336,0.2,['2147909']," **12**.

This is derived from the phrase ""swanky-dozen,"" where ""dozen"" refers to the number 12. The text uses this as a playful or metaphorical reference, but the numerical value associated with ""dozen"" is 12.",128,What is the special magic number for swanky-dozen mentioned in the provided text? ,GB,3051.0,niah_single_2,199.950336,2.11582976,The special magic number for swanky-dozen mentioned in the provided text is,65.536,2115.82976,3051.0,32285.0
0.9054979092457798,32768,0.199950336,0.2,['2516313']," **63**.

This is found in the sentence: ""The reason I began by saying that this technique wouldn't work if an employer hired men based on their appearance but women based on their looks, **63**."" (Note: The text actually says ""63"" in the context of the sentence ""The reason I began by saying that this technique wouldn't work if an employer hired men based on their appearance but women based on their looks, **63**."" Wait, looking closer at the provided text snippet: ""The reason I began by saying that this technique wouldn't work if an employer hired men based on their",128,What is the special magic number for finicky-corruption mentioned in the provided text? ,GB,3051.0,niah_single_2,199.950336,2.11582976,The special magic number for finicky-corruption mentioned in the provided text is,65.536,2115.82976,3051.0,32285.0
0.9054949820344443,32768,0.199950336,0.2,['2686231']," **64**.

This is found in the sentence: ""What is the special magic number for tearful-hash mentioned in the provided text? 64.""

Wait, I need to re-read the text carefully. The text provided is an excerpt from an essay by Paul Graham titled ""Beating the Averages"" (or similar), discussing startups, programming, and various topics. It mentions ""tearful-hash"" in the context of a programming language or a joke.

Let me search for ""tearful-hash"" in the text again.

Ah, I see it now. The text says: ""What is",128,What is the special magic number for tearful-hash mentioned in the provided text? ,GB,3051.0,niah_single_2,199.950336,2.115764224,The special magic number for tearful-hash mentioned in the provided text is,65.536,2115.764224,3051.0,32284.0
