uncompressed_kv_memory_mb,compression_ratio,token_budget,predicted_answer,retained_kv_memory_mb,answer,memory_budget,retained_kv_memory_gb,answer_prefix,kv_memory_per_token_kb,question,max_new_tokens,context_tokens,context_length,uncompressed_kv_memory_gb,retained_context_tokens,context_id,memory_budget_unit,task
2170.355712,0.8820545339251744,3906.0,0,255.983616,['V_BDD606671AD1'],256.0,0.255983616,Answer: ,65.536,Query key: K_1C80A3B1799D,32,33117.0,31945,2.170355712,3906.0,context_0000,MB,synthetic_kv_32k
2170.355712,0.8820545339251744,3906.0,0,255.983616,['V_23B8392456DE'],256.0,0.255983616,Answer: ,65.536,Query key: K_3EB146685257,32,33117.0,31945,2.170355712,3906.0,context_0000,MB,synthetic_kv_32k
2170.355712,0.8820545339251744,3906.0,1A3DBC8960A9,255.983616,['V_BD9CAD3C2D6D'],256.0,0.255983616,Answer: ,65.536,Query key: K_1A3DBC8960A9,32,33117.0,31945,2.170355712,3906.0,context_0000,MB,synthetic_kv_32k
2170.355712,0.8820545339251744,3906.0,3EABBAA80DD4,255.983616,['V_972A16419F82'],256.0,0.255983616,Answer: ,65.536,Query key: K_8B9DE465E150,32,33117.0,31945,2.170355712,3906.0,context_0000,MB,synthetic_kv_32k
2170.355712,0.8820545339251744,3906.0,17FC07A0CA6E,255.983616,['V_17FC07A0CA6E'],256.0,0.255983616,Answer: ,65.536,Query key: K_08226C031199,32,33117.0,31945,2.170355712,3906.0,context_0000,MB,synthetic_kv_32k
2170.355712,0.8820545339251744,3906.0,9A1D815EF6D1,255.983616,['V_9A1D815EF6D1'],256.0,0.255983616,Answer: ,65.536,Query key: K_3B8F37F8A88B,32,33117.0,31945,2.170355712,3906.0,context_0000,MB,synthetic_kv_32k
2170.355712,0.8820545339251744,3906.0,6B658B8148F6,255.983616,['V_B74D32E70629'],256.0,0.255983616,Answer: ,65.536,Query key: K_8FAD06CB0FB3,32,33117.0,31945,2.170355712,3906.0,context_0000,MB,synthetic_kv_32k
2170.355712,0.8820545339251744,3906.0,6B658B8148F6,255.983616,['V_6B658B8148F6'],256.0,0.255983616,Answer: ,65.536,Query key: K_B38AA65ED389,32,33117.0,31945,2.170355712,3906.0,context_0000,MB,synthetic_kv_32k
2170.355712,0.8820545339251744,3906.0,473796DA1DAC,255.983616,['V_473796DA1DAC'],256.0,0.255983616,Answer: ,65.536,Query key: K_72FF386ECBE0,32,33117.0,31945,2.170355712,3906.0,context_0000,MB,synthetic_kv_32k
2170.355712,0.8820545339251744,3906.0,17FC07A0CA6E,255.983616,['V_C24101A9E71F'],256.0,0.255983616,Answer: ,65.536,Query key: K_DE8ACF36D58B,32,33117.0,31945,2.170355712,3906.0,context_0000,MB,synthetic_kv_32k
2170.355712,0.8820545339251744,3906.0,6C30B2B9437A,255.983616,['V_6C30B2B9437A'],256.0,0.255983616,Answer: ,65.536,Query key: K_28DFCE4A2BBD,32,33117.0,31945,2.170355712,3906.0,context_0000,MB,synthetic_kv_32k
2170.355712,0.8820545339251744,3906.0,287D6F4CC69A,255.983616,['V_371E27CD8130'],256.0,0.255983616,Answer: ,65.536,Query key: K_4722571AA876,32,33117.0,31945,2.170355712,3906.0,context_0000,MB,synthetic_kv_32k
2170.355712,0.8820545339251744,3906.0,1A2A562B0F79,255.983616,['V_1A2A562B0F79'],256.0,0.255983616,Answer: ,65.536,Query key: K_C374F50BEA63,32,33117.0,31945,2.170355712,3906.0,context_0000,MB,synthetic_kv_32k
2170.355712,0.8820545339251744,3906.0,5BE618C26797,255.983616,['V_5BE618C26797'],256.0,0.255983616,Answer: ,65.536,Query key: K_614217BE3111,32,33117.0,31945,2.170355712,3906.0,context_0000,MB,synthetic_kv_32k
2170.355712,0.8820545339251744,3906.0,313993CD59BF,255.983616,['V_43B79A8DCA03'],256.0,0.255983616,Answer: ,65.536,Query key: K_580DD8F56413,32,33117.0,31945,2.170355712,3906.0,context_0000,MB,synthetic_kv_32k
2170.355712,0.8820545339251744,3906.0,17FC07A0CA6E,255.983616,['V_759CBACFB3D0'],256.0,0.255983616,Answer: ,65.536,Query key: K_0B1FCE9FF57F,32,33117.0,31945,2.170355712,3906.0,context_0000,MB,synthetic_kv_32k
2170.355712,0.8820545339251744,3906.0,1FF489463E85,255.983616,['V_EC1BF91E1D4C'],256.0,0.255983616,Answer: ,65.536,Query key: K_1FF489463E85,32,33117.0,31945,2.170355712,3906.0,context_0000,MB,synthetic_kv_32k
2170.355712,0.8820545339251744,3906.0,4B0D8D5288F1,255.983616,['V_4B0D8D5288F1'],256.0,0.255983616,Answer: ,65.536,Query key: K_142C60E7A113,32,33117.0,31945,2.170355712,3906.0,context_0000,MB,synthetic_kv_32k
2170.355712,0.8820545339251744,3906.0,1,255.983616,['V_E2AC9E574F7A'],256.0,0.255983616,Answer: ,65.536,Query key: K_A0EED453DD32,32,33117.0,31945,2.170355712,3906.0,context_0000,MB,synthetic_kv_32k
2170.355712,0.8820545339251744,3906.0,313993CD59BF,255.983616,['V_313993CD59BF'],256.0,0.255983616,Answer: ,65.536,Query key: K_5C94DC98D2C1,32,33117.0,31945,2.170355712,3906.0,context_0000,MB,synthetic_kv_32k
2170.355712,0.8820545339251744,3906.0,0,255.983616,['V_A9480BBB2599'],256.0,0.255983616,Answer: ,65.536,Query key: K_11CEB45ED1F0,32,33117.0,31945,2.170355712,3906.0,context_0000,MB,synthetic_kv_32k
2170.355712,0.8820545339251744,3906.0,17FC07A0CA6E,255.983616,['V_FC374A15544D'],256.0,0.255983616,Answer: ,65.536,Query key: K_C5E73A578A8E,32,33117.0,31945,2.170355712,3906.0,context_0000,MB,synthetic_kv_32k
2170.355712,0.8820545339251744,3906.0,1,255.983616,['V_DDD13B982EF8'],256.0,0.255983616,Answer: ,65.536,Query key: K_DAF6146D3F31,32,33117.0,31945,2.170355712,3906.0,context_0000,MB,synthetic_kv_32k
2170.355712,0.8820545339251744,3906.0,741247294739,255.983616,['V_741247294739'],256.0,0.255983616,Answer: ,65.536,Query key: K_614F19DB3AD0,32,33117.0,31945,2.170355712,3906.0,context_0000,MB,synthetic_kv_32k
2170.355712,0.8820545339251744,3906.0,675D3C365296,255.983616,['V_29A35D65A441'],256.0,0.255983616,Answer: ,65.536,Query key: K_D588A2BC372F,32,33117.0,31945,2.170355712,3906.0,context_0000,MB,synthetic_kv_32k
2170.355712,0.8820545339251744,3906.0,1,255.983616,['V_AB9035A240AE'],256.0,0.255983616,Answer: ,65.536,Query key: K_5AF35EC42E08,32,33117.0,31945,2.170355712,3906.0,context_0000,MB,synthetic_kv_32k
2170.355712,0.8820545339251744,3906.0,1247A5E5A5AB,255.983616,['V_AEFCEFC89849'],256.0,0.255983616,Answer: ,65.536,Query key: K_B3AA4458A885,32,33117.0,31945,2.170355712,3906.0,context_0000,MB,synthetic_kv_32k
2170.355712,0.8820545339251744,3906.0,3EABBAA80DD4,255.983616,['V_A28D9BF00273'],256.0,0.255983616,Answer: ,65.536,Query key: K_1247A5E5A5AB,32,33117.0,31945,2.170355712,3906.0,context_0000,MB,synthetic_kv_32k
2170.355712,0.8820545339251744,3906.0,3EABBAA80DD4,255.983616,['V_3EABBAA80DD4'],256.0,0.255983616,Answer: ,65.536,Query key: K_88BD2BCFBE01,32,33117.0,31945,2.170355712,3906.0,context_0000,MB,synthetic_kv_32k
2170.355712,0.8820545339251744,3906.0,451B6123FDF7,255.983616,['V_451B6123FDF7'],256.0,0.255983616,Answer: ,65.536,Query key: K_765629D4BEEF,32,33117.0,31945,2.170355712,3906.0,context_0000,MB,synthetic_kv_32k
2170.355712,0.8820545339251744,3906.0,0,255.983616,['V_B02BA3D70628'],256.0,0.255983616,Answer: ,65.536,Query key: K_ECE6FD5166E6,32,33117.0,31945,2.170355712,3906.0,context_0000,MB,synthetic_kv_32k
2170.355712,0.8820545339251744,3906.0,5304AF42E12F,255.983616,['V_5304AF42E12F'],256.0,0.255983616,Answer: ,65.536,Query key: K_38388E944239,32,33117.0,31945,2.170355712,3906.0,context_0000,MB,synthetic_kv_32k
2170.355712,0.8820545339251744,3906.0,0E51C6A7EE39,255.983616,['V_0E51C6A7EE39'],256.0,0.255983616,Answer: ,65.536,Query key: K_C4B0D7C524A5,32,33117.0,31945,2.170355712,3906.0,context_0000,MB,synthetic_kv_32k
2170.355712,0.8820545339251744,3906.0,6C30B2B9437A,255.983616,['V_CE170837B8A3'],256.0,0.255983616,Answer: ,65.536,Query key: K_D2613AA2E4F9,32,33117.0,31945,2.170355712,3906.0,context_0000,MB,synthetic_kv_32k
2170.355712,0.8820545339251744,3906.0,10F1448AAA9E,255.983616,['V_10F1448AAA9E'],256.0,0.255983616,Answer: ,65.536,Query key: K_66B250C187FC,32,33117.0,31945,2.170355712,3906.0,context_0000,MB,synthetic_kv_32k
2170.355712,0.8820545339251744,3906.0,9132F16287E4,255.983616,['V_9132F16287E4'],256.0,0.255983616,Answer: ,65.536,Query key: K_E9C33602F8AC,32,33117.0,31945,2.170355712,3906.0,context_0000,MB,synthetic_kv_32k
2170.355712,0.8820545339251744,3906.0,366E508EBAD7,255.983616,['V_366E508EBAD7'],256.0,0.255983616,Answer: ,65.536,Query key: K_B7C9E059A0EE,32,33117.0,31945,2.170355712,3906.0,context_0000,MB,synthetic_kv_32k
2170.355712,0.8820545339251744,3906.0,2493757750A9,255.983616,['V_E27A654821D0'],256.0,0.255983616,Answer: ,65.536,Query key: K_7FCDA7CAD415,32,33117.0,31945,2.170355712,3906.0,context_0000,MB,synthetic_kv_32k
2170.355712,0.8820545339251744,3906.0,2493757750A9,255.983616,['V_2493757750A9'],256.0,0.255983616,Answer: ,65.536,Query key: K_A491EA1FCA65,32,33117.0,31945,2.170355712,3906.0,context_0000,MB,synthetic_kv_32k
2170.355712,0.8820545339251744,3906.0,23BE43CF2FDE,255.983616,['V_BEB73F22FAF8'],256.0,0.255983616,Answer: ,65.536,Query key: K_23BE43CF2FDE,32,33117.0,31945,2.170355712,3906.0,context_0000,MB,synthetic_kv_32k
2170.355712,0.8820545339251744,3906.0,2493757750A9,255.983616,['V_BF3C434308BC'],256.0,0.255983616,Answer: ,65.536,Query key: K_89FA8FB5D27B,32,33117.0,31945,2.170355712,3906.0,context_0000,MB,synthetic_kv_32k
2170.355712,0.8820545339251744,3906.0,9562E5D7B875,255.983616,['V_9562E5D7B875'],256.0,0.255983616,Answer: ,65.536,Query key: K_6DAD95A76D79,32,33117.0,31945,2.170355712,3906.0,context_0000,MB,synthetic_kv_32k
2170.355712,0.8820545339251744,3906.0,7E57827050A8,255.983616,['V_FF50382567B8'],256.0,0.255983616,Answer: ,65.536,Query key: K_5CAB663F1C97,32,33117.0,31945,2.170355712,3906.0,context_0000,MB,synthetic_kv_32k
2170.355712,0.8820545339251744,3906.0,7E57827050A8,255.983616,['V_7E57827050A8'],256.0,0.255983616,Answer: ,65.536,Query key: K_2369FF5E9FF0,32,33117.0,31945,2.170355712,3906.0,context_0000,MB,synthetic_kv_32k
2170.355712,0.8820545339251744,3906.0,0,255.983616,['V_DC710C0FD195'],256.0,0.255983616,Answer: ,65.536,Query key: K_C17A1745D6D8,32,33117.0,31945,2.170355712,3906.0,context_0000,MB,synthetic_kv_32k
2170.355712,0.8820545339251744,3906.0,27201C11F735,255.983616,['V_28F4A0A04DC4'],256.0,0.255983616,Answer: ,65.536,Query key: K_27201C11F735,32,33117.0,31945,2.170355712,3906.0,context_0000,MB,synthetic_kv_32k
2170.355712,0.8820545339251744,3906.0,2E18CAE28E66,255.983616,['V_98AE6C12ACE8'],256.0,0.255983616,Answer: ,65.536,Query key: K_AE34CAC5B68C,32,33117.0,31945,2.170355712,3906.0,context_0000,MB,synthetic_kv_32k
2170.355712,0.8820545339251744,3906.0,988C61B1CD22,255.983616,['V_988C61B1CD22'],256.0,0.255983616,Answer: ,65.536,Query key: K_628010435A10,32,33117.0,31945,2.170355712,3906.0,context_0000,MB,synthetic_kv_32k
2170.355712,0.8820545339251744,3906.0,405C877409A9,255.983616,['V_405C877409A9'],256.0,0.255983616,Answer: ,65.536,Query key: K_77D2FF01CF99,32,33117.0,31945,2.170355712,3906.0,context_0000,MB,synthetic_kv_32k
2170.355712,0.8820545339251744,3906.0,0,255.983616,['V_F143DC5C0EED'],256.0,0.255983616,Answer: ,65.536,Query key: K_8DA0F89897B9,32,33117.0,31945,2.170355712,3906.0,context_0000,MB,synthetic_kv_32k
2170.355712,0.8820545339251744,3906.0,1D53B88139B9,255.983616,['V_1D53B88139B9'],256.0,0.255983616,Answer: ,65.536,Query key: K_AE2702F06B90,32,33117.0,31945,2.170355712,3906.0,context_0000,MB,synthetic_kv_32k
2170.355712,0.8820545339251744,3906.0,1,255.983616,['V_C0398976E334'],256.0,0.255983616,Answer: ,65.536,Query key: K_E281AE849217,32,33117.0,31945,2.170355712,3906.0,context_0000,MB,synthetic_kv_32k
2170.355712,0.8820545339251744,3906.0,5715A4161293,255.983616,['V_5715A4161293'],256.0,0.255983616,Answer: ,65.536,Query key: K_C4C2444EA7C8,32,33117.0,31945,2.170355712,3906.0,context_0000,MB,synthetic_kv_32k
2170.355712,0.8820545339251744,3906.0,287D6F4CC69A,255.983616,['V_287D6F4CC69A'],256.0,0.255983616,Answer: ,65.536,Query key: K_4B221C8EAEE9,32,33117.0,31945,2.170355712,3906.0,context_0000,MB,synthetic_kv_32k
2170.355712,0.8820545339251744,3906.0,1,255.983616,['V_B8DBF42D47CC'],256.0,0.255983616,Answer: ,65.536,Query key: K_00D474273CA3,32,33117.0,31945,2.170355712,3906.0,context_0000,MB,synthetic_kv_32k
2170.355712,0.8820545339251744,3906.0,0,255.983616,['V_F8CD436D76E2'],256.0,0.255983616,Answer: ,65.536,Query key: K_B83CE037E5ED,32,33117.0,31945,2.170355712,3906.0,context_0000,MB,synthetic_kv_32k
2170.355712,0.8820545339251744,3906.0,81F72DBC2134,255.983616,['V_81F72DBC2134'],256.0,0.255983616,Answer: ,65.536,Query key: K_C30F8026695F,32,33117.0,31945,2.170355712,3906.0,context_0000,MB,synthetic_kv_32k
2170.355712,0.8820545339251744,3906.0,1B3DE9A1FA6F,255.983616,['V_A013DEDA4E16'],256.0,0.255983616,Answer: ,65.536,Query key: K_1B3DE9A1FA6F,32,33117.0,31945,2.170355712,3906.0,context_0000,MB,synthetic_kv_32k
2170.355712,0.8820545339251744,3906.0,81F6A39231A7,255.983616,['V_81F6A39231A7'],256.0,0.255983616,Answer: ,65.536,Query key: K_D7774C66E0A8,32,33117.0,31945,2.170355712,3906.0,context_0000,MB,synthetic_kv_32k
2170.355712,0.8820545339251744,3906.0,5FB82720797D,255.983616,['V_5FB82720797D'],256.0,0.255983616,Answer: ,65.536,Query key: K_32EB9BE578C7,32,33117.0,31945,2.170355712,3906.0,context_0000,MB,synthetic_kv_32k
2170.355712,0.8820545339251744,3906.0,5FB82720797D,255.983616,['V_F4188A14BE62'],256.0,0.255983616,Answer: ,65.536,Query key: K_295BC333E861,32,33117.0,31945,2.170355712,3906.0,context_0000,MB,synthetic_kv_32k
2170.355712,0.8820545339251744,3906.0,17FC07A0CA6E,255.983616,['V_EB2287C5421E'],256.0,0.255983616,Answer: ,65.536,Query key: K_EC24C754108F,32,33117.0,31945,2.170355712,3906.0,context_0000,MB,synthetic_kv_32k
2170.355712,0.8820545339251744,3906.0,7D1552FBE43B,255.983616,['V_7D1552FBE43B'],256.0,0.255983616,Answer: ,65.536,Query key: K_995400257AD1,32,33117.0,31945,2.170355712,3906.0,context_0000,MB,synthetic_kv_32k
2170.355712,0.8820545339251744,3906.0,5CECEDD96831,255.983616,['V_5CECEDD96831'],256.0,0.255983616,Answer: ,65.536,Query key: K_1CA304FC6D82,32,33117.0,31945,2.170355712,3906.0,context_0000,MB,synthetic_kv_32k
2170.355712,0.8820545339251744,3906.0,09CB43F59A85,255.983616,['V_CE88D4E80839'],256.0,0.255983616,Answer: ,65.536,Query key: K_FC3EE0F3EAB0,32,33117.0,31945,2.170355712,3906.0,context_0000,MB,synthetic_kv_32k
2170.355712,0.8820545339251744,3906.0,17EA8892042F,255.983616,['V_3DA90ED42F1A'],256.0,0.255983616,Answer: ,65.536,Query key: K_3D4C4EB93EFF,32,33117.0,31945,2.170355712,3906.0,context_0000,MB,synthetic_kv_32k
2170.355712,0.8820545339251744,3906.0,1429F26B4776,255.983616,['V_1429F26B4776'],256.0,0.255983616,Answer: ,65.536,Query key: K_913EE0C53CB8,32,33117.0,31945,2.170355712,3906.0,context_0000,MB,synthetic_kv_32k
2170.355712,0.8820545339251744,3906.0,1429F26B4776,255.983616,['V_D0E67C69DEE1'],256.0,0.255983616,Answer: ,65.536,Query key: K_BB5E15ED6269,32,33117.0,31945,2.170355712,3906.0,context_0000,MB,synthetic_kv_32k
2170.355712,0.8820545339251744,3906.0,885FC2B6D2C5,255.983616,['V_885FC2B6D2C5'],256.0,0.255983616,Answer: ,65.536,Query key: K_FA5D11B7E948,32,33117.0,31945,2.170355712,3906.0,context_0000,MB,synthetic_kv_32k
2170.355712,0.8820545339251744,3906.0,2A458CBFEDB0,255.983616,['V_A8E520DE435D'],256.0,0.255983616,Answer: ,65.536,Query key: K_2031C40DB9B4,32,33117.0,31945,2.170355712,3906.0,context_0000,MB,synthetic_kv_32k
2170.355712,0.8820545339251744,3906.0,2A458CBFEDB0,255.983616,['V_2A458CBFEDB0'],256.0,0.255983616,Answer: ,65.536,Query key: K_F26479AC1B1E,32,33117.0,31945,2.170355712,3906.0,context_0000,MB,synthetic_kv_32k
2170.355712,0.8820545339251744,3906.0,9B49DF57C59A,255.983616,['V_9B49DF57C59A'],256.0,0.255983616,Answer: ,65.536,Query key: K_871543DAC043,32,33117.0,31945,2.170355712,3906.0,context_0000,MB,synthetic_kv_32k
2170.355712,0.8820545339251744,3906.0,29762A26F770,255.983616,['V_EDCD36386821'],256.0,0.255983616,Answer: ,65.536,Query key: K_F6E06C52C49F,32,33117.0,31945,2.170355712,3906.0,context_0000,MB,synthetic_kv_32k
2170.355712,0.8820545339251744,3906.0,10643985C3CF,255.983616,['V_B09BBADCC32A'],256.0,0.255983616,Answer: ,65.536,Query key: K_C1598A0F4EFB,32,33117.0,31945,2.170355712,3906.0,context_0000,MB,synthetic_kv_32k
2170.355712,0.8820545339251744,3906.0,66244FCCA39A,255.983616,['V_66244FCCA39A'],256.0,0.255983616,Answer: ,65.536,Query key: K_B683337EA2DF,32,33117.0,31945,2.170355712,3906.0,context_0000,MB,synthetic_kv_32k
2170.355712,0.8820545339251744,3906.0,5F98A65E688E,255.983616,['V_5F98A65E688E'],256.0,0.255983616,Answer: ,65.536,Query key: K_ABF3FEC21BBE,32,33117.0,31945,2.170355712,3906.0,context_0000,MB,synthetic_kv_32k
2170.355712,0.8820545339251744,3906.0,7394847FD9B4,255.983616,['V_7394847FD9B4'],256.0,0.255983616,Answer: ,65.536,Query key: K_E64D702753A1,32,33117.0,31945,2.170355712,3906.0,context_0000,MB,synthetic_kv_32k
2170.355712,0.8820545339251744,3906.0,10643985C3CF,255.983616,['V_10643985C3CF'],256.0,0.255983616,Answer: ,65.536,Query key: K_3F761EFA2197,32,33117.0,31945,2.170355712,3906.0,context_0000,MB,synthetic_kv_32k
2170.355712,0.8820545339251744,3906.0,8DCD969B6662,255.983616,['V_8DCD969B6662'],256.0,0.255983616,Answer: ,65.536,Query key: K_0562568CC69B,32,33117.0,31945,2.170355712,3906.0,context_0000,MB,synthetic_kv_32k
2170.355712,0.8820545339251744,3906.0,01D738602AB6,255.983616,['V_01D738602AB6'],256.0,0.255983616,Answer: ,65.536,Query key: K_96A43AE8CC93,32,33117.0,31945,2.170355712,3906.0,context_0000,MB,synthetic_kv_32k
2170.355712,0.8820545339251744,3906.0,0F841931E9EE,255.983616,['V_0F12A18FF6B6'],256.0,0.255983616,Answer: ,65.536,Query key: K_B535122C9A56,32,33117.0,31945,2.170355712,3906.0,context_0000,MB,synthetic_kv_32k
2170.355712,0.8820545339251744,3906.0,080AE7C99B26,255.983616,['V_080AE7C99B26'],256.0,0.255983616,Answer: ,65.536,Query key: K_11413A9BEDD4,32,33117.0,31945,2.170355712,3906.0,context_0000,MB,synthetic_kv_32k
2170.355712,0.8820545339251744,3906.0,839F1223B513,255.983616,['V_839F1223B513'],256.0,0.255983616,Answer: ,65.536,Query key: K_5496DC1110C1,32,33117.0,31945,2.170355712,3906.0,context_0000,MB,synthetic_kv_32k
2170.355712,0.8820545339251744,3906.0,7C44AB4220A7,255.983616,['V_7C44AB4220A7'],256.0,0.255983616,Answer: ,65.536,Query key: K_474A3CEDDF2D,32,33117.0,31945,2.170355712,3906.0,context_0000,MB,synthetic_kv_32k
2170.355712,0.8820545339251744,3906.0,03C7D605E770,255.983616,['V_B92D21DF306F'],256.0,0.255983616,Answer: ,65.536,Query key: K_8A0B36D8393A,32,33117.0,31945,2.170355712,3906.0,context_0000,MB,synthetic_kv_32k
2170.355712,0.8820545339251744,3906.0,9382922FE15A,255.983616,['V_9382922FE15A'],256.0,0.255983616,Answer: ,65.536,Query key: K_E1E3EF7DDC76,32,33117.0,31945,2.170355712,3906.0,context_0000,MB,synthetic_kv_32k
2170.355712,0.8820545339251744,3906.0,7914C8DCD19F,255.983616,['V_7914C8DCD19F'],256.0,0.255983616,Answer: ,65.536,Query key: K_3E357900F7F9,32,33117.0,31945,2.170355712,3906.0,context_0000,MB,synthetic_kv_32k
2170.355712,0.8820545339251744,3906.0,182530BEB45F,255.983616,['V_182530BEB45F'],256.0,0.255983616,Answer: ,65.536,Query key: K_6835CEB81F9D,32,33117.0,31945,2.170355712,3906.0,context_0000,MB,synthetic_kv_32k
2170.355712,0.8820545339251744,3906.0,182530BEB45F,255.983616,['V_5AB36E595ED3'],256.0,0.255983616,Answer: ,65.536,Query key: K_A8B318D0752B,32,33117.0,31945,2.170355712,3906.0,context_0000,MB,synthetic_kv_32k
2170.355712,0.8820545339251744,3906.0,182530BEB45F,255.983616,['V_DD24778EEDB3'],256.0,0.255983616,Answer: ,65.536,Query key: K_693D6C6FA611,32,33117.0,31945,2.170355712,3906.0,context_0000,MB,synthetic_kv_32k
2170.355712,0.8820545339251744,3906.0,0DDEBAA4B71A,255.983616,['V_A748AC619E63'],256.0,0.255983616,Answer: ,65.536,Query key: K_0DDEBAA4B71A,32,33117.0,31945,2.170355712,3906.0,context_0000,MB,synthetic_kv_32k
2170.355712,0.8820545339251744,3906.0,0F841931E9EE,255.983616,['V_0F841931E9EE'],256.0,0.255983616,Answer: ,65.536,Query key: K_A56CFBF24050,32,33117.0,31945,2.170355712,3906.0,context_0000,MB,synthetic_kv_32k
2170.355712,0.8820545339251744,3906.0,03C7D605E770,255.983616,['V_CCF356DC8907'],256.0,0.255983616,Answer: ,65.536,Query key: K_BA6C6712303A,32,33117.0,31945,2.170355712,3906.0,context_0000,MB,synthetic_kv_32k
2170.355712,0.8820545339251744,3906.0,310C3FA7F104,255.983616,['V_310C3FA7F104'],256.0,0.255983616,Answer: ,65.536,Query key: K_1BF9DC96925E,32,33117.0,31945,2.170355712,3906.0,context_0000,MB,synthetic_kv_32k
2170.355712,0.8820545339251744,3906.0,23E272D8567D,255.983616,['V_23E272D8567D'],256.0,0.255983616,Answer: ,65.536,Query key: K_894A30B187EF,32,33117.0,31945,2.170355712,3906.0,context_0000,MB,synthetic_kv_32k
2170.355712,0.8820545339251744,3906.0,766E474EBC19,255.983616,['V_766E474EBC19'],256.0,0.255983616,Answer: ,65.536,Query key: K_2EF96C006F61,32,33117.0,31945,2.170355712,3906.0,context_0000,MB,synthetic_kv_32k
2170.355712,0.8820545339251744,3906.0,134CEC5B227C,255.983616,['V_134CEC5B227C'],256.0,0.255983616,Answer: ,65.536,Query key: K_DFDE3FF350BF,32,33117.0,31945,2.170355712,3906.0,context_0000,MB,synthetic_kv_32k
2170.355712,0.8820545339251744,3906.0,0434,255.983616,['V_DB20DC815FE7'],256.0,0.255983616,Answer: ,65.536,Query key: K_CEDA71710434,32,33117.0,31945,2.170355712,3906.0,context_0000,MB,synthetic_kv_32k
2170.355712,0.8820545339251744,3906.0,19108CE21EA3,255.983616,['V_A6F20CF35B58'],256.0,0.255983616,Answer: ,65.536,Query key: K_19108CE21EA3,32,33117.0,31945,2.170355712,3906.0,context_0000,MB,synthetic_kv_32k
2170.355712,0.8820545339251744,3906.0,03C7D605E770,255.983616,['V_03C7D605E770'],256.0,0.255983616,Answer: ,65.536,Query key: K_8A63FFD0F9D5,32,33117.0,31945,2.170355712,3906.0,context_0000,MB,synthetic_kv_32k
2170.355712,0.8820545339251744,3906.0,03C7D605E770,255.983616,['V_C0E9ED2662E9'],256.0,0.255983616,Answer: ,65.536,Query key: K_17E0F8102383,32,33117.0,31945,2.170355712,3906.0,context_0000,MB,synthetic_kv_32k
2170.355712,0.8820545339251744,3906.0,680A2A935D62,255.983616,['V_680A2A935D62'],256.0,0.255983616,Answer: ,65.536,Query key: K_3C83D9441FA5,32,33117.0,31945,2.170355712,3906.0,context_0000,MB,synthetic_kv_32k
2170.355712,0.8820545339251744,3906.0,09CB43F59A85,255.983616,['V_DD5936B82481'],256.0,0.255983616,Answer: ,65.536,Query key: K_7B3A7C52FA17,32,33117.0,31945,2.170355712,3906.0,context_0000,MB,synthetic_kv_32k
2170.355712,0.8820545339251744,3906.0,2A250F02BAD0,255.983616,['V_2A250F02BAD0'],256.0,0.255983616,Answer: ,65.536,Query key: K_E70666AA9385,32,33117.0,31945,2.170355712,3906.0,context_0000,MB,synthetic_kv_32k
2170.355712,0.8820545339251744,3906.0,63F2FC3D3348,255.983616,['V_63F2FC3D3348'],256.0,0.255983616,Answer: ,65.536,Query key: K_008D610461E3,32,33117.0,31945,2.170355712,3906.0,context_0000,MB,synthetic_kv_32k
2170.355712,0.8820545339251744,3906.0,0,255.983616,['V_C8FEC8B8D9C6'],256.0,0.255983616,Answer: ,65.536,Query key: K_ED3043E458FC,32,33117.0,31945,2.170355712,3906.0,context_0000,MB,synthetic_kv_32k
2170.355712,0.8820545339251744,3906.0,1,255.983616,['V_B2536C4A37EA'],256.0,0.255983616,Answer: ,65.536,Query key: K_4906747B6DBA,32,33117.0,31945,2.170355712,3906.0,context_0000,MB,synthetic_kv_32k
2170.355712,0.8820545339251744,3906.0,09CB43F59A85,255.983616,['V_C88AFED4057D'],256.0,0.255983616,Answer: ,65.536,Query key: K_BB02F512C4C3,32,33117.0,31945,2.170355712,3906.0,context_0000,MB,synthetic_kv_32k
2170.355712,0.8820545339251744,3906.0,98AE6C12ACE8,255.983616,['V_7C96B7E99ACA'],256.0,0.255983616,Answer: ,65.536,Query key: K_A9708E46D534,32,33117.0,31945,2.170355712,3906.0,context_0000,MB,synthetic_kv_32k
2170.355712,0.8820545339251744,3906.0,37BB4BF50B52,255.983616,['V_37BB4BF50B52'],256.0,0.255983616,Answer: ,65.536,Query key: K_309D27A0C3D7,32,33117.0,31945,2.170355712,3906.0,context_0000,MB,synthetic_kv_32k
2170.355712,0.8820545339251744,3906.0,5048BF7B539B,255.983616,['V_BC59944528C0'],256.0,0.255983616,Answer: ,65.536,Query key: K_0EF8F7FD5646,32,33117.0,31945,2.170355712,3906.0,context_0000,MB,synthetic_kv_32k
2170.355712,0.8820545339251744,3906.0,5048BF7B539B,255.983616,['V_5048BF7B539B'],256.0,0.255983616,Answer: ,65.536,Query key: K_0F9A8ACD4E10,32,33117.0,31945,2.170355712,3906.0,context_0000,MB,synthetic_kv_32k
2170.355712,0.8820545339251744,3906.0,7A0E958CA9BA,255.983616,['V_7A0E958CA9BA'],256.0,0.255983616,Answer: ,65.536,Query key: K_0CD60EA2622B,32,33117.0,31945,2.170355712,3906.0,context_0000,MB,synthetic_kv_32k
2170.355712,0.8820545339251744,3906.0,87F7DA4BD9CA,255.983616,['V_87F7DA4BD9CA'],256.0,0.255983616,Answer: ,65.536,Query key: K_EB5C80BACD64,32,33117.0,31945,2.170355712,3906.0,context_0000,MB,synthetic_kv_32k
2170.355712,0.8820545339251744,3906.0,8201F5F59B22,255.983616,['V_8201F5F59B22'],256.0,0.255983616,Answer: ,65.536,Query key: K_0E8F284D82E5,32,33117.0,31945,2.170355712,3906.0,context_0000,MB,synthetic_kv_32k
2170.355712,0.8820545339251744,3906.0,118A2F923996,255.983616,['V_118A2F923996'],256.0,0.255983616,Answer: ,65.536,Query key: K_D9F114822F53,32,33117.0,31945,2.170355712,3906.0,context_0000,MB,synthetic_kv_32k
2170.355712,0.8820545339251744,3906.0,116598543881,255.983616,['V_DCA0ACDABACC'],256.0,0.255983616,Answer: ,65.536,Query key: K_116598543881,32,33117.0,31945,2.170355712,3906.0,context_0000,MB,synthetic_kv_32k
2170.355712,0.8820545339251744,3906.0,09CB43F59A85,255.983616,['V_F10C1EB0E38A'],256.0,0.255983616,Answer: ,65.536,Query key: K_675D3C365296,32,33117.0,31945,2.170355712,3906.0,context_0000,MB,synthetic_kv_32k
2170.355712,0.8820545339251744,3906.0,94343F07F814,255.983616,['V_94343F07F814'],256.0,0.255983616,Answer: ,65.536,Query key: K_91D6E3E9DE99,32,33117.0,31945,2.170355712,3906.0,context_0000,MB,synthetic_kv_32k
2170.355712,0.8820545339251744,3906.0,14FC9E8FC965,255.983616,['V_14FC9E8FC965'],256.0,0.255983616,Answer: ,65.536,Query key: K_0A2C98326856,32,33117.0,31945,2.170355712,3906.0,context_0000,MB,synthetic_kv_32k
2170.355712,0.8820545339251744,3906.0,90B2956B8C0C,255.983616,['V_90B2956B8C0C'],256.0,0.255983616,Answer: ,65.536,Query key: K_A8496B5252E3,32,33117.0,31945,2.170355712,3906.0,context_0000,MB,synthetic_kv_32k
2170.355712,0.8820545339251744,3906.0,42C1EF48E8D5,255.983616,['V_42C1EF48E8D5'],256.0,0.255983616,Answer: ,65.536,Query key: K_50FD85D51695,32,33117.0,31945,2.170355712,3906.0,context_0000,MB,synthetic_kv_32k
2170.355712,0.8820545339251744,3906.0,506EB758588D,255.983616,['V_506EB758588D'],256.0,0.255983616,Answer: ,65.536,Query key: K_AB73344A54B8,32,33117.0,31945,2.170355712,3906.0,context_0000,MB,synthetic_kv_32k
2170.355712,0.8820545339251744,3906.0,2181655238A6,255.983616,['V_2181655238A6'],256.0,0.255983616,Answer: ,65.536,Query key: K_43FF3D1A85DD,32,33117.0,31945,2.170355712,3906.0,context_0000,MB,synthetic_kv_32k
2170.355712,0.8820545339251744,3906.0,750C4CCC9BC2,255.983616,['V_750C4CCC9BC2'],256.0,0.255983616,Answer: ,65.536,Query key: K_A53FABF3E3FC,32,33117.0,31945,2.170355712,3906.0,context_0000,MB,synthetic_kv_32k
2170.355712,0.8820545339251744,3906.0,750C4CCC9BC2,255.983616,['V_EF8CC07A30F2'],256.0,0.255983616,Answer: ,65.536,Query key: K_EDD450F0FD0A,32,33117.0,31945,2.170355712,3906.0,context_0000,MB,synthetic_kv_32k
2170.355712,0.8820545339251744,3906.0,9F0475523327,255.983616,['V_9F0475523327'],256.0,0.255983616,Answer: ,65.536,Query key: K_026212922F83,32,33117.0,31945,2.170355712,3906.0,context_0000,MB,synthetic_kv_32k
2170.355712,0.8820545339251744,3906.0,1998FF002D4D,255.983616,['V_1998FF002D4D'],256.0,0.255983616,Answer: ,65.536,Query key: K_9020FF9AB5C2,32,33117.0,31945,2.170355712,3906.0,context_0000,MB,synthetic_kv_32k
2170.355712,0.8820545339251744,3906.0,8181369147EB,255.983616,['V_8181369147EB'],256.0,0.255983616,Answer: ,65.536,Query key: K_89A212C136E0,32,33117.0,31945,2.170355712,3906.0,context_0000,MB,synthetic_kv_32k
2170.355712,0.8820545339251744,3906.0,5958EEEA163E,255.983616,['V_5958EEEA163E'],256.0,0.255983616,Answer: ,65.536,Query key: K_21E843E42CAF,32,33117.0,31945,2.170355712,3906.0,context_0000,MB,synthetic_kv_32k
2170.355712,0.8820545339251744,3906.0,3E89E117DAC3,255.983616,['V_3E89E117DAC3'],256.0,0.255983616,Answer: ,65.536,Query key: K_119CE1805081,32,33117.0,31945,2.170355712,3906.0,context_0000,MB,synthetic_kv_32k
2170.355712,0.8820545339251744,3906.0,702C286218B8,255.983616,['V_702C286218B8'],256.0,0.255983616,Answer: ,65.536,Query key: K_48F45E9953D2,32,33117.0,31945,2.170355712,3906.0,context_0000,MB,synthetic_kv_32k
2170.355712,0.8820545339251744,3906.0,4D71B41B3143,255.983616,['V_4D71B41B3143'],256.0,0.255983616,Answer: ,65.536,Query key: K_8B10D5704F32,32,33117.0,31945,2.170355712,3906.0,context_0000,MB,synthetic_kv_32k
2170.355712,0.8820545339251744,3906.0,0,255.983616,['V_CE9EFCBB4E59'],256.0,0.255983616,Answer: ,65.536,Query key: K_FBDD9C96E9EC,32,33117.0,31945,2.170355712,3906.0,context_0000,MB,synthetic_kv_32k
2170.355712,0.8820545339251744,3906.0,09CB43F59A85,255.983616,['V_AAF90200B1F0'],256.0,0.255983616,Answer: ,65.536,Query key: K_8768A76AFDE6,32,33117.0,31945,2.170355712,3906.0,context_0000,MB,synthetic_kv_32k
2170.355712,0.8820545339251744,3906.0,13272784378F,255.983616,['V_EE874CA415EA'],256.0,0.255983616,Answer: ,65.536,Query key: K_8DFAD12DBC9A,32,33117.0,31945,2.170355712,3906.0,context_0000,MB,synthetic_kv_32k
2170.355712,0.8820545339251744,3906.0,09CB43F59A85,255.983616,['V_E0CCF05DB76E'],256.0,0.255983616,Answer: ,65.536,Query key: K_1A84A9D3D7C7,32,33117.0,31945,2.170355712,3906.0,context_0000,MB,synthetic_kv_32k
2170.355712,0.8820545339251744,3906.0,35EB9AD620AB,255.983616,['V_E3C41D8CBBAC'],256.0,0.255983616,Answer: ,65.536,Query key: K_43B42260E70F,32,33117.0,31945,2.170355712,3906.0,context_0000,MB,synthetic_kv_32k
2170.355712,0.8820545339251744,3906.0,27CB8DA01097,255.983616,['V_27CB8DA01097'],256.0,0.255983616,Answer: ,65.536,Query key: K_BE0F1B66B5A9,32,33117.0,31945,2.170355712,3906.0,context_0000,MB,synthetic_kv_32k
2170.355712,0.8820545339251744,3906.0,35EB9AD620AB,255.983616,['V_35EB9AD620AB'],256.0,0.255983616,Answer: ,65.536,Query key: K_482145B89CD9,32,33117.0,31945,2.170355712,3906.0,context_0000,MB,synthetic_kv_32k
2170.355712,0.8820545339251744,3906.0,09CB43F59A85,255.983616,['V_AFFF341EF40B'],256.0,0.255983616,Answer: ,65.536,Query key: K_57C7B7B56EA7,32,33117.0,31945,2.170355712,3906.0,context_0000,MB,synthetic_kv_32k
2170.355712,0.8820545339251744,3906.0,8162439472E6,255.983616,['V_8162439472E6'],256.0,0.255983616,Answer: ,65.536,Query key: K_DA58A25D6B29,32,33117.0,31945,2.170355712,3906.0,context_0000,MB,synthetic_kv_32k
2170.355712,0.8820545339251744,3906.0,09CB43F59A85,255.983616,['V_E87DE7C421C7'],256.0,0.255983616,Answer: ,65.536,Query key: K_40497D106C60,32,33117.0,31945,2.170355712,3906.0,context_0000,MB,synthetic_kv_32k
2170.355712,0.8820545339251744,3906.0,0D01D89A40C0,255.983616,['V_A26017A0DF49'],256.0,0.255983616,Answer: ,65.536,Query key: K_0D01D89A40C0,32,33117.0,31945,2.170355712,3906.0,context_0000,MB,synthetic_kv_32k
2170.355712,0.8820545339251744,3906.0,0B4946D483F3,255.983616,['V_0B4946D483F3'],256.0,0.255983616,Answer: ,65.536,Query key: K_D4506C6F7633,32,33117.0,31945,2.170355712,3906.0,context_0000,MB,synthetic_kv_32k
2170.355712,0.8820545339251744,3906.0,217DC5E85ECE,255.983616,['V_217DC56811CD'],256.0,0.255983616,Answer: ,65.536,Query key: K_556300E85ECE,32,33117.0,31945,2.170355712,3906.0,context_0000,MB,synthetic_kv_32k
2170.355712,0.8820545339251744,3906.0,295D430F801D,255.983616,['V_295D430F801D'],256.0,0.255983616,Answer: ,65.536,Query key: K_FAD4A319DCB4,32,33117.0,31945,2.170355712,3906.0,context_0000,MB,synthetic_kv_32k
2170.355712,0.8820545339251744,3906.0,09398BABCE3B,255.983616,['V_B4A68D3AED99'],256.0,0.255983616,Answer: ,65.536,Query key: K_711CBDC14F1F,32,33117.0,31945,2.170355712,3906.0,context_0000,MB,synthetic_kv_32k
2170.355712,0.8820545339251744,3906.0,1CA30279B6A6,255.983616,['V_1CA30279B6A6'],256.0,0.255983616,Answer: ,65.536,Query key: K_8F976D7CE3C9,32,33117.0,31945,2.170355712,3906.0,context_0000,MB,synthetic_kv_32k
2170.355712,0.8820545339251744,3906.0,09398BABCE3B,255.983616,['V_B0E6E21342B0'],256.0,0.255983616,Answer: ,65.536,Query key: K_F1EE13432E61,32,33117.0,31945,2.170355712,3906.0,context_0000,MB,synthetic_kv_32k
2170.355712,0.8820545339251744,3906.0,09398BABCE3B,255.983616,['V_09398BABCE3B'],256.0,0.255983616,Answer: ,65.536,Query key: K_2628E767DCEA,32,33117.0,31945,2.170355712,3906.0,context_0000,MB,synthetic_kv_32k
2170.355712,0.8820545339251744,3906.0,8D72951F58D0,255.983616,['V_8D72951F58D0'],256.0,0.255983616,Answer: ,65.536,Query key: K_5E84D5A804EB,32,33117.0,31945,2.170355712,3906.0,context_0000,MB,synthetic_kv_32k
2170.355712,0.8820545339251744,3906.0,09398BABCE3B,255.983616,['V_0AB520A04502'],256.0,0.255983616,Answer: ,65.536,Query key: K_6E0625E97977,32,33117.0,31945,2.170355712,3906.0,context_0000,MB,synthetic_kv_32k
2170.355712,0.8820545339251744,3906.0,04E7,255.983616,['V_EEDEE623A689'],256.0,0.255983616,Answer: ,65.536,Query key: K_5D594EEA04E7,32,33117.0,31945,2.170355712,3906.0,context_0000,MB,synthetic_kv_32k
2170.355712,0.8820545339251744,3906.0,0A36DC570131,255.983616,['V_0A36DC570131'],256.0,0.255983616,Answer: ,65.536,Query key: K_F8E1CBCEABDE,32,33117.0,31945,2.170355712,3906.0,context_0000,MB,synthetic_kv_32k
2170.355712,0.8820545339251744,3906.0,5F98A65E688E,255.983616,['V_AE9B35C7936C'],256.0,0.255983616,Answer: ,65.536,Query key: K_5B99E61FECC0,32,33117.0,31945,2.170355712,3906.0,context_0000,MB,synthetic_kv_32k
2170.355712,0.8820545339251744,3906.0,5A8A1A50AEC3,255.983616,['V_5A8A1A50AEC3'],256.0,0.255983616,Answer: ,65.536,Query key: K_AABC3FE12E47,32,33117.0,31945,2.170355712,3906.0,context_0000,MB,synthetic_kv_32k
2170.355712,0.8820545339251744,3906.0,0D558A175DFE,255.983616,['V_DFEDE256A6DC'],256.0,0.255983616,Answer: ,65.536,Query key: K_8F54C7B5B2BC,32,33117.0,31945,2.170355712,3906.0,context_0000,MB,synthetic_kv_32k
2170.355712,0.8820545339251744,3906.0,0A36DC570131,255.983616,['V_BFDD9EE3AC2A'],256.0,0.255983616,Answer: ,65.536,Query key: K_F94D6808593F,32,33117.0,31945,2.170355712,3906.0,context_0000,MB,synthetic_kv_32k
2170.355712,0.8820545339251744,3906.0,3C9AEE0CAEB5,255.983616,['V_3C9AEE0CAEB5'],256.0,0.255983616,Answer: ,65.536,Query key: K_ECFE2790CEBD,32,33117.0,31945,2.170355712,3906.0,context_0000,MB,synthetic_kv_32k
2170.355712,0.8820545339251744,3906.0,0,255.983616,['V_CCC5F9E8A369'],256.0,0.255983616,Answer: ,65.536,Query key: K_2999DD56CC94,32,33117.0,31945,2.170355712,3906.0,context_0000,MB,synthetic_kv_32k
2170.355712,0.8820545339251744,3906.0,698CE1A47E10,255.983616,['V_698CE1A47E10'],256.0,0.255983616,Answer: ,65.536,Query key: K_2D53CF8EBC5A,32,33117.0,31945,2.170355712,3906.0,context_0000,MB,synthetic_kv_32k
2170.355712,0.8820545339251744,3906.0,2DEA0658663A,255.983616,['V_ECABBC8F7D29'],256.0,0.255983616,Answer: ,65.536,Query key: K_2DEA0658663A,32,33117.0,31945,2.170355712,3906.0,context_0000,MB,synthetic_kv_32k
2170.355712,0.8820545339251744,3906.0,698CE1A47E10,255.983616,['V_6966EE49F329'],256.0,0.255983616,Answer: ,65.536,Query key: K_C84A550A1B46,32,33117.0,31945,2.170355712,3906.0,context_0000,MB,synthetic_kv_32k
2170.355712,0.8820545339251744,3906.0,98AE6C12ACE8,255.983616,['V_BC2CDD334CC7'],256.0,0.255983616,Answer: ,65.536,Query key: K_AB7FCD5F4822,32,33117.0,31945,2.170355712,3906.0,context_0000,MB,synthetic_kv_32k
2170.355712,0.8820545339251744,3906.0,28C1444D610B,255.983616,['V_28C1444D610B'],256.0,0.255983616,Answer: ,65.536,Query key: K_3F87CF8D446A,32,33117.0,31945,2.170355712,3906.0,context_0000,MB,synthetic_kv_32k
2170.355712,0.8820545339251744,3906.0,28C1444D610B,255.983616,['V_61EE1BAC27A7'],256.0,0.255983616,Answer: ,65.536,Query key: K_B386C991603F,32,33117.0,31945,2.170355712,3906.0,context_0000,MB,synthetic_kv_32k
2170.355712,0.8820545339251744,3906.0,787FDBCCC477,255.983616,['V_787FDBCCC477'],256.0,0.255983616,Answer: ,65.536,Query key: K_09E9DF465290,32,33117.0,31945,2.170355712,3906.0,context_0000,MB,synthetic_kv_32k
2170.355712,0.8820545339251744,3906.0,0,255.983616,['V_EB1FD10BD1D0'],256.0,0.255983616,Answer: ,65.536,Query key: K_331738F16A81,32,33117.0,31945,2.170355712,3906.0,context_0000,MB,synthetic_kv_32k
2170.355712,0.8820545339251744,3906.0,11C5DD463C09,255.983616,['V_D20E4E20FD1A'],256.0,0.255983616,Answer: ,65.536,Query key: K_598375D66ED4,32,33117.0,31945,2.170355712,3906.0,context_0000,MB,synthetic_kv_32k
2170.355712,0.8820545339251744,3906.0,39113A43B2BA,255.983616,['V_39113A43B2BA'],256.0,0.255983616,Answer: ,65.536,Query key: K_DF0FCB9BC326,32,33117.0,31945,2.170355712,3906.0,context_0000,MB,synthetic_kv_32k
2170.355712,0.8820545339251744,3906.0,66013170F437,255.983616,['V_66013170F437'],256.0,0.255983616,Answer: ,65.536,Query key: K_A8F7060EDF5B,32,33117.0,31945,2.170355712,3906.0,context_0000,MB,synthetic_kv_32k
2170.355712,0.8820545339251744,3906.0,11C5DD463C09,255.983616,['V_11C5DD463C09'],256.0,0.255983616,Answer: ,65.536,Query key: K_47525408F9AC,32,33117.0,31945,2.170355712,3906.0,context_0000,MB,synthetic_kv_32k
2170.355712,0.8820545339251744,3906.0,7C96B7E99ACA,255.983616,['V_59E44774BC58'],256.0,0.255983616,Answer: ,65.536,Query key: K_C5F8F7860B50,32,33117.0,31945,2.170355712,3906.0,context_0000,MB,synthetic_kv_32k
2170.355712,0.8820545339251744,3906.0,0,255.983616,['V_ADF46651529E'],256.0,0.255983616,Answer: ,65.536,Query key: K_8268A43825B5,32,33117.0,31945,2.170355712,3906.0,context_0000,MB,synthetic_kv_32k
2170.355712,0.8820545339251744,3906.0,54C689456F27,255.983616,['V_54C689456F27'],256.0,0.255983616,Answer: ,65.536,Query key: K_D7FAFB2CA025,32,33117.0,31945,2.170355712,3906.0,context_0000,MB,synthetic_kv_32k
2170.355712,0.8820545339251744,3906.0,0,255.983616,['V_E0851D870966'],256.0,0.255983616,Answer: ,65.536,Query key: K_0710F071D879,32,33117.0,31945,2.170355712,3906.0,context_0000,MB,synthetic_kv_32k
2170.355712,0.8820545339251744,3906.0,94A12DB69EDB,255.983616,['V_94A12DB69EDB'],256.0,0.255983616,Answer: ,65.536,Query key: K_42DEF86C2CA2,32,33117.0,31945,2.170355712,3906.0,context_0000,MB,synthetic_kv_32k
2170.355712,0.8820545339251744,3906.0,09CB43F59A85,255.983616,['V_09CB43F59A85'],256.0,0.255983616,Answer: ,65.536,Query key: K_FBC9F668A617,32,33117.0,31945,2.170355712,3906.0,context_0000,MB,synthetic_kv_32k
2170.355712,0.8820545339251744,3906.0,587E6F3F920C,255.983616,['V_587E6F3F920C'],256.0,0.255983616,Answer: ,65.536,Query key: K_98B81BC044FC,32,33117.0,31945,2.170355712,3906.0,context_0000,MB,synthetic_kv_32k
2170.355712,0.8820545339251744,3906.0,587E6F3F920C,255.983616,['V_6FB7504D281F'],256.0,0.255983616,Answer: ,65.536,Query key: K_C953BA81EDD9,32,33117.0,31945,2.170355712,3906.0,context_0000,MB,synthetic_kv_32k
2170.355712,0.8820545339251744,3906.0,1D9A82EC9F2D,255.983616,['V_1D9A82EC9F2D'],256.0,0.255983616,Answer: ,65.536,Query key: K_FBF69B3080D5,32,33117.0,31945,2.170355712,3906.0,context_0000,MB,synthetic_kv_32k
2170.355712,0.8820545339251744,3906.0,30A9939B462D,255.983616,['V_30A9939B462D'],256.0,0.255983616,Answer: ,65.536,Query key: K_E645629C2AE3,32,33117.0,31945,2.170355712,3906.0,context_0000,MB,synthetic_kv_32k
2170.355712,0.8820545339251744,3906.0,6FA1B572F3D0,255.983616,['V_6FA1B572F3D0'],256.0,0.255983616,Answer: ,65.536,Query key: K_0B5C41357E8C,32,33117.0,31945,2.170355712,3906.0,context_0000,MB,synthetic_kv_32k
2170.355712,0.8820545339251744,3906.0,6FA1B572F3D0,255.983616,['V_CE77ECF27E76'],256.0,0.255983616,Answer: ,65.536,Query key: K_8519006ED6E3,32,33117.0,31945,2.170355712,3906.0,context_0000,MB,synthetic_kv_32k
2170.355712,0.8820545339251744,3906.0,1FE7D9178793,255.983616,['V_F0B5B82C9074'],256.0,0.255983616,Answer: ,65.536,Query key: K_AFD589D7FD6C,32,33117.0,31945,2.170355712,3906.0,context_0000,MB,synthetic_kv_32k
2170.355712,0.8820545339251744,3906.0,3270ABAE4F43,255.983616,['V_3270ABAE4F43'],256.0,0.255983616,Answer: ,65.536,Query key: K_BCAEBDF070AA,32,33117.0,31945,2.170355712,3906.0,context_0000,MB,synthetic_kv_32k
2170.355712,0.8820545339251744,3906.0,3270ABAE4F43,255.983616,['V_F2E911E9CDAA'],256.0,0.255983616,Answer: ,65.536,Query key: K_6E695D3D9E56,32,33117.0,31945,2.170355712,3906.0,context_0000,MB,synthetic_kv_32k
2170.355712,0.8820545339251744,3906.0,9F875487FD4F,255.983616,['V_9F875487FD4F'],256.0,0.255983616,Answer: ,65.536,Query key: K_EBB7AA0B7B14,32,33117.0,31945,2.170355712,3906.0,context_0000,MB,synthetic_kv_32k
2170.355712,0.8820545339251744,3906.0,1FE7D9178793,255.983616,['V_1FE7D9178793'],256.0,0.255983616,Answer: ,65.536,Query key: K_A9D3505CC686,32,33117.0,31945,2.170355712,3906.0,context_0000,MB,synthetic_kv_32k
2170.355712,0.8820545339251744,3906.0,81D24CE1EB90,255.983616,['V_81D24CE1EB90'],256.0,0.255983616,Answer: ,65.536,Query key: K_E669B841D0A0,32,33117.0,31945,2.170355712,3906.0,context_0000,MB,synthetic_kv_32k
2170.355712,0.8820545339251744,3906.0,5380688C7015,255.983616,['V_5380688C7015'],256.0,0.255983616,Answer: ,65.536,Query key: K_AAB94F2D4796,32,33117.0,31945,2.170355712,3906.0,context_0000,MB,synthetic_kv_32k
2170.355712,0.8820545339251744,3906.0,91B09D9262AF,255.983616,['V_8DED4BB00F20'],256.0,0.255983616,Answer: ,65.536,Query key: K_B27C6703B636,32,33117.0,31945,2.170355712,3906.0,context_0000,MB,synthetic_kv_32k
2170.355712,0.8820545339251744,3906.0,91B09D9262AF,255.983616,['V_AA386BA25EFE'],256.0,0.255983616,Answer: ,65.536,Query key: K_311C2095EEF6,32,33117.0,31945,2.170355712,3906.0,context_0000,MB,synthetic_kv_32k
2170.355712,0.8820545339251744,3906.0,91B09D9262AF,255.983616,['V_BF85AD64B56C'],256.0,0.255983616,Answer: ,65.536,Query key: K_610FF0BBAC67,32,33117.0,31945,2.170355712,3906.0,context_0000,MB,synthetic_kv_32k
2170.355712,0.8820545339251744,3906.0,91B09D9262AF,255.983616,['V_91B09D9262AF'],256.0,0.255983616,Answer: ,65.536,Query key: K_2C8DE71E43A6,32,33117.0,31945,2.170355712,3906.0,context_0000,MB,synthetic_kv_32k
2170.355712,0.8820545339251744,3906.0,91343F07F814,255.983616,['V_D56F8C459CE2'],256.0,0.255983616,Answer: ,65.536,Query key: K_67F44D0B0D1A,32,33117.0,31945,2.170355712,3906.0,context_0000,MB,synthetic_kv_32k
2170.355712,0.8820545339251744,3906.0,3ED8DA09DFA0,255.983616,['V_35CE49732D6C'],256.0,0.255983616,Answer: ,65.536,Query key: K_4DCA001A9A8B,32,33117.0,31945,2.170355712,3906.0,context_0000,MB,synthetic_kv_32k
2170.355712,0.8820545339251744,3906.0,9B4E9479E1E6,255.983616,['V_9B4E9479E1E6'],256.0,0.255983616,Answer: ,65.536,Query key: K_C9276E0D2648,32,33117.0,31945,2.170355712,3906.0,context_0000,MB,synthetic_kv_32k
2170.355712,0.8820545339251744,3906.0,711877097749,255.983616,['V_711877097749'],256.0,0.255983616,Answer: ,65.536,Query key: K_527EA79AC9AA,32,33117.0,31945,2.170355712,3906.0,context_0000,MB,synthetic_kv_32k
2170.355712,0.8820545339251744,3906.0,82DC36B5229A,255.983616,['V_82DC36B5229A'],256.0,0.255983616,Answer: ,65.536,Query key: K_ACF571316269,32,33117.0,31945,2.170355712,3906.0,context_0000,MB,synthetic_kv_32k
2170.355712,0.8820545339251744,3906.0,711877097749,255.983616,['V_F5B7E6B3C944'],256.0,0.255983616,Answer: ,65.536,Query key: K_CB327922BAC2,32,33117.0,31945,2.170355712,3906.0,context_0000,MB,synthetic_kv_32k
2170.355712,0.8820545339251744,3906.0,6FA1B572F3D0,255.983616,['V_A8AA2B70E525'],256.0,0.255983616,Answer: ,65.536,Query key: K_BC67CBC84759,32,33117.0,31945,2.170355712,3906.0,context_0000,MB,synthetic_kv_32k
2170.355712,0.8820545339251744,3906.0,17E855CEE5DB,255.983616,['V_A9F283F4A9A9'],256.0,0.255983616,Answer: ,65.536,Query key: K_48A615B52908,32,33117.0,31945,2.170355712,3906.0,context_0000,MB,synthetic_kv_32k
2170.355712,0.8820545339251744,3906.0,17E855CEE5DB,255.983616,['V_17E855CEE5DB'],256.0,0.255983616,Answer: ,65.536,Query key: K_9E87A2086977,32,33117.0,31945,2.170355712,3906.0,context_0000,MB,synthetic_kv_32k
2170.355712,0.8820545339251744,3906.0,3C20C04A96C4,255.983616,['V_3C20C04A96C4'],256.0,0.255983616,Answer: ,65.536,Query key: K_F3B6D1843324,32,33117.0,31945,2.170355712,3906.0,context_0000,MB,synthetic_kv_32k
2170.355712,0.8820545339251744,3906.0,3C20C04A96C4,255.983616,['V_CE7A39820CFF'],256.0,0.255983616,Answer: ,65.536,Query key: K_4F77AC3C5640,32,33117.0,31945,2.170355712,3906.0,context_0000,MB,synthetic_kv_32k
2170.355712,0.8820545339251744,3906.0,0BD40640BE0F,255.983616,['V_0BD40640BE0F'],256.0,0.255983616,Answer: ,65.536,Query key: K_25B832FA2DE8,32,33117.0,31945,2.170355712,3906.0,context_0000,MB,synthetic_kv_32k
2170.355712,0.8820545339251744,3906.0,9C7C79A28903,255.983616,['V_9C7C79A28903'],256.0,0.255983616,Answer: ,65.536,Query key: K_FBE33EAE0032,32,33117.0,31945,2.170355712,3906.0,context_0000,MB,synthetic_kv_32k
2170.355712,0.8820545339251744,3906.0,0BD40640BE0F,255.983616,['V_749612A4DEF0'],256.0,0.255983616,Answer: ,65.536,Query key: K_C4BBD98868DD,32,33117.0,31945,2.170355712,3906.0,context_0000,MB,synthetic_kv_32k
2170.355712,0.8820545339251744,3906.0,935FA1384DDC,255.983616,['V_935FA1384DDC'],256.0,0.255983616,Answer: ,65.536,Query key: K_E2D96A18CE4C,32,33117.0,31945,2.170355712,3906.0,context_0000,MB,synthetic_kv_32k
2170.355712,0.8820545339251744,3906.0,25C73E75C3B4,255.983616,['V_624CB24445A7'],256.0,0.255983616,Answer: ,65.536,Query key: K_B7E531C681EC,32,33117.0,31945,2.170355712,3906.0,context_0000,MB,synthetic_kv_32k
2170.355712,0.8820545339251744,3906.0,25C73E75C3B4,255.983616,['V_25C73E75C3B4'],256.0,0.255983616,Answer: ,65.536,Query key: K_664F7E8F8095,32,33117.0,31945,2.170355712,3906.0,context_0000,MB,synthetic_kv_32k
2170.355712,0.8820545339251744,3906.0,1F11D92C9227,255.983616,['V_E485016B6287'],256.0,0.255983616,Answer: ,65.536,Query key: K_B008A7F36AE9,32,33117.0,31945,2.170355712,3906.0,context_0000,MB,synthetic_kv_32k
2170.355712,0.8820545339251744,3906.0,1238743B65A2,255.983616,['V_E2ADC521BF2D'],256.0,0.255983616,Answer: ,65.536,Query key: K_DC45C03F3538,32,33117.0,31945,2.170355712,3906.0,context_0000,MB,synthetic_kv_32k
2170.355712,0.8820545339251744,3906.0,38056CD66193,255.983616,['V_38056CD66193'],256.0,0.255983616,Answer: ,65.536,Query key: K_C7461B494E15,32,33117.0,31945,2.170355712,3906.0,context_0000,MB,synthetic_kv_32k
2170.355712,0.8820545339251744,3906.0,7C0E8573E793,255.983616,['V_B227F53D4330'],256.0,0.255983616,Answer: ,65.536,Query key: K_CDDA2D06E8CF,32,33117.0,31945,2.170355712,3906.0,context_0000,MB,synthetic_kv_32k
2170.355712,0.8820545339251744,3906.0,8EB20CDB1CA4,255.983616,['V_8EB20CDB1CA4'],256.0,0.255983616,Answer: ,65.536,Query key: K_76EC8498E113,32,33117.0,31945,2.170355712,3906.0,context_0000,MB,synthetic_kv_32k
2170.355712,0.8820545339251744,3906.0,1F11D92C9227,255.983616,['V_1F11D92C9227'],256.0,0.255983616,Answer: ,65.536,Query key: K_EADF3FCB7546,32,33117.0,31945,2.170355712,3906.0,context_0000,MB,synthetic_kv_32k
2170.355712,0.8820545339251744,3906.0,76F2CD29A36F,255.983616,['V_76F2CD29A36F'],256.0,0.255983616,Answer: ,65.536,Query key: K_222274DAAEBF,32,33117.0,31945,2.170355712,3906.0,context_0000,MB,synthetic_kv_32k
2170.355712,0.8820545339251744,3906.0,8EB20CDB1CA4,255.983616,['V_8F15FCE68504'],256.0,0.255983616,Answer: ,65.536,Query key: K_87F8AAE65FC1,32,33117.0,31945,2.170355712,3906.0,context_0000,MB,synthetic_kv_32k
2170.355712,0.8820545339251744,3906.0,935FA1384DDC,255.983616,['V_C158F335CBA3'],256.0,0.255983616,Answer: ,65.536,Query key: K_513A986F9025,32,33117.0,31945,2.170355712,3906.0,context_0000,MB,synthetic_kv_32k
2170.355712,0.8820545339251744,3906.0,6D3E81392443,255.983616,['V_D0A49CD6C852'],256.0,0.255983616,Answer: ,65.536,Query key: K_714CE4347D51,32,33117.0,31945,2.170355712,3906.0,context_0000,MB,synthetic_kv_32k
2170.355712,0.8820545339251744,3906.0,6D3E81392443,255.983616,['V_6D3E81392443'],256.0,0.255983616,Answer: ,65.536,Query key: K_E45BB8225688,32,33117.0,31945,2.170355712,3906.0,context_0000,MB,synthetic_kv_32k
2170.355712,0.8820545339251744,3906.0,72278C41561B,255.983616,['V_72278C41561B'],256.0,0.255983616,Answer: ,65.536,Query key: K_E827D4A02E53,32,33117.0,31945,2.170355712,3906.0,context_0000,MB,synthetic_kv_32k
2170.355712,0.8820545339251744,3906.0,28BEE5AF6E39,255.983616,['V_DC8ABE6033F7'],256.0,0.255983616,Answer: ,65.536,Query key: K_28BEE5AF6E39,32,33117.0,31945,2.170355712,3906.0,context_0000,MB,synthetic_kv_32k
2170.355712,0.8820545339251744,3906.0,0,255.983616,['V_C074425A609F'],256.0,0.255983616,Answer: ,65.536,Query key: K_733779844388,32,33117.0,31945,2.170355712,3906.0,context_0000,MB,synthetic_kv_32k
2170.355712,0.8820545339251744,3906.0,206788BD13D1,255.983616,['V_46FDA33DC7AF'],256.0,0.255983616,Answer: ,65.536,Query key: K_D7013F4B1A70,32,33117.0,31945,2.170355712,3906.0,context_0000,MB,synthetic_kv_32k
2170.355712,0.8820545339251744,3906.0,7C0E8573E793,255.983616,['V_7C0E8573E793'],256.0,0.255983616,Answer: ,65.536,Query key: K_C715C40C5D91,32,33117.0,31945,2.170355712,3906.0,context_0000,MB,synthetic_kv_32k
2170.355712,0.8820545339251744,3906.0,709B464C04AF,255.983616,['V_709B464C04AF'],256.0,0.255983616,Answer: ,65.536,Query key: K_3D3FA07295E9,32,33117.0,31945,2.170355712,3906.0,context_0000,MB,synthetic_kv_32k
2170.355712,0.8820545339251744,3906.0,3C0749257AF1,255.983616,['V_3C0749257AF1'],256.0,0.255983616,Answer: ,65.536,Query key: K_B6AA13D5F2F7,32,33117.0,31945,2.170355712,3906.0,context_0000,MB,synthetic_kv_32k
2170.355712,0.8820545339251744,3906.0,1,255.983616,['V_E49D51D87C64'],256.0,0.255983616,Answer: ,65.536,Query key: K_55FA458F1F19,32,33117.0,31945,2.170355712,3906.0,context_0000,MB,synthetic_kv_32k
2170.355712,0.8820545339251744,3906.0,269C236C7B87,255.983616,['V_269C236C7B87'],256.0,0.255983616,Answer: ,65.536,Query key: K_14A08A476A87,32,33117.0,31945,2.170355712,3906.0,context_0000,MB,synthetic_kv_32k
2170.355712,0.8820545339251744,3906.0,271EB1A6B1F1,255.983616,['V_271EB1A6B1F1'],256.0,0.255983616,Answer: ,65.536,Query key: K_620E3B33F3D8,32,33117.0,31945,2.170355712,3906.0,context_0000,MB,synthetic_kv_32k
2170.355712,0.8820545339251744,3906.0,6A3410714D51,255.983616,['V_6A3410714D51'],256.0,0.255983616,Answer: ,65.536,Query key: K_36C5B4D7E28E,32,33117.0,31945,2.170355712,3906.0,context_0000,MB,synthetic_kv_32k
2170.355712,0.8820545339251744,3906.0,77468AE8905B,255.983616,['V_77468AE8905B'],256.0,0.255983616,Answer: ,65.536,Query key: K_54B468586EBA,32,33117.0,31945,2.170355712,3906.0,context_0000,MB,synthetic_kv_32k
2170.355712,0.8820545339251744,3906.0,10F1448AAA9E,255.983616,['V_D53834F3193C'],256.0,0.255983616,Answer: ,65.536,Query key: K_0FF06A702E2F,32,33117.0,31945,2.170355712,3906.0,context_0000,MB,synthetic_kv_32k
2170.355712,0.8820545339251744,3906.0,09CB43F59A85,255.983616,['V_C511E7A37E81'],256.0,0.255983616,Answer: ,65.536,Query key: K_63B46B8E869F,32,33117.0,31945,2.170355712,3906.0,context_0000,MB,synthetic_kv_32k
2170.355712,0.8820545339251744,3906.0,0500B20DCB6E,255.983616,['V_0500B20DCB6E'],256.0,0.255983616,Answer: ,65.536,Query key: K_F23195863A76,32,33117.0,31945,2.170355712,3906.0,context_0000,MB,synthetic_kv_32k
2170.355712,0.8820545339251744,3906.0,9360C3FE0183,255.983616,['V_9360C3FE0183'],256.0,0.255983616,Answer: ,65.536,Query key: K_E172DB52CA58,32,33117.0,31945,2.170355712,3906.0,context_0000,MB,synthetic_kv_32k
2170.355712,0.8820545339251744,3906.0,10643985C3CF,255.983616,['V_F157018267C4'],256.0,0.255983616,Answer: ,65.536,Query key: K_7A1B6160A6B4,32,33117.0,31945,2.170355712,3906.0,context_0000,MB,synthetic_kv_32k
2170.355712,0.8820545339251744,3906.0,0,255.983616,['V_63D6C0E3BEFD'],256.0,0.255983616,Answer: ,65.536,Query key: K_4C715A0CDD7C,32,33117.0,31945,2.170355712,3906.0,context_0000,MB,synthetic_kv_32k
2170.355712,0.8820545339251744,3906.0,530AB8BA8368,255.983616,['V_D5F2F41402B1'],256.0,0.255983616,Answer: ,65.536,Query key: K_E442DA7B9095,32,33117.0,31945,2.170355712,3906.0,context_0000,MB,synthetic_kv_32k
2170.355712,0.8820545339251744,3906.0,0,255.983616,['V_BC10BF5D2FDF'],256.0,0.255983616,Answer: ,65.536,Query key: K_89C86B44FA8D,32,33117.0,31945,2.170355712,3906.0,context_0000,MB,synthetic_kv_32k
2170.355712,0.8820545339251744,3906.0,53A1,255.983616,['V_E5D69A6EC2F5'],256.0,0.255983616,Answer: ,65.536,Query key: K_CCC48BCF53A1,32,33117.0,31945,2.170355712,3906.0,context_0000,MB,synthetic_kv_32k
2170.355712,0.8820545339251744,3906.0,45DF382C043F,255.983616,['V_45DF382C043F'],256.0,0.255983616,Answer: ,65.536,Query key: K_7CFC3875394C,32,33117.0,31945,2.170355712,3906.0,context_0000,MB,synthetic_kv_32k
2170.355712,0.8820545339251744,3906.0,638C076E2BBA,255.983616,['V_638C076E2BBA'],256.0,0.255983616,Answer: ,65.536,Query key: K_7C536F92F25E,32,33117.0,31945,2.170355712,3906.0,context_0000,MB,synthetic_kv_32k
2170.355712,0.8820545339251744,3906.0,0EAFF2A9DC8A,255.983616,['V_CC53ADDC3E13'],256.0,0.255983616,Answer: ,65.536,Query key: K_AB3B560C95EE,32,33117.0,31945,2.170355712,3906.0,context_0000,MB,synthetic_kv_32k
2170.355712,0.8820545339251744,3906.0,5F98A65E688E,255.983616,['V_D72B2A405F12'],256.0,0.255983616,Answer: ,65.536,Query key: K_B96367814C1F,32,33117.0,31945,2.170355712,3906.0,context_0000,MB,synthetic_kv_32k
2170.355712,0.8820545339251744,3906.0,0EAFF2A9DC8A,255.983616,['V_FB1020AC3703'],256.0,0.255983616,Answer: ,65.536,Query key: K_EB6777A6E17C,32,33117.0,31945,2.170355712,3906.0,context_0000,MB,synthetic_kv_32k
2170.355712,0.8820545339251744,3906.0,0DE069CA97D2,255.983616,['V_E82C06E745F9'],256.0,0.255983616,Answer: ,65.536,Query key: K_88BC9F4C3B79,32,33117.0,31945,2.170355712,3906.0,context_0000,MB,synthetic_kv_32k
2170.355712,0.8820545339251744,3906.0,598EEEA163E,255.983616,['V_A9BA907BFE36'],256.0,0.255983616,Answer: ,65.536,Query key: K_978664DE82E6,32,33117.0,31945,2.170355712,3906.0,context_0000,MB,synthetic_kv_32k
2170.355712,0.8820545339251744,3906.0,6DB9A48B3DBE,255.983616,['V_6DB9A48B3DBE'],256.0,0.255983616,Answer: ,65.536,Query key: K_157D06F028FF,32,33117.0,31945,2.170355712,3906.0,context_0000,MB,synthetic_kv_32k
2170.355712,0.8820545339251744,3906.0,2E857631DE9D,255.983616,['V_2E857631DE9D'],256.0,0.255983616,Answer: ,65.536,Query key: K_DDE922BD3388,32,33117.0,31945,2.170355712,3906.0,context_0000,MB,synthetic_kv_32k
2170.355712,0.8820545339251744,3906.0,53CD610CF373,255.983616,['V_53CD610CF373'],256.0,0.255983616,Answer: ,65.536,Query key: K_42990CDF742B,32,33117.0,31945,2.170355712,3906.0,context_0000,MB,synthetic_kv_32k
2170.355712,0.8820545339251744,3906.0,566653AC2AB9,255.983616,['V_566653AC2AB9'],256.0,0.255983616,Answer: ,65.536,Query key: K_7467362F5E5C,32,33117.0,31945,2.170355712,3906.0,context_0000,MB,synthetic_kv_32k
2170.355712,0.8820545339251744,3906.0,473B610E6A64,255.983616,['V_473B610E6A64'],256.0,0.255983616,Answer: ,65.536,Query key: K_E130C2DFF335,32,33117.0,31945,2.170355712,3906.0,context_0000,MB,synthetic_kv_32k
2170.355712,0.8820545339251744,3906.0,6BEBD4F8FD72,255.983616,['V_6BEBD4F8FD72'],256.0,0.255983616,Answer: ,65.536,Query key: K_F382C083B73A,32,33117.0,31945,2.170355712,3906.0,context_0000,MB,synthetic_kv_32k
2170.355712,0.8820545339251744,3906.0,786614F7CE8D,255.983616,['V_786614F7CE8D'],256.0,0.255983616,Answer: ,65.536,Query key: K_D5BC4094DDED,32,33117.0,31945,2.170355712,3906.0,context_0000,MB,synthetic_kv_32k
2170.355712,0.8820545339251744,3906.0,0D558A175DFE,255.983616,['V_0D558A175DFE'],256.0,0.255983616,Answer: ,65.536,Query key: K_BFC004F64D86,32,33117.0,31945,2.170355712,3906.0,context_0000,MB,synthetic_kv_32k
2170.355712,0.8820545339251744,3906.0,396659970043,255.983616,['V_396659970043'],256.0,0.255983616,Answer: ,65.536,Query key: K_F3B1FFF9F585,32,33117.0,31945,2.170355712,3906.0,context_0000,MB,synthetic_kv_32k
2170.355712,0.8820545339251744,3906.0,1190A66FD7F7,255.983616,['V_F510C7FEE39F'],256.0,0.255983616,Answer: ,65.536,Query key: K_1190A66FD7F7,32,33117.0,31945,2.170355712,3906.0,context_0000,MB,synthetic_kv_32k
2170.355712,0.8820545339251744,3906.0,07F1C1156D6D,255.983616,['V_07F1C1156D6D'],256.0,0.255983616,Answer: ,65.536,Query key: K_0A4EA6D964A3,32,33117.0,31945,2.170355712,3906.0,context_0000,MB,synthetic_kv_32k
2170.355712,0.8820545339251744,3906.0,07F1C1156D6D,255.983616,['V_D6D733094D35'],256.0,0.255983616,Answer: ,65.536,Query key: K_3F4DF319C125,32,33117.0,31945,2.170355712,3906.0,context_0000,MB,synthetic_kv_32k
2170.355712,0.8820545339251744,3906.0,3D112702878B,255.983616,['V_3D112702878B'],256.0,0.255983616,Answer: ,65.536,Query key: K_9F0F05379FF6,32,33117.0,31945,2.170355712,3906.0,context_0000,MB,synthetic_kv_32k
2170.355712,0.8820545339251744,3906.0,1D48AB61A7B1,255.983616,['V_1D48AB61A7B1'],256.0,0.255983616,Answer: ,65.536,Query key: K_793B20500494,32,33117.0,31945,2.170355712,3906.0,context_0000,MB,synthetic_kv_32k
2170.355712,0.8820545339251744,3906.0,770C37CC863B,255.983616,['V_770C37CC863B'],256.0,0.255983616,Answer: ,65.536,Query key: K_F2A090604F62,32,33117.0,31945,2.170355712,3906.0,context_0000,MB,synthetic_kv_32k
2170.355712,0.8820545339251744,3906.0,5E6FC4536F1D,255.983616,['V_5E6FC4536F1D'],256.0,0.255983616,Answer: ,65.536,Query key: K_4199B31022F0,32,33117.0,31945,2.170355712,3906.0,context_0000,MB,synthetic_kv_32k
2170.355712,0.8820545339251744,3906.0,0,255.983616,['V_F6B79B749245'],256.0,0.255983616,Answer: ,65.536,Query key: K_9B1B2AF43AB7,32,33117.0,31945,2.170355712,3906.0,context_0000,MB,synthetic_kv_32k
2170.355712,0.8820545339251744,3906.0,4FA0F6F7F0CC,255.983616,['V_C71D1D5206AB'],256.0,0.255983616,Answer: ,65.536,Query key: K_B7E6BF780E3F,32,33117.0,31945,2.170355712,3906.0,context_0000,MB,synthetic_kv_32k
2170.355712,0.8820545339251744,3906.0,4FA0F6F7F0CC,255.983616,['V_4FA0F6F7F0CC'],256.0,0.255983616,Answer: ,65.536,Query key: K_29ECD1BDB8C0,32,33117.0,31945,2.170355712,3906.0,context_0000,MB,synthetic_kv_32k
2170.355712,0.8820545339251744,3906.0,0,255.983616,['V_EDCB0692DC63'],256.0,0.255983616,Answer: ,65.536,Query key: K_94241BAC5C15,32,33117.0,31945,2.170355712,3906.0,context_0000,MB,synthetic_kv_32k
2170.355712,0.8820545339251744,3906.0,93674FDC6E1B,255.983616,['V_E874AD66A1BD'],256.0,0.255983616,Answer: ,65.536,Query key: K_93674FDC6E1B,32,33117.0,31945,2.170355712,3906.0,context_0000,MB,synthetic_kv_32k
2170.355712,0.8820545339251744,3906.0,6014F54AD0A2,255.983616,['V_F104658B2523'],256.0,0.255983616,Answer: ,65.536,Query key: K_6014F54AD0A2,32,33117.0,31945,2.170355712,3906.0,context_0000,MB,synthetic_kv_32k
2170.355712,0.8820545339251744,3906.0,979313748146,255.983616,['V_979313748146'],256.0,0.255983616,Answer: ,65.536,Query key: K_32C5B70B3420,32,33117.0,31945,2.170355712,3906.0,context_0000,MB,synthetic_kv_32k
2170.355712,0.8820545339251744,3906.0,3E2BA092F52A,255.983616,['V_3E2BA092F52A'],256.0,0.255983616,Answer: ,65.536,Query key: K_D4A0B0CC1B3B,32,33117.0,31945,2.170355712,3906.0,context_0000,MB,synthetic_kv_32k
2170.355712,0.8820545339251744,3906.0,4D34C5C14EB4,255.983616,['V_4D34C5C14EB4'],256.0,0.255983616,Answer: ,65.536,Query key: K_B27B1A16342C,32,33117.0,31945,2.170355712,3906.0,context_0000,MB,synthetic_kv_32k
2170.355712,0.8820545339251744,3906.0,3E2BA092F52A,255.983616,['V_CE3799B49350'],256.0,0.255983616,Answer: ,65.536,Query key: K_AF2BD9ACD158,32,33117.0,31945,2.170355712,3906.0,context_0000,MB,synthetic_kv_32k
2170.355712,0.8820545339251744,3906.0,90E0FBDD3933,255.983616,['V_90E0FBDD3933'],256.0,0.255983616,Answer: ,65.536,Query key: K_CBD51EFD76E9,32,33117.0,31945,2.170355712,3906.0,context_0000,MB,synthetic_kv_32k
2170.355712,0.8820545339251744,3906.0,886158E25888,255.983616,['V_886158E25888'],256.0,0.255983616,Answer: ,65.536,Query key: K_0A83C85ACA46,32,33117.0,31945,2.170355712,3906.0,context_0000,MB,synthetic_kv_32k
2170.355712,0.8820545339251744,3906.0,11A75EDDBBBF,255.983616,['V_11A75EDDBBBF'],256.0,0.255983616,Answer: ,65.536,Query key: K_A9596DAA2E68,32,33117.0,31945,2.170355712,3906.0,context_0000,MB,synthetic_kv_32k
2170.355712,0.8820545339251744,3906.0,033D575AED2C,255.983616,['V_033D575AED2C'],256.0,0.255983616,Answer: ,65.536,Query key: K_A5C58186A576,32,33117.0,31945,2.170355712,3906.0,context_0000,MB,synthetic_kv_32k
2170.355712,0.8820545339251744,3906.0,7D7DD284476C,255.983616,['V_7D7DD284476C'],256.0,0.255983616,Answer: ,65.536,Query key: K_6B88D97DC9CD,32,33117.0,31945,2.170355712,3906.0,context_0000,MB,synthetic_kv_32k
2170.355712,0.8820545339251744,3906.0,5CB8F5F62C97,255.983616,['V_5CB8F5F62C97'],256.0,0.255983616,Answer: ,65.536,Query key: K_6EFB1B049863,32,33117.0,31945,2.170355712,3906.0,context_0000,MB,synthetic_kv_32k
2170.355712,0.8820545339251744,3906.0,75B1D4262982,255.983616,['V_75B1D4262982'],256.0,0.255983616,Answer: ,65.536,Query key: K_E43EA2B5B498,32,33117.0,31945,2.170355712,3906.0,context_0000,MB,synthetic_kv_32k
2170.355712,0.8820545339251744,3906.0,2D176F7C15EA,255.983616,['V_2D176F7C15EA'],256.0,0.255983616,Answer: ,65.536,Query key: K_272AB5122DF8,32,33117.0,31945,2.170355712,3906.0,context_0000,MB,synthetic_kv_32k
2170.355712,0.8820545339251744,3906.0,2D176F7C15EA,255.983616,['V_A684F7294951'],256.0,0.255983616,Answer: ,65.536,Query key: K_8591BBDA0242,32,33117.0,31945,2.170355712,3906.0,context_0000,MB,synthetic_kv_32k
2170.355712,0.8820545339251744,3906.0,0EAFF2A9DC8A,255.983616,['V_EB6CCEE624D0'],256.0,0.255983616,Answer: ,65.536,Query key: K_9DAC45241EA6,32,33117.0,31945,2.170355712,3906.0,context_0000,MB,synthetic_kv_32k
2170.355712,0.8820545339251744,3906.0,77017BC67E1F,255.983616,['V_77017BC67E1F'],256.0,0.255983616,Answer: ,65.536,Query key: K_C64E89C5B31A,32,33117.0,31945,2.170355712,3906.0,context_0000,MB,synthetic_kv_32k
2170.355712,0.8820545339251744,3906.0,97ACBB2488A3,255.983616,['V_97ACBB2488A3'],256.0,0.255983616,Answer: ,65.536,Query key: K_D3636F81CF4F,32,33117.0,31945,2.170355712,3906.0,context_0000,MB,synthetic_kv_32k
2170.355712,0.8820545339251744,3906.0,3ED8DA09DFA0,255.983616,['V_3ED8DA09DFA0'],256.0,0.255983616,Answer: ,65.536,Query key: K_528244B591F7,32,33117.0,31945,2.170355712,3906.0,context_0000,MB,synthetic_kv_32k
2170.355712,0.8820545339251744,3906.0,47671628A24,255.983616,['V_4767162F8A24'],256.0,0.255983616,Answer: ,65.536,Query key: K_EF43D4AAC9A3,32,33117.0,31945,2.170355712,3906.0,context_0000,MB,synthetic_kv_32k
2170.355712,0.8820545339251744,3906.0,47671628A24,255.983616,['V_C01F3E6DD58B'],256.0,0.255983616,Answer: ,65.536,Query key: K_7367E1B294DE,32,33117.0,31945,2.170355712,3906.0,context_0000,MB,synthetic_kv_32k
2170.355712,0.8820545339251744,3906.0,17EA8892042F,255.983616,['V_AB0E9C3EB2D5'],256.0,0.255983616,Answer: ,65.536,Query key: K_91E176F72255,32,33117.0,31945,2.170355712,3906.0,context_0000,MB,synthetic_kv_32k
2170.355712,0.8820545339251744,3906.0,7E8A0758E201,255.983616,['V_7E8A0758E201'],256.0,0.255983616,Answer: ,65.536,Query key: K_561E6105716B,32,33117.0,31945,2.170355712,3906.0,context_0000,MB,synthetic_kv_32k
2170.355712,0.8820545339251744,3906.0,7ED7B194990B,255.983616,['V_7CD02E8D0E87'],256.0,0.255983616,Answer: ,65.536,Query key: K_5334D9D80B8D,32,33117.0,31945,2.170355712,3906.0,context_0000,MB,synthetic_kv_32k
2170.355712,0.8820545339251744,3906.0,4223CC3EBDDE,255.983616,['V_4223CC3EBDDE'],256.0,0.255983616,Answer: ,65.536,Query key: K_5AD5364D7C87,32,33117.0,31945,2.170355712,3906.0,context_0000,MB,synthetic_kv_32k
2170.355712,0.8820545339251744,3906.0,989DE15CA666,255.983616,['V_989DE15CA666'],256.0,0.255983616,Answer: ,65.536,Query key: K_479757207246,32,33117.0,31945,2.170355712,3906.0,context_0000,MB,synthetic_kv_32k
2170.355712,0.8820545339251744,3906.0,8E4846B98991,255.983616,['V_8E4846B98991'],256.0,0.255983616,Answer: ,65.536,Query key: K_E14EB380C73A,32,33117.0,31945,2.170355712,3906.0,context_0000,MB,synthetic_kv_32k
2170.355712,0.8820545339251744,3906.0,30E9F2B43ABF,255.983616,['V_30E9F2B43ABF'],256.0,0.255983616,Answer: ,65.536,Query key: K_84410299436A,32,33117.0,31945,2.170355712,3906.0,context_0000,MB,synthetic_kv_32k
2170.355712,0.8820545339251744,3906.0,680BB856D035,255.983616,['V_680BB856D035'],256.0,0.255983616,Answer: ,65.536,Query key: K_3DC915EABB27,32,33117.0,31945,2.170355712,3906.0,context_0000,MB,synthetic_kv_32k
2170.355712,0.8820545339251744,3906.0,3D85C2171429,255.983616,['V_3D85C2171429'],256.0,0.255983616,Answer: ,65.536,Query key: K_8E207D137018,32,33117.0,31945,2.170355712,3906.0,context_0000,MB,synthetic_kv_32k
2170.355712,0.8820545339251744,3906.0,17EA8892042F,255.983616,['V_B63BA559E463'],256.0,0.255983616,Answer: ,65.536,Query key: K_79E1B0CBC61F,32,33117.0,31945,2.170355712,3906.0,context_0000,MB,synthetic_kv_32k
2170.355712,0.8820545339251744,3906.0,046ACAFDA613,255.983616,['V_046ACAFDA613'],256.0,0.255983616,Answer: ,65.536,Query key: K_72BB7DA67785,32,33117.0,31945,2.170355712,3906.0,context_0000,MB,synthetic_kv_32k
2170.355712,0.8820545339251744,3906.0,678638BA8ABC,255.983616,['V_678638BA8ABC'],256.0,0.255983616,Answer: ,65.536,Query key: K_4B5317D2582E,32,33117.0,31945,2.170355712,3906.0,context_0000,MB,synthetic_kv_32k
2170.355712,0.8820545339251744,3906.0,0,255.983616,['V_A9F94E6384BB'],256.0,0.255983616,Answer: ,65.536,Query key: K_3E49B118F68D,32,33117.0,31945,2.170355712,3906.0,context_0000,MB,synthetic_kv_32k
2170.355712,0.8820545339251744,3906.0,8DCD969B6662,255.983616,['V_8DB079279973'],256.0,0.255983616,Answer: ,65.536,Query key: K_5E7894E0D3BA,32,33117.0,31945,2.170355712,3906.0,context_0000,MB,synthetic_kv_32k
2170.355712,0.8820545339251744,3906.0,046ACAFDA613,255.983616,['V_FF236CEDD15D'],256.0,0.255983616,Answer: ,65.536,Query key: K_580087EA7FF5,32,33117.0,31945,2.170355712,3906.0,context_0000,MB,synthetic_kv_32k
2170.355712,0.8820545339251744,3906.0,5A1054AEBD1B,255.983616,['V_5A1054AEBD1B'],256.0,0.255983616,Answer: ,65.536,Query key: K_8CE6BEF59FE6,32,33117.0,31945,2.170355712,3906.0,context_0000,MB,synthetic_kv_32k
2170.355712,0.8820545339251744,3906.0,4E7E455AC762,255.983616,['V_4E7E455AC762'],256.0,0.255983616,Answer: ,65.536,Query key: K_7428B3EE4D3B,32,33117.0,31945,2.170355712,3906.0,context_0000,MB,synthetic_kv_32k
2170.355712,0.8820545339251744,3906.0,5B99E61FECC0,255.983616,['V_B8A61EE34DC4'],256.0,0.255983616,Answer: ,65.536,Query key: K_3B04405BFDC9,32,33117.0,31945,2.170355712,3906.0,context_0000,MB,synthetic_kv_32k
2170.355712,0.8820545339251744,3906.0,09CB43F59A85,255.983616,['V_BE2D1E9B23BC'],256.0,0.255983616,Answer: ,65.536,Query key: K_50C7314D3441,32,33117.0,31945,2.170355712,3906.0,context_0000,MB,synthetic_kv_32k
2170.355712,0.8820545339251744,3906.0,09CB43F59A85,255.983616,['V_B0AEC31EDBBC'],256.0,0.255983616,Answer: ,65.536,Query key: K_F36C892E6161,32,33117.0,31945,2.170355712,3906.0,context_0000,MB,synthetic_kv_32k
2170.355712,0.8820545339251744,3906.0,0BB469F753F1,255.983616,['V_BD153764FBDA'],256.0,0.255983616,Answer: ,65.536,Query key: K_31082F65FAFA,32,33117.0,31945,2.170355712,3906.0,context_0000,MB,synthetic_kv_32k
2170.355712,0.8820545339251744,3906.0,96EFB97E6703,255.983616,['V_96EFB97E6703'],256.0,0.255983616,Answer: ,65.536,Query key: K_46C87BF47042,32,33117.0,31945,2.170355712,3906.0,context_0000,MB,synthetic_kv_32k
2170.355712,0.8820545339251744,3906.0,98C7864E9A13,255.983616,['V_98C7864E9A13'],256.0,0.255983616,Answer: ,65.536,Query key: K_C29CFA02EAEC,32,33117.0,31945,2.170355712,3906.0,context_0000,MB,synthetic_kv_32k
2170.355712,0.8820545339251744,3906.0,09CB43F59A85,255.983616,['V_D52719BC143E'],256.0,0.255983616,Answer: ,65.536,Query key: K_FB0248729A4D,32,33117.0,31945,2.170355712,3906.0,context_0000,MB,synthetic_kv_32k
2170.355712,0.8820545339251744,3906.0,5C623A3C563E,255.983616,['V_5C623A3C563E'],256.0,0.255983616,Answer: ,65.536,Query key: K_4BD631B1B099,32,33117.0,31945,2.170355712,3906.0,context_0000,MB,synthetic_kv_32k
2170.355712,0.8820545339251744,3906.0,12FCA4704D48,255.983616,['V_B540039F3A25'],256.0,0.255983616,Answer: ,65.536,Query key: K_4D612DEFE193,32,33117.0,31945,2.170355712,3906.0,context_0000,MB,synthetic_kv_32k
2170.355712,0.8820545339251744,3906.0,0BB469F753F1,255.983616,['V_0BA64639447B'],256.0,0.255983616,Answer: ,65.536,Query key: K_206788BD13D1,32,33117.0,31945,2.170355712,3906.0,context_0000,MB,synthetic_kv_32k
2170.355712,0.8820545339251744,3906.0,4AC98DA8EEE4,255.983616,['V_4AC98DA8EEE4'],256.0,0.255983616,Answer: ,65.536,Query key: K_0DF5F96B648A,32,33117.0,31945,2.170355712,3906.0,context_0000,MB,synthetic_kv_32k
2170.355712,0.8820545339251744,3906.0,0BB469F753F1,255.983616,['V_A34B2053DA42'],256.0,0.255983616,Answer: ,65.536,Query key: K_F1AFB289F224,32,33117.0,31945,2.170355712,3906.0,context_0000,MB,synthetic_kv_32k
2170.355712,0.8820545339251744,3906.0,1A437DAA39F0,255.983616,['V_1A437DAA39F0'],256.0,0.255983616,Answer: ,65.536,Query key: K_C0B6DE53790A,32,33117.0,31945,2.170355712,3906.0,context_0000,MB,synthetic_kv_32k
2170.355712,0.8820545339251744,3906.0,48CA92F5DF7B,255.983616,['V_48CA92F5DF7B'],256.0,0.255983616,Answer: ,65.536,Query key: K_0323DF6A8F93,32,33117.0,31945,2.170355712,3906.0,context_0000,MB,synthetic_kv_32k
2170.355712,0.8820545339251744,3906.0,573870C2903F,255.983616,['V_573870C2903F'],256.0,0.255983616,Answer: ,65.536,Query key: K_7A8D782A65E0,32,33117.0,31945,2.170355712,3906.0,context_0000,MB,synthetic_kv_32k
2170.355712,0.8820545339251744,3906.0,40A20D270659,255.983616,['V_40A20D270659'],256.0,0.255983616,Answer: ,65.536,Query key: K_F72A2F32751E,32,33117.0,31945,2.170355712,3906.0,context_0000,MB,synthetic_kv_32k
2170.355712,0.8820545339251744,3906.0,1D347A4C75D4,255.983616,['V_1D347A4C75D4'],256.0,0.255983616,Answer: ,65.536,Query key: K_DC99F0E98B3B,32,33117.0,31945,2.170355712,3906.0,context_0000,MB,synthetic_kv_32k
2170.355712,0.8820545339251744,3906.0,1,255.983616,['V_7DE36694C343'],256.0,0.255983616,Answer: ,65.536,Query key: K_10BAD2762BDC,32,33117.0,31945,2.170355712,3906.0,context_0000,MB,synthetic_kv_32k
2170.355712,0.8820545339251744,3906.0,1,255.983616,['V_AFBBA1235A8C'],256.0,0.255983616,Answer: ,65.536,Query key: K_93B712F70C97,32,33117.0,31945,2.170355712,3906.0,context_0000,MB,synthetic_kv_32k
2170.355712,0.8820545339251744,3906.0,09CB43F59A85,255.983616,['V_CFA72631D00B'],256.0,0.255983616,Answer: ,65.536,Query key: K_26D70DB95301,32,33117.0,31945,2.170355712,3906.0,context_0000,MB,synthetic_kv_32k
2170.355712,0.8820545339251744,3906.0,15CE4DC82A1E,255.983616,['V_15CE4DC82A1E'],256.0,0.255983616,Answer: ,65.536,Query key: K_F2F990164161,32,33117.0,31945,2.170355712,3906.0,context_0000,MB,synthetic_kv_32k
2170.355712,0.8820545339251744,3906.0,8EDD1E52D770,255.983616,['V_8EDD1E52D770'],256.0,0.255983616,Answer: ,65.536,Query key: K_3F89FE716B14,32,33117.0,31945,2.170355712,3906.0,context_0000,MB,synthetic_kv_32k
2170.355712,0.8820545339251744,3906.0,989B9B37A22B,255.983616,['V_989B9B37A22B'],256.0,0.255983616,Answer: ,65.536,Query key: K_6A8AC3B290D0,32,33117.0,31945,2.170355712,3906.0,context_0000,MB,synthetic_kv_32k
2170.355712,0.8820545339251744,3906.0,9E50CA6DFDA1,255.983616,['V_C69339C6A1CA'],256.0,0.255983616,Answer: ,65.536,Query key: K_9E50CA6DFDA1,32,33117.0,31945,2.170355712,3906.0,context_0000,MB,synthetic_kv_32k
2170.355712,0.8820545339251744,3906.0,095F40D92BCE,255.983616,['V_E8937354EA6F'],256.0,0.255983616,Answer: ,65.536,Query key: K_616085C7504B,32,33117.0,31945,2.170355712,3906.0,context_0000,MB,synthetic_kv_32k
2170.355712,0.8820545339251744,3906.0,96A9DC33E1F9,255.983616,['V_96A9DC33E1F9'],256.0,0.255983616,Answer: ,65.536,Query key: K_4C1F715629EE,32,33117.0,31945,2.170355712,3906.0,context_0000,MB,synthetic_kv_32k
2170.355712,0.8820545339251744,3906.0,91914E2D6645,255.983616,['V_91914E2D6645'],256.0,0.255983616,Answer: ,65.536,Query key: K_6DC7FD72B050,32,33117.0,31945,2.170355712,3906.0,context_0000,MB,synthetic_kv_32k
2170.355712,0.8820545339251744,3906.0,1238743B65A2,255.983616,['V_F5C99C10C572'],256.0,0.255983616,Answer: ,65.536,Query key: K_0F6B9EFBA58B,32,33117.0,31945,2.170355712,3906.0,context_0000,MB,synthetic_kv_32k
2170.355712,0.8820545339251744,3906.0,0,255.983616,['V_C342F295456E'],256.0,0.255983616,Answer: ,65.536,Query key: K_1967BD767E35,32,33117.0,31945,2.170355712,3906.0,context_0000,MB,synthetic_kv_32k
2170.355712,0.8820545339251744,3906.0,43BF3605BF54,255.983616,['V_43BF3605BF54'],256.0,0.255983616,Answer: ,65.536,Query key: K_A0213531968D,32,33117.0,31945,2.170355712,3906.0,context_0000,MB,synthetic_kv_32k
2170.355712,0.8820545339251744,3906.0,3D672834E4C0,255.983616,['V_3D672834E4C0'],256.0,0.255983616,Answer: ,65.536,Query key: K_14C8A911D192,32,33117.0,31945,2.170355712,3906.0,context_0000,MB,synthetic_kv_32k
2170.355712,0.8820545339251744,3906.0,28121337739E,255.983616,['V_28121337739E'],256.0,0.255983616,Answer: ,65.536,Query key: K_8D4F2C7F0B79,32,33117.0,31945,2.170355712,3906.0,context_0000,MB,synthetic_kv_32k
2170.355712,0.8820545339251744,3906.0,0,255.983616,['V_B07A735435EA'],256.0,0.255983616,Answer: ,65.536,Query key: K_689400AF5B3A,32,33117.0,31945,2.170355712,3906.0,context_0000,MB,synthetic_kv_32k
2170.355712,0.8820545339251744,3906.0,085B4A8FF810,255.983616,['V_085B4A8FF810'],256.0,0.255983616,Answer: ,65.536,Query key: K_784C980402A2,32,33117.0,31945,2.170355712,3906.0,context_0000,MB,synthetic_kv_32k
2170.355712,0.8820545339251744,3906.0,1238743B65A2,255.983616,['V_4860B4FB0EB9'],256.0,0.255983616,Answer: ,65.536,Query key: K_49C13B4206C5,32,33117.0,31945,2.170355712,3906.0,context_0000,MB,synthetic_kv_32k
2170.355712,0.8820545339251744,3906.0,1238743B65A2,255.983616,['V_1238743B65A2'],256.0,0.255983616,Answer: ,65.536,Query key: K_DC0FB3F6FE0D,32,33117.0,31945,2.170355712,3906.0,context_0000,MB,synthetic_kv_32k
2170.355712,0.8820545339251744,3906.0,43B9EC856F37,255.983616,['V_43B9EC856F37'],256.0,0.255983616,Answer: ,65.536,Query key: K_3BC1AFF8754D,32,33117.0,31945,2.170355712,3906.0,context_0000,MB,synthetic_kv_32k
2170.355712,0.8820545339251744,3906.0,43B9EC856F37,255.983616,['V_96FCA003CD28'],256.0,0.255983616,Answer: ,65.536,Query key: K_CA8FC9AF18F8,32,33117.0,31945,2.170355712,3906.0,context_0000,MB,synthetic_kv_32k
2170.355712,0.8820545339251744,3906.0,964D93403FAD,255.983616,['V_32A4EF04E57D'],256.0,0.255983616,Answer: ,65.536,Query key: K_CDCCA9434AA0,32,33117.0,31945,2.170355712,3906.0,context_0000,MB,synthetic_kv_32k
2170.355712,0.8820545339251744,3906.0,398D8B6870B5,255.983616,['V_398D8B6870B5'],256.0,0.255983616,Answer: ,65.536,Query key: K_1D616CD5E859,32,33117.0,31945,2.170355712,3906.0,context_0000,MB,synthetic_kv_32k
2170.355712,0.8820545339251744,3906.0,4400E88DA719,255.983616,['V_4400E88DA719'],256.0,0.255983616,Answer: ,65.536,Query key: K_2624A5CB63A2,32,33117.0,31945,2.170355712,3906.0,context_0000,MB,synthetic_kv_32k
2170.355712,0.8820545339251744,3906.0,0F441247EA4E,255.983616,['V_0F441247EA4E'],256.0,0.255983616,Answer: ,65.536,Query key: K_2469D39E198B,32,33117.0,31945,2.170355712,3906.0,context_0000,MB,synthetic_kv_32k
2170.355712,0.8820545339251744,3906.0,98544EBFA5C3,255.983616,['V_98544EBFA5C3'],256.0,0.255983616,Answer: ,65.536,Query key: K_CAE92A79EA68,32,33117.0,31945,2.170355712,3906.0,context_0000,MB,synthetic_kv_32k
2170.355712,0.8820545339251744,3906.0,938444FEACAE,255.983616,['V_EBD391B78D8E'],256.0,0.255983616,Answer: ,65.536,Query key: K_D301BFBBB17F,32,33117.0,31945,2.170355712,3906.0,context_0000,MB,synthetic_kv_32k
2170.355712,0.8820545339251744,3906.0,77FC1FD5A423,255.983616,['V_77FC1FD5A423'],256.0,0.255983616,Answer: ,65.536,Query key: K_706C49E2623D,32,33117.0,31945,2.170355712,3906.0,context_0000,MB,synthetic_kv_32k
2170.355712,0.8820545339251744,3906.0,670AB321BF21,255.983616,['V_670AB321BF21'],256.0,0.255983616,Answer: ,65.536,Query key: K_4DD8B04D3376,32,33117.0,31945,2.170355712,3906.0,context_0000,MB,synthetic_kv_32k
2170.355712,0.8820545339251744,3906.0,8A3C801EF1DA,255.983616,['V_8A3C801EF1DA'],256.0,0.255983616,Answer: ,65.536,Query key: K_45B1F1533AE8,32,33117.0,31945,2.170355712,3906.0,context_0000,MB,synthetic_kv_32k
2170.355712,0.8820545339251744,3906.0,99181497D658,255.983616,['V_99181497D658'],256.0,0.255983616,Answer: ,65.536,Query key: K_70107E695D0D,32,33117.0,31945,2.170355712,3906.0,context_0000,MB,synthetic_kv_32k
2170.355712,0.8820545339251744,3906.0,98ADDDF275EB,255.983616,['V_BC0A6E996E3E'],256.0,0.255983616,Answer: ,65.536,Query key: K_E3B10A3450FC,32,33117.0,31945,2.170355712,3906.0,context_0000,MB,synthetic_kv_32k
2170.355712,0.8820545339251744,3906.0,069F40181C6E,255.983616,['V_069F40181C6E'],256.0,0.255983616,Answer: ,65.536,Query key: K_9A8C5283AAC7,32,33117.0,31945,2.170355712,3906.0,context_0000,MB,synthetic_kv_32k
2170.355712,0.8820545339251744,3906.0,0,255.983616,['V_AC9EF63FCE41'],256.0,0.255983616,Answer: ,65.536,Query key: K_3A9A176132ED,32,33117.0,31945,2.170355712,3906.0,context_0000,MB,synthetic_kv_32k
2170.355712,0.8820545339251744,3906.0,938444FEACAE,255.983616,['V_964D93403FAD'],256.0,0.255983616,Answer: ,65.536,Query key: K_DC4AD6016237,32,33117.0,31945,2.170355712,3906.0,context_0000,MB,synthetic_kv_32k
2170.355712,0.8820545339251744,3906.0,9F0475523327,255.983616,['V_C3C7FFE3FA49'],256.0,0.255983616,Answer: ,65.536,Query key: K_054FF366BAD4,32,33117.0,31945,2.170355712,3906.0,context_0000,MB,synthetic_kv_32k
2170.355712,0.8820545339251744,3906.0,938444FEACAE,255.983616,['V_938444FEACAE'],256.0,0.255983616,Answer: ,65.536,Query key: K_D248AC1AA554,32,33117.0,31945,2.170355712,3906.0,context_0000,MB,synthetic_kv_32k
2170.355712,0.8820545339251744,3906.0,2CD9C19AD58C,255.983616,['V_2CD9C19AD58C'],256.0,0.255983616,Answer: ,65.536,Query key: K_C35B0A4C9F7F,32,33117.0,31945,2.170355712,3906.0,context_0000,MB,synthetic_kv_32k
2170.355712,0.8820545339251744,3906.0,7135A6C9537F,255.983616,['V_7135A6C9537F'],256.0,0.255983616,Answer: ,65.536,Query key: K_84DA7872BDEB,32,33117.0,31945,2.170355712,3906.0,context_0000,MB,synthetic_kv_32k
2170.355712,0.8820545339251744,3906.0,0FF06A702E2F,255.983616,['V_FF372E76128B'],256.0,0.255983616,Answer: ,65.536,Query key: K_4735EA83BF00,32,33117.0,31945,2.170355712,3906.0,context_0000,MB,synthetic_kv_32k
2170.355712,0.8820545339251744,3906.0,6F9695D82980,255.983616,['V_D072A2814044'],256.0,0.255983616,Answer: ,65.536,Query key: K_6F9695D82980,32,33117.0,31945,2.170355712,3906.0,context_0000,MB,synthetic_kv_32k
2170.355712,0.8820545339251744,3906.0,7852175BA98D,255.983616,['V_7852175BA98D'],256.0,0.255983616,Answer: ,65.536,Query key: K_F8147DE1BDFE,32,33117.0,31945,2.170355712,3906.0,context_0000,MB,synthetic_kv_32k
2170.355712,0.8820545339251744,3906.0,1238743B65A2,255.983616,['V_52305553B2FE'],256.0,0.255983616,Answer: ,65.536,Query key: K_68895913F9D3,32,33117.0,31945,2.170355712,3906.0,context_0000,MB,synthetic_kv_32k
2170.355712,0.8820545339251744,3906.0,292BDB946570,255.983616,['V_292BDB946570'],256.0,0.255983616,Answer: ,65.536,Query key: K_1AC7AB8DDEB4,32,33117.0,31945,2.170355712,3906.0,context_0000,MB,synthetic_kv_32k
2170.355712,0.8820545339251744,3906.0,7ED7B194990B,255.983616,['V_7ED7B194990B'],256.0,0.255983616,Answer: ,65.536,Query key: K_6961546E035A,32,33117.0,31945,2.170355712,3906.0,context_0000,MB,synthetic_kv_32k
2170.355712,0.8820545339251744,3906.0,6684F1F8343E,255.983616,['V_6684F1F8343E'],256.0,0.255983616,Answer: ,65.536,Query key: K_A99F49C8A43F,32,33117.0,31945,2.170355712,3906.0,context_0000,MB,synthetic_kv_32k
2170.355712,0.8820545339251744,3906.0,09648CD321B0,255.983616,['V_09648CD321B0'],256.0,0.255983616,Answer: ,65.536,Query key: K_C2B0D045DD1C,32,33117.0,31945,2.170355712,3906.0,context_0000,MB,synthetic_kv_32k
2170.355712,0.8820545339251744,3906.0,409D50843242,255.983616,['V_409D50843242'],256.0,0.255983616,Answer: ,65.536,Query key: K_168B746F7891,32,33117.0,31945,2.170355712,3906.0,context_0000,MB,synthetic_kv_32k
2170.355712,0.8820545339251744,3906.0,6E8F17DDED81,255.983616,['V_C5C5F85E06A1'],256.0,0.255983616,Answer: ,65.536,Query key: K_1DAD52C21221,32,33117.0,31945,2.170355712,3906.0,context_0000,MB,synthetic_kv_32k
2170.355712,0.8820545339251744,3906.0,043B,255.983616,['V_D32E83BC9478'],256.0,0.255983616,Answer: ,65.536,Query key: K_DD6A6778043B,32,33117.0,31945,2.170355712,3906.0,context_0000,MB,synthetic_kv_32k
2170.355712,0.8820545339251744,3906.0,0,255.983616,['V_DE8EA85C6E4A'],256.0,0.255983616,Answer: ,65.536,Query key: K_004BFCF56188,32,33117.0,31945,2.170355712,3906.0,context_0000,MB,synthetic_kv_32k
2170.355712,0.8820545339251744,3906.0,0DE069CA97D2,255.983616,['V_0DE069CA97D2'],256.0,0.255983616,Answer: ,65.536,Query key: K_76448AE769ED,32,33117.0,31945,2.170355712,3906.0,context_0000,MB,synthetic_kv_32k
2170.355712,0.8820545339251744,3906.0,0DE069CA97D2,255.983616,['V_9F645C9D927D'],256.0,0.255983616,Answer: ,65.536,Query key: K_84B8300568D2,32,33117.0,31945,2.170355712,3906.0,context_0000,MB,synthetic_kv_32k
2170.355712,0.8820545339251744,3906.0,0DE069CA97D2,255.983616,['V_7129A01AC992'],256.0,0.255983616,Answer: ,65.536,Query key: K_7F9DC1A6423B,32,33117.0,31945,2.170355712,3906.0,context_0000,MB,synthetic_kv_32k
2170.355712,0.8820545339251744,3906.0,445D341C6494,255.983616,['V_445D341C6494'],256.0,0.255983616,Answer: ,65.536,Query key: K_0D36C28EBD70,32,33117.0,31945,2.170355712,3906.0,context_0000,MB,synthetic_kv_32k
2170.355712,0.8820545339251744,3906.0,49BCED7BF656,255.983616,['V_49BCED7BF656'],256.0,0.255983616,Answer: ,65.536,Query key: K_218A8C99A894,32,33117.0,31945,2.170355712,3906.0,context_0000,MB,synthetic_kv_32k
2170.355712,0.8820545339251744,3906.0,7C16B2C08394,255.983616,['V_7C16B2C08394'],256.0,0.255983616,Answer: ,65.536,Query key: K_E17F70286046,32,33117.0,31945,2.170355712,3906.0,context_0000,MB,synthetic_kv_32k
2170.355712,0.8820545339251744,3906.0,0DE069CA97D2,255.983616,['V_A149F920264C'],256.0,0.255983616,Answer: ,65.536,Query key: K_07631F15C7B6,32,33117.0,31945,2.170355712,3906.0,context_0000,MB,synthetic_kv_32k
2170.355712,0.8820545339251744,3906.0,49A2F7E8F8E5,255.983616,['V_B5B43D42993C'],256.0,0.255983616,Answer: ,65.536,Query key: K_CC9F9BDF0377,32,33117.0,31945,2.170355712,3906.0,context_0000,MB,synthetic_kv_32k
2170.355712,0.8820545339251744,3906.0,03808D03C91E,255.983616,['V_03808D03C91E'],256.0,0.255983616,Answer: ,65.536,Query key: K_4F8D288B78B5,32,33117.0,31945,2.170355712,3906.0,context_0000,MB,synthetic_kv_32k
2170.355712,0.8820545339251744,3906.0,398517DC8EFF,255.983616,['V_398517DC8EFF'],256.0,0.255983616,Answer: ,65.536,Query key: K_68728D605936,32,33117.0,31945,2.170355712,3906.0,context_0000,MB,synthetic_kv_32k
2170.355712,0.8820545339251744,3906.0,1D0BE9B5C5CF,255.983616,['V_1D0BE9B5C5CF'],256.0,0.255983616,Answer: ,65.536,Query key: K_D766FE049059,32,33117.0,31945,2.170355712,3906.0,context_0000,MB,synthetic_kv_32k
2170.355712,0.8820545339251744,3906.0,0,255.983616,['V_A5D01E1242E3'],256.0,0.255983616,Answer: ,65.536,Query key: K_F272762172ED,32,33117.0,31945,2.170355712,3906.0,context_0000,MB,synthetic_kv_32k
2170.355712,0.8820545339251744,3906.0,276AD50755D9,255.983616,['V_EEC27F95897C'],256.0,0.255983616,Answer: ,65.536,Query key: K_276AD50755D9,32,33117.0,31945,2.170355712,3906.0,context_0000,MB,synthetic_kv_32k
2170.355712,0.8820545339251744,3906.0,50CA0ABA590E,255.983616,['V_B49582456FB4'],256.0,0.255983616,Answer: ,65.536,Query key: K_4AB7B77350CA,32,33117.0,31945,2.170355712,3906.0,context_0000,MB,synthetic_kv_32k
2170.355712,0.8820545339251744,3906.0,7B85D5B077E0,255.983616,['V_7B85D5B077E0'],256.0,0.255983616,Answer: ,65.536,Query key: K_6A5D45FF2C83,32,33117.0,31945,2.170355712,3906.0,context_0000,MB,synthetic_kv_32k
2170.355712,0.8820545339251744,3906.0,74EF3E652603,255.983616,['V_74EF3E652603'],256.0,0.255983616,Answer: ,65.536,Query key: K_78E3FAF14FF0,32,33117.0,31945,2.170355712,3906.0,context_0000,MB,synthetic_kv_32k
2170.355712,0.8820545339251744,3906.0,30CB6232B17A,255.983616,['V_30CB6232B17A'],256.0,0.255983616,Answer: ,65.536,Query key: K_25078D1FB540,32,33117.0,31945,2.170355712,3906.0,context_0000,MB,synthetic_kv_32k
2170.355712,0.8820545339251744,3906.0,2EA9A1B970D0,255.983616,['V_BF0D821C1336'],256.0,0.255983616,Answer: ,65.536,Query key: K_9970EBFF8D15,32,33117.0,31945,2.170355712,3906.0,context_0000,MB,synthetic_kv_32k
2170.355712,0.8820545339251744,3906.0,11DFDD30DE89,255.983616,['V_11DFDD30DE89'],256.0,0.255983616,Answer: ,65.536,Query key: K_22F2E11B868D,32,33117.0,31945,2.170355712,3906.0,context_0000,MB,synthetic_kv_32k
2170.355712,0.8820545339251744,3906.0,11DFDD30DE89,255.983616,['V_DABACA3DD859'],256.0,0.255983616,Answer: ,65.536,Query key: K_C5CE46B82659,32,33117.0,31945,2.170355712,3906.0,context_0000,MB,synthetic_kv_32k
2170.355712,0.8820545339251744,3906.0,6A5EBF5AE7E6,255.983616,['V_C9A7EF2AE713'],256.0,0.255983616,Answer: ,65.536,Query key: K_57026A39AAA6,32,33117.0,31945,2.170355712,3906.0,context_0000,MB,synthetic_kv_32k
2170.355712,0.8820545339251744,3906.0,00A8D20F87D0,255.983616,['V_00A8D20F87D0'],256.0,0.255983616,Answer: ,65.536,Query key: K_446581FB18B3,32,33117.0,31945,2.170355712,3906.0,context_0000,MB,synthetic_kv_32k
2170.355712,0.8820545339251744,3906.0,0DE069CA97D2,255.983616,['V_D6644C6E27FF'],256.0,0.255983616,Answer: ,65.536,Query key: K_B9DE486822B9,32,33117.0,31945,2.170355712,3906.0,context_0000,MB,synthetic_kv_32k
2170.355712,0.8820545339251744,3906.0,0A8F1FFB8102D,255.983616,['V_A8F1FFB8102D'],256.0,0.255983616,Answer: ,65.536,Query key: K_947596418CED,32,33117.0,31945,2.170355712,3906.0,context_0000,MB,synthetic_kv_32k
2170.355712,0.8820545339251744,3906.0,7250260A5962,255.983616,['V_7250260A5962'],256.0,0.255983616,Answer: ,65.536,Query key: K_DD817D5911C6,32,33117.0,31945,2.170355712,3906.0,context_0000,MB,synthetic_kv_32k
2170.355712,0.8820545339251744,3906.0,551A585A0AFA,255.983616,['V_551A585A0AFA'],256.0,0.255983616,Answer: ,65.536,Query key: K_7BFD89E06AB3,32,33117.0,31945,2.170355712,3906.0,context_0000,MB,synthetic_kv_32k
2170.355712,0.8820545339251744,3906.0,0EAFF2A9DC8A,255.983616,['V_60908B1E3B9D'],256.0,0.255983616,Answer: ,65.536,Query key: K_C34B8D4A75B8,32,33117.0,31945,2.170355712,3906.0,context_0000,MB,synthetic_kv_32k
2170.355712,0.8820545339251744,3906.0,0,255.983616,['V_DE9E5260001E'],256.0,0.255983616,Answer: ,65.536,Query key: K_EECF749176F4,32,33117.0,31945,2.170355712,3906.0,context_0000,MB,synthetic_kv_32k
2170.355712,0.8820545339251744,3906.0,3D22B28F41DE,255.983616,['V_3D22B28F41DE'],256.0,0.255983616,Answer: ,65.536,Query key: K_FB14304B8590,32,33117.0,31945,2.170355712,3906.0,context_0000,MB,synthetic_kv_32k
2170.355712,0.8820545339251744,3906.0,0DE069CA97D2,255.983616,['V_DB233BCABF85'],256.0,0.255983616,Answer: ,65.536,Query key: K_620A9261549D,32,33117.0,31945,2.170355712,3906.0,context_0000,MB,synthetic_kv_32k
2170.355712,0.8820545339251744,3906.0,51740B2C782F,255.983616,['V_51740B2C782A'],256.0,0.255983616,Answer: ,65.536,Query key: K_6928C68A152F,32,33117.0,31945,2.170355712,3906.0,context_0000,MB,synthetic_kv_32k
2170.355712,0.8820545339251744,3906.0,095F40D92BCE,255.983616,['V_E9D6B489D070'],256.0,0.255983616,Answer: ,65.536,Query key: K_7914BEA4FF31,32,33117.0,31945,2.170355712,3906.0,context_0000,MB,synthetic_kv_32k
2170.355712,0.8820545339251744,3906.0,17EA8892042F,255.983616,['V_FD0862D60E93'],256.0,0.255983616,Answer: ,65.536,Query key: K_6198CFB87E6F,32,33117.0,31945,2.170355712,3906.0,context_0000,MB,synthetic_kv_32k
2170.355712,0.8820545339251744,3906.0,198670B7E868,255.983616,['V_A6EAD21C82F8'],256.0,0.255983616,Answer: ,65.536,Query key: K_CADAA9E782D4,32,33117.0,31945,2.170355712,3906.0,context_0000,MB,synthetic_kv_32k
2170.355712,0.8820545339251744,3906.0,0F5A8E6E5003,255.983616,['V_F6FE7ECDDBAF'],256.0,0.255983616,Answer: ,65.536,Query key: K_26F0FB16E5DB,32,33117.0,31945,2.170355712,3906.0,context_0000,MB,synthetic_kv_32k
2170.355712,0.8820545339251744,3906.0,0,255.983616,['V_F72180962718'],256.0,0.255983616,Answer: ,65.536,Query key: K_2051097A1E10,32,33117.0,31945,2.170355712,3906.0,context_0000,MB,synthetic_kv_32k
2170.355712,0.8820545339251744,3906.0,198670B7E868,255.983616,['V_19B1DEA4AE17'],256.0,0.255983616,Answer: ,65.536,Query key: K_54FD9716108E,32,33117.0,31945,2.170355712,3906.0,context_0000,MB,synthetic_kv_32k
2170.355712,0.8820545339251744,3906.0,198670B7E868,255.983616,['V_198670B7E868'],256.0,0.255983616,Answer: ,65.536,Query key: K_D854DFCAF0B7,32,33117.0,31945,2.170355712,3906.0,context_0000,MB,synthetic_kv_32k
2170.355712,0.8820545339251744,3906.0,03ED74F93D17,255.983616,['V_03ED74F93D17'],256.0,0.255983616,Answer: ,65.536,Query key: K_E91286A4BAE4,32,33117.0,31945,2.170355712,3906.0,context_0000,MB,synthetic_kv_32k
2170.355712,0.8820545339251744,3906.0,03ED74F93D17,255.983616,['V_DEF568F45BCE'],256.0,0.255983616,Answer: ,65.536,Query key: K_24E7B8F21423,32,33117.0,31945,2.170355712,3906.0,context_0000,MB,synthetic_kv_32k
2170.355712,0.8820545339251744,3906.0,13272784378F,255.983616,['V_13272784378F'],256.0,0.255983616,Answer: ,65.536,Query key: K_F84FA79FBFAF,32,33117.0,31945,2.170355712,3906.0,context_0000,MB,synthetic_kv_32k
2170.355712,0.8820545339251744,3906.0,43D8F81DBAA1,255.983616,['V_43D8F81DBAA1'],256.0,0.255983616,Answer: ,65.536,Query key: K_C81278308930,32,33117.0,31945,2.170355712,3906.0,context_0000,MB,synthetic_kv_32k
2170.355712,0.8820545339251744,3906.0,65C1B15516BC,255.983616,['V_65C1B15516BC'],256.0,0.255983616,Answer: ,65.536,Query key: K_9F8D56ABF2F1,32,33117.0,31945,2.170355712,3906.0,context_0000,MB,synthetic_kv_32k
2170.355712,0.8820545339251744,3906.0,541CDA0D4A5F,255.983616,['V_541CDA0D4A5F'],256.0,0.255983616,Answer: ,65.536,Query key: K_148FA65BB1F2,32,33117.0,31945,2.170355712,3906.0,context_0000,MB,synthetic_kv_32k
2170.355712,0.8820545339251744,3906.0,889BDBFDD97E,255.983616,['V_889BDBFDD97E'],256.0,0.255983616,Answer: ,65.536,Query key: K_ACA2DA330AA1,32,33117.0,31945,2.170355712,3906.0,context_0000,MB,synthetic_kv_32k
2170.355712,0.8820545339251744,3906.0,889BDBFDD97E,255.983616,['V_A0755110B492'],256.0,0.255983616,Answer: ,65.536,Query key: K_F44261484BB3,32,33117.0,31945,2.170355712,3906.0,context_0000,MB,synthetic_kv_32k
2170.355712,0.8820545339251744,3906.0,7CEAC268283E,255.983616,['V_7CEAC268283E'],256.0,0.255983616,Answer: ,65.536,Query key: K_E32FB7FDDD71,32,33117.0,31945,2.170355712,3906.0,context_0000,MB,synthetic_kv_32k
2170.355712,0.8820545339251744,3906.0,9E110930AEF6,255.983616,['V_9E110930AEF6'],256.0,0.255983616,Answer: ,65.536,Query key: K_8A80DF547E50,32,33117.0,31945,2.170355712,3906.0,context_0000,MB,synthetic_kv_32k
2170.355712,0.8820545339251744,3906.0,054FF366BAD4,255.983616,['V_AF34A193C4B2'],256.0,0.255983616,Answer: ,65.536,Query key: K_3C19118405AD,32,33117.0,31945,2.170355712,3906.0,context_0000,MB,synthetic_kv_32k
2170.355712,0.8820545339251744,3906.0,0,255.983616,['V_3A3CFF574E2B'],256.0,0.255983616,Answer: ,65.536,Query key: K_4991EBC2026F,32,33117.0,31945,2.170355712,3906.0,context_0000,MB,synthetic_kv_32k
2170.355712,0.8820545339251744,3906.0,0A4EA6D964A3,255.983616,['V_FA746F18C108'],256.0,0.255983616,Answer: ,65.536,Query key: K_1723BF2C14A0,32,33117.0,31945,2.170355712,3906.0,context_0000,MB,synthetic_kv_32k
2170.355712,0.8820545339251744,3906.0,918C,255.983616,['V_B432A23D4C2F'],256.0,0.255983616,Answer: ,65.536,Query key: K_C2A71933918C,32,33117.0,31945,2.170355712,3906.0,context_0000,MB,synthetic_kv_32k
2170.355712,0.8820545339251744,3906.0,2A967194EAE2,255.983616,['V_2A967194EAE2'],256.0,0.255983616,Answer: ,65.536,Query key: K_19BADF615A5C,32,33117.0,31945,2.170355712,3906.0,context_0000,MB,synthetic_kv_32k
2170.355712,0.8820545339251744,3906.0,0769E746CCB9,255.983616,['V_0769E746CCB9'],256.0,0.255983616,Answer: ,65.536,Query key: K_4CA9B1AA0F6A,32,33117.0,31945,2.170355712,3906.0,context_0000,MB,synthetic_kv_32k
2170.355712,0.8820545339251744,3906.0,0E5DCBD00EF2,255.983616,['V_0E5DCBD00EF2'],256.0,0.255983616,Answer: ,65.536,Query key: K_530A0BC61066,32,33117.0,31945,2.170355712,3906.0,context_0000,MB,synthetic_kv_32k
2170.355712,0.8820545339251744,3906.0,7ED7B194990B,255.983616,['V_6E415FF595EA'],256.0,0.255983616,Answer: ,65.536,Query key: K_5BC44B1A269B,32,33117.0,31945,2.170355712,3906.0,context_0000,MB,synthetic_kv_32k
2170.355712,0.8820545339251744,3906.0,697C87FA841A,255.983616,['V_697C87FA841A'],256.0,0.255983616,Answer: ,65.536,Query key: K_3E8325440FE0,32,33117.0,31945,2.170355712,3906.0,context_0000,MB,synthetic_kv_32k
2170.355712,0.8820545339251744,3906.0,2E18CAE28E66,255.983616,['V_2E18CAE28E66'],256.0,0.255983616,Answer: ,65.536,Query key: K_AE8A90E0A95B,32,33117.0,31945,2.170355712,3906.0,context_0000,MB,synthetic_kv_32k
2170.355712,0.8820545339251744,3906.0,0,255.983616,['V_9C0714374509'],256.0,0.255983616,Answer: ,65.536,Query key: K_2CD12B840C67,32,33117.0,31945,2.170355712,3906.0,context_0000,MB,synthetic_kv_32k
2170.355712,0.8820545339251744,3906.0,17,255.983616,['V_AEE19EA556AA'],256.0,0.255983616,Answer: ,65.536,Query key: K_61EEDEEF580F,32,33117.0,31945,2.170355712,3906.0,context_0000,MB,synthetic_kv_32k
2170.355712,0.8820545339251744,3906.0,9549E9AF299D,255.983616,['V_9549E9AF299D'],256.0,0.255983616,Answer: ,65.536,Query key: K_7F673DA70577,32,33117.0,31945,2.170355712,3906.0,context_0000,MB,synthetic_kv_32k
2170.355712,0.8820545339251744,3906.0,177D07D924CE,255.983616,['V_A34D760DEBBB'],256.0,0.255983616,Answer: ,65.536,Query key: K_3B7024A35CF2,32,33117.0,31945,2.170355712,3906.0,context_0000,MB,synthetic_kv_32k
2170.355712,0.8820545339251744,3906.0,0,255.983616,['V_AAB6415D174A'],256.0,0.255983616,Answer: ,65.536,Query key: K_75A64104A8B5,32,33117.0,31945,2.170355712,3906.0,context_0000,MB,synthetic_kv_32k
2170.355712,0.8820545339251744,3906.0,771ACDFC6EE0,255.983616,['V_771ACDFC6EE0'],256.0,0.255983616,Answer: ,65.536,Query key: K_E61E0267DEB3,32,33117.0,31945,2.170355712,3906.0,context_0000,MB,synthetic_kv_32k
2170.355712,0.8820545339251744,3906.0,8BEDAD77E82F,255.983616,['V_8BEDAD77E82F'],256.0,0.255983616,Answer: ,65.536,Query key: K_49A2E6B5A92C,32,33117.0,31945,2.170355712,3906.0,context_0000,MB,synthetic_kv_32k
2170.355712,0.8820545339251744,3906.0,12E828711733,255.983616,['V_F1FA711533F3'],256.0,0.255983616,Answer: ,65.536,Query key: K_12E828711733,32,33117.0,31945,2.170355712,3906.0,context_0000,MB,synthetic_kv_32k
2170.355712,0.8820545339251744,3906.0,4C95966B1964,255.983616,['V_4C95966B1964'],256.0,0.255983616,Answer: ,65.536,Query key: K_FCD65876FD09,32,33117.0,31945,2.170355712,3906.0,context_0000,MB,synthetic_kv_32k
2170.355712,0.8820545339251744,3906.0,17EA8892042F,255.983616,['V_B0B86C9F82B9'],256.0,0.255983616,Answer: ,65.536,Query key: K_F647A3917C99,32,33117.0,31945,2.170355712,3906.0,context_0000,MB,synthetic_kv_32k
2170.355712,0.8820545339251744,3906.0,4D57D865D69A,255.983616,['V_4D57D865D69A'],256.0,0.255983616,Answer: ,65.536,Query key: K_74F340066FF2,32,33117.0,31945,2.170355712,3906.0,context_0000,MB,synthetic_kv_32k
2170.355712,0.8820545339251744,3906.0,17EA8892042F,255.983616,['V_DA74627B41A1'],256.0,0.255983616,Answer: ,65.536,Query key: K_FFD632FFE294,32,33117.0,31945,2.170355712,3906.0,context_0000,MB,synthetic_kv_32k
2170.355712,0.8820545339251744,3906.0,61A13CB98350,255.983616,['V_61A13CB98350'],256.0,0.255983616,Answer: ,65.536,Query key: K_1B4D7BB38605,32,33117.0,31945,2.170355712,3906.0,context_0000,MB,synthetic_kv_32k
2170.355712,0.8820545339251744,3906.0,4BBE9326DFFD,255.983616,['V_4BBE9326DFFD'],256.0,0.255983616,Answer: ,65.536,Query key: K_5BE492698698,32,33117.0,31945,2.170355712,3906.0,context_0000,MB,synthetic_kv_32k
2170.355712,0.8820545339251744,3906.0,4BBE9326DFFD,255.983616,['V_059D4B943E30'],256.0,0.255983616,Answer: ,65.536,Query key: K_B303FE2110D0,32,33117.0,31945,2.170355712,3906.0,context_0000,MB,synthetic_kv_32k
2170.355712,0.8820545339251744,3906.0,6553A881BFD3,255.983616,['V_6553A881BFD3'],256.0,0.255983616,Answer: ,65.536,Query key: K_D47DFA5A91CA,32,33117.0,31945,2.170355712,3906.0,context_0000,MB,synthetic_kv_32k
2170.355712,0.8820545339251744,3906.0,0212464458B4,255.983616,['V_DD7590E0B95F'],256.0,0.255983616,Answer: ,65.536,Query key: K_0212464458B4,32,33117.0,31945,2.170355712,3906.0,context_0000,MB,synthetic_kv_32k
2170.355712,0.8820545339251744,3906.0,6553A881BFD3,255.983616,['V_F93EBEA29DFE'],256.0,0.255983616,Answer: ,65.536,Query key: K_C73FAF908E3C,32,33117.0,31945,2.170355712,3906.0,context_0000,MB,synthetic_kv_32k
2170.355712,0.8820545339251744,3906.0,03ED74F93D17,255.983616,['V_BEC39B3D74BD'],256.0,0.255983616,Answer: ,65.536,Query key: K_E91E0C8E29E3,32,33117.0,31945,2.170355712,3906.0,context_0000,MB,synthetic_kv_32k
2170.355712,0.8820545339251744,3906.0,177774685B98,255.983616,['V_E726E776B886'],256.0,0.255983616,Answer: ,65.536,Query key: K_D5347F2984F5,32,33117.0,31945,2.170355712,3906.0,context_0000,MB,synthetic_kv_32k
2170.355712,0.8820545339251744,3906.0,3AE9CC8218DA,255.983616,['V_3AE9CC8218DA'],256.0,0.255983616,Answer: ,65.536,Query key: K_C6964944051B,32,33117.0,31945,2.170355712,3906.0,context_0000,MB,synthetic_kv_32k
2170.355712,0.8820545339251744,3906.0,38105A31B4CC,255.983616,['V_38105A31B4CC'],256.0,0.255983616,Answer: ,65.536,Query key: K_CD4B9B689C88,32,33117.0,31945,2.170355712,3906.0,context_0000,MB,synthetic_kv_32k
2170.355712,0.8820545339251744,3906.0,40299EF2B93E,255.983616,['V_40299EF2B93E'],256.0,0.255983616,Answer: ,65.536,Query key: K_30ACA2F963A3,32,33117.0,31945,2.170355712,3906.0,context_0000,MB,synthetic_kv_32k
2170.355712,0.8820545339251744,3906.0,0,255.983616,['V_C478B88EC318'],256.0,0.255983616,Answer: ,65.536,Query key: K_C16DAD81F8BD,32,33117.0,31945,2.170355712,3906.0,context_0000,MB,synthetic_kv_32k
2170.355712,0.8820545339251744,3906.0,2303D69D42F1,255.983616,['V_2303D69D42F1'],256.0,0.255983616,Answer: ,65.536,Query key: K_AE4CA8C01F05,32,33117.0,31945,2.170355712,3906.0,context_0000,MB,synthetic_kv_32k
2170.355712,0.8820545339251744,3906.0,033D575AED2C,255.983616,['V_A0A1E7457704'],256.0,0.255983616,Answer: ,65.536,Query key: K_18DFA0D4DE3D,32,33117.0,31945,2.170355712,3906.0,context_0000,MB,synthetic_kv_32k
2170.355712,0.8820545339251744,3906.0,5F8964D6DFBF,255.983616,['V_C9E24F1639A0'],256.0,0.255983616,Answer: ,65.536,Query key: K_0A17A5769411,32,33117.0,31945,2.170355712,3906.0,context_0000,MB,synthetic_kv_32k
2170.355712,0.8820545339251744,3906.0,5D67945EF2E4,255.983616,['V_5D67945EF2E4'],256.0,0.255983616,Answer: ,65.536,Query key: K_088A70D9C9F8,32,33117.0,31945,2.170355712,3906.0,context_0000,MB,synthetic_kv_32k
2170.355712,0.8820545339251744,3906.0,21A4BB7BEE03,255.983616,['V_E8DD1712FB16'],256.0,0.255983616,Answer: ,65.536,Query key: K_21A4BB7BEE03,32,33117.0,31945,2.170355712,3906.0,context_0000,MB,synthetic_kv_32k
2170.355712,0.8820545339251744,3906.0,6A5EBF5AE7E6,255.983616,['V_6A5EBF5AE7E6'],256.0,0.255983616,Answer: ,65.536,Query key: K_53A34B8C5BDC,32,33117.0,31945,2.170355712,3906.0,context_0000,MB,synthetic_kv_32k
2170.355712,0.8820545339251744,3906.0,2C91A3404F08,255.983616,['V_C95821D53971'],256.0,0.255983616,Answer: ,65.536,Query key: K_33672CF6BF75,32,33117.0,31945,2.170355712,3906.0,context_0000,MB,synthetic_kv_32k
2170.355712,0.8820545339251744,3906.0,5DA8F8B38A8B,255.983616,['V_5DA8F8B38A8B'],256.0,0.255983616,Answer: ,65.536,Query key: K_E05F8A16A06C,32,33117.0,31945,2.170355712,3906.0,context_0000,MB,synthetic_kv_32k
2170.355712,0.8820545339251744,3906.0,45C4E9DA484A,255.983616,['V_45C4E9DA484A'],256.0,0.255983616,Answer: ,65.536,Query key: K_807587E5F0FE,32,33117.0,31945,2.170355712,3906.0,context_0000,MB,synthetic_kv_32k
2170.355712,0.8820545339251744,3906.0,09398BABCE3B,255.983616,['V_E9FF41C8CA8C'],256.0,0.255983616,Answer: ,65.536,Query key: K_2A1FD499DA99,32,33117.0,31945,2.170355712,3906.0,context_0000,MB,synthetic_kv_32k
2170.355712,0.8820545339251744,3906.0,09CB43F59A85,255.983616,['V_F7A67B5A611A'],256.0,0.255983616,Answer: ,65.536,Query key: K_F1B6D31EDF1A,32,33117.0,31945,2.170355712,3906.0,context_0000,MB,synthetic_kv_32k
2170.355712,0.8820545339251744,3906.0,09CB43F59A85,255.983616,['V_DED2BF1E8366'],256.0,0.255983616,Answer: ,65.536,Query key: K_4B8ECE7607AD,32,33117.0,31945,2.170355712,3906.0,context_0000,MB,synthetic_kv_32k
2170.355712,0.8820545339251744,3906.0,77E41D7BC313,255.983616,['V_77E41D7BC313'],256.0,0.255983616,Answer: ,65.536,Query key: K_CDE256B60AFC,32,33117.0,31945,2.170355712,3906.0,context_0000,MB,synthetic_kv_32k
2170.355712,0.8820545339251744,3906.0,680A2A935D62,255.983616,['V_C1102408A6DC'],256.0,0.255983616,Answer: ,65.536,Query key: K_1346F6802CDB,32,33117.0,31945,2.170355712,3906.0,context_0000,MB,synthetic_kv_32k
2170.355712,0.8820545339251744,3906.0,09CB43F59A85,255.983616,['V_AD23DC322C97'],256.0,0.255983616,Answer: ,65.536,Query key: K_39C1F76C8EDE,32,33117.0,31945,2.170355712,3906.0,context_0000,MB,synthetic_kv_32k
2170.355712,0.8820545339251744,3906.0,09CB43F59A85,255.983616,['V_65BCFADD7EA3'],256.0,0.255983616,Answer: ,65.536,Query key: K_ACA5B966442A,32,33117.0,31945,2.170355712,3906.0,context_0000,MB,synthetic_kv_32k
2170.355712,0.8820545339251744,3906.0,8EACCDF974A7,255.983616,['V_8EACCDF974A7'],256.0,0.255983616,Answer: ,65.536,Query key: K_D882F79EFD70,32,33117.0,31945,2.170355712,3906.0,context_0000,MB,synthetic_kv_32k
2170.355712,0.8820545339251744,3906.0,6502CA6A2224,255.983616,['V_6502CA6A2224'],256.0,0.255983616,Answer: ,65.536,Query key: K_171E5DA36F1B,32,33117.0,31945,2.170355712,3906.0,context_0000,MB,synthetic_kv_32k
2170.355712,0.8820545339251744,3906.0,1FA3895CCD99,255.983616,['V_1FA3895CCD99'],256.0,0.255983616,Answer: ,65.536,Query key: K_43B303902C5D,32,33117.0,31945,2.170355712,3906.0,context_0000,MB,synthetic_kv_32k
2170.355712,0.8820545339251744,3906.0,17EA8892042F,255.983616,['V_BFBFAC3E7B0D'],256.0,0.255983616,Answer: ,65.536,Query key: K_5E5B746CDB77,32,33117.0,31945,2.170355712,3906.0,context_0000,MB,synthetic_kv_32k
2170.355712,0.8820545339251744,3906.0,1FA3895CCD99,255.983616,['V_618A95A5BAFA'],256.0,0.255983616,Answer: ,65.536,Query key: K_431DAC1E86D8,32,33117.0,31945,2.170355712,3906.0,context_0000,MB,synthetic_kv_32k
2170.355712,0.8820545339251744,3906.0,5F18F0B6F83F,255.983616,['V_5F18F0B6F83F'],256.0,0.255983616,Answer: ,65.536,Query key: K_A377D289F0AB,32,33117.0,31945,2.170355712,3906.0,context_0000,MB,synthetic_kv_32k
2170.355712,0.8820545339251744,3906.0,5F18F0B6F83F,255.983616,['V_78B23BDBC09E'],256.0,0.255983616,Answer: ,65.536,Query key: K_ACC21BBC91F7,32,33117.0,31945,2.170355712,3906.0,context_0000,MB,synthetic_kv_32k
2170.355712,0.8820545339251744,3906.0,9F70CB3CF8CA,255.983616,['V_F173E25D36EB'],256.0,0.255983616,Answer: ,65.536,Query key: K_9E9A066803EE,32,33117.0,31945,2.170355712,3906.0,context_0000,MB,synthetic_kv_32k
2170.355712,0.8820545339251744,3906.0,9C2EEA4E3617,255.983616,['V_9C2EEA4E3617'],256.0,0.255983616,Answer: ,65.536,Query key: K_53F88FB864E4,32,33117.0,31945,2.170355712,3906.0,context_0000,MB,synthetic_kv_32k
2170.355712,0.8820545339251744,3906.0,9C2EEA4E3617,255.983616,['V_A2A9102EFDE5'],256.0,0.255983616,Answer: ,65.536,Query key: K_A5CC38AB854C,32,33117.0,31945,2.170355712,3906.0,context_0000,MB,synthetic_kv_32k
2170.355712,0.8820545339251744,3906.0,1DDE688613DB,255.983616,['V_B379E8CDA0CC'],256.0,0.255983616,Answer: ,65.536,Query key: K_76DAD2E82F38,32,33117.0,31945,2.170355712,3906.0,context_0000,MB,synthetic_kv_32k
2170.355712,0.8820545339251744,3906.0,1DDE688613DB,255.983616,['V_1DDE688613DB'],256.0,0.255983616,Answer: ,65.536,Query key: K_A6344D5C55C7,32,33117.0,31945,2.170355712,3906.0,context_0000,MB,synthetic_kv_32k
2170.355712,0.8820545339251744,3906.0,0986F23E323D,255.983616,['V_0986F23E323D'],256.0,0.255983616,Answer: ,65.536,Query key: K_0B9B23C86D30,32,33117.0,31945,2.170355712,3906.0,context_0000,MB,synthetic_kv_32k
2170.355712,0.8820545339251744,3906.0,1,255.983616,['V_1DBA7E1CA5A1'],256.0,0.255983616,Answer: ,65.536,Query key: K_FEF54DEAD645,32,33117.0,31945,2.170355712,3906.0,context_0000,MB,synthetic_kv_32k
2170.355712,0.8820545339251744,3906.0,899CE3236D1A,255.983616,['V_899CE3236D1A'],256.0,0.255983616,Answer: ,65.536,Query key: K_3C1B18E19331,32,33117.0,31945,2.170355712,3906.0,context_0000,MB,synthetic_kv_32k
2170.355712,0.8820545339251744,3906.0,5EFA7421FF46,255.983616,['V_5EFA7421FF46'],256.0,0.255983616,Answer: ,65.536,Query key: K_637E22BAE10E,32,33117.0,31945,2.170355712,3906.0,context_0000,MB,synthetic_kv_32k
2170.355712,0.8820545339251744,3906.0,5EFA7421FF46,255.983616,['V_B24CBE3E6E57'],256.0,0.255983616,Answer: ,65.536,Query key: K_F30AABA4FC03,32,33117.0,31945,2.170355712,3906.0,context_0000,MB,synthetic_kv_32k
2170.355712,0.8820545339251744,3906.0,5E09AF88BDEC,255.983616,['V_965B6B4BE411'],256.0,0.255983616,Answer: ,65.536,Query key: K_8A4AF22B5B98,32,33117.0,31945,2.170355712,3906.0,context_0000,MB,synthetic_kv_32k
2170.355712,0.8820545339251744,3906.0,2303D69D42F1,255.983616,['V_E2AA278ED00D'],256.0,0.255983616,Answer: ,65.536,Query key: K_BA02BE055787,32,33117.0,31945,2.170355712,3906.0,context_0000,MB,synthetic_kv_32k
2170.355712,0.8820545339251744,3906.0,5F90FB25664D,255.983616,['V_D56C19597B5A'],256.0,0.255983616,Answer: ,65.536,Query key: K_A7A86A35DF59,32,33117.0,31945,2.170355712,3906.0,context_0000,MB,synthetic_kv_32k
2170.355712,0.8820545339251744,3906.0,1FE7D9178793,255.983616,['V_F065687A4850'],256.0,0.255983616,Answer: ,65.536,Query key: K_9D9B7D45D8EF,32,33117.0,31945,2.170355712,3906.0,context_0000,MB,synthetic_kv_32k
2170.355712,0.8820545339251744,3906.0,989DE15CA666,255.983616,['V_B0B608601833'],256.0,0.255983616,Answer: ,65.536,Query key: K_479DF396EA37,32,33117.0,31945,2.170355712,3906.0,context_0000,MB,synthetic_kv_32k
2170.355712,0.8820545339251744,3906.0,71D771818DCF,255.983616,['V_71D771818DCF'],256.0,0.255983616,Answer: ,65.536,Query key: K_379E5EDB0D3C,32,33117.0,31945,2.170355712,3906.0,context_0000,MB,synthetic_kv_32k
2170.355712,0.8820545339251744,3906.0,5CD8DAFEC8A9,255.983616,['V_5CD8DAFEC8A9'],256.0,0.255983616,Answer: ,65.536,Query key: K_3C71F3579560,32,33117.0,31945,2.170355712,3906.0,context_0000,MB,synthetic_kv_32k
2170.355712,0.8820545339251744,3906.0,5E09AF88BDEC,255.983616,['V_5E09AF88BDEC'],256.0,0.255983616,Answer: ,65.536,Query key: K_FB1E196F4DFA,32,33117.0,31945,2.170355712,3906.0,context_0000,MB,synthetic_kv_32k
2170.355712,0.8820545339251744,3906.0,0CF20577AEA9,255.983616,['V_A513FA53E34D'],256.0,0.255983616,Answer: ,65.536,Query key: K_E6D58B621D41,32,33117.0,31945,2.170355712,3906.0,context_0000,MB,synthetic_kv_32k
2170.355712,0.8820545339251744,3906.0,46A065EC7ACD,255.983616,['V_46A065EC7ACD'],256.0,0.255983616,Answer: ,65.536,Query key: K_0F805BD20C98,32,33117.0,31945,2.170355712,3906.0,context_0000,MB,synthetic_kv_32k
2170.355712,0.8820545339251744,3906.0,177774685B98,255.983616,['V_F2F21F45DBFD'],256.0,0.255983616,Answer: ,65.536,Query key: K_F7DC30974B2B,32,33117.0,31945,2.170355712,3906.0,context_0000,MB,synthetic_kv_32k
2170.355712,0.8820545339251744,3906.0,177774685B98,255.983616,['V_177774685B98'],256.0,0.255983616,Answer: ,65.536,Query key: K_D2FED918B3E5,32,33117.0,31945,2.170355712,3906.0,context_0000,MB,synthetic_kv_32k
2170.355712,0.8820545339251744,3906.0,364CA9AB364A,255.983616,['V_A3B5A446BE72'],256.0,0.255983616,Answer: ,65.536,Query key: K_364CA9AB364A,32,33117.0,31945,2.170355712,3906.0,context_0000,MB,synthetic_kv_32k
2170.355712,0.8820545339251744,3906.0,0CF20577AEA9,255.983616,['V_0CF20577AEA9'],256.0,0.255983616,Answer: ,65.536,Query key: K_F89998DE8EBB,32,33117.0,31945,2.170355712,3906.0,context_0000,MB,synthetic_kv_32k
2170.355712,0.8820545339251744,3906.0,0CF20577AEA9,255.983616,['V_FD233E5A87E3'],256.0,0.255983616,Answer: ,65.536,Query key: K_5560C96B5EDB,32,33117.0,31945,2.170355712,3906.0,context_0000,MB,synthetic_kv_32k
2170.355712,0.8820545339251744,3906.0,348890882EAF,255.983616,['V_348890882EAF'],256.0,0.255983616,Answer: ,65.536,Query key: K_C977203C8C25,32,33117.0,31945,2.170355712,3906.0,context_0000,MB,synthetic_kv_32k
2170.355712,0.8820545339251744,3906.0,6DE3A8149562,255.983616,['V_8DE0C3E15A85'],256.0,0.255983616,Answer: ,65.536,Query key: K_D46E11906F50,32,33117.0,31945,2.170355712,3906.0,context_0000,MB,synthetic_kv_32k
2170.355712,0.8820545339251744,3906.0,1D0BE9B5C5CF,255.983616,['V_D0243748967F'],256.0,0.255983616,Answer: ,65.536,Query key: K_961D350843F0,32,33117.0,31945,2.170355712,3906.0,context_0000,MB,synthetic_kv_32k
2170.355712,0.8820545339251744,3906.0,6C3D9E2AA4AC,255.983616,['V_C63D541C7A86'],256.0,0.255983616,Answer: ,65.536,Query key: K_3BA5DEA45C19,32,33117.0,31945,2.170355712,3906.0,context_0000,MB,synthetic_kv_32k
2170.355712,0.8820545339251744,3906.0,9892E68933A9,255.983616,['V_9892E68933A9'],256.0,0.255983616,Answer: ,65.536,Query key: K_C9E425C61C45,32,33117.0,31945,2.170355712,3906.0,context_0000,MB,synthetic_kv_32k
2170.355712,0.8820545339251744,3906.0,09CB43F59A85,255.983616,['V_FBE9DBC080FD'],256.0,0.255983616,Answer: ,65.536,Query key: K_46FB00B9D4A3,32,33117.0,31945,2.170355712,3906.0,context_0000,MB,synthetic_kv_32k
2170.355712,0.8820545339251744,3906.0,8A4B21472A15,255.983616,['V_8A4B21472A15'],256.0,0.255983616,Answer: ,65.536,Query key: K_FCCE250A4578,32,33117.0,31945,2.170355712,3906.0,context_0000,MB,synthetic_kv_32k
2170.355712,0.8820545339251744,3906.0,1C242CABD7E7,255.983616,['V_1C242CABD7E7'],256.0,0.255983616,Answer: ,65.536,Query key: K_CC6B402ADF9C,32,33117.0,31945,2.170355712,3906.0,context_0000,MB,synthetic_kv_32k
2170.355712,0.8820545339251744,3906.0,21BD06998731,255.983616,['V_21BD06998731'],256.0,0.255983616,Answer: ,65.536,Query key: K_DDCFA93B12CD,32,33117.0,31945,2.170355712,3906.0,context_0000,MB,synthetic_kv_32k
2170.355712,0.8820545339251744,3906.0,9C7C79A28903,255.983616,['V_C9D6CA3C6F5F'],256.0,0.255983616,Answer: ,65.536,Query key: K_5BB503CDE2E3,32,33117.0,31945,2.170355712,3906.0,context_0000,MB,synthetic_kv_32k
2170.355712,0.8820545339251744,3906.0,040A52E2AFD9,255.983616,['V_040A52E2AFD9'],256.0,0.255983616,Answer: ,65.536,Query key: K_96BF3CE915E7,32,33117.0,31945,2.170355712,3906.0,context_0000,MB,synthetic_kv_32k
2170.355712,0.8820545339251744,3906.0,20730D6A05B3,255.983616,['V_20730D6A05B3'],256.0,0.255983616,Answer: ,65.536,Query key: K_43EF2C9B662E,32,33117.0,31945,2.170355712,3906.0,context_0000,MB,synthetic_kv_32k
2170.355712,0.8820545339251744,3906.0,1D1886AD8A8C,255.983616,['V_1D1886AD8A8C'],256.0,0.255983616,Answer: ,65.536,Query key: K_6BC4BDE13C1B,32,33117.0,31945,2.170355712,3906.0,context_0000,MB,synthetic_kv_32k
2170.355712,0.8820545339251744,3906.0,1D53B88139B9,255.983616,['V_72C279EB4168'],256.0,0.255983616,Answer: ,65.536,Query key: K_1045BEE3EB79,32,33117.0,31945,2.170355712,3906.0,context_0000,MB,synthetic_kv_32k
2170.355712,0.8820545339251744,3906.0,97FA83639007,255.983616,['V_97FA83639007'],256.0,0.255983616,Answer: ,65.536,Query key: K_5CAEC72C1FE3,32,33117.0,31945,2.170355712,3906.0,context_0000,MB,synthetic_kv_32k
2170.355712,0.8820545339251744,3906.0,38B780FB9296,255.983616,['V_38B780FB9296'],256.0,0.255983616,Answer: ,65.536,Query key: K_73B61BEAF6AC,32,33117.0,31945,2.170355712,3906.0,context_0000,MB,synthetic_kv_32k
2170.355712,0.8820545339251744,3906.0,17EA8892042F,255.983616,['V_BA2C0B19F88E'],256.0,0.255983616,Answer: ,65.536,Query key: K_9D77F206C269,32,33117.0,31945,2.170355712,3906.0,context_0000,MB,synthetic_kv_32k
2170.355712,0.8820545339251744,3906.0,4D37857DD3B3,255.983616,['V_A8ADDDF275EB'],256.0,0.255983616,Answer: ,65.536,Query key: K_E8A3C8819065,32,33117.0,31945,2.170355712,3906.0,context_0000,MB,synthetic_kv_32k
2170.355712,0.8820545339251744,3906.0,0EAFF2A9DC8A,255.983616,['V_A4B175424646'],256.0,0.255983616,Answer: ,65.536,Query key: K_4D37857DD3B3,32,33117.0,31945,2.170355712,3906.0,context_0000,MB,synthetic_kv_32k
2170.355712,0.8820545339251744,3906.0,0EAFF2A9DC8A,255.983616,['V_FFA30F9240E1'],256.0,0.255983616,Answer: ,65.536,Query key: K_07F9F6CA6B8B,32,33117.0,31945,2.170355712,3906.0,context_0000,MB,synthetic_kv_32k
2170.355712,0.8820545339251744,3906.0,6D2066D06371,255.983616,['V_6D2066D06371'],256.0,0.255983616,Answer: ,65.536,Query key: K_D8E87A9E8EEF,32,33117.0,31945,2.170355712,3906.0,context_0000,MB,synthetic_kv_32k
2170.355712,0.8820545339251744,3906.0,1BA3AFA415E5,255.983616,['V_B65F7D824264'],256.0,0.255983616,Answer: ,65.536,Query key: K_1BA3AFA415E5,32,33117.0,31945,2.170355712,3906.0,context_0000,MB,synthetic_kv_32k
2170.355712,0.8820545339251744,3906.0,25F99BB96155,255.983616,['V_E63612D0498D'],256.0,0.255983616,Answer: ,65.536,Query key: K_718DE8E22743,32,33117.0,31945,2.170355712,3906.0,context_0000,MB,synthetic_kv_32k
2170.355712,0.8820545339251744,3906.0,25F99BB96155,255.983616,['V_25F99BB96155'],256.0,0.255983616,Answer: ,65.536,Query key: K_527514AEAF5C,32,33117.0,31945,2.170355712,3906.0,context_0000,MB,synthetic_kv_32k
2170.355712,0.8820545339251744,3906.0,9FD3466772CE,255.983616,['V_9FD3466772CE'],256.0,0.255983616,Answer: ,65.536,Query key: K_204E10D08D11,32,33117.0,31945,2.170355712,3906.0,context_0000,MB,synthetic_kv_32k
2170.355712,0.8820545339251744,3906.0,6C5A871C0884,255.983616,['V_B64F8C611654'],256.0,0.255983616,Answer: ,65.536,Query key: K_95DAA21150F9,32,33117.0,31945,2.170355712,3906.0,context_0000,MB,synthetic_kv_32k
2170.355712,0.8820545339251744,3906.0,9FD3466772CE,255.983616,['V_98EEFE9FECAA'],256.0,0.255983616,Answer: ,65.536,Query key: K_6182533F5A72,32,33117.0,31945,2.170355712,3906.0,context_0000,MB,synthetic_kv_32k
2170.355712,0.8820545339251744,3906.0,816B7426B193,255.983616,['V_816B7426B193'],256.0,0.255983616,Answer: ,65.536,Query key: K_4B7E87D292A6,32,33117.0,31945,2.170355712,3906.0,context_0000,MB,synthetic_kv_32k
2170.355712,0.8820545339251744,3906.0,09CB43F59A85,255.983616,['V_CB081963C26D'],256.0,0.255983616,Answer: ,65.536,Query key: K_6E219AFD4015,32,33117.0,31945,2.170355712,3906.0,context_0000,MB,synthetic_kv_32k
2170.355712,0.8820545339251744,3906.0,6E19370BC063,255.983616,['V_A79BDA509FED'],256.0,0.255983616,Answer: ,65.536,Query key: K_1D4AB3A7D0E0,32,33117.0,31945,2.170355712,3906.0,context_0000,MB,synthetic_kv_32k
2170.355712,0.8820545339251744,3906.0,8D24C4DABDDB,255.983616,['V_8D24C4DABDDB'],256.0,0.255983616,Answer: ,65.536,Query key: K_E0B1A6A27967,32,33117.0,31945,2.170355712,3906.0,context_0000,MB,synthetic_kv_32k
2170.355712,0.8820545339251744,3906.0,6E19370BC063,255.983616,['V_6E19370BC063'],256.0,0.255983616,Answer: ,65.536,Query key: K_DD90B888F6ED,32,33117.0,31945,2.170355712,3906.0,context_0000,MB,synthetic_kv_32k
2170.355712,0.8820545339251744,3906.0,69EF3A7E8E14,255.983616,['V_69EF3A7E8E14'],256.0,0.255983616,Answer: ,65.536,Query key: K_E35973991A47,32,33117.0,31945,2.170355712,3906.0,context_0000,MB,synthetic_kv_32k
2170.355712,0.8820545339251744,3906.0,661374188109,255.983616,['V_661374188109'],256.0,0.255983616,Answer: ,65.536,Query key: K_D3D156C438E4,32,33117.0,31945,2.170355712,3906.0,context_0000,MB,synthetic_kv_32k
2170.355712,0.8820545339251744,3906.0,6E19370BC063,255.983616,['V_500318578BAF'],256.0,0.255983616,Answer: ,65.536,Query key: K_BAC76A7E4C36,32,33117.0,31945,2.170355712,3906.0,context_0000,MB,synthetic_kv_32k
2170.355712,0.8820545339251744,3906.0,4140AA448259,255.983616,['V_4140AA448259'],256.0,0.255983616,Answer: ,65.536,Query key: K_50016D4067F4,32,33117.0,31945,2.170355712,3906.0,context_0000,MB,synthetic_kv_32k
2170.355712,0.8820545339251744,3906.0,109,255.983616,['V_AFD32713582C'],256.0,0.255983616,Answer: ,65.536,Query key: K_F41E5FD23109,32,33117.0,31945,2.170355712,3906.0,context_0000,MB,synthetic_kv_32k
2170.355712,0.8820545339251744,3906.0,175A112FA612,255.983616,['V_175A112FA612'],256.0,0.255983616,Answer: ,65.536,Query key: K_7969EC48BF55,32,33117.0,31945,2.170355712,3906.0,context_0000,MB,synthetic_kv_32k
2170.355712,0.8820545339251744,3906.0,6E8F17DDED81,255.983616,['V_6E8F17DDED81'],256.0,0.255983616,Answer: ,65.536,Query key: K_15DAD4EF00AA,32,33117.0,31945,2.170355712,3906.0,context_0000,MB,synthetic_kv_32k
2170.355712,0.8820545339251744,3906.0,5F65BD21BC11,255.983616,['V_5F65BD21BC11'],256.0,0.255983616,Answer: ,65.536,Query key: K_BE9D18B87245,32,33117.0,31945,2.170355712,3906.0,context_0000,MB,synthetic_kv_32k
2170.355712,0.8820545339251744,3906.0,0F5A8E6E5003,255.983616,['V_0F5A8E6E5003'],256.0,0.255983616,Answer: ,65.536,Query key: K_214FCFD01CBD,32,33117.0,31945,2.170355712,3906.0,context_0000,MB,synthetic_kv_32k
2170.355712,0.8820545339251744,3906.0,8FCA8FC42092,255.983616,['V_8FCA8FC42092'],256.0,0.255983616,Answer: ,65.536,Query key: K_F4E596229348,32,33117.0,31945,2.170355712,3906.0,context_0000,MB,synthetic_kv_32k
2170.355712,0.8820545339251744,3906.0,692A1F4A8CA1,255.983616,['V_692A1F4A8CA1'],256.0,0.255983616,Answer: ,65.536,Query key: K_AB855463ADC7,32,33117.0,31945,2.170355712,3906.0,context_0000,MB,synthetic_kv_32k
2170.355712,0.8820545339251744,3906.0,0F5A8E6E5003,255.983616,['V_F0EDAA53C19C'],256.0,0.255983616,Answer: ,65.536,Query key: K_DFA45A856750,32,33117.0,31945,2.170355712,3906.0,context_0000,MB,synthetic_kv_32k
2170.355712,0.8820545339251744,3906.0,0EAFF2A9DC8A,255.983616,['V_EA74DE3B496F'],256.0,0.255983616,Answer: ,65.536,Query key: K_6C45C012A0FF,32,33117.0,31945,2.170355712,3906.0,context_0000,MB,synthetic_kv_32k
2170.355712,0.8820545339251744,3906.0,49A2F7E8F8E5,255.983616,['V_49A2F7E8F8E5'],256.0,0.255983616,Answer: ,65.536,Query key: K_0D2BB8976EC5,32,33117.0,31945,2.170355712,3906.0,context_0000,MB,synthetic_kv_32k
2170.355712,0.8820545339251744,3906.0,1A855A057C11,255.983616,['V_1A855A057C11'],256.0,0.255983616,Answer: ,65.536,Query key: K_4FFC99B479D4,32,33117.0,31945,2.170355712,3906.0,context_0000,MB,synthetic_kv_32k
2170.355712,0.8820545339251744,3906.0,279C36760CE5,255.983616,['V_279C36760CE5'],256.0,0.255983616,Answer: ,65.536,Query key: K_81E593F277CC,32,33117.0,31945,2.170355712,3906.0,context_0000,MB,synthetic_kv_32k
2170.355712,0.8820545339251744,3906.0,8E67D86A6460,255.983616,['V_D8E739681C81'],256.0,0.255983616,Answer: ,65.536,Query key: K_7B70A81FDEC3,32,33117.0,31945,2.170355712,3906.0,context_0000,MB,synthetic_kv_32k
2170.355712,0.8820545339251744,3906.0,8E67D86A6460,255.983616,['V_8E67D86A6460'],256.0,0.255983616,Answer: ,65.536,Query key: K_59A11BB43332,32,33117.0,31945,2.170355712,3906.0,context_0000,MB,synthetic_kv_32k
2170.355712,0.8820545339251744,3906.0,4750C33A1F6C,255.983616,['V_4750C33A1F6C'],256.0,0.255983616,Answer: ,65.536,Query key: K_1D695E187B24,32,33117.0,31945,2.170355712,3906.0,context_0000,MB,synthetic_kv_32k
2170.355712,0.8820545339251744,3906.0,6DDACEA60F4C,255.983616,['V_6DDACEA60F4C'],256.0,0.255983616,Answer: ,65.536,Query key: K_39E592F837D4,32,33117.0,31945,2.170355712,3906.0,context_0000,MB,synthetic_kv_32k
2170.355712,0.8820545339251744,3906.0,6DDACEA60F4C,255.983616,['V_C476F97BE2DD'],256.0,0.255983616,Answer: ,65.536,Query key: K_8F9BD85C16BD,32,33117.0,31945,2.170355712,3906.0,context_0000,MB,synthetic_kv_32k
2170.355712,0.8820545339251744,3906.0,6DDACEA60F4C,255.983616,['V_ACCB9D132363'],256.0,0.255983616,Answer: ,65.536,Query key: K_9F29D1846C39,32,33117.0,31945,2.170355712,3906.0,context_0000,MB,synthetic_kv_32k
2170.355712,0.8820545339251744,3906.0,9B49DF57C59A,255.983616,['V_9BE706B89231'],256.0,0.255983616,Answer: ,65.536,Query key: K_8E86A487EEAB,32,33117.0,31945,2.170355712,3906.0,context_0000,MB,synthetic_kv_32k
2170.355712,0.8820545339251744,3906.0,9BE706B89231,255.983616,['V_B187D4578AD9'],256.0,0.255983616,Answer: ,65.536,Query key: K_A867EDD877C8,32,33117.0,31945,2.170355712,3906.0,context_0000,MB,synthetic_kv_32k
2170.355712,0.8820545339251744,3906.0,45F52E2FBF77,255.983616,['V_45F52E2FBF77'],256.0,0.255983616,Answer: ,65.536,Query key: K_076944777442,32,33117.0,31945,2.170355712,3906.0,context_0000,MB,synthetic_kv_32k
2170.355712,0.8820545339251744,3906.0,0EAFF2A9DC8A,255.983616,['V_EBE94F199EC0'],256.0,0.255983616,Answer: ,65.536,Query key: K_C32DB3E4110A,32,33117.0,31945,2.170355712,3906.0,context_0000,MB,synthetic_kv_32k
2170.355712,0.8820545339251744,3906.0,2E7001902620,255.983616,['V_2E7001902620'],256.0,0.255983616,Answer: ,65.536,Query key: K_59DC56FEBFB9,32,33117.0,31945,2.170355712,3906.0,context_0000,MB,synthetic_kv_32k
2170.355712,0.8820545339251744,3906.0,094DEB6D2FED,255.983616,['V_A84790FA6B57'],256.0,0.255983616,Answer: ,65.536,Query key: K_24ACDEAF528D,32,33117.0,31945,2.170355712,3906.0,context_0000,MB,synthetic_kv_32k
2170.355712,0.8820545339251744,3906.0,0A4E80051B10,255.983616,['V_BDB02451E5A4'],256.0,0.255983616,Answer: ,65.536,Query key: K_11D06699CD99,32,33117.0,31945,2.170355712,3906.0,context_0000,MB,synthetic_kv_32k
2170.355712,0.8820545339251744,3906.0,177D07D924CE,255.983616,['V_177D07D924CE'],256.0,0.255983616,Answer: ,65.536,Query key: K_F8C8A2178F84,32,33117.0,31945,2.170355712,3906.0,context_0000,MB,synthetic_kv_32k
2170.355712,0.8820545339251744,3906.0,604E3712F2D1,255.983616,['V_604E3712F2D1'],256.0,0.255983616,Answer: ,65.536,Query key: K_87CDBF012E32,32,33117.0,31945,2.170355712,3906.0,context_0000,MB,synthetic_kv_32k
2170.355712,0.8820545339251744,3906.0,284B5744F596,255.983616,['V_284B5744F596'],256.0,0.255983616,Answer: ,65.536,Query key: K_74226B7A2460,32,33117.0,31945,2.170355712,3906.0,context_0000,MB,synthetic_kv_32k
2170.355712,0.8820545339251744,3906.0,530AB8BA8368,255.983616,['V_530AB8BA8368'],256.0,0.255983616,Answer: ,65.536,Query key: K_4FC75EBBCCA5,32,33117.0,31945,2.170355712,3906.0,context_0000,MB,synthetic_kv_32k
2170.355712,0.8820545339251744,3906.0,98A2914DCFAE,255.983616,['V_98A2914DCFAE'],256.0,0.255983616,Answer: ,65.536,Query key: K_F100C6DEB2F0,32,33117.0,31945,2.170355712,3906.0,context_0000,MB,synthetic_kv_32k
2170.355712,0.8820545339251744,3906.0,27D40D77C5A0,255.983616,['V_27D40D77C5A0'],256.0,0.255983616,Answer: ,65.536,Query key: K_E22215BFBE97,32,33117.0,31945,2.170355712,3906.0,context_0000,MB,synthetic_kv_32k
2170.355712,0.8820545339251744,3906.0,0CBD9E2AA4AC,255.983616,['V_0CBD9E2AA4AC'],256.0,0.255983616,Answer: ,65.536,Query key: K_C122284C03D2,32,33117.0,31945,2.170355712,3906.0,context_0000,MB,synthetic_kv_32k
2170.355712,0.8820545339251744,3906.0,98CF06D25913,255.983616,['V_716F45A88829'],256.0,0.255983616,Answer: ,65.536,Query key: K_14E2AC8936BC,32,33117.0,31945,2.170355712,3906.0,context_0000,MB,synthetic_kv_32k
2170.355712,0.8820545339251744,3906.0,9B697C54535F,255.983616,['V_9B697C54535F'],256.0,0.255983616,Answer: ,65.536,Query key: K_6C8CA974D079,32,33117.0,31945,2.170355712,3906.0,context_0000,MB,synthetic_kv_32k
2170.355712,0.8820545339251744,3906.0,372F45EE432D,255.983616,['V_372F45EE432D'],256.0,0.255983616,Answer: ,65.536,Query key: K_6A077129CEC7,32,33117.0,31945,2.170355712,3906.0,context_0000,MB,synthetic_kv_32k
2170.355712,0.8820545339251744,3906.0,585D1D2324E6,255.983616,['V_585D1D2324E6'],256.0,0.255983616,Answer: ,65.536,Query key: K_8329C143F426,32,33117.0,31945,2.170355712,3906.0,context_0000,MB,synthetic_kv_32k
2170.355712,0.8820545339251744,3906.0,0E06996D5C50,255.983616,['V_AD9F4882D73C'],256.0,0.255983616,Answer: ,65.536,Query key: K_1C636E0ED1E8,32,33117.0,31945,2.170355712,3906.0,context_0000,MB,synthetic_kv_32k
2170.355712,0.8820545339251744,3906.0,86E57C93F6CC,255.983616,['V_86E57C93F6CC'],256.0,0.255983616,Answer: ,65.536,Query key: K_97D7ADB14670,32,33117.0,31945,2.170355712,3906.0,context_0000,MB,synthetic_kv_32k
2170.355712,0.8820545339251744,3906.0,38730BA078E8,255.983616,['V_38730BA078E8'],256.0,0.255983616,Answer: ,65.536,Query key: K_4EF4AAC93316,32,33117.0,31945,2.170355712,3906.0,context_0000,MB,synthetic_kv_32k
2170.355712,0.8820545339251744,3906.0,38730BA078E8,255.983616,['V_0E06996D5C50'],256.0,0.255983616,Answer: ,65.536,Query key: K_FC04652FFB49,32,33117.0,31945,2.170355712,3906.0,context_0000,MB,synthetic_kv_32k
2170.355712,0.8820545339251744,3906.0,09CB43F59A85,255.983616,['V_F2004D29D1AB'],256.0,0.255983616,Answer: ,65.536,Query key: K_345501F7C7EC,32,33117.0,31945,2.170355712,3906.0,context_0000,MB,synthetic_kv_32k
2170.355712,0.8820545339251744,3906.0,0E06996D5C50,255.983616,['V_C3A02321D1E1'],256.0,0.255983616,Answer: ,65.536,Query key: K_C47136136E15,32,33117.0,31945,2.170355712,3906.0,context_0000,MB,synthetic_kv_32k
2170.355712,0.8820545339251744,3906.0,1EB753FFD3A2,255.983616,['V_1EB753FFD3A2'],256.0,0.255983616,Answer: ,65.536,Query key: K_4A194169B9FC,32,33117.0,31945,2.170355712,3906.0,context_0000,MB,synthetic_kv_32k
2170.355712,0.8820545339251744,3906.0,6E3FBF3C5140,255.983616,['V_6E3FBF3C5140'],256.0,0.255983616,Answer: ,65.536,Query key: K_7F5401FA964E,32,33117.0,31945,2.170355712,3906.0,context_0000,MB,synthetic_kv_32k
2170.355712,0.8820545339251744,3906.0,885761554667,255.983616,['V_885761554667'],256.0,0.255983616,Answer: ,65.536,Query key: K_21122CFA55B0,32,33117.0,31945,2.170355712,3906.0,context_0000,MB,synthetic_kv_32k
2170.355712,0.8820545339251744,3906.0,5FA59B11B530,255.983616,['V_8F088011316B'],256.0,0.255983616,Answer: ,65.536,Query key: K_3AE8B423CCDE,32,33117.0,31945,2.170355712,3906.0,context_0000,MB,synthetic_kv_32k
2170.355712,0.8820545339251744,3906.0,692A1F4A8CA1,255.983616,['V_5AAACE6322B6'],256.0,0.255983616,Answer: ,65.536,Query key: K_AB05D556B37D,32,33117.0,31945,2.170355712,3906.0,context_0000,MB,synthetic_kv_32k
2170.355712,0.8820545339251744,3906.0,5A612738A23,255.983616,['V_BDF6DC9C96DE'],256.0,0.255983616,Answer: ,65.536,Query key: K_65A612738A23,32,33117.0,31945,2.170355712,3906.0,context_0000,MB,synthetic_kv_32k
2170.355712,0.8820545339251744,3906.0,5230,255.983616,['V_75B204CC3EDE'],256.0,0.255983616,Answer: ,65.536,Query key: K_6FAC0AD45230,32,33117.0,31945,2.170355712,3906.0,context_0000,MB,synthetic_kv_32k
2170.355712,0.8820545339251744,3906.0,5024DCB33DF3,255.983616,['V_5024DCB33DF3'],256.0,0.255983616,Answer: ,65.536,Query key: K_13EEEBD14D2C,32,33117.0,31945,2.170355712,3906.0,context_0000,MB,synthetic_kv_32k
2170.355712,0.8820545339251744,3906.0,678892CA525A,255.983616,['V_678892CA525A'],256.0,0.255983616,Answer: ,65.536,Query key: K_6DE59364F3D0,32,33117.0,31945,2.170355712,3906.0,context_0000,MB,synthetic_kv_32k
2170.355712,0.8820545339251744,3906.0,5024DCB33DF3,255.983616,['V_4A1D6AEDFDC7'],256.0,0.255983616,Answer: ,65.536,Query key: K_A3E0B5A1B949,32,33117.0,31945,2.170355712,3906.0,context_0000,MB,synthetic_kv_32k
2170.355712,0.8820545339251744,3906.0,7C0E8573E793,255.983616,['V_F7580556DAEA'],256.0,0.255983616,Answer: ,65.536,Query key: K_67B01D7C0098,32,33117.0,31945,2.170355712,3906.0,context_0000,MB,synthetic_kv_32k
2170.355712,0.8820545339251744,3906.0,2BFF532401FC,255.983616,['V_F296CD2372C2'],256.0,0.255983616,Answer: ,65.536,Query key: K_2BFF532401FC,32,33117.0,31945,2.170355712,3906.0,context_0000,MB,synthetic_kv_32k
2170.355712,0.8820545339251744,3906.0,5FA59B11B530,255.983616,['V_B08AD4FFA666'],256.0,0.255983616,Answer: ,65.536,Query key: K_75C89E3D750D,32,33117.0,31945,2.170355712,3906.0,context_0000,MB,synthetic_kv_32k
2170.355712,0.8820545339251744,3906.0,6FCC168FAE12,255.983616,['V_6FCC168FAE12'],256.0,0.255983616,Answer: ,65.536,Query key: K_5CA2EB7607C9,32,33117.0,31945,2.170355712,3906.0,context_0000,MB,synthetic_kv_32k
2170.355712,0.8820545339251744,3906.0,6F883E49FD09,255.983616,['V_6F883E49FD09'],256.0,0.255983616,Answer: ,65.536,Query key: K_1B19D8302081,32,33117.0,31945,2.170355712,3906.0,context_0000,MB,synthetic_kv_32k
2170.355712,0.8820545339251744,3906.0,1422862268D1,255.983616,['V_1422862268D1'],256.0,0.255983616,Answer: ,65.536,Query key: K_668396C044D0,32,33117.0,31945,2.170355712,3906.0,context_0000,MB,synthetic_kv_32k
2170.355712,0.8820545339251744,3906.0,217DC521BF21,255.983616,['V_BEED4F6E274B'],256.0,0.255983616,Answer: ,65.536,Query key: K_DEDA6550F74A,32,33117.0,31945,2.170355712,3906.0,context_0000,MB,synthetic_kv_32k
2170.355712,0.8820545339251744,3906.0,0,255.983616,['V_C7745543FC3C'],256.0,0.255983616,Answer: ,65.536,Query key: K_38B856EA57B3,32,33117.0,31945,2.170355712,3906.0,context_0000,MB,synthetic_kv_32k
2170.355712,0.8820545339251744,3906.0,138D2B0ABEDD,255.983616,['V_A21B82AF085C'],256.0,0.255983616,Answer: ,65.536,Query key: K_138D2B0ABEDD,32,33117.0,31945,2.170355712,3906.0,context_0000,MB,synthetic_kv_32k
2170.355712,0.8820545339251744,3906.0,31A3828C37E7,255.983616,['V_31A3828C37E7'],256.0,0.255983616,Answer: ,65.536,Query key: K_87D51D30D990,32,33117.0,31945,2.170355712,3906.0,context_0000,MB,synthetic_kv_32k
2170.355712,0.8820545339251744,3906.0,59E15970A859,255.983616,['V_59E15970A859'],256.0,0.255983616,Answer: ,65.536,Query key: K_C6B6E7EA8D5A,32,33117.0,31945,2.170355712,3906.0,context_0000,MB,synthetic_kv_32k
2170.355712,0.8820545339251744,3906.0,175A112FA612,255.983616,['V_A53BD1A69D87'],256.0,0.255983616,Answer: ,65.536,Query key: K_F54EBA35844E,32,33117.0,31945,2.170355712,3906.0,context_0000,MB,synthetic_kv_32k
2170.355712,0.8820545339251744,3906.0,1A513C7C1D85,255.983616,['V_1A513C7C1D85'],256.0,0.255983616,Answer: ,65.536,Query key: K_25CFD0A643FE,32,33117.0,31945,2.170355712,3906.0,context_0000,MB,synthetic_kv_32k
2170.355712,0.8820545339251744,3906.0,2C6A328067A1,255.983616,['V_2C6A328067A1'],256.0,0.255983616,Answer: ,65.536,Query key: K_4187257D5E52,32,33117.0,31945,2.170355712,3906.0,context_0000,MB,synthetic_kv_32k
2170.355712,0.8820545339251744,3906.0,2C91A3404F08,255.983616,['V_C257C29D782B'],256.0,0.255983616,Answer: ,65.536,Query key: K_27229A36D1EC,32,33117.0,31945,2.170355712,3906.0,context_0000,MB,synthetic_kv_32k
2170.355712,0.8820545339251744,3906.0,134AA7CF705C,255.983616,['V_F3872D5972C6'],256.0,0.255983616,Answer: ,65.536,Query key: K_134AA7CF705C,32,33117.0,31945,2.170355712,3906.0,context_0000,MB,synthetic_kv_32k
2170.355712,0.8820545339251744,3906.0,76C57E7E7419,255.983616,['V_76C57E7E7419'],256.0,0.255983616,Answer: ,65.536,Query key: K_A0C1C5D95F51,32,33117.0,31945,2.170355712,3906.0,context_0000,MB,synthetic_kv_32k
2170.355712,0.8820545339251744,3906.0,9458C2874F06,255.983616,['V_9458C2874F06'],256.0,0.255983616,Answer: ,65.536,Query key: K_9050C1235C91,32,33117.0,31945,2.170355712,3906.0,context_0000,MB,synthetic_kv_32k
2170.355712,0.8820545339251744,3906.0,2E18CAE28E66,255.983616,['V_E1CDEC955F87'],256.0,0.255983616,Answer: ,65.536,Query key: K_AE5E72EB7474,32,33117.0,31945,2.170355712,3906.0,context_0000,MB,synthetic_kv_32k
2170.355712,0.8820545339251744,3906.0,0A49B9082889B,255.983616,['V_FC8DA2A2E91F'],256.0,0.255983616,Answer: ,65.536,Query key: K_A49B9082889B,32,33117.0,31945,2.170355712,3906.0,context_0000,MB,synthetic_kv_32k
2170.355712,0.8820545339251744,3906.0,0A4EA6D964A3,255.983616,['V_F891DD3F487E'],256.0,0.255983616,Answer: ,65.536,Query key: K_52BD9FE0A8C7,32,33117.0,31945,2.170355712,3906.0,context_0000,MB,synthetic_kv_32k
2170.355712,0.8820545339251744,3906.0,709426A524E3,255.983616,['V_709426A524E3'],256.0,0.255983616,Answer: ,65.536,Query key: K_50EEA09151E0,32,33117.0,31945,2.170355712,3906.0,context_0000,MB,synthetic_kv_32k
2170.355712,0.8820545339251744,3906.0,98159D713084,255.983616,['V_A1A271348C2A'],256.0,0.255983616,Answer: ,65.536,Query key: K_780B117B355B,32,33117.0,31945,2.170355712,3906.0,context_0000,MB,synthetic_kv_32k
2170.355712,0.8820545339251744,3906.0,976746510367,255.983616,['V_976746510367'],256.0,0.255983616,Answer: ,65.536,Query key: K_CBDC4D85A3D2,32,33117.0,31945,2.170355712,3906.0,context_0000,MB,synthetic_kv_32k
2170.355712,0.8820545339251744,3906.0,12FE81E0D489,255.983616,['V_12FE81E0D489'],256.0,0.255983616,Answer: ,65.536,Query key: K_5A180E614BCD,32,33117.0,31945,2.170355712,3906.0,context_0000,MB,synthetic_kv_32k
2170.355712,0.8820545339251744,3906.0,09A073B0A091,255.983616,['V_09A073B0A091'],256.0,0.255983616,Answer: ,65.536,Query key: K_76344F76E388,32,33117.0,31945,2.170355712,3906.0,context_0000,MB,synthetic_kv_32k
2170.355712,0.8820545339251744,3906.0,497DD4EA120A,255.983616,['V_497DD4EA120A'],256.0,0.255983616,Answer: ,65.536,Query key: K_5E650E9058B6,32,33117.0,31945,2.170355712,3906.0,context_0000,MB,synthetic_kv_32k
2170.355712,0.8820545339251744,3906.0,4F61EEF16694,255.983616,['V_FA34DD3F7D7E'],256.0,0.255983616,Answer: ,65.536,Query key: K_A50813A4A492,32,33117.0,31945,2.170355712,3906.0,context_0000,MB,synthetic_kv_32k
2170.355712,0.8820545339251744,3906.0,98159D713084,255.983616,['V_98159D713084'],256.0,0.255983616,Answer: ,65.536,Query key: K_171DDAF481A7,32,33117.0,31945,2.170355712,3906.0,context_0000,MB,synthetic_kv_32k
2170.355712,0.8820545339251744,3906.0,94907674456F,255.983616,['V_94907674456F'],256.0,0.255983616,Answer: ,65.536,Query key: K_626D81CF3252,32,33117.0,31945,2.170355712,3906.0,context_0000,MB,synthetic_kv_32k
2170.355712,0.8820545339251744,3906.0,98159D713084,255.983616,['V_BD29CAB4923B'],256.0,0.255983616,Answer: ,65.536,Query key: K_F4488DE7AD6C,32,33117.0,31945,2.170355712,3906.0,context_0000,MB,synthetic_kv_32k
2170.355712,0.8820545339251744,3906.0,0A80E5582E16,255.983616,['V_E8B77321BF6B'],256.0,0.255983616,Answer: ,65.536,Query key: K_0A80E5582E16,32,33117.0,31945,2.170355712,3906.0,context_0000,MB,synthetic_kv_32k
2170.355712,0.8820545339251744,3906.0,3030A6DED1D8,255.983616,['V_3030A6DED1D8'],256.0,0.255983616,Answer: ,65.536,Query key: K_9258CF501889,32,33117.0,31945,2.170355712,3906.0,context_0000,MB,synthetic_kv_32k
2170.355712,0.8820545339251744,3906.0,805979C2D2E4,255.983616,['V_805979C2D2E4'],256.0,0.255983616,Answer: ,65.536,Query key: K_9AE1524F93FF,32,33117.0,31945,2.170355712,3906.0,context_0000,MB,synthetic_kv_32k
2170.355712,0.8820545339251744,3906.0,73550FD6F47E,255.983616,['V_73550FD6F47E'],256.0,0.255983616,Answer: ,65.536,Query key: K_F52D269ED4C9,32,33117.0,31945,2.170355712,3906.0,context_0000,MB,synthetic_kv_32k
2170.355712,0.8820545339251744,3906.0,6A3606D3DB93,255.983616,['V_D65EE62D2D06'],256.0,0.255983616,Answer: ,65.536,Query key: K_CF9B1A7F195B,32,33117.0,31945,2.170355712,3906.0,context_0000,MB,synthetic_kv_32k
2170.355712,0.8820545339251744,3906.0,1596B6DD6257,255.983616,['V_1596B6DD6257'],256.0,0.255983616,Answer: ,65.536,Query key: K_FB7D57EB89B1,32,33117.0,31945,2.170355712,3906.0,context_0000,MB,synthetic_kv_32k
2170.355712,0.8820545339251744,3906.0,0A052C2CD22B,255.983616,['V_0A052C2CD22B'],256.0,0.255983616,Answer: ,65.536,Query key: K_A568812A1F9B,32,33117.0,31945,2.170355712,3906.0,context_0000,MB,synthetic_kv_32k
2170.355712,0.8820545339251744,3906.0,0D67990F0C5B,255.983616,['V_FDB17010ED13'],256.0,0.255983616,Answer: ,65.536,Query key: K_B5263F6C21F7,32,33117.0,31945,2.170355712,3906.0,context_0000,MB,synthetic_kv_32k
2170.355712,0.8820545339251744,3906.0,9C1C85D2D0A6,255.983616,['V_9C1C85D2D0A6'],256.0,0.255983616,Answer: ,65.536,Query key: K_8629707DF251,32,33117.0,31945,2.170355712,3906.0,context_0000,MB,synthetic_kv_32k
2170.355712,0.8820545339251744,3906.0,0D67990F0C5B,255.983616,['V_EAFD5F733A3E'],256.0,0.255983616,Answer: ,65.536,Query key: K_5D2828A39779,32,33117.0,31945,2.170355712,3906.0,context_0000,MB,synthetic_kv_32k
2170.355712,0.8820545339251744,3906.0,0D67990F0C5B,255.983616,['V_C64368A51C68'],256.0,0.255983616,Answer: ,65.536,Query key: K_632D486BB6BF,32,33117.0,31945,2.170355712,3906.0,context_0000,MB,synthetic_kv_32k
2170.355712,0.8820545339251744,3906.0,0D67990F0C5B,255.983616,['V_0D67990F0C5B'],256.0,0.255983616,Answer: ,65.536,Query key: K_ADCC569F3AB3,32,33117.0,31945,2.170355712,3906.0,context_0000,MB,synthetic_kv_32k
2170.355712,0.8820545339251744,3906.0,55ABA5B5CDC2,255.983616,['V_55ABA5B5CDC2'],256.0,0.255983616,Answer: ,65.536,Query key: K_A181CA0AC6AC,32,33117.0,31945,2.170355712,3906.0,context_0000,MB,synthetic_kv_32k
2170.355712,0.8820545339251744,3906.0,8ED618318AA3,255.983616,['V_8ED618318AA3'],256.0,0.255983616,Answer: ,65.536,Query key: K_546610DF9974,32,33117.0,31945,2.170355712,3906.0,context_0000,MB,synthetic_kv_32k
2170.355712,0.8820545339251744,3906.0,408248BDDB3E,255.983616,['V_408248BDDB3E'],256.0,0.255983616,Answer: ,65.536,Query key: K_62F5ADAA44CA,32,33117.0,31945,2.170355712,3906.0,context_0000,MB,synthetic_kv_32k
2170.355712,0.8820545339251744,3906.0,6E3C55B145E4,255.983616,['V_F6E3A8149562'],256.0,0.255983616,Answer: ,65.536,Query key: K_DA00B9469BCF,32,33117.0,31945,2.170355712,3906.0,context_0000,MB,synthetic_kv_32k
2170.355712,0.8820545339251744,3906.0,267EDF8F4197,255.983616,['V_267EDF8F4197'],256.0,0.255983616,Answer: ,65.536,Query key: K_9A4AE806133C,32,33117.0,31945,2.170355712,3906.0,context_0000,MB,synthetic_kv_32k
2170.355712,0.8820545339251744,3906.0,14DD555736F8,255.983616,['V_A9E2952E6ABB'],256.0,0.255983616,Answer: ,65.536,Query key: K_14DD555736F8,32,33117.0,31945,2.170355712,3906.0,context_0000,MB,synthetic_kv_32k
2170.355712,0.8820545339251744,3906.0,4F6B598DDAEC,255.983616,['V_4F6B598DDAEC'],256.0,0.255983616,Answer: ,65.536,Query key: K_EAAF2434A678,32,33117.0,31945,2.170355712,3906.0,context_0000,MB,synthetic_kv_32k
2170.355712,0.8820545339251744,3906.0,4F6B598DDAEC,255.983616,['V_A981B2CF952D'],256.0,0.255983616,Answer: ,65.536,Query key: K_A7F3F7BAF55E,32,33117.0,31945,2.170355712,3906.0,context_0000,MB,synthetic_kv_32k
2170.355712,0.8820545339251744,3906.0,5FBB808389C8,255.983616,['V_B57698549F22'],256.0,0.255983616,Answer: ,65.536,Query key: K_210264575BC4,32,33117.0,31945,2.170355712,3906.0,context_0000,MB,synthetic_kv_32k
2170.355712,0.8820545339251744,3906.0,8F154F40C22F,255.983616,['V_8F154F40C22F'],256.0,0.255983616,Answer: ,65.536,Query key: K_15B0F020E992,32,33117.0,31945,2.170355712,3906.0,context_0000,MB,synthetic_kv_32k
2170.355712,0.8820545339251744,3906.0,5417CAAA5BBE,255.983616,['V_5417CAAA5BBE'],256.0,0.255983616,Answer: ,65.536,Query key: K_A4BB606E0E1C,32,33117.0,31945,2.170355712,3906.0,context_0000,MB,synthetic_kv_32k
2170.355712,0.8820545339251744,3906.0,5417CAAA5BBE,255.983616,['V_B3ECAB8CBF97'],256.0,0.255983616,Answer: ,65.536,Query key: K_20B7D02CE0C1,32,33117.0,31945,2.170355712,3906.0,context_0000,MB,synthetic_kv_32k
2170.355712,0.8820545339251744,3906.0,17EC86C1B6CB,255.983616,['V_FF46BD20563B'],256.0,0.255983616,Answer: ,65.536,Query key: K_F275D436A7A8,32,33117.0,31945,2.170355712,3906.0,context_0000,MB,synthetic_kv_32k
2170.355712,0.8820545339251744,3906.0,17EC86C1B6CB,255.983616,['V_17EC86C1B6CB'],256.0,0.255983616,Answer: ,65.536,Query key: K_E996AF77520E,32,33117.0,31945,2.170355712,3906.0,context_0000,MB,synthetic_kv_32k
2170.355712,0.8820545339251744,3906.0,822C6C645C15,255.983616,['V_822C6C645C15'],256.0,0.255983616,Answer: ,65.536,Query key: K_ABA3A561E1E9,32,33117.0,31945,2.170355712,3906.0,context_0000,MB,synthetic_kv_32k
2170.355712,0.8820545339251744,3906.0,577B36D55494,255.983616,['V_4F115CD33369'],256.0,0.255983616,Answer: ,65.536,Query key: K_04AA5CA0C428,32,33117.0,31945,2.170355712,3906.0,context_0000,MB,synthetic_kv_32k
2170.355712,0.8820545339251744,3906.0,577B36D55494,255.983616,['V_577B36D55494'],256.0,0.255983616,Answer: ,65.536,Query key: K_F37F2E25B5EE,32,33117.0,31945,2.170355712,3906.0,context_0000,MB,synthetic_kv_32k
2170.355712,0.8820545339251744,3906.0,577B36D55494,255.983616,['V_31277C7C404E'],256.0,0.255983616,Answer: ,65.536,Query key: K_C422F29A6339,32,33117.0,31945,2.170355712,3906.0,context_0000,MB,synthetic_kv_32k
2170.355712,0.8820545339251744,3906.0,27AA23377BBC,255.983616,['V_27AA23377BBC'],256.0,0.255983616,Answer: ,65.536,Query key: K_FFFE39FEB99C,32,33117.0,31945,2.170355712,3906.0,context_0000,MB,synthetic_kv_32k
2170.355712,0.8820545339251744,3906.0,27AA23377BBC,255.983616,['V_C9C2D82C7565'],256.0,0.255983616,Answer: ,65.536,Query key: K_4BB913C11754,32,33117.0,31945,2.170355712,3906.0,context_0000,MB,synthetic_kv_32k
2170.355712,0.8820545339251744,3906.0,8A2EC5580BB2,255.983616,['V_8A2EC5580BB2'],256.0,0.255983616,Answer: ,65.536,Query key: K_81F719E45C6A,32,33117.0,31945,2.170355712,3906.0,context_0000,MB,synthetic_kv_32k
2170.355712,0.8820545339251744,3906.0,69AB,255.983616,['V_86CAE238FE93'],256.0,0.255983616,Answer: ,65.536,Query key: K_BD17D5CA69AB,32,33117.0,31945,2.170355712,3906.0,context_0000,MB,synthetic_kv_32k
2170.355712,0.8820545339251744,3906.0,6476938FE93,255.983616,['V_E05B56363094'],256.0,0.255983616,Answer: ,65.536,Query key: K_A97409A9D1C1,32,33117.0,31945,2.170355712,3906.0,context_0000,MB,synthetic_kv_32k
2170.355712,0.8820545339251744,3906.0,98EEFE9FECAA,255.983616,['V_98E5218C6E1C'],256.0,0.255983616,Answer: ,65.536,Query key: K_9E37C42CBC39,32,33117.0,31945,2.170355712,3906.0,context_0000,MB,synthetic_kv_32k
2170.355712,0.8820545339251744,3906.0,2E4B29890880,255.983616,['V_2E4B29890880'],256.0,0.255983616,Answer: ,65.536,Query key: K_277D6070B6A1,32,33117.0,31945,2.170355712,3906.0,context_0000,MB,synthetic_kv_32k
2170.355712,0.8820545339251744,3906.0,2E4B29890880,255.983616,['V_9FEEC566AA81'],256.0,0.255983616,Answer: ,65.536,Query key: K_B15ED4D30795,32,33117.0,31945,2.170355712,3906.0,context_0000,MB,synthetic_kv_32k
2170.355712,0.8820545339251744,3906.0,17EC86C1B6CB,255.983616,['V_B89F2A60C652'],256.0,0.255983616,Answer: ,65.536,Query key: K_E714CF1D7D3A,32,33117.0,31945,2.170355712,3906.0,context_0000,MB,synthetic_kv_32k
2170.355712,0.8820545339251744,3906.0,5D42692E07B6,255.983616,['V_5D42692E07B6'],256.0,0.255983616,Answer: ,65.536,Query key: K_0B2F700B5D5F,32,33117.0,31945,2.170355712,3906.0,context_0000,MB,synthetic_kv_32k
2170.355712,0.8820545339251744,3906.0,6B35504E2687,255.983616,['V_F8363CCEC76C'],256.0,0.255983616,Answer: ,65.536,Query key: K_B836AD261EC5,32,33117.0,31945,2.170355712,3906.0,context_0000,MB,synthetic_kv_32k
2170.355712,0.8820545339251744,3906.0,01BB4DFE1117,255.983616,['V_C09C48F1096D'],256.0,0.255983616,Answer: ,65.536,Query key: K_9C4F71B701AA,32,33117.0,31945,2.170355712,3906.0,context_0000,MB,synthetic_kv_32k
2170.355712,0.8820545339251744,3906.0,3BE772ECF16E,255.983616,['V_3BE772ECF16E'],256.0,0.255983616,Answer: ,65.536,Query key: K_C8A7BFA016C2,32,33117.0,31945,2.170355712,3906.0,context_0000,MB,synthetic_kv_32k
2170.355712,0.8820545339251744,3906.0,637E22BAE10E,255.983616,['V_F7314F3949A8'],256.0,0.255983616,Answer: ,65.536,Query key: K_3D3A88B4F474,32,33117.0,31945,2.170355712,3906.0,context_0000,MB,synthetic_kv_32k
2170.355712,0.8820545339251744,3906.0,331FD11FC8C0,255.983616,['V_E76A78116802'],256.0,0.255983616,Answer: ,65.536,Query key: K_C8CCCF01F944,32,33117.0,31945,2.170355712,3906.0,context_0000,MB,synthetic_kv_32k
2170.355712,0.8820545339251744,3906.0,31ABD5C9FDC7,255.983616,['V_ADA55E2AD32D'],256.0,0.255983616,Answer: ,65.536,Query key: K_31ABD5C9FDC7,32,33117.0,31945,2.170355712,3906.0,context_0000,MB,synthetic_kv_32k
2170.355712,0.8820545339251744,3906.0,70CAFC043F08,255.983616,['V_70CAFC043F08'],256.0,0.255983616,Answer: ,65.536,Query key: K_9207F2771F63,32,33117.0,31945,2.170355712,3906.0,context_0000,MB,synthetic_kv_32k
2170.355712,0.8820545339251744,3906.0,38056CD66193,255.983616,['V_C73348223120'],256.0,0.255983616,Answer: ,65.536,Query key: K_C4F97630A8A7,32,33117.0,31945,2.170355712,3906.0,context_0000,MB,synthetic_kv_32k
2170.355712,0.8820545339251744,3906.0,4FA0F6F7F0CC,255.983616,['V_6B2D87079AD4'],256.0,0.255983616,Answer: ,65.536,Query key: K_80BE61C2645A,32,33117.0,31945,2.170355712,3906.0,context_0000,MB,synthetic_kv_32k
2170.355712,0.8820545339251744,3906.0,331FD11FC8C0,255.983616,['V_331FD11FC8C0'],256.0,0.255983616,Answer: ,65.536,Query key: K_297CF75D599F,32,33117.0,31945,2.170355712,3906.0,context_0000,MB,synthetic_kv_32k
2170.355712,0.8820545339251744,3906.0,331FD11FC8C0,255.983616,['V_DF7D236E1608'],256.0,0.255983616,Answer: ,65.536,Query key: K_9ACBCD1F5318,32,33117.0,31945,2.170355712,3906.0,context_0000,MB,synthetic_kv_32k
2170.355712,0.8820545339251744,3906.0,7B07A4244F23,255.983616,['V_7B07A4244F23'],256.0,0.255983616,Answer: ,65.536,Query key: K_0D5B400035F0,32,33117.0,31945,2.170355712,3906.0,context_0000,MB,synthetic_kv_32k
2170.355712,0.8820545339251744,3906.0,01BF3F800385,255.983616,['V_EF2D8DF661DA'],256.0,0.255983616,Answer: ,65.536,Query key: K_5F07DFC620CE,32,33117.0,31945,2.170355712,3906.0,context_0000,MB,synthetic_kv_32k
2170.355712,0.8820545339251744,3906.0,8412D88C656D,255.983616,['V_8412D88C656D'],256.0,0.255983616,Answer: ,65.536,Query key: K_B61E1A435206,32,33117.0,31945,2.170355712,3906.0,context_0000,MB,synthetic_kv_32k
2170.355712,0.8820545339251744,3906.0,157848F9E3D0,255.983616,['V_157848F9E3D0'],256.0,0.255983616,Answer: ,65.536,Query key: K_1FEAD9E604B3,32,33117.0,31945,2.170355712,3906.0,context_0000,MB,synthetic_kv_32k
2170.355712,0.8820545339251744,3906.0,730645D5A68D,255.983616,['V_730645D5A68D'],256.0,0.255983616,Answer: ,65.536,Query key: K_290AC35B9FEA,32,33117.0,31945,2.170355712,3906.0,context_0000,MB,synthetic_kv_32k
2170.355712,0.8820545339251744,3906.0,4FA0F6F7F0CC,255.983616,['V_D4BF25B8A42F'],256.0,0.255983616,Answer: ,65.536,Query key: K_836BE7C225DA,32,33117.0,31945,2.170355712,3906.0,context_0000,MB,synthetic_kv_32k
2170.355712,0.8820545339251744,3906.0,09CB43F59A85,255.983616,['V_E916F24823AB'],256.0,0.255983616,Answer: ,65.536,Query key: K_177A6FFE33B3,32,33117.0,31945,2.170355712,3906.0,context_0000,MB,synthetic_kv_32k
2170.355712,0.8820545339251744,3906.0,17EA8892042F,255.983616,['V_E277737D1FB6'],256.0,0.255983616,Answer: ,65.536,Query key: K_D11338D77B9A,32,33117.0,31945,2.170355712,3906.0,context_0000,MB,synthetic_kv_32k
2170.355712,0.8820545339251744,3906.0,6A3606D3DB93,255.983616,['V_6A3606D3DB93'],256.0,0.255983616,Answer: ,65.536,Query key: K_EE33597E6845,32,33117.0,31945,2.170355712,3906.0,context_0000,MB,synthetic_kv_32k
2170.355712,0.8820545339251744,3906.0,5FBB808389C8,255.983616,['V_5FBB808389C8'],256.0,0.255983616,Answer: ,65.536,Query key: K_657E0DA23E5C,32,33117.0,31945,2.170355712,3906.0,context_0000,MB,synthetic_kv_32k
2170.355712,0.8820545339251744,3906.0,14E4FE9936A3,255.983616,['V_14E4FE9936A3'],256.0,0.255983616,Answer: ,65.536,Query key: K_62DB3C5BF3A7,32,33117.0,31945,2.170355712,3906.0,context_0000,MB,synthetic_kv_32k
2170.355712,0.8820545339251744,3906.0,519507374C86,255.983616,['V_519507374C86'],256.0,0.255983616,Answer: ,65.536,Query key: K_397B5FFA46EF,32,33117.0,31945,2.170355712,3906.0,context_0000,MB,synthetic_kv_32k
2170.355712,0.8820545339251744,3906.0,6B658B8148F6,255.983616,['V_B6F6D6D441CC'],256.0,0.255983616,Answer: ,65.536,Query key: K_195DEE4A9B5D,32,33117.0,31945,2.170355712,3906.0,context_0000,MB,synthetic_kv_32k
2170.355712,0.8820545339251744,3906.0,55D5A663D2CD,255.983616,['V_2563CA97EBF5'],256.0,0.255983616,Answer: ,65.536,Query key: K_55D5A663D2CD,32,33117.0,31945,2.170355712,3906.0,context_0000,MB,synthetic_kv_32k
2170.355712,0.8820545339251744,3906.0,0,255.983616,['V_EADA4970ED9A'],256.0,0.255983616,Answer: ,65.536,Query key: K_09CE2339BA19,32,33117.0,31945,2.170355712,3906.0,context_0000,MB,synthetic_kv_32k
2170.355712,0.8820545339251744,3906.0,415D,255.983616,['V_D4C3B231C60B'],256.0,0.255983616,Answer: ,65.536,Query key: K_78F2D46B415D,32,33117.0,31945,2.170355712,3906.0,context_0000,MB,synthetic_kv_32k
2170.355712,0.8820545339251744,3906.0,7817B49E04CC,255.983616,['V_7817B49E04CC'],256.0,0.255983616,Answer: ,65.536,Query key: K_C2432387EAF6,32,33117.0,31945,2.170355712,3906.0,context_0000,MB,synthetic_kv_32k
2170.355712,0.8820545339251744,3906.0,6A3606D3DB93,255.983616,['V_E7E601582463'],256.0,0.255983616,Answer: ,65.536,Query key: K_9D8772D78BDD,32,33117.0,31945,2.170355712,3906.0,context_0000,MB,synthetic_kv_32k
2170.355712,0.8820545339251744,3906.0,373541843B03,255.983616,['V_373541843B03'],256.0,0.255983616,Answer: ,65.536,Query key: K_04DD144823F7,32,33117.0,31945,2.170355712,3906.0,context_0000,MB,synthetic_kv_32k
2170.355712,0.8820545339251744,3906.0,0,255.983616,['V_F0B28C7E6F42'],256.0,0.255983616,Answer: ,65.536,Query key: K_2646D5C0244D,32,33117.0,31945,2.170355712,3906.0,context_0000,MB,synthetic_kv_32k
2170.355712,0.8820545339251744,3906.0,6C5A871C0884,255.983616,['V_6C5A871C0884'],256.0,0.255983616,Answer: ,65.536,Query key: K_9BDFBA2C0F19,32,33117.0,31945,2.170355712,3906.0,context_0000,MB,synthetic_kv_32k
2170.355712,0.8820545339251744,3906.0,3CD549C10669,255.983616,['V_3CD549C10669'],256.0,0.255983616,Answer: ,65.536,Query key: K_C6B31C76BDF6,32,33117.0,31945,2.170355712,3906.0,context_0000,MB,synthetic_kv_32k
2170.355712,0.8820545339251744,3906.0,3D0A0C394EC7,255.983616,['V_3D0A0C394EC7'],256.0,0.255983616,Answer: ,65.536,Query key: K_1F314D183EBA,32,33117.0,31945,2.170355712,3906.0,context_0000,MB,synthetic_kv_32k
2170.355712,0.8820545339251744,3906.0,9F70CB3CF8CA,255.983616,['V_9F70CB3CF8CA'],256.0,0.255983616,Answer: ,65.536,Query key: K_A3926B79AFCC,32,33117.0,31945,2.170355712,3906.0,context_0000,MB,synthetic_kv_32k
2170.355712,0.8820545339251744,3906.0,9F70CB3CF8CA,255.983616,['V_D6311C612EC2'],256.0,0.255983616,Answer: ,65.536,Query key: K_1014750565F5,32,33117.0,31945,2.170355712,3906.0,context_0000,MB,synthetic_kv_32k
2170.355712,0.8820545339251744,3906.0,893A98C3E3CA,255.983616,['V_893A98C3E3CA'],256.0,0.255983616,Answer: ,65.536,Query key: K_7FF4E7B7B4C6,32,33117.0,31945,2.170355712,3906.0,context_0000,MB,synthetic_kv_32k
2170.355712,0.8820545339251744,3906.0,933683EFA9F3,255.983616,['V_933683EFA9F3'],256.0,0.255983616,Answer: ,65.536,Query key: K_A1C704351B64,32,33117.0,31945,2.170355712,3906.0,context_0000,MB,synthetic_kv_32k
2170.355712,0.8820545339251744,3906.0,4A9024C173B9,255.983616,['V_4A9024C173B9'],256.0,0.255983616,Answer: ,65.536,Query key: K_B7F23DEFA849,32,33117.0,31945,2.170355712,3906.0,context_0000,MB,synthetic_kv_32k
2170.355712,0.8820545339251744,3906.0,5A529D642932,255.983616,['V_5A529D642932'],256.0,0.255983616,Answer: ,65.536,Query key: K_00666DE299A1,32,33117.0,31945,2.170355712,3906.0,context_0000,MB,synthetic_kv_32k
2170.355712,0.8820545339251744,3906.0,2FF36AA42C9F,255.983616,['V_2FF36AA42C9F'],256.0,0.255983616,Answer: ,65.536,Query key: K_92173D959E3F,32,33117.0,31945,2.170355712,3906.0,context_0000,MB,synthetic_kv_32k
2170.355712,0.8820545339251744,3906.0,92173D959E3F,255.983616,['V_860315EACBCF'],256.0,0.255983616,Answer: ,65.536,Query key: K_AB10AA143CD8,32,33117.0,31945,2.170355712,3906.0,context_0000,MB,synthetic_kv_32k
2170.355712,0.8820545339251744,3906.0,65BCFADD7EA3,255.983616,['V_F41211536E99'],256.0,0.255983616,Answer: ,65.536,Query key: K_5C50F982F4E0,32,33117.0,31945,2.170355712,3906.0,context_0000,MB,synthetic_kv_32k
2170.355712,0.8820545339251744,3906.0,5CCE31D4EE09,255.983616,['V_C95281E03A5E'],256.0,0.255983616,Answer: ,65.536,Query key: K_8B4886ABD4E7,32,33117.0,31945,2.170355712,3906.0,context_0000,MB,synthetic_kv_32k
2170.355712,0.8820545339251744,3906.0,05348DDCE719,255.983616,['V_05348DDCE719'],256.0,0.255983616,Answer: ,65.536,Query key: K_81F3FD034ADA,32,33117.0,31945,2.170355712,3906.0,context_0000,MB,synthetic_kv_32k
2170.355712,0.8820545339251744,3906.0,0B25785AC5D0,255.983616,['V_0B25785AC5D0'],256.0,0.255983616,Answer: ,65.536,Query key: K_DF9263F4C69D,32,33117.0,31945,2.170355712,3906.0,context_0000,MB,synthetic_kv_32k
2170.355712,0.8820545339251744,3906.0,5F90FB25664D,255.983616,['V_5F90FB25664D'],256.0,0.255983616,Answer: ,65.536,Query key: K_630AA2BB522B,32,33117.0,31945,2.170355712,3906.0,context_0000,MB,synthetic_kv_32k
2170.355712,0.8820545339251744,3906.0,5B6A04287378,255.983616,['V_5B6A04287378'],256.0,0.255983616,Answer: ,65.536,Query key: K_BF5040EF3935,32,33117.0,31945,2.170355712,3906.0,context_0000,MB,synthetic_kv_32k
2170.355712,0.8820545339251744,3906.0,3DBA5844F9FC,255.983616,['V_3DBA5844F9FC'],256.0,0.255983616,Answer: ,65.536,Query key: K_114BC9DC72B8,32,33117.0,31945,2.170355712,3906.0,context_0000,MB,synthetic_kv_32k
2170.355712,0.8820545339251744,3906.0,1A89A0D572C8,255.983616,['V_1A89A0D572C8'],256.0,0.255983616,Answer: ,65.536,Query key: K_A837BBA205CA,32,33117.0,31945,2.170355712,3906.0,context_0000,MB,synthetic_kv_32k
2170.355712,0.8820545339251744,3906.0,1,255.983616,['V_C1B5BC3536DF'],256.0,0.255983616,Answer: ,65.536,Query key: K_94F7C5811D2D,32,33117.0,31945,2.170355712,3906.0,context_0000,MB,synthetic_kv_32k
2170.355712,0.8820545339251744,3906.0,5A300B599562,255.983616,['V_5A300B599562'],256.0,0.255983616,Answer: ,65.536,Query key: K_2227551FF086,32,33117.0,31945,2.170355712,3906.0,context_0000,MB,synthetic_kv_32k
2170.355712,0.8820545339251744,3906.0,1,255.983616,['V_A48ED0421DFA'],256.0,0.255983616,Answer: ,65.536,Query key: K_56AB8BC78E81,32,33117.0,31945,2.170355712,3906.0,context_0000,MB,synthetic_kv_32k
2170.355712,0.8820545339251744,3906.0,0A4EA6D964A3,255.983616,['V_AF47C775E395'],256.0,0.255983616,Answer: ,65.536,Query key: K_D4942CD2A404,32,33117.0,31945,2.170355712,3906.0,context_0000,MB,synthetic_kv_32k
2170.355712,0.8820545339251744,3906.0,7A81B20507BB,255.983616,['V_7A81B20507BB'],256.0,0.255983616,Answer: ,65.536,Query key: K_FB1676F186AB,32,33117.0,31945,2.170355712,3906.0,context_0000,MB,synthetic_kv_32k
2170.355712,0.8820545339251744,3906.0,2285CFBE4FE9,255.983616,['V_2285CFBE4FE9'],256.0,0.255983616,Answer: ,65.536,Query key: K_2EA9A1B970D0,32,33117.0,31945,2.170355712,3906.0,context_0000,MB,synthetic_kv_32k
2170.355712,0.8820545339251744,3906.0,4BA11AC3BF31,255.983616,['V_F190C6B469EF'],256.0,0.255983616,Answer: ,65.536,Query key: K_B74E10275B53,32,33117.0,31945,2.170355712,3906.0,context_0000,MB,synthetic_kv_32k
2170.355712,0.8820545339251744,3906.0,339B4B1F0D7B,255.983616,['V_339B4B1F0D7B'],256.0,0.255983616,Answer: ,65.536,Query key: K_0977752A7D25,32,33117.0,31945,2.170355712,3906.0,context_0000,MB,synthetic_kv_32k
2170.355712,0.8820545339251744,3906.0,0EAFF2A9DC8A,255.983616,['V_E2C333107475'],256.0,0.255983616,Answer: ,65.536,Query key: K_CA860B36E356,32,33117.0,31945,2.170355712,3906.0,context_0000,MB,synthetic_kv_32k
2170.355712,0.8820545339251744,3906.0,4F61EEF16694,255.983616,['V_4F61EEF16694'],256.0,0.255983616,Answer: ,65.536,Query key: K_50CA0ABA590E,32,33117.0,31945,2.170355712,3906.0,context_0000,MB,synthetic_kv_32k
2170.355712,0.8820545339251744,3906.0,0,255.983616,['V_D0BEFD372539'],256.0,0.255983616,Answer: ,65.536,Query key: K_65F283F02DC7,32,33117.0,31945,2.170355712,3906.0,context_0000,MB,synthetic_kv_32k
2170.355712,0.8820545339251744,3906.0,095F40D92BCE,255.983616,['V_095F40D92BCE'],256.0,0.255983616,Answer: ,65.536,Query key: K_79308B040F49,32,33117.0,31945,2.170355712,3906.0,context_0000,MB,synthetic_kv_32k
2170.355712,0.8820545339251744,3906.0,493E30EC2796,255.983616,['V_493E30EC2796'],256.0,0.255983616,Answer: ,65.536,Query key: K_A59BC0D7AC73,32,33117.0,31945,2.170355712,3906.0,context_0000,MB,synthetic_kv_32k
2170.355712,0.8820545339251744,3906.0,0,255.983616,['V_0C3CC7E53BBB'],256.0,0.255983616,Answer: ,65.536,Query key: K_DCB55B62A8DF,32,33117.0,31945,2.170355712,3906.0,context_0000,MB,synthetic_kv_32k
2170.355712,0.8820545339251744,3906.0,45F154F90429,255.983616,['V_45F154F90429'],256.0,0.255983616,Answer: ,65.536,Query key: K_A7DEDDA4F4A7,32,33117.0,31945,2.170355712,3906.0,context_0000,MB,synthetic_kv_32k
2170.355712,0.8820545339251744,3906.0,6FDC5E368127,255.983616,['V_6FDC5E368127'],256.0,0.255983616,Answer: ,65.536,Query key: K_CCA11FDD980A,32,33117.0,31945,2.170355712,3906.0,context_0000,MB,synthetic_kv_32k
2170.355712,0.8820545339251744,3906.0,56CB62FB26D7,255.983616,['V_7092BE4969EC'],256.0,0.255983616,Answer: ,65.536,Query key: K_6667E3B56360,32,33117.0,31945,2.170355712,3906.0,context_0000,MB,synthetic_kv_32k
2170.355712,0.8820545339251744,3906.0,56CB62FB26D7,255.983616,['V_56CB62FB26D7'],256.0,0.255983616,Answer: ,65.536,Query key: K_F4DBE506F670,32,33117.0,31945,2.170355712,3906.0,context_0000,MB,synthetic_kv_32k
2170.355712,0.8820545339251744,3906.0,30CB6232B17A,255.983616,['V_B12B7F072CB9'],256.0,0.255983616,Answer: ,65.536,Query key: K_2FD3F945F2FD,32,33117.0,31945,2.170355712,3906.0,context_0000,MB,synthetic_kv_32k
2170.355712,0.8820545339251744,3906.0,0EAFF2A9DC8A,255.983616,['V_CC1BEC9F9C54'],256.0,0.255983616,Answer: ,65.536,Query key: K_5E0A7F5DB163,32,33117.0,31945,2.170355712,3906.0,context_0000,MB,synthetic_kv_32k
2170.355712,0.8820545339251744,3906.0,1526CD180A82,255.983616,['V_1526CD180A82'],256.0,0.255983616,Answer: ,65.536,Query key: K_444784EF4324,32,33117.0,31945,2.170355712,3906.0,context_0000,MB,synthetic_kv_32k
2170.355712,0.8820545339251744,3906.0,1C0FAC7E937C,255.983616,['V_6E3C14348F62'],256.0,0.255983616,Answer: ,65.536,Query key: K_6CACBA220065,32,33117.0,31945,2.170355712,3906.0,context_0000,MB,synthetic_kv_32k
2170.355712,0.8820545339251744,3906.0,2E32D284F54E,255.983616,['V_2E32D284F54E'],256.0,0.255983616,Answer: ,65.536,Query key: K_FEBE9A3A6103,32,33117.0,31945,2.170355712,3906.0,context_0000,MB,synthetic_kv_32k
2170.355712,0.8820545339251744,3906.0,1A855A057C11,255.983616,['V_1A43523AE993'],256.0,0.255983616,Answer: ,65.536,Query key: K_4B348BA435CC,32,33117.0,31945,2.170355712,3906.0,context_0000,MB,synthetic_kv_32k
2170.355712,0.8820545339251744,3906.0,4BAFA9320094,255.983616,['V_4BAFA9320094'],256.0,0.255983616,Answer: ,65.536,Query key: K_53F2147F6570,32,33117.0,31945,2.170355712,3906.0,context_0000,MB,synthetic_kv_32k
2170.355712,0.8820545339251744,3906.0,1,255.983616,['V_B7B89A45693D'],256.0,0.255983616,Answer: ,65.536,Query key: K_72274E76833A,32,33117.0,31945,2.170355712,3906.0,context_0000,MB,synthetic_kv_32k
2170.355712,0.8820545339251744,3906.0,71A3B0946D2A,255.983616,['V_71A3B0946D2A'],256.0,0.255983616,Answer: ,65.536,Query key: K_2AA96D15F16F,32,33117.0,31945,2.170355712,3906.0,context_0000,MB,synthetic_kv_32k
2170.355712,0.8820545339251744,3906.0,727759FEFBBC,255.983616,['V_BA100AD7C9A2'],256.0,0.255983616,Answer: ,65.536,Query key: K_727759FEFBBC,32,33117.0,31945,2.170355712,3906.0,context_0000,MB,synthetic_kv_32k
2170.355712,0.8820545339251744,3906.0,9D665A4153B3,255.983616,['V_9D665A4153B3'],256.0,0.255983616,Answer: ,65.536,Query key: K_E95FDEBAC186,32,33117.0,31945,2.170355712,3906.0,context_0000,MB,synthetic_kv_32k
2170.355712,0.8820545339251744,3906.0,38B780FB9296,255.983616,['V_A3B446494296'],256.0,0.255983616,Answer: ,65.536,Query key: K_6F58FF86CC31,32,33117.0,31945,2.170355712,3906.0,context_0000,MB,synthetic_kv_32k
2170.355712,0.8820545339251744,3906.0,0EAFF2A9DC8A,255.983616,['V_0EAFF2A9DC8A'],256.0,0.255983616,Answer: ,65.536,Query key: K_CA9EFAE3114B,32,33117.0,31945,2.170355712,3906.0,context_0000,MB,synthetic_kv_32k
2170.355712,0.8820545339251744,3906.0,67FDA334058A,255.983616,['V_67FDA334058A'],256.0,0.255983616,Answer: ,65.536,Query key: K_ABD21335E5DB,32,33117.0,31945,2.170355712,3906.0,context_0000,MB,synthetic_kv_32k
2170.355712,0.8820545339251744,3906.0,4FA0F6F7F0CC,255.983616,['V_BFF9CD14A03E'],256.0,0.255983616,Answer: ,65.536,Query key: K_83595D01F55F,32,33117.0,31945,2.170355712,3906.0,context_0000,MB,synthetic_kv_32k
2170.355712,0.8820545339251744,3906.0,07F8F3EA0184,255.983616,['V_07F8F3EA0184'],256.0,0.255983616,Answer: ,65.536,Query key: K_28F4ADEDDA80,32,33117.0,31945,2.170355712,3906.0,context_0000,MB,synthetic_kv_32k
2170.355712,0.8820545339251744,3906.0,0EAFF2A9DC8A,255.983616,['V_AD979B89E5CB'],256.0,0.255983616,Answer: ,65.536,Query key: K_D942248D31EC,32,33117.0,31945,2.170355712,3906.0,context_0000,MB,synthetic_kv_32k
2170.355712,0.8820545339251744,3906.0,205008E895D7,255.983616,['V_205008E895D7'],256.0,0.255983616,Answer: ,65.536,Query key: K_702CC8040FB7,32,33117.0,31945,2.170355712,3906.0,context_0000,MB,synthetic_kv_32k
2170.355712,0.8820545339251744,3906.0,52305553B2FE,255.983616,['V_A529C74CC890'],256.0,0.255983616,Answer: ,65.536,Query key: K_3C6A113634A5,32,33117.0,31945,2.170355712,3906.0,context_0000,MB,synthetic_kv_32k
2170.355712,0.8820545339251744,3906.0,0EAFF2A9DC8A,255.983616,['V_F3106202BEE6'],256.0,0.255983616,Answer: ,65.536,Query key: K_5CB55DC7B3E6,32,33117.0,31945,2.170355712,3906.0,context_0000,MB,synthetic_kv_32k
2170.355712,0.8820545339251744,3906.0,27479AE77EAB,255.983616,['V_27479AE77EAB'],256.0,0.255983616,Answer: ,65.536,Query key: K_084A9136F1F8,32,33117.0,31945,2.170355712,3906.0,context_0000,MB,synthetic_kv_32k
2170.355712,0.8820545339251744,3906.0,5EF7F2E6195F,255.983616,['V_5EF7F2E6195F'],256.0,0.255983616,Answer: ,65.536,Query key: K_732EADD702C9,32,33117.0,31945,2.170355712,3906.0,context_0000,MB,synthetic_kv_32k
2170.355712,0.8820545339251744,3906.0,13AEC359810A,255.983616,['V_13AEC359810A'],256.0,0.255983616,Answer: ,65.536,Query key: K_71A65F3C44DC,32,33117.0,31945,2.170355712,3906.0,context_0000,MB,synthetic_kv_32k
2170.355712,0.8820545339251744,3906.0,5DF0878AAED9,255.983616,['V_5DF0878AAED9'],256.0,0.255983616,Answer: ,65.536,Query key: K_233F92EC89AF,32,33117.0,31945,2.170355712,3906.0,context_0000,MB,synthetic_kv_32k
2170.355712,0.8820545339251744,3906.0,4758A6499CDC,255.983616,['V_4758A6499CDC'],256.0,0.255983616,Answer: ,65.536,Query key: K_507B65E58F34,32,33117.0,31945,2.170355712,3906.0,context_0000,MB,synthetic_kv_32k
2170.355712,0.8820545339251744,3906.0,06A21D0AF7F7,255.983616,['V_06A21D0AF7F7'],256.0,0.255983616,Answer: ,65.536,Query key: K_F5E43FE68C9C,32,33117.0,31945,2.170355712,3906.0,context_0000,MB,synthetic_kv_32k
2170.355712,0.8820545339251744,3906.0,848A7FC15858,255.983616,['V_848A7FC15858'],256.0,0.255983616,Answer: ,65.536,Query key: K_2FA0BC55300B,32,33117.0,31945,2.170355712,3906.0,context_0000,MB,synthetic_kv_32k
2170.355712,0.8820545339251744,3906.0,1E258FC9C86B,255.983616,['V_1E258FC9C86B'],256.0,0.255983616,Answer: ,65.536,Query key: K_E9DD63119ACA,32,33117.0,31945,2.170355712,3906.0,context_0000,MB,synthetic_kv_32k
2170.355712,0.8820545339251744,3906.0,2E4B29890880,255.983616,['V_B43B42A259A6'],256.0,0.255983616,Answer: ,65.536,Query key: K_C6644303CBC1,32,33117.0,31945,2.170355712,3906.0,context_0000,MB,synthetic_kv_32k
2170.355712,0.8820545339251744,3906.0,9CA3FF11C8BA,255.983616,['V_9CA3FF11C8BA'],256.0,0.255983616,Answer: ,65.536,Query key: K_36EE723EF466,32,33117.0,31945,2.170355712,3906.0,context_0000,MB,synthetic_kv_32k
2170.355712,0.8820545339251744,3906.0,8412D88C656D,255.983616,['V_FFA6EA9E5C8D'],256.0,0.255983616,Answer: ,65.536,Query key: K_B1A8491B90E9,32,33117.0,31945,2.170355712,3906.0,context_0000,MB,synthetic_kv_32k
2170.355712,0.8820545339251744,3906.0,22BF1F652A87,255.983616,['V_22BF1F652A87'],256.0,0.255983616,Answer: ,65.536,Query key: K_333E7DBF4BC1,32,33117.0,31945,2.170355712,3906.0,context_0000,MB,synthetic_kv_32k
2170.355712,0.8820545339251744,3906.0,2C3373B911D8,255.983616,['V_2C3373B911D8'],256.0,0.255983616,Answer: ,65.536,Query key: K_12F5DA52D2EE,32,33117.0,31945,2.170355712,3906.0,context_0000,MB,synthetic_kv_32k
2170.355712,0.8820545339251744,3906.0,2C3373B911D8,255.983616,['V_FF4C71F2CE8F'],256.0,0.255983616,Answer: ,65.536,Query key: K_B69FE60FD420,32,33117.0,31945,2.170355712,3906.0,context_0000,MB,synthetic_kv_32k
2170.355712,0.8820545339251744,3906.0,22BF1F652A87,255.983616,['V_F7B2AE92EA71'],256.0,0.255983616,Answer: ,65.536,Query key: K_CF7D1679742F,32,33117.0,31945,2.170355712,3906.0,context_0000,MB,synthetic_kv_32k
2170.355712,0.8820545339251744,3906.0,6A3606D3DB93,255.983616,['V_AAF751D08109'],256.0,0.255983616,Answer: ,65.536,Query key: K_FC90D8741408,32,33117.0,31945,2.170355712,3906.0,context_0000,MB,synthetic_kv_32k
2170.355712,0.8820545339251744,3906.0,8CCC109FD8EE,255.983616,['V_8CCC109FD8EE'],256.0,0.255983616,Answer: ,65.536,Query key: K_B5A458F0DD23,32,33117.0,31945,2.170355712,3906.0,context_0000,MB,synthetic_kv_32k
2170.355712,0.8820545339251744,3906.0,4CC9E42E5037,255.983616,['V_4CC9E42E5037'],256.0,0.255983616,Answer: ,65.536,Query key: K_4A558ACBBE09,32,33117.0,31945,2.170355712,3906.0,context_0000,MB,synthetic_kv_32k
2170.355712,0.8820545339251744,3906.0,28F4A0A04DC4,255.983616,['V_B5A5B6391F04'],256.0,0.255983616,Answer: ,65.536,Query key: K_2852D9F2DD0D,32,33117.0,31945,2.170355712,3906.0,context_0000,MB,synthetic_kv_32k
2170.355712,0.8820545339251744,3906.0,2C91A3404F08,255.983616,['V_2C91A3404F08'],256.0,0.255983616,Answer: ,65.536,Query key: K_B341ED6522B4,32,33117.0,31945,2.170355712,3906.0,context_0000,MB,synthetic_kv_32k
2170.355712,0.8820545339251744,3906.0,3967823DD107,255.983616,['V_3967823DD107'],256.0,0.255983616,Answer: ,65.536,Query key: K_5C8ACB2FAFA3,32,33117.0,31945,2.170355712,3906.0,context_0000,MB,synthetic_kv_32k
2170.355712,0.8820545339251744,3906.0,3967823DD107,255.983616,['V_CAC43373730E'],256.0,0.255983616,Answer: ,65.536,Query key: K_FC311F119C0F,32,33117.0,31945,2.170355712,3906.0,context_0000,MB,synthetic_kv_32k
2170.355712,0.8820545339251744,3906.0,7E78CA55E38B,255.983616,['V_7E78CA55E38B'],256.0,0.255983616,Answer: ,65.536,Query key: K_3C9A238D6F44,32,33117.0,31945,2.170355712,3906.0,context_0000,MB,synthetic_kv_32k
2170.355712,0.8820545339251744,3906.0,92808DD4595B,255.983616,['V_92808DD4595B'],256.0,0.255983616,Answer: ,65.536,Query key: K_5C6306BA8CD3,32,33117.0,31945,2.170355712,3906.0,context_0000,MB,synthetic_kv_32k
2170.355712,0.8820545339251744,3906.0,65ED4F2DAD3F,255.983616,['V_FBA6CDBCC653'],256.0,0.255983616,Answer: ,65.536,Query key: K_77A75E70F65F,32,33117.0,31945,2.170355712,3906.0,context_0000,MB,synthetic_kv_32k
2170.355712,0.8820545339251744,3906.0,21388D38BBD8,255.983616,['V_E25D9CA8A5C4'],256.0,0.255983616,Answer: ,65.536,Query key: K_21388D38BBD8,32,33117.0,31945,2.170355712,3906.0,context_0000,MB,synthetic_kv_32k
2170.355712,0.8820545339251744,3906.0,0,255.983616,['V_65ED4F2DAD3F'],256.0,0.255983616,Answer: ,65.536,Query key: K_10D4161237C9,32,33117.0,31945,2.170355712,3906.0,context_0000,MB,synthetic_kv_32k
2170.355712,0.8820545339251744,3906.0,7A89B807D78A,255.983616,['V_7A89B807D78A'],256.0,0.255983616,Answer: ,65.536,Query key: K_B788FFE575F6,32,33117.0,31945,2.170355712,3906.0,context_0000,MB,synthetic_kv_32k
2170.355712,0.8820545339251744,3906.0,68D0C4E7F7DD,255.983616,['V_68D0C4E7F7DD'],256.0,0.255983616,Answer: ,65.536,Query key: K_69298693FD9D,32,33117.0,31945,2.170355712,3906.0,context_0000,MB,synthetic_kv_32k
2170.355712,0.8820545339251744,3906.0,588AF96D40F8,255.983616,['V_201512E153A6'],256.0,0.255983616,Answer: ,65.536,Query key: K_932CD2C65EE4,32,33117.0,31945,2.170355712,3906.0,context_0000,MB,synthetic_kv_32k
2170.355712,0.8820545339251744,3906.0,12FCA4704D48,255.983616,['V_12FCA4704D48'],256.0,0.255983616,Answer: ,65.536,Query key: K_5128F8EDE0CA,32,33117.0,31945,2.170355712,3906.0,context_0000,MB,synthetic_kv_32k
2170.355712,0.8820545339251744,3906.0,8471AE1B9F69,255.983616,['V_8471AE1B9F69'],256.0,0.255983616,Answer: ,65.536,Query key: K_774073318749,32,33117.0,31945,2.170355712,3906.0,context_0000,MB,synthetic_kv_32k
2170.355712,0.8820545339251744,3906.0,4BA11AC3BF31,255.983616,['V_D43CE0C1FF1E'],256.0,0.255983616,Answer: ,65.536,Query key: K_20DA58321EE4,32,33117.0,31945,2.170355712,3906.0,context_0000,MB,synthetic_kv_32k
2170.355712,0.8820545339251744,3906.0,9679A3C988E4,255.983616,['V_9679A3C988E4'],256.0,0.255983616,Answer: ,65.536,Query key: K_8D22C7BF4FBC,32,33117.0,31945,2.170355712,3906.0,context_0000,MB,synthetic_kv_32k
2170.355712,0.8820545339251744,3906.0,2108F75D1E3C,255.983616,['V_2108F75D1E3C'],256.0,0.255983616,Answer: ,65.536,Query key: K_C48D2E9522D6,32,33117.0,31945,2.170355712,3906.0,context_0000,MB,synthetic_kv_32k
2170.355712,0.8820545339251744,3906.0,9C7C79A28903,255.983616,['V_DE43E9247069'],256.0,0.255983616,Answer: ,65.536,Query key: K_80BB6EC01269,32,33117.0,31945,2.170355712,3906.0,context_0000,MB,synthetic_kv_32k
2170.355712,0.8820545339251744,3906.0,29762A26F770,255.983616,['V_84A21FC905F8'],256.0,0.255983616,Answer: ,65.536,Query key: K_D4D60E2F8958,32,33117.0,31945,2.170355712,3906.0,context_0000,MB,synthetic_kv_32k
2170.355712,0.8820545339251744,3906.0,1238743B65A2,255.983616,['V_29762A26F770'],256.0,0.255983616,Answer: ,65.536,Query key: K_4DDB272C0588,32,33117.0,31945,2.170355712,3906.0,context_0000,MB,synthetic_kv_32k
2170.355712,0.8820545339251744,3906.0,39B8B596CA7C,255.983616,['V_39B8B596CA7C'],256.0,0.255983616,Answer: ,65.536,Query key: K_EF4A5299E505,32,33117.0,31945,2.170355712,3906.0,context_0000,MB,synthetic_kv_32k
2170.355712,0.8820545339251744,3906.0,84D6F0DF1684,255.983616,['V_84D6F0DF1684'],256.0,0.255983616,Answer: ,65.536,Query key: K_F28E5894F7F1,32,33117.0,31945,2.170355712,3906.0,context_0000,MB,synthetic_kv_32k
2170.355712,0.8820545339251744,3906.0,1430D88F1C94,255.983616,['V_1430D88F1C94'],256.0,0.255983616,Answer: ,65.536,Query key: K_48B7E519DD7E,32,33117.0,31945,2.170355712,3906.0,context_0000,MB,synthetic_kv_32k
2170.355712,0.8820545339251744,3906.0,32404027AB7D,255.983616,['V_F4D3A29319FA'],256.0,0.255983616,Answer: ,65.536,Query key: K_32404027AB7D,32,33117.0,31945,2.170355712,3906.0,context_0000,MB,synthetic_kv_32k
2170.355712,0.8820545339251744,3906.0,39B8B596CA7C,255.983616,['V_A001200B2903'],256.0,0.255983616,Answer: ,65.536,Query key: K_46428D03F17A,32,33117.0,31945,2.170355712,3906.0,context_0000,MB,synthetic_kv_32k
2170.355712,0.8820545339251744,3906.0,17EA8892042F,255.983616,['V_17EA8892042F'],256.0,0.255983616,Answer: ,65.536,Query key: K_9D4B4D85E9C7,32,33117.0,31945,2.170355712,3906.0,context_0000,MB,synthetic_kv_32k
2170.355712,0.8820545339251744,3906.0,17EA8892042F,255.983616,['V_97802B2BB8E9'],256.0,0.255983616,Answer: ,65.536,Query key: K_A41780A8A23D,32,33117.0,31945,2.170355712,3906.0,context_0000,MB,synthetic_kv_32k
2170.355712,0.8820545339251744,3906.0,27C8,255.983616,['V_2BD327794685'],256.0,0.255983616,Answer: ,65.536,Query key: K_94A5F10D27C8,32,33117.0,31945,2.170355712,3906.0,context_0000,MB,synthetic_kv_32k
2170.355712,0.8820545339251744,3906.0,17EA8892042F,255.983616,['V_E6E9B87B6384'],256.0,0.255983616,Answer: ,65.536,Query key: K_9FDDA8A2B7AD,32,33117.0,31945,2.170355712,3906.0,context_0000,MB,synthetic_kv_32k
2170.355712,0.8820545339251744,3906.0,0A4E80051B10,255.983616,['V_EC86D7B00BDC'],256.0,0.255983616,Answer: ,65.536,Query key: K_566E9AEA622F,32,33117.0,31945,2.170355712,3906.0,context_0000,MB,synthetic_kv_32k
2170.355712,0.8820545339251744,3906.0,0,255.983616,['V_DD20D342AF08'],256.0,0.255983616,Answer: ,65.536,Query key: K_0A8B90494583,32,33117.0,31945,2.170355712,3906.0,context_0000,MB,synthetic_kv_32k
2170.355712,0.8820545339251744,3906.0,0A4E80051B10,255.983616,['V_F2D30BA36279'],256.0,0.255983616,Answer: ,65.536,Query key: K_14CB07437C3B,32,33117.0,31945,2.170355712,3906.0,context_0000,MB,synthetic_kv_32k
2170.355712,0.8820545339251744,3906.0,43C093A74792,255.983616,['V_43C093A74792'],256.0,0.255983616,Answer: ,65.536,Query key: K_C561A4364FCD,32,33117.0,31945,2.170355712,3906.0,context_0000,MB,synthetic_kv_32k
2170.355712,0.8820545339251744,3906.0,9277C4576CC3,255.983616,['V_9277C4576CC3'],256.0,0.255983616,Answer: ,65.536,Query key: K_35F7A6B07458,32,33117.0,31945,2.170355712,3906.0,context_0000,MB,synthetic_kv_32k
2170.355712,0.8820545339251744,3906.0,637987625878,255.983616,['V_07C0A394ED54'],256.0,0.255983616,Answer: ,65.536,Query key: K_9E3C6AA56E6D,32,33117.0,31945,2.170355712,3906.0,context_0000,MB,synthetic_kv_32k
2170.355712,0.8820545339251744,3906.0,8BAAA08DD21B,255.983616,['V_8BAAA08DD21B'],256.0,0.255983616,Answer: ,65.536,Query key: K_E3957F7F6C0A,32,33117.0,31945,2.170355712,3906.0,context_0000,MB,synthetic_kv_32k
2170.355712,0.8820545339251744,3906.0,4D56F4E7069A,255.983616,['V_4D56F4E7069A'],256.0,0.255983616,Answer: ,65.536,Query key: K_A4544A27EBF2,32,33117.0,31945,2.170355712,3906.0,context_0000,MB,synthetic_kv_32k
2170.355712,0.8820545339251744,3906.0,0A4E80051B10,255.983616,['V_CEAECE000AF0'],256.0,0.255983616,Answer: ,65.536,Query key: K_3EB07BA24588,32,33117.0,31945,2.170355712,3906.0,context_0000,MB,synthetic_kv_32k
2170.355712,0.8820545339251744,3906.0,741B4C24A053,255.983616,['V_741B4C24A053'],256.0,0.255983616,Answer: ,65.536,Query key: K_67F5AF5B8F47,32,33117.0,31945,2.170355712,3906.0,context_0000,MB,synthetic_kv_32k
2170.355712,0.8820545339251744,3906.0,7D2FB47A1C5B,255.983616,['V_28770F5675F8'],256.0,0.255983616,Answer: ,65.536,Query key: K_B04812AE5C22,32,33117.0,31945,2.170355712,3906.0,context_0000,MB,synthetic_kv_32k
2170.355712,0.8820545339251744,3906.0,76E57BF7E1D3,255.983616,['V_76E57BF7E1D3'],256.0,0.255983616,Answer: ,65.536,Query key: K_6A667089FC6D,32,33117.0,31945,2.170355712,3906.0,context_0000,MB,synthetic_kv_32k
2170.355712,0.8820545339251744,3906.0,24C79B4E164B,255.983616,['V_24C79B4E164B'],256.0,0.255983616,Answer: ,65.536,Query key: K_5716343ADA2A,32,33117.0,31945,2.170355712,3906.0,context_0000,MB,synthetic_kv_32k
2170.355712,0.8820545339251744,3906.0,51BEB7E6A14C,255.983616,['V_51BEB7E6A14C'],256.0,0.255983616,Answer: ,65.536,Query key: K_DC8A5005680F,32,33117.0,31945,2.170355712,3906.0,context_0000,MB,synthetic_kv_32k
2170.355712,0.8820545339251744,3906.0,586ADC5BE7D1,255.983616,['V_586ADC5BE7D1'],256.0,0.255983616,Answer: ,65.536,Query key: K_FCEFBBF483CE,32,33117.0,31945,2.170355712,3906.0,context_0000,MB,synthetic_kv_32k
2170.355712,0.8820545339251744,3906.0,51BEB7E6A14C,255.983616,['V_C2BA2179E3F0'],256.0,0.255983616,Answer: ,65.536,Query key: K_6612F9B21E6E,32,33117.0,31945,2.170355712,3906.0,context_0000,MB,synthetic_kv_32k
2170.355712,0.8820545339251744,3906.0,1B2E8FC85FC0,255.983616,['V_1B2E8FC85FC0'],256.0,0.255983616,Answer: ,65.536,Query key: K_83D55EDBB8EE,32,33117.0,31945,2.170355712,3906.0,context_0000,MB,synthetic_kv_32k
2170.355712,0.8820545339251744,3906.0,0CF20577AEA9,255.983616,['V_1F5D776ABF09'],256.0,0.255983616,Answer: ,65.536,Query key: K_3DE251B1943C,32,33117.0,31945,2.170355712,3906.0,context_0000,MB,synthetic_kv_32k
2170.355712,0.8820545339251744,3906.0,24103F779CAE,255.983616,['V_24103F779CAE'],256.0,0.255983616,Answer: ,65.536,Query key: K_731844790612,32,33117.0,31945,2.170355712,3906.0,context_0000,MB,synthetic_kv_32k
2170.355712,0.8820545339251744,3906.0,24103F779CAE,255.983616,['V_F2044A4B5563'],256.0,0.255983616,Answer: ,65.536,Query key: K_0CF418C8A616,32,33117.0,31945,2.170355712,3906.0,context_0000,MB,synthetic_kv_32k
2170.355712,0.8820545339251744,3906.0,6B0A9D896047,255.983616,['V_6B0A9D896047'],256.0,0.255983616,Answer: ,65.536,Query key: K_DD396257A4A2,32,33117.0,31945,2.170355712,3906.0,context_0000,MB,synthetic_kv_32k
2170.355712,0.8820545339251744,3906.0,6B0A9D896047,255.983616,['V_E6FDDD84CACC'],256.0,0.255983616,Answer: ,65.536,Query key: K_F6723F8EA40A,32,33117.0,31945,2.170355712,3906.0,context_0000,MB,synthetic_kv_32k
2170.355712,0.8820545339251744,3906.0,13,255.983616,['V_EF0A53D2D56D'],256.0,0.255983616,Answer: ,65.536,Query key: K_D04028E213BC,32,33117.0,31945,2.170355712,3906.0,context_0000,MB,synthetic_kv_32k
2170.355712,0.8820545339251744,3906.0,1D0BE9B5C5CF,255.983616,['V_3098500E15C0'],256.0,0.255983616,Answer: ,65.536,Query key: K_B89B93E34C35,32,33117.0,31945,2.170355712,3906.0,context_0000,MB,synthetic_kv_32k
2170.355712,0.8820545339251744,3906.0,7DE36694C343,255.983616,['V_FEF77F8E5483'],256.0,0.255983616,Answer: ,65.536,Query key: K_28CAC35BEC2C,32,33117.0,31945,2.170355712,3906.0,context_0000,MB,synthetic_kv_32k
2170.355712,0.8820545339251744,3906.0,778183C501CB,255.983616,['V_E10B7FAEB748'],256.0,0.255983616,Answer: ,65.536,Query key: K_778183C501CB,32,33117.0,31945,2.170355712,3906.0,context_0000,MB,synthetic_kv_32k
2170.355712,0.8820545339251744,3906.0,4,255.983616,['V_170D05EEE1D4'],256.0,0.255983616,Answer: ,65.536,Query key: K_7F534EFC8248,32,33117.0,31945,2.170355712,3906.0,context_0000,MB,synthetic_kv_32k
2170.355712,0.8820545339251744,3906.0,750D8164CEEC,255.983616,['V_750D8164CEEC'],256.0,0.255983616,Answer: ,65.536,Query key: K_64ABF1FAC6E7,32,33117.0,31945,2.170355712,3906.0,context_0000,MB,synthetic_kv_32k
2170.355712,0.8820545339251744,3906.0,95563713B466,255.983616,['V_95563713B466'],256.0,0.255983616,Answer: ,65.536,Query key: K_3DA0F778C676,32,33117.0,31945,2.170355712,3906.0,context_0000,MB,synthetic_kv_32k
2170.355712,0.8820545339251744,3906.0,48060CF0374C,255.983616,['V_48060CF0374C'],256.0,0.255983616,Answer: ,65.536,Query key: K_0C745A575539,32,33117.0,31945,2.170355712,3906.0,context_0000,MB,synthetic_kv_32k
2170.355712,0.8820545339251744,3906.0,0DE069CA97D2,255.983616,['V_D7C4E1E0FFFC'],256.0,0.255983616,Answer: ,65.536,Query key: K_98F67EB162F1,32,33117.0,31945,2.170355712,3906.0,context_0000,MB,synthetic_kv_32k
2170.355712,0.8820545339251744,3906.0,492678786140,255.983616,['V_492678786140'],256.0,0.255983616,Answer: ,65.536,Query key: K_AC2AA77D95F1,32,33117.0,31945,2.170355712,3906.0,context_0000,MB,synthetic_kv_32k
2170.355712,0.8820545339251744,3906.0,1B84D8E049DE,255.983616,['V_1B84D8E049DE'],256.0,0.255983616,Answer: ,65.536,Query key: K_0217896490AB,32,33117.0,31945,2.170355712,3906.0,context_0000,MB,synthetic_kv_32k
2170.355712,0.8820545339251744,3906.0,43B4E1E89E7E,255.983616,['V_43B4E1E89E7E'],256.0,0.255983616,Answer: ,65.536,Query key: K_22496E51484D,32,33117.0,31945,2.170355712,3906.0,context_0000,MB,synthetic_kv_32k
2170.355712,0.8820545339251744,3906.0,673BC38C1DEC,255.983616,['V_673BC38C1DEC'],256.0,0.255983616,Answer: ,65.536,Query key: K_5DA3BA3DF7FF,32,33117.0,31945,2.170355712,3906.0,context_0000,MB,synthetic_kv_32k
2170.355712,0.8820545339251744,3906.0,0D18668C8477,255.983616,['V_0D18668C8477'],256.0,0.255983616,Answer: ,65.536,Query key: K_0B955DAE1201,32,33117.0,31945,2.170355712,3906.0,context_0000,MB,synthetic_kv_32k
2170.355712,0.8820545339251744,3906.0,5CCE31D4EE09,255.983616,['V_5CCE31D4EE09'],256.0,0.255983616,Answer: ,65.536,Query key: K_8FD391FDFA4F,32,33117.0,31945,2.170355712,3906.0,context_0000,MB,synthetic_kv_32k
2170.355712,0.8820545339251744,3906.0,62E712D2FA06,255.983616,['V_62E712D2FA06'],256.0,0.255983616,Answer: ,65.536,Query key: K_49E18DA00495,32,33117.0,31945,2.170355712,3906.0,context_0000,MB,synthetic_kv_32k
2170.355712,0.8820545339251744,3906.0,8CC3C3AFFCFE,255.983616,['V_8CC3C3AFFCFE'],256.0,0.255983616,Answer: ,65.536,Query key: K_734A8116E3FC,32,33117.0,31945,2.170355712,3906.0,context_0000,MB,synthetic_kv_32k
2170.355712,0.8820545339251744,3906.0,9F8CFD350C5F,255.983616,['V_9F8CFD350C5F'],256.0,0.255983616,Answer: ,65.536,Query key: K_D347479BC637,32,33117.0,31945,2.170355712,3906.0,context_0000,MB,synthetic_kv_32k
2170.355712,0.8820545339251744,3906.0,18C0F99F0704,255.983616,['V_20F01E6A6628'],256.0,0.255983616,Answer: ,65.536,Query key: K_9C6DAE2E9AF9,32,33117.0,31945,2.170355712,3906.0,context_0000,MB,synthetic_kv_32k
2170.355712,0.8820545339251744,3906.0,5F8964D6DFBF,255.983616,['V_5F8964D6DFBF'],256.0,0.255983616,Answer: ,65.536,Query key: K_18C0F99F0704,32,33117.0,31945,2.170355712,3906.0,context_0000,MB,synthetic_kv_32k
2170.355712,0.8820545339251744,3906.0,8ECE56CE4B42,255.983616,['V_8ECE56CE4B42'],256.0,0.255983616,Answer: ,65.536,Query key: K_FC9ECB7E6268,32,33117.0,31945,2.170355712,3906.0,context_0000,MB,synthetic_kv_32k
2170.355712,0.8820545339251744,3906.0,24EEC14565C7,255.983616,['V_24EEC14565C7'],256.0,0.255983616,Answer: ,65.536,Query key: K_5D98F05EEEFE,32,33117.0,31945,2.170355712,3906.0,context_0000,MB,synthetic_kv_32k
2170.355712,0.8820545339251744,3906.0,66C18255DA61,255.983616,['V_66C18255DA61'],256.0,0.255983616,Answer: ,65.536,Query key: K_9A3B32F57510,32,33117.0,31945,2.170355712,3906.0,context_0000,MB,synthetic_kv_32k
2170.355712,0.8820545339251744,3906.0,66C18255DA61,255.983616,['V_09F60B990034'],256.0,0.255983616,Answer: ,65.536,Query key: K_0A4E80051B10,32,33117.0,31945,2.170355712,3906.0,context_0000,MB,synthetic_kv_32k
2170.355712,0.8820545339251744,3906.0,0D18668C8477,255.983616,['V_CDD0554227DE'],256.0,0.255983616,Answer: ,65.536,Query key: K_B6AD2314D0C8,32,33117.0,31945,2.170355712,3906.0,context_0000,MB,synthetic_kv_32k
2170.355712,0.8820545339251744,3906.0,262074FD33D1,255.983616,['V_262074FD33D1'],256.0,0.255983616,Answer: ,65.536,Query key: K_84F279474BFA,32,33117.0,31945,2.170355712,3906.0,context_0000,MB,synthetic_kv_32k
2170.355712,0.8820545339251744,3906.0,23C883F82F16,255.983616,['V_23C883F82F16'],256.0,0.255983616,Answer: ,65.536,Query key: K_E4A49B33E3A4,32,33117.0,31945,2.170355712,3906.0,context_0000,MB,synthetic_kv_32k
2170.355712,0.8820545339251744,3906.0,518B9CF20859,255.983616,['V_518B9CF20859'],256.0,0.255983616,Answer: ,65.536,Query key: K_EE6E53F591DC,32,33117.0,31945,2.170355712,3906.0,context_0000,MB,synthetic_kv_32k
2170.355712,0.8820545339251744,3906.0,9DD2FD98FE33,255.983616,['V_9DD2FD98FE33'],256.0,0.255983616,Answer: ,65.536,Query key: K_64982999BBEF,32,33117.0,31945,2.170355712,3906.0,context_0000,MB,synthetic_kv_32k
2170.355712,0.8820545339251744,3906.0,97FE4C9A9F24,255.983616,['V_97FE4C9A9F24'],256.0,0.255983616,Answer: ,65.536,Query key: K_D7B4BD44089D,32,33117.0,31945,2.170355712,3906.0,context_0000,MB,synthetic_kv_32k
2170.355712,0.8820545339251744,3906.0,8162439472E6,255.983616,['V_827CD40AC5E9'],256.0,0.255983616,Answer: ,65.536,Query key: K_81DF561C9210,32,33117.0,31945,2.170355712,3906.0,context_0000,MB,synthetic_kv_32k
2170.355712,0.8820545339251744,3906.0,0,255.983616,['V_901BB56FF8CE'],256.0,0.255983616,Answer: ,65.536,Query key: K_7D6688476C56,32,33117.0,31945,2.170355712,3906.0,context_0000,MB,synthetic_kv_32k
2170.355712,0.8820545339251744,3906.0,0442D0D4EA67,255.983616,['V_0442D0D4EA67'],256.0,0.255983616,Answer: ,65.536,Query key: K_79924CBF131D,32,33117.0,31945,2.170355712,3906.0,context_0000,MB,synthetic_kv_32k
2170.355712,0.8820545339251744,3906.0,1C0FAC7E937C,255.983616,['V_1C0FAC7E937C'],256.0,0.255983616,Answer: ,65.536,Query key: K_54CC5E4CB287,32,33117.0,31945,2.170355712,3906.0,context_0000,MB,synthetic_kv_32k
2170.355712,0.8820545339251744,3906.0,4EC3956D80E4,255.983616,['V_4EC3956D80E4'],256.0,0.255983616,Answer: ,65.536,Query key: K_6AA2FADA98F5,32,33117.0,31945,2.170355712,3906.0,context_0000,MB,synthetic_kv_32k
2170.355712,0.8820545339251744,3906.0,4EC3956D80E4,255.983616,['V_DF41B9AED8E4'],256.0,0.255983616,Answer: ,65.536,Query key: K_E615CBF81F86,32,33117.0,31945,2.170355712,3906.0,context_0000,MB,synthetic_kv_32k
2170.355712,0.8820545339251744,3906.0,98CF06D25913,255.983616,['V_98CF06D25913'],256.0,0.255983616,Answer: ,65.536,Query key: K_A117B023A0EA,32,33117.0,31945,2.170355712,3906.0,context_0000,MB,synthetic_kv_32k
2170.355712,0.8820545339251744,3906.0,98CF06D25913,255.983616,['V_A7D4F791F1E5'],256.0,0.255983616,Answer: ,65.536,Query key: K_43F9797EBE87,32,33117.0,31945,2.170355712,3906.0,context_0000,MB,synthetic_kv_32k
2170.355712,0.8820545339251744,3906.0,9416C6B28DEF,255.983616,['V_9416C6B28DEF'],256.0,0.255983616,Answer: ,65.536,Query key: K_F8D8C86C6544,32,33117.0,31945,2.170355712,3906.0,context_0000,MB,synthetic_kv_32k
2170.355712,0.8820545339251744,3906.0,0D25B8ADAD87,255.983616,['V_0D25B8ADAD87'],256.0,0.255983616,Answer: ,65.536,Query key: K_3A4093DFD907,32,33117.0,31945,2.170355712,3906.0,context_0000,MB,synthetic_kv_32k
2170.355712,0.8820545339251744,3906.0,0D25B8ADAD87,255.983616,['V_86342BA6ADB3'],256.0,0.255983616,Answer: ,65.536,Query key: K_7AFE9561C813,32,33117.0,31945,2.170355712,3906.0,context_0000,MB,synthetic_kv_32k
2170.355712,0.8820545339251744,3906.0,6C6A8EDEC44D,255.983616,['V_C64C9EA7017C'],256.0,0.255983616,Answer: ,65.536,Query key: K_B89FA107CC46,32,33117.0,31945,2.170355712,3906.0,context_0000,MB,synthetic_kv_32k
2170.355712,0.8820545339251744,3906.0,0,255.983616,['V_D25825D4A0FC'],256.0,0.255983616,Answer: ,65.536,Query key: K_6154D756BA9C,32,33117.0,31945,2.170355712,3906.0,context_0000,MB,synthetic_kv_32k
2170.355712,0.8820545339251744,3906.0,6B35504E2687,255.983616,['V_929308150147'],256.0,0.255983616,Answer: ,65.536,Query key: K_3E00AE441E21,32,33117.0,31945,2.170355712,3906.0,context_0000,MB,synthetic_kv_32k
2170.355712,0.8820545339251744,3906.0,30D71C221CEA,255.983616,['V_30D71C221CEA'],256.0,0.255983616,Answer: ,65.536,Query key: K_B355F2BD92F2,32,33117.0,31945,2.170355712,3906.0,context_0000,MB,synthetic_kv_32k
2170.355712,0.8820545339251744,3906.0,6B35504E2687,255.983616,['V_6B35504E2687'],256.0,0.255983616,Answer: ,65.536,Query key: K_70E704D9145E,32,33117.0,31945,2.170355712,3906.0,context_0000,MB,synthetic_kv_32k
2170.355712,0.8820545339251744,3906.0,3432B0C4A01C,255.983616,['V_3432B0C4A01C'],256.0,0.255983616,Answer: ,65.536,Query key: K_69B726C432F6,32,33117.0,31945,2.170355712,3906.0,context_0000,MB,synthetic_kv_32k
2170.355712,0.8820545339251744,3906.0,9C89C66495A7,255.983616,['V_9C89C66495A7'],256.0,0.255983616,Answer: ,65.536,Query key: K_8077690E7E62,32,33117.0,31945,2.170355712,3906.0,context_0000,MB,synthetic_kv_32k
2170.355712,0.8820545339251744,3906.0,497E081FC6DC,255.983616,['V_D92FDF70FB2A'],256.0,0.255983616,Answer: ,65.536,Query key: K_78BBEBA742D2,32,33117.0,31945,2.170355712,3906.0,context_0000,MB,synthetic_kv_32k
2170.355712,0.8820545339251744,3906.0,4,255.983616,['V_B4AD0FF1AA9F'],256.0,0.255983616,Answer: ,65.536,Query key: K_BA37BC5FD4DD,32,33117.0,31945,2.170355712,3906.0,context_0000,MB,synthetic_kv_32k
2170.355712,0.8820545339251744,3906.0,4FA0F6F7F0CC,255.983616,['V_8F9635145890'],256.0,0.255983616,Answer: ,65.536,Query key: K_84C823595FA4,32,33117.0,31945,2.170355712,3906.0,context_0000,MB,synthetic_kv_32k
2170.355712,0.8820545339251744,3906.0,7A76A987B218,255.983616,['V_7A76A987B218'],256.0,0.255983616,Answer: ,65.536,Query key: K_FF845336723B,32,33117.0,31945,2.170355712,3906.0,context_0000,MB,synthetic_kv_32k
2170.355712,0.8820545339251744,3906.0,40AF3DF51967,255.983616,['V_F4E950521700'],256.0,0.255983616,Answer: ,65.536,Query key: K_60778685ABAA,32,33117.0,31945,2.170355712,3906.0,context_0000,MB,synthetic_kv_32k
2170.355712,0.8820545339251744,3906.0,887BE980F808,255.983616,['V_887BE980F808'],256.0,0.255983616,Answer: ,65.536,Query key: K_75AC2C55AEF7,32,33117.0,31945,2.170355712,3906.0,context_0000,MB,synthetic_kv_32k
2170.355712,0.8820545339251744,3906.0,4BA11AC3BF31,255.983616,['V_AD055AB28D4A'],256.0,0.255983616,Answer: ,65.536,Query key: K_8BD857A2BE4E,32,33117.0,31945,2.170355712,3906.0,context_0000,MB,synthetic_kv_32k
2170.355712,0.8820545339251744,3906.0,6B15B113D50B,255.983616,['V_AE45B88E830F'],256.0,0.255983616,Answer: ,65.536,Query key: K_DE1EC5A11F5C,32,33117.0,31945,2.170355712,3906.0,context_0000,MB,synthetic_kv_32k
2170.355712,0.8820545339251744,3906.0,43ADB17CFB21,255.983616,['V_43ADB17CFB21'],256.0,0.255983616,Answer: ,65.536,Query key: K_CDBCA4AFE7BD,32,33117.0,31945,2.170355712,3906.0,context_0000,MB,synthetic_kv_32k
2170.355712,0.8820545339251744,3906.0,4BA11AC3BF31,255.983616,['V_F51431383975'],256.0,0.255983616,Answer: ,65.536,Query key: K_7BF39C2DFA97,32,33117.0,31945,2.170355712,3906.0,context_0000,MB,synthetic_kv_32k
2170.355712,0.8820545339251744,3906.0,4BA11AC3BF31,255.983616,['V_4C6A8EDEC44D'],256.0,0.255983616,Answer: ,65.536,Query key: K_476C3F1BE0D0,32,33117.0,31945,2.170355712,3906.0,context_0000,MB,synthetic_kv_32k
2170.355712,0.8820545339251744,3906.0,09CB43F59A85,255.983616,['V_FB75F910ABB3'],256.0,0.255983616,Answer: ,65.536,Query key: K_F1053990E2C9,32,33117.0,31945,2.170355712,3906.0,context_0000,MB,synthetic_kv_32k
2170.355712,0.8820545339251744,3906.0,1A89A0D572C8,255.983616,['V_B47449FC2CD8'],256.0,0.255983616,Answer: ,65.536,Query key: K_C56B4C3077C4,32,33117.0,31945,2.170355712,3906.0,context_0000,MB,synthetic_kv_32k
2170.355712,0.8820545339251744,3906.0,5F65BD21BC11,255.983616,['V_7D2FB47A1C5B'],256.0,0.255983616,Answer: ,65.536,Query key: K_B0B335102852,32,33117.0,31945,2.170355712,3906.0,context_0000,MB,synthetic_kv_32k
2170.355712,0.8820545339251744,3906.0,8F7C594B2A3A,255.983616,['V_8F7C594B2A3A'],256.0,0.255983616,Answer: ,65.536,Query key: K_7AD45129950D,32,33117.0,31945,2.170355712,3906.0,context_0000,MB,synthetic_kv_32k
2170.355712,0.8820545339251744,3906.0,6AFA2CD10B9F,255.983616,['V_B8BECB9FAF6D'],256.0,0.255983616,Answer: ,65.536,Query key: K_EF3AEF06FCCB,32,33117.0,31945,2.170355712,3906.0,context_0000,MB,synthetic_kv_32k
2170.355712,0.8820545339251744,3906.0,92CF1F33242D,255.983616,['V_92CF1F33242D'],256.0,0.255983616,Answer: ,65.536,Query key: K_49AC46015028,32,33117.0,31945,2.170355712,3906.0,context_0000,MB,synthetic_kv_32k
2170.355712,0.8820545339251744,3906.0,586ADC5BE7D1,255.983616,['V_E5506133A34D'],256.0,0.255983616,Answer: ,65.536,Query key: K_8B0EAD371D9E,32,33117.0,31945,2.170355712,3906.0,context_0000,MB,synthetic_kv_32k
2170.355712,0.8820545339251744,3906.0,585AD1812F77,255.983616,['V_585AD1812F77'],256.0,0.255983616,Answer: ,65.536,Query key: K_6500FAEBCD19,32,33117.0,31945,2.170355712,3906.0,context_0000,MB,synthetic_kv_32k
2170.355712,0.8820545339251744,3906.0,09010DBF0CAF,255.983616,['V_257FCDFB4DB9'],256.0,0.255983616,Answer: ,65.536,Query key: K_C5E7F4613F09,32,33117.0,31945,2.170355712,3906.0,context_0000,MB,synthetic_kv_32k
2170.355712,0.8820545339251744,3906.0,12FE81E0D489,255.983616,['V_F48F49A22441'],256.0,0.255983616,Answer: ,65.536,Query key: K_0AC44A5B1AFF,32,33117.0,31945,2.170355712,3906.0,context_0000,MB,synthetic_kv_32k
2170.355712,0.8820545339251744,3906.0,143BB6D1F6BB,255.983616,['V_EC8B58AB4778'],256.0,0.255983616,Answer: ,65.536,Query key: K_143BB6D1F6BB,32,33117.0,31945,2.170355712,3906.0,context_0000,MB,synthetic_kv_32k
2170.355712,0.8820545339251744,3906.0,286EEDD97A1A,255.983616,['V_BF5141A64FED'],256.0,0.255983616,Answer: ,65.536,Query key: K_A7ED713F8F8C,32,33117.0,31945,2.170355712,3906.0,context_0000,MB,synthetic_kv_32k
2170.355712,0.8820545339251744,3906.0,1A513C7C1D85,255.983616,['V_D3F433BABA88'],256.0,0.255983616,Answer: ,65.536,Query key: K_36C77AA4F052,32,33117.0,31945,2.170355712,3906.0,context_0000,MB,synthetic_kv_32k
2170.355712,0.8820545339251744,3906.0,1BF623245211,255.983616,['V_8FE0EEDAA802'],256.0,0.255983616,Answer: ,65.536,Query key: K_456889E03E22,32,33117.0,31945,2.170355712,3906.0,context_0000,MB,synthetic_kv_32k
2170.355712,0.8820545339251744,3906.0,1BF623245211,255.983616,['V_1BF623245211'],256.0,0.255983616,Answer: ,65.536,Query key: K_4588B2384849,32,33117.0,31945,2.170355712,3906.0,context_0000,MB,synthetic_kv_32k
2170.355712,0.8820545339251744,3906.0,3D41963A8617,255.983616,['V_3D41963A8617'],256.0,0.255983616,Answer: ,65.536,Query key: K_BDAB9D9D028E,32,33117.0,31945,2.170355712,3906.0,context_0000,MB,synthetic_kv_32k
2170.355712,0.8820545339251744,3906.0,7A81B20507BB,255.983616,['V_E7BAAB7A3D1C'],256.0,0.255983616,Answer: ,65.536,Query key: K_0CFE3E11BAFE,32,33117.0,31945,2.170355712,3906.0,context_0000,MB,synthetic_kv_32k
2170.355712,0.8820545339251744,3906.0,39C587F255D6,255.983616,['V_3B9BA35055E4'],256.0,0.255983616,Answer: ,65.536,Query key: K_39C587F255D6,32,33117.0,31945,2.170355712,3906.0,context_0000,MB,synthetic_kv_32k
2170.355712,0.8820545339251744,3906.0,548E69CE1E4E,255.983616,['V_548E69CE1E4E'],256.0,0.255983616,Answer: ,65.536,Query key: K_19A60D700EA4,32,33117.0,31945,2.170355712,3906.0,context_0000,MB,synthetic_kv_32k
2170.355712,0.8820545339251744,3906.0,4BA11AC3BF31,255.983616,['V_AE6219BD4F93'],256.0,0.255983616,Answer: ,65.536,Query key: K_78EFB7A4C719,32,33117.0,31945,2.170355712,3906.0,context_0000,MB,synthetic_kv_32k
2170.355712,0.8820545339251744,3906.0,286EEDD97A1A,255.983616,['V_F6EA01539221'],256.0,0.255983616,Answer: ,65.536,Query key: K_2331C550ECA8,32,33117.0,31945,2.170355712,3906.0,context_0000,MB,synthetic_kv_32k
2170.355712,0.8820545339251744,3906.0,286EEDD97A1A,255.983616,['V_286EEDD97A1A'],256.0,0.255983616,Answer: ,65.536,Query key: K_FA588CE3E7C3,32,33117.0,31945,2.170355712,3906.0,context_0000,MB,synthetic_kv_32k
2170.355712,0.8820545339251744,3906.0,0,255.983616,['V_E172EF5E4376'],256.0,0.255983616,Answer: ,65.536,Query key: K_A723682B163A,32,33117.0,31945,2.170355712,3906.0,context_0000,MB,synthetic_kv_32k
2170.355712,0.8820545339251744,3906.0,2E18CAE28E66,255.983616,['V_A6897A3A10E1'],256.0,0.255983616,Answer: ,65.536,Query key: K_79C7E0DECC3D,32,33117.0,31945,2.170355712,3906.0,context_0000,MB,synthetic_kv_32k
2170.355712,0.8820545339251744,3906.0,4988F6C31218,255.983616,['V_4988F6C31218'],256.0,0.255983616,Answer: ,65.536,Query key: K_C183330F8BE1,32,33117.0,31945,2.170355712,3906.0,context_0000,MB,synthetic_kv_32k
2170.355712,0.8820545339251744,3906.0,0F25A55990E7,255.983616,['V_0F25A55990E7'],256.0,0.255983616,Answer: ,65.536,Query key: K_491052380BF2,32,33117.0,31945,2.170355712,3906.0,context_0000,MB,synthetic_kv_32k
2170.355712,0.8820545339251744,3906.0,0E5DCBD00EF2,255.983616,['V_A6FD16E6E5C0'],256.0,0.255983616,Answer: ,65.536,Query key: K_C4CBE86E8E63,32,33117.0,31945,2.170355712,3906.0,context_0000,MB,synthetic_kv_32k
2170.355712,0.8820545339251744,3906.0,098CEFC9909E,255.983616,['V_BD1A88FFBD40'],256.0,0.255983616,Answer: ,65.536,Query key: K_3B7292FA675F,32,33117.0,31945,2.170355712,3906.0,context_0000,MB,synthetic_kv_32k
2170.355712,0.8820545339251744,3906.0,098CEFC9909E,255.983616,['V_098CEFC9909E'],256.0,0.255983616,Answer: ,65.536,Query key: K_D9AFB91E3D6E,32,33117.0,31945,2.170355712,3906.0,context_0000,MB,synthetic_kv_32k
2170.355712,0.8820545339251744,3906.0,6AFA2CD10B9F,255.983616,['V_6AFA2CD10B9F'],256.0,0.255983616,Answer: ,65.536,Query key: K_EBE5E9C96C52,32,33117.0,31945,2.170355712,3906.0,context_0000,MB,synthetic_kv_32k
2170.355712,0.8820545339251744,3906.0,6AFA2CD10B9F,255.983616,['V_EF152D007D05'],256.0,0.255983616,Answer: ,65.536,Query key: K_D66DE1DACE6A,32,33117.0,31945,2.170355712,3906.0,context_0000,MB,synthetic_kv_32k
2170.355712,0.8820545339251744,3906.0,6AFA2CD10B9F,255.983616,['V_D611FF46A6BF'],256.0,0.255983616,Answer: ,65.536,Query key: K_094DEB6D2FED,32,33117.0,31945,2.170355712,3906.0,context_0000,MB,synthetic_kv_32k
2170.355712,0.8820545339251744,3906.0,2FB27ED17AAB,255.983616,['V_2FB27ED17AAB'],256.0,0.255983616,Answer: ,65.536,Query key: K_C9B765A16FA9,32,33117.0,31945,2.170355712,3906.0,context_0000,MB,synthetic_kv_32k
2170.355712,0.8820545339251744,3906.0,098CEFC9909E,255.983616,['V_DF4EF64E3DFC'],256.0,0.255983616,Answer: ,65.536,Query key: K_BFBEEFC59738,32,33117.0,31945,2.170355712,3906.0,context_0000,MB,synthetic_kv_32k
2170.355712,0.8820545339251744,3906.0,0997E0723D96,255.983616,['V_0997E0723D96'],256.0,0.255983616,Answer: ,65.536,Query key: K_4A1AED10F004,32,33117.0,31945,2.170355712,3906.0,context_0000,MB,synthetic_kv_32k
2170.355712,0.8820545339251744,3906.0,9A4F9165F2ED,255.983616,['V_9A4F9165F2ED'],256.0,0.255983616,Answer: ,65.536,Query key: K_4C63025F5543,32,33117.0,31945,2.170355712,3906.0,context_0000,MB,synthetic_kv_32k
2170.355712,0.8820545339251744,3906.0,55C5FBA57CC8,255.983616,['V_55C5FBA57CC8'],256.0,0.255983616,Answer: ,65.536,Query key: K_EDAF1B780EDE,32,33117.0,31945,2.170355712,3906.0,context_0000,MB,synthetic_kv_32k
2170.355712,0.8820545339251744,3906.0,0846,255.983616,['V_A42DFD359F6A'],256.0,0.255983616,Answer: ,65.536,Query key: K_745048D90846,32,33117.0,31945,2.170355712,3906.0,context_0000,MB,synthetic_kv_32k
2170.355712,0.8820545339251744,3906.0,28F4ADEDDA80,255.983616,['V_E3A67E710B55'],256.0,0.255983616,Answer: ,65.536,Query key: K_86398B15BD94,32,33117.0,31945,2.170355712,3906.0,context_0000,MB,synthetic_kv_32k
2170.355712,0.8820545339251744,3906.0,8114D9DF0D0E,255.983616,['V_8114D9DF0D0E'],256.0,0.255983616,Answer: ,65.536,Query key: K_225AF0458043,32,33117.0,31945,2.170355712,3906.0,context_0000,MB,synthetic_kv_32k
2170.355712,0.8820545339251744,3906.0,0905F299656E2,255.983616,['V_CF0E315C167A'],256.0,0.255983616,Answer: ,65.536,Query key: K_45D877D0359E,32,33117.0,31945,2.170355712,3906.0,context_0000,MB,synthetic_kv_32k
2170.355712,0.8820545339251744,3906.0,0997E0723D96,255.983616,['V_BB2A2999394C'],256.0,0.255983616,Answer: ,65.536,Query key: K_54A71CD66B09,32,33117.0,31945,2.170355712,3906.0,context_0000,MB,synthetic_kv_32k
2170.355712,0.8820545339251744,3906.0,01BF3F800385,255.983616,['V_B7F641DC1C60'],256.0,0.255983616,Answer: ,65.536,Query key: K_A5F6757B6B29,32,33117.0,31945,2.170355712,3906.0,context_0000,MB,synthetic_kv_32k
2170.355712,0.8820545339251744,3906.0,564CBC92FD81,255.983616,['V_564CBC92FD81'],256.0,0.255983616,Answer: ,65.536,Query key: K_039B2FAABE0B,32,33117.0,31945,2.170355712,3906.0,context_0000,MB,synthetic_kv_32k
2170.355712,0.8820545339251744,3906.0,01BF3F800385,255.983616,['V_ACA5915A1C30'],256.0,0.255983616,Answer: ,65.536,Query key: K_4B86CA6FBFF8,32,33117.0,31945,2.170355712,3906.0,context_0000,MB,synthetic_kv_32k
2170.355712,0.8820545339251744,3906.0,9C672CED3C0D,255.983616,['V_9C672CED3C0D'],256.0,0.255983616,Answer: ,65.536,Query key: K_3173C1DD484A,32,33117.0,31945,2.170355712,3906.0,context_0000,MB,synthetic_kv_32k
2170.355712,0.8820545339251744,3906.0,67CEE5A4983B,255.983616,['V_67CEE5A4983B'],256.0,0.255983616,Answer: ,65.536,Query key: K_A383DB2C6AC8,32,33117.0,31945,2.170355712,3906.0,context_0000,MB,synthetic_kv_32k
2170.355712,0.8820545339251744,3906.0,53F383E96EF4,255.983616,['V_53F383E96EF4'],256.0,0.255983616,Answer: ,65.536,Query key: K_6D7DD3B59AF7,32,33117.0,31945,2.170355712,3906.0,context_0000,MB,synthetic_kv_32k
2170.355712,0.8820545339251744,3906.0,186BAB545A15,255.983616,['V_186BAB545A15'],256.0,0.255983616,Answer: ,65.536,Query key: K_669D1634725B,32,33117.0,31945,2.170355712,3906.0,context_0000,MB,synthetic_kv_32k
2170.355712,0.8820545339251744,3906.0,7A3A23FF23D3,255.983616,['V_7A3A23FF23D3'],256.0,0.255983616,Answer: ,65.536,Query key: K_FB4F2F4DD219,32,33117.0,31945,2.170355712,3906.0,context_0000,MB,synthetic_kv_32k
2170.355712,0.8820545339251744,3906.0,01BF3F800385,255.983616,['V_01BF3F800385'],256.0,0.255983616,Answer: ,65.536,Query key: K_EF9252D78F10,32,33117.0,31945,2.170355712,3906.0,context_0000,MB,synthetic_kv_32k
2170.355712,0.8820545339251744,3906.0,725D3C4B1EEC,255.983616,['V_725D3C4B1EEC'],256.0,0.255983616,Answer: ,65.536,Query key: K_623142C2D2EB,32,33117.0,31945,2.170355712,3906.0,context_0000,MB,synthetic_kv_32k
2170.355712,0.8820545339251744,3906.0,5462F43BA052,255.983616,['V_5462F43BA052'],256.0,0.255983616,Answer: ,65.536,Query key: K_4459C0F63229,32,33117.0,31945,2.170355712,3906.0,context_0000,MB,synthetic_kv_32k
2170.355712,0.8820545339251744,3906.0,5462F43BA052,255.983616,['V_92A8B90ED44B'],256.0,0.255983616,Answer: ,65.536,Query key: K_951C4D4C5280,32,33117.0,31945,2.170355712,3906.0,context_0000,MB,synthetic_kv_32k
2170.355712,0.8820545339251744,3906.0,5C0BA757CB10,255.983616,['V_5C0BA757CB10'],256.0,0.255983616,Answer: ,65.536,Query key: K_42F502ED73CE,32,33117.0,31945,2.170355712,3906.0,context_0000,MB,synthetic_kv_32k
2170.355712,0.8820545339251744,3906.0,01BF3F800385,255.983616,['V_AAF40FE76149'],256.0,0.255983616,Answer: ,65.536,Query key: K_3C7EB1594847,32,33117.0,31945,2.170355712,3906.0,context_0000,MB,synthetic_kv_32k
2170.355712,0.8820545339251744,3906.0,28E34E8ADC4B,255.983616,['V_28E34E8ADC4B'],256.0,0.255983616,Answer: ,65.536,Query key: K_77241E43FBD2,32,33117.0,31945,2.170355712,3906.0,context_0000,MB,synthetic_kv_32k
2170.355712,0.8820545339251744,3906.0,28E34E8ADC4B,255.983616,['V_EC5080A52E65'],256.0,0.255983616,Answer: ,65.536,Query key: K_AFA267C96204,32,33117.0,31945,2.170355712,3906.0,context_0000,MB,synthetic_kv_32k
2170.355712,0.8820545339251744,3906.0,5FA59B11B530,255.983616,['V_C514B41C504F'],256.0,0.255983616,Answer: ,65.536,Query key: K_E346E5267A2B,32,33117.0,31945,2.170355712,3906.0,context_0000,MB,synthetic_kv_32k
2170.355712,0.8820545339251744,3906.0,5A29C74CC890,255.983616,['V_A3821E0EF546'],256.0,0.255983616,Answer: ,65.536,Query key: K_B0B64F9C4027,32,33117.0,31945,2.170355712,3906.0,context_0000,MB,synthetic_kv_32k
2170.355712,0.8820545339251744,3906.0,5E174B87959F,255.983616,['V_5E174B87959F'],256.0,0.255983616,Answer: ,65.536,Query key: K_F0CDEA87855E,32,33117.0,31945,2.170355712,3906.0,context_0000,MB,synthetic_kv_32k
2170.355712,0.8820545339251744,3906.0,5FA59B11B530,255.983616,['V_F5153818CFD3'],256.0,0.255983616,Answer: ,65.536,Query key: K_38899D5817E8,32,33117.0,31945,2.170355712,3906.0,context_0000,MB,synthetic_kv_32k
2170.355712,0.8820545339251744,3906.0,5FA59B11B530,255.983616,['V_747927372B52'],256.0,0.255983616,Answer: ,65.536,Query key: K_7A6A22319050,32,33117.0,31945,2.170355712,3906.0,context_0000,MB,synthetic_kv_32k
2170.355712,0.8820545339251744,3906.0,5FA59B11B530,255.983616,['V_5FA59B11B530'],256.0,0.255983616,Answer: ,65.536,Query key: K_FD24BF6B8CDF,32,33117.0,31945,2.170355712,3906.0,context_0000,MB,synthetic_kv_32k
2170.355712,0.8820545339251744,3906.0,9AD8C9AA1E9,255.983616,['V_E9AD8C9AA1E9'],256.0,0.255983616,Answer: ,65.536,Query key: K_B3B26A74DBB7,32,33117.0,31945,2.170355712,3906.0,context_0000,MB,synthetic_kv_32k
2170.355712,0.8820545339251744,3906.0,0,255.983616,['V_CD4F899AC252'],256.0,0.255983616,Answer: ,65.536,Query key: K_C1E178883058,32,33117.0,31945,2.170355712,3906.0,context_0000,MB,synthetic_kv_32k
2170.355712,0.8820545339251744,3906.0,0217D0,255.983616,['V_C30937E9D2E2'],256.0,0.255983616,Answer: ,65.536,Query key: K_D35AAA0217D0,32,33117.0,31945,2.170355712,3906.0,context_0000,MB,synthetic_kv_32k
2170.355712,0.8820545339251744,3906.0,9887C1369C65,255.983616,['V_9887C1369C65'],256.0,0.255983616,Answer: ,65.536,Query key: K_AE2A3F59E4F2,32,33117.0,31945,2.170355712,3906.0,context_0000,MB,synthetic_kv_32k
2170.355712,0.8820545339251744,3906.0,868714F573D0,255.983616,['V_868714F573D0'],256.0,0.255983616,Answer: ,65.536,Query key: K_C991DF85C777,32,33117.0,31945,2.170355712,3906.0,context_0000,MB,synthetic_kv_32k
2170.355712,0.8820545339251744,3906.0,5C9DB42A0456,255.983616,['V_5C9DB42A0456'],256.0,0.255983616,Answer: ,65.536,Query key: K_8736725E134D,32,33117.0,31945,2.170355712,3906.0,context_0000,MB,synthetic_kv_32k
2170.355712,0.8820545339251744,3906.0,1CB9906D5C8C,255.983616,['V_1CB9906D5C8C'],256.0,0.255983616,Answer: ,65.536,Query key: K_EAD013FE8A29,32,33117.0,31945,2.170355712,3906.0,context_0000,MB,synthetic_kv_32k
2170.355712,0.8820545339251744,3906.0,1CB9906D5C8C,255.983616,['V_E7238C32BDB2'],256.0,0.255983616,Answer: ,65.536,Query key: K_D42A0FCF601F,32,33117.0,31945,2.170355712,3906.0,context_0000,MB,synthetic_kv_32k
2170.355712,0.8820545339251744,3906.0,8962929C93B3,255.983616,['V_8962929C93B3'],256.0,0.255983616,Answer: ,65.536,Query key: K_33C08167999F,32,33117.0,31945,2.170355712,3906.0,context_0000,MB,synthetic_kv_32k
2170.355712,0.8820545339251744,3906.0,22ABC4DB5A62,255.983616,['V_DABF53FF8461'],256.0,0.255983616,Answer: ,65.536,Query key: K_2A1F265CB9D9,32,33117.0,31945,2.170355712,3906.0,context_0000,MB,synthetic_kv_32k
2170.355712,0.8820545339251744,3906.0,6E3C55B145E4,255.983616,['V_AE271DC1E7EB'],256.0,0.255983616,Answer: ,65.536,Query key: K_711C85351A69,32,33117.0,31945,2.170355712,3906.0,context_0000,MB,synthetic_kv_32k
2170.355712,0.8820545339251744,3906.0,7D2395492A82,255.983616,['V_7D2395492A82'],256.0,0.255983616,Answer: ,65.536,Query key: K_B7873495311E,32,33117.0,31945,2.170355712,3906.0,context_0000,MB,synthetic_kv_32k
2170.355712,0.8820545339251744,3906.0,720B82A7F586,255.983616,['V_720B82A7F586'],256.0,0.255983616,Answer: ,65.536,Query key: K_E61D1747F387,32,33117.0,31945,2.170355712,3906.0,context_0000,MB,synthetic_kv_32k
2170.355712,0.8820545339251744,3906.0,21C7741423B5,255.983616,['V_21C7741423B5'],256.0,0.255983616,Answer: ,65.536,Query key: K_0E3ECF0671C7,32,33117.0,31945,2.170355712,3906.0,context_0000,MB,synthetic_kv_32k
2170.355712,0.8820545339251744,3906.0,4EE4CE920136,255.983616,['V_905C74F0BEAE'],256.0,0.255983616,Answer: ,65.536,Query key: K_6A59836435E3,32,33117.0,31945,2.170355712,3906.0,context_0000,MB,synthetic_kv_32k
2170.355712,0.8820545339251744,3906.0,4EE4CE920136,255.983616,['V_AC3A765E6CB5'],256.0,0.255983616,Answer: ,65.536,Query key: K_8F0D0EC7D662,32,33117.0,31945,2.170355712,3906.0,context_0000,MB,synthetic_kv_32k
2170.355712,0.8820545339251744,3906.0,0592B928E23F,255.983616,['V_0592B928E23F'],256.0,0.255983616,Answer: ,65.536,Query key: K_4EE4CE920136,32,33117.0,31945,2.170355712,3906.0,context_0000,MB,synthetic_kv_32k
2170.355712,0.8820545339251744,3906.0,00C5D1031424,255.983616,['V_00C5D1031424'],256.0,0.255983616,Answer: ,65.536,Query key: K_4124655CE508,32,33117.0,31945,2.170355712,3906.0,context_0000,MB,synthetic_kv_32k
2170.355712,0.8820545339251744,3906.0,12B2940C3503,255.983616,['V_12B2940C3503'],256.0,0.255983616,Answer: ,65.536,Query key: K_37C8BEED0AF9,32,33117.0,31945,2.170355712,3906.0,context_0000,MB,synthetic_kv_32k
2170.355712,0.8820545339251744,3906.0,4CCB39D1C7FF,255.983616,['V_B34C58330B30'],256.0,0.255983616,Answer: ,65.536,Query key: K_6C770B981CCD,32,33117.0,31945,2.170355712,3906.0,context_0000,MB,synthetic_kv_32k
2170.355712,0.8820545339251744,3906.0,0,255.983616,['V_0F6CFE7EE362'],256.0,0.255983616,Answer: ,65.536,Query key: K_8A89105291D3,32,33117.0,31945,2.170355712,3906.0,context_0000,MB,synthetic_kv_32k
2170.355712,0.8820545339251744,3906.0,649F8989C5AB,255.983616,['V_FC7311AB3D11'],256.0,0.255983616,Answer: ,65.536,Query key: K_E4EBEF40D162,32,33117.0,31945,2.170355712,3906.0,context_0000,MB,synthetic_kv_32k
2170.355712,0.8820545339251744,3906.0,497E081FC6DC,255.983616,['V_497E081FC6DC'],256.0,0.255983616,Answer: ,65.536,Query key: K_78D9EF0BEA4F,32,33117.0,31945,2.170355712,3906.0,context_0000,MB,synthetic_kv_32k
2170.355712,0.8820545339251744,3906.0,22ABC4DB5A62,255.983616,['V_22ABC4DB5A62'],256.0,0.255983616,Answer: ,65.536,Query key: K_2E1368AB80EA,32,33117.0,31945,2.170355712,3906.0,context_0000,MB,synthetic_kv_32k
2170.355712,0.8820545339251744,3906.0,4874,255.983616,['V_BAB2FA740CC8'],256.0,0.255983616,Answer: ,65.536,Query key: K_A43AC40D4874,32,33117.0,31945,2.170355712,3906.0,context_0000,MB,synthetic_kv_32k
2170.355712,0.8820545339251744,3906.0,5FDC6B9CD71C,255.983616,['V_5FDC6B9CD71C'],256.0,0.255983616,Answer: ,65.536,Query key: K_F6BAA55871E3,32,33117.0,31945,2.170355712,3906.0,context_0000,MB,synthetic_kv_32k
2170.355712,0.8820545339251744,3906.0,72D361EA2F30,255.983616,['V_72D361EA2F30'],256.0,0.255983616,Answer: ,65.536,Query key: K_E42EFE2BD987,32,33117.0,31945,2.170355712,3906.0,context_0000,MB,synthetic_kv_32k
2170.355712,0.8820545339251744,3906.0,60A3E821E716,255.983616,['V_60A3E821E716'],256.0,0.255983616,Answer: ,65.536,Query key: K_EAC8DE9F6F5B,32,33117.0,31945,2.170355712,3906.0,context_0000,MB,synthetic_kv_32k
2170.355712,0.8820545339251744,3906.0,1,255.983616,['V_F6D2AEC76A82'],256.0,0.255983616,Answer: ,65.536,Query key: K_148B602A4E57,32,33117.0,31945,2.170355712,3906.0,context_0000,MB,synthetic_kv_32k
2170.355712,0.8820545339251744,3906.0,220B8A0F9508,255.983616,['V_220B8A0F9508'],256.0,0.255983616,Answer: ,65.536,Query key: K_DFE2A96B3C42,32,33117.0,31945,2.170355712,3906.0,context_0000,MB,synthetic_kv_32k
2170.355712,0.8820545339251744,3906.0,1E5E59077299,255.983616,['V_1E5E59077299'],256.0,0.255983616,Answer: ,65.536,Query key: K_DC3BA74E02A9,32,33117.0,31945,2.170355712,3906.0,context_0000,MB,synthetic_kv_32k
2170.355712,0.8820545339251744,3906.0,649F8989C5AB,255.983616,['V_649F8989C5AB'],256.0,0.255983616,Answer: ,65.536,Query key: K_FE2B2DB0728D,32,33117.0,31945,2.170355712,3906.0,context_0000,MB,synthetic_kv_32k
2170.355712,0.8820545339251744,3906.0,649F8989C5AB,255.983616,['V_FA8DBA54E920'],256.0,0.255983616,Answer: ,65.536,Query key: K_209987623997,32,33117.0,31945,2.170355712,3906.0,context_0000,MB,synthetic_kv_32k
2170.355712,0.8820545339251744,3906.0,649F8989C5AB,255.983616,['V_C19400E3A026'],256.0,0.255983616,Answer: ,65.536,Query key: K_D5B6390239D9,32,33117.0,31945,2.170355712,3906.0,context_0000,MB,synthetic_kv_32k
2170.355712,0.8820545339251744,3906.0,76874C61845E,255.983616,['V_76874C61845E'],256.0,0.255983616,Answer: ,65.536,Query key: K_FA7E05D1FB63,32,33117.0,31945,2.170355712,3906.0,context_0000,MB,synthetic_kv_32k
2170.355712,0.8820545339251744,3906.0,6C938B60C511,255.983616,['V_6C938B60C511'],256.0,0.255983616,Answer: ,65.536,Query key: K_B816AC6A7C85,32,33117.0,31945,2.170355712,3906.0,context_0000,MB,synthetic_kv_32k
2170.355712,0.8820545339251744,3906.0,3ACBD2C7BFFB,255.983616,['V_3ACBD2C7BFFB'],256.0,0.255983616,Answer: ,65.536,Query key: K_6118882CCD1E,32,33117.0,31945,2.170355712,3906.0,context_0000,MB,synthetic_kv_32k
2170.355712,0.8820545339251744,3906.0,27B6589DECB0,255.983616,['V_27B6589DECB0'],256.0,0.255983616,Answer: ,65.536,Query key: K_75EB3F5CF2F3,32,33117.0,31945,2.170355712,3906.0,context_0000,MB,synthetic_kv_32k
2170.355712,0.8820545339251744,3906.0,0,255.983616,['V_E00DEFFA2002'],256.0,0.255983616,Answer: ,65.536,Query key: K_30404690FB15,32,33117.0,31945,2.170355712,3906.0,context_0000,MB,synthetic_kv_32k
2170.355712,0.8820545339251744,3906.0,083F1CE362F8,255.983616,['V_083F1CE362F8'],256.0,0.255983616,Answer: ,65.536,Query key: K_C3F7B99B2B5A,32,33117.0,31945,2.170355712,3906.0,context_0000,MB,synthetic_kv_32k
2170.355712,0.8820545339251744,3906.0,9D6B6B535A19,255.983616,['V_9D6B6B535A19'],256.0,0.255983616,Answer: ,65.536,Query key: K_A902CF39F648,32,33117.0,31945,2.170355712,3906.0,context_0000,MB,synthetic_kv_32k
2170.355712,0.8820545339251744,3906.0,6A3606D3DB93,255.983616,['V_E398E23DDFAA'],256.0,0.255983616,Answer: ,65.536,Query key: K_EFADC41C147E,32,33117.0,31945,2.170355712,3906.0,context_0000,MB,synthetic_kv_32k
2170.355712,0.8820545339251744,3906.0,113934C1C3EA,255.983616,['V_113934C1C3EA'],256.0,0.255983616,Answer: ,65.536,Query key: K_3D9C04015CED,32,33117.0,31945,2.170355712,3906.0,context_0000,MB,synthetic_kv_32k
2170.355712,0.8820545339251744,3906.0,724908987462,255.983616,['V_724908987462'],256.0,0.255983616,Answer: ,65.536,Query key: K_980C19D45DEB,32,33117.0,31945,2.170355712,3906.0,context_0000,MB,synthetic_kv_32k
2170.355712,0.8820545339251744,3906.0,113934C1C3EA,255.983616,['V_DF49B40A9181'],256.0,0.255983616,Answer: ,65.536,Query key: K_AC0999086E47,32,33117.0,31945,2.170355712,3906.0,context_0000,MB,synthetic_kv_32k
2170.355712,0.8820545339251744,3906.0,0B53BD9419AA,255.983616,['V_0B53BD9419AA'],256.0,0.255983616,Answer: ,65.536,Query key: K_3EA60C760D28,32,33117.0,31945,2.170355712,3906.0,context_0000,MB,synthetic_kv_32k
2170.355712,0.8820545339251744,3906.0,8A2D3BFDA8A6,255.983616,['V_8A2D3BFDA8A6'],256.0,0.255983616,Answer: ,65.536,Query key: K_705F66FADCA0,32,33117.0,31945,2.170355712,3906.0,context_0000,MB,synthetic_kv_32k
2170.355712,0.8820545339251744,3906.0,12D1B68E47FA,255.983616,['V_C6ACDD1D6CD1'],256.0,0.255983616,Answer: ,65.536,Query key: K_C11F379EF467,32,33117.0,31945,2.170355712,3906.0,context_0000,MB,synthetic_kv_32k
2170.355712,0.8820545339251744,3906.0,15CE4DC82A1E,255.983616,['V_FE5480FF5173'],256.0,0.255983616,Answer: ,65.536,Query key: K_23DF0E731DD7,32,33117.0,31945,2.170355712,3906.0,context_0000,MB,synthetic_kv_32k
2170.355712,0.8820545339251744,3906.0,12D1B68E47FA,255.983616,['V_EA98D0D75E37'],256.0,0.255983616,Answer: ,65.536,Query key: K_3BF24A0D2B73,32,33117.0,31945,2.170355712,3906.0,context_0000,MB,synthetic_kv_32k
2170.355712,0.8820545339251744,3906.0,93D551A3AC26,255.983616,['V_93D551A3AC26'],256.0,0.255983616,Answer: ,65.536,Query key: K_937BBB44BADC,32,33117.0,31945,2.170355712,3906.0,context_0000,MB,synthetic_kv_32k
2170.355712,0.8820545339251744,3906.0,01BB4DFE1117,255.983616,['V_D181AC2B0CFC'],256.0,0.255983616,Answer: ,65.536,Query key: K_C5C5991121E7,32,33117.0,31945,2.170355712,3906.0,context_0000,MB,synthetic_kv_32k
2170.355712,0.8820545339251744,3906.0,01BF3F800385,255.983616,['V_E0524D406F1B'],256.0,0.255983616,Answer: ,65.536,Query key: K_3CA552171BF3,32,33117.0,31945,2.170355712,3906.0,context_0000,MB,synthetic_kv_32k
2170.355712,0.8820545339251744,3906.0,0E06996D5C50,255.983616,['V_8570A903AE67'],256.0,0.255983616,Answer: ,65.536,Query key: K_FC5624ACB722,32,33117.0,31945,2.170355712,3906.0,context_0000,MB,synthetic_kv_32k
2170.355712,0.8820545339251744,3906.0,46704CEDA164,255.983616,['V_46704CEDA164'],256.0,0.255983616,Answer: ,65.536,Query key: K_69DF389641DD,32,33117.0,31945,2.170355712,3906.0,context_0000,MB,synthetic_kv_32k
2170.355712,0.8820545339251744,3906.0,9777F2D2393F,255.983616,['V_9777F2D2393F'],256.0,0.255983616,Answer: ,65.536,Query key: K_8E850F9AEB70,32,33117.0,31945,2.170355712,3906.0,context_0000,MB,synthetic_kv_32k
2170.355712,0.8820545339251744,3906.0,2CD5E95D2761,255.983616,['V_2CD5E95D2761'],256.0,0.255983616,Answer: ,65.536,Query key: K_BC36E134EDFC,32,33117.0,31945,2.170355712,3906.0,context_0000,MB,synthetic_kv_32k
2170.355712,0.8820545339251744,3906.0,2CD5E95D2761,255.983616,['V_8E4C6D5D0477'],256.0,0.255983616,Answer: ,65.536,Query key: K_ADC2A0411612,32,33117.0,31945,2.170355712,3906.0,context_0000,MB,synthetic_kv_32k
2170.355712,0.8820545339251744,3906.0,582BF8E8035B,255.983616,['V_582BF8E8035B'],256.0,0.255983616,Answer: ,65.536,Query key: K_0C007EE1011A,32,33117.0,31945,2.170355712,3906.0,context_0000,MB,synthetic_kv_32k
2170.355712,0.8820545339251744,3906.0,03808D03C91E,255.983616,['V_6193ABDD1A8F'],256.0,0.255983616,Answer: ,65.536,Query key: K_A4B0F10BCE9C,32,33117.0,31945,2.170355712,3906.0,context_0000,MB,synthetic_kv_32k
2170.355712,0.8820545339251744,3906.0,4CC526332018,255.983616,['V_B241519894D8'],256.0,0.255983616,Answer: ,65.536,Query key: K_8643C92A7D7C,32,33117.0,31945,2.170355712,3906.0,context_0000,MB,synthetic_kv_32k
2170.355712,0.8820545339251744,3906.0,4CC526332018,255.983616,['V_4CC526332018'],256.0,0.255983616,Answer: ,65.536,Query key: K_68836A944054,32,33117.0,31945,2.170355712,3906.0,context_0000,MB,synthetic_kv_32k
2170.355712,0.8820545339251744,3906.0,89B5C12169DB,255.983616,['V_89B5C12169DB'],256.0,0.255983616,Answer: ,65.536,Query key: K_2F12605FB1EB,32,33117.0,31945,2.170355712,3906.0,context_0000,MB,synthetic_kv_32k
2170.355712,0.8820545339251744,3906.0,39B0D96E684F,255.983616,['V_39B0D96E684F'],256.0,0.255983616,Answer: ,65.536,Query key: K_3DB07938878A,32,33117.0,31945,2.170355712,3906.0,context_0000,MB,synthetic_kv_32k
2170.355712,0.8820545339251744,3906.0,24F4B523C0DE,255.983616,['V_24F4B523C0DE'],256.0,0.255983616,Answer: ,65.536,Query key: K_DB874CFD0FC1,32,33117.0,31945,2.170355712,3906.0,context_0000,MB,synthetic_kv_32k
2170.355712,0.8820545339251744,3906.0,0EC0EA2C7A51,255.983616,['V_0EC0EA2C7A51'],256.0,0.255983616,Answer: ,65.536,Query key: K_7688CE4758BE,32,33117.0,31945,2.170355712,3906.0,context_0000,MB,synthetic_kv_32k
2170.355712,0.8820545339251744,3906.0,6AA0F7C0D5F7,255.983616,['V_6AA0F7C0D5F7'],256.0,0.255983616,Answer: ,65.536,Query key: K_69A58FF8869D,32,33117.0,31945,2.170355712,3906.0,context_0000,MB,synthetic_kv_32k
2170.355712,0.8820545339251744,3906.0,636F2253E706,255.983616,['V_636F2253E706'],256.0,0.255983616,Answer: ,65.536,Query key: K_87AD8EAA5841,32,33117.0,31945,2.170355712,3906.0,context_0000,MB,synthetic_kv_32k
2170.355712,0.8820545339251744,3906.0,548C340DE049,255.983616,['V_548C340DE049'],256.0,0.255983616,Answer: ,65.536,Query key: K_41473E2BF9C9,32,33117.0,31945,2.170355712,3906.0,context_0000,MB,synthetic_kv_32k
2170.355712,0.8820545339251744,3906.0,7325EC170298,255.983616,['V_7325EC170298'],256.0,0.255983616,Answer: ,65.536,Query key: K_143DA58E83DD,32,33117.0,31945,2.170355712,3906.0,context_0000,MB,synthetic_kv_32k
2170.355712,0.8820545339251744,3906.0,891F17ABB863,255.983616,['V_891F17ABB863'],256.0,0.255983616,Answer: ,65.536,Query key: K_5EFED8DDBBC0,32,33117.0,31945,2.170355712,3906.0,context_0000,MB,synthetic_kv_32k
2170.355712,0.8820545339251744,3906.0,0D3130C36756,255.983616,['V_0D3130C36756'],256.0,0.255983616,Answer: ,65.536,Query key: K_D453B97E6224,32,33117.0,31945,2.170355712,3906.0,context_0000,MB,synthetic_kv_32k
2170.355712,0.8820545339251744,3906.0,9ADFAC75C344,255.983616,['V_9ADFAC75C344'],256.0,0.255983616,Answer: ,65.536,Query key: K_608E44B9E602,32,33117.0,31945,2.170355712,3906.0,context_0000,MB,synthetic_kv_32k
2170.355712,0.8820545339251744,3906.0,4AC98DA8EEE4,255.983616,['V_12A1DFA59722'],256.0,0.255983616,Answer: ,65.536,Query key: K_0A1F9A591974,32,33117.0,31945,2.170355712,3906.0,context_0000,MB,synthetic_kv_32k
2170.355712,0.8820545339251744,3906.0,966BC2FE8954,255.983616,['V_966BC2FE8954'],256.0,0.255983616,Answer: ,65.536,Query key: K_CDFD302B7831,32,33117.0,31945,2.170355712,3906.0,context_0000,MB,synthetic_kv_32k
2170.355712,0.8820545339251744,3906.0,378E8F10D33E,255.983616,['V_378E8F10D33E'],256.0,0.255983616,Answer: ,65.536,Query key: K_ABE4B96C1163,32,33117.0,31945,2.170355712,3906.0,context_0000,MB,synthetic_kv_32k
2170.355712,0.8820545339251744,3906.0,35797AB99428,255.983616,['V_E833DE95D695'],256.0,0.255983616,Answer: ,65.536,Query key: K_35797AB99428,32,33117.0,31945,2.170355712,3906.0,context_0000,MB,synthetic_kv_32k
2170.355712,0.8820545339251744,3906.0,2625,255.983616,['V_E8B3F4FF3F3A'],256.0,0.255983616,Answer: ,65.536,Query key: K_4D9D553D2625,32,33117.0,31945,2.170355712,3906.0,context_0000,MB,synthetic_kv_32k
2170.355712,0.8820545339251744,3906.0,30A5EFE9B3D0,255.983616,['V_30A5EFE9B3D0'],256.0,0.255983616,Answer: ,65.536,Query key: K_363903ECE8FF,32,33117.0,31945,2.170355712,3906.0,context_0000,MB,synthetic_kv_32k
2170.355712,0.8820545339251744,3906.0,3D41963A8617,255.983616,['V_BF331E086F20'],256.0,0.255983616,Answer: ,65.536,Query key: K_BDD1F64AB6EC,32,33117.0,31945,2.170355712,3906.0,context_0000,MB,synthetic_kv_32k
2170.355712,0.8820545339251744,3906.0,01BB4DFE1117,255.983616,['V_EA187A9A8EF5'],256.0,0.255983616,Answer: ,65.536,Query key: K_C11BFFE3F366,32,33117.0,31945,2.170355712,3906.0,context_0000,MB,synthetic_kv_32k
2170.355712,0.8820545339251744,3906.0,963E1A963E1A963E1A963E1A963E1A96,255.983616,['V_B42A9ABA0F15'],256.0,0.255983616,Answer: ,65.536,Query key: K_B2143E1A963E,32,33117.0,31945,2.170355712,3906.0,context_0000,MB,synthetic_kv_32k
2170.355712,0.8820545339251744,3906.0,3D44EA45BA41,255.983616,['V_3D44EA45BA41'],256.0,0.255983616,Answer: ,65.536,Query key: K_6589345AF934,32,33117.0,31945,2.170355712,3906.0,context_0000,MB,synthetic_kv_32k
2170.355712,0.8820545339251744,3906.0,52558D55119E,255.983616,['V_4876C68813FE'],256.0,0.255983616,Answer: ,65.536,Query key: K_52558D55119E,32,33117.0,31945,2.170355712,3906.0,context_0000,MB,synthetic_kv_32k
2170.355712,0.8820545339251744,3906.0,2563CA97EBF5,255.983616,['V_A612889D4B76'],256.0,0.255983616,Answer: ,65.536,Query key: K_775C61730C48,32,33117.0,31945,2.170355712,3906.0,context_0000,MB,synthetic_kv_32k
2170.355712,0.8820545339251744,3906.0,5C1142F5B3F5,255.983616,['V_5C1142F5B3F5'],256.0,0.255983616,Answer: ,65.536,Query key: K_4EF45BF86F3C,32,33117.0,31945,2.170355712,3906.0,context_0000,MB,synthetic_kv_32k
2170.355712,0.8820545339251744,3906.0,774C7F4D908C,255.983616,['V_774C7F4D908C'],256.0,0.255983616,Answer: ,65.536,Query key: K_E1FF8347F1DA,32,33117.0,31945,2.170355712,3906.0,context_0000,MB,synthetic_kv_32k
2170.355712,0.8820545339251744,3906.0,774C7F4D908C,255.983616,['V_B8F0FB37AFAE'],256.0,0.255983616,Answer: ,65.536,Query key: K_CD85193E638D,32,33117.0,31945,2.170355712,3906.0,context_0000,MB,synthetic_kv_32k
2170.355712,0.8820545339251744,3906.0,51FAD6F89F7A,255.983616,['V_51FAD6F89F7A'],256.0,0.255983616,Answer: ,65.536,Query key: K_C2FA78308631,32,33117.0,31945,2.170355712,3906.0,context_0000,MB,synthetic_kv_32k
2170.355712,0.8820545339251744,3906.0,0BB469F753F1,255.983616,['V_501B5EE68495'],256.0,0.255983616,Answer: ,65.536,Query key: K_3400EA11905B,32,33117.0,31945,2.170355712,3906.0,context_0000,MB,synthetic_kv_32k
2170.355712,0.8820545339251744,3906.0,0BB469F753F1,255.983616,['V_DD3490019ED4'],256.0,0.255983616,Answer: ,65.536,Query key: K_0BB469F753F1,32,33117.0,31945,2.170355712,3906.0,context_0000,MB,synthetic_kv_32k
2170.355712,0.8820545339251744,3906.0,0426255B30E2,255.983616,['V_0426255B30E2'],256.0,0.255983616,Answer: ,65.536,Query key: K_BDC238A56B49,32,33117.0,31945,2.170355712,3906.0,context_0000,MB,synthetic_kv_32k
2170.355712,0.8820545339251744,3906.0,0,255.983616,['V_9583EF4C5119'],256.0,0.255983616,Answer: ,65.536,Query key: K_8DA542C21797,32,33117.0,31945,2.170355712,3906.0,context_0000,MB,synthetic_kv_32k
2170.355712,0.8820545339251744,3906.0,4B916AE66582,255.983616,['V_4B916AE66582'],256.0,0.255983616,Answer: ,65.536,Query key: K_B8529442B5E6,32,33117.0,31945,2.170355712,3906.0,context_0000,MB,synthetic_kv_32k
2170.355712,0.8820545339251744,3906.0,3AE254720D2D,255.983616,['V_3AE254720D2D'],256.0,0.255983616,Answer: ,65.536,Query key: K_323927046F25,32,33117.0,31945,2.170355712,3906.0,context_0000,MB,synthetic_kv_32k
2170.355712,0.8820545339251744,3906.0,3EE8D5574241,255.983616,['V_3EE8D5574241'],256.0,0.255983616,Answer: ,65.536,Query key: K_91DD613D2DE9,32,33117.0,31945,2.170355712,3906.0,context_0000,MB,synthetic_kv_32k
2170.355712,0.8820545339251744,3906.0,1,255.983616,['V_F186A7946320'],256.0,0.255983616,Answer: ,65.536,Query key: K_8CF67FD238C3,32,33117.0,31945,2.170355712,3906.0,context_0000,MB,synthetic_kv_32k
2170.355712,0.8820545339251744,3906.0,566AAF521B94,255.983616,['V_C36B41E02A89'],256.0,0.255983616,Answer: ,65.536,Query key: K_566AAF521B94,32,33117.0,31945,2.170355712,3906.0,context_0000,MB,synthetic_kv_32k
2170.355712,0.8820545339251744,3906.0,75F87D97AC0F,255.983616,['V_B93BF76D15FD'],256.0,0.255983616,Answer: ,65.536,Query key: K_7D16D253D966,32,33117.0,31945,2.170355712,3906.0,context_0000,MB,synthetic_kv_32k
2170.355712,0.8820545339251744,3906.0,75F87D97AC0F,255.983616,['V_75F87D97AC0F'],256.0,0.255983616,Answer: ,65.536,Query key: K_BD56A4461663,32,33117.0,31945,2.170355712,3906.0,context_0000,MB,synthetic_kv_32k
2170.355712,0.8820545339251744,3906.0,01BB4DFE1117,255.983616,['V_5A28CB8383F2'],256.0,0.255983616,Answer: ,65.536,Query key: K_BB962B115C36,32,33117.0,31945,2.170355712,3906.0,context_0000,MB,synthetic_kv_32k
2170.355712,0.8820545339251744,3906.0,8BEAB86677AA,255.983616,['V_8BEAB86677AA'],256.0,0.255983616,Answer: ,65.536,Query key: K_23D42B54FF7A,32,33117.0,31945,2.170355712,3906.0,context_0000,MB,synthetic_kv_32k
2170.355712,0.8820545339251744,3906.0,38C096ADD4DF,255.983616,['V_E3ADEAB9EB02'],256.0,0.255983616,Answer: ,65.536,Query key: K_2F1D7D024C6D,32,33117.0,31945,2.170355712,3906.0,context_0000,MB,synthetic_kv_32k
2170.355712,0.8820545339251744,3906.0,6B0A9D896047,255.983616,['V_F50DA44D9FEC'],256.0,0.255983616,Answer: ,65.536,Query key: K_FD858AC97B01,32,33117.0,31945,2.170355712,3906.0,context_0000,MB,synthetic_kv_32k
2170.355712,0.8820545339251744,3906.0,6B15B113D50B,255.983616,['V_D6CD08A8AC7F'],256.0,0.255983616,Answer: ,65.536,Query key: K_86210F09105C,32,33117.0,31945,2.170355712,3906.0,context_0000,MB,synthetic_kv_32k
2170.355712,0.8820545339251744,3906.0,6E3C55B145E4,255.983616,['V_D168F1F7D904'],256.0,0.255983616,Answer: ,65.536,Query key: K_1307D8C128E7,32,33117.0,31945,2.170355712,3906.0,context_0000,MB,synthetic_kv_32k
2170.355712,0.8820545339251744,3906.0,01BB4DFE1117,255.983616,['V_01A2C3ABB5F1'],256.0,0.255983616,Answer: ,65.536,Query key: K_0C6BAB102C9B,32,33117.0,31945,2.170355712,3906.0,context_0000,MB,synthetic_kv_32k
2170.355712,0.8820545339251744,3906.0,1128,255.983616,['V_A175D7B102A9'],256.0,0.255983616,Answer: ,65.536,Query key: K_23326992896E,32,33117.0,31945,2.170355712,3906.0,context_0000,MB,synthetic_kv_32k
2170.355712,0.8820545339251744,3906.0,26A9B509109B,255.983616,['V_26A9B509109B'],256.0,0.255983616,Answer: ,65.536,Query key: K_11663B3F3800,32,33117.0,31945,2.170355712,3906.0,context_0000,MB,synthetic_kv_32k
2170.355712,0.8820545339251744,3906.0,74BD8177B661,255.983616,['V_74BD8177B661'],256.0,0.255983616,Answer: ,65.536,Query key: K_37FE02571851,32,33117.0,31945,2.170355712,3906.0,context_0000,MB,synthetic_kv_32k
2170.355712,0.8820545339251744,3906.0,157848F9E3D0,255.983616,['V_A3429E2A7324'],256.0,0.255983616,Answer: ,65.536,Query key: K_0F795F8A14BD,32,33117.0,31945,2.170355712,3906.0,context_0000,MB,synthetic_kv_32k
2170.355712,0.8820545339251744,3906.0,7015,255.983616,['V_E9AA9DD43675'],256.0,0.255983616,Answer: ,65.536,Query key: K_EF14AAB07015,32,33117.0,31945,2.170355712,3906.0,context_0000,MB,synthetic_kv_32k
2170.355712,0.8820545339251744,3906.0,04067CE40679,255.983616,['V_04067CE40679'],256.0,0.255983616,Answer: ,65.536,Query key: K_A8C67BB3447B,32,33117.0,31945,2.170355712,3906.0,context_0000,MB,synthetic_kv_32k
2170.355712,0.8820545339251744,3906.0,694D8D388327,255.983616,['V_694D8D388327'],256.0,0.255983616,Answer: ,65.536,Query key: K_883F01B158E9,32,33117.0,31945,2.170355712,3906.0,context_0000,MB,synthetic_kv_32k
2170.355712,0.8820545339251744,3906.0,5FA59B11B530,255.983616,['V_B8E18787EA21'],256.0,0.255983616,Answer: ,65.536,Query key: K_04480308AA5E,32,33117.0,31945,2.170355712,3906.0,context_0000,MB,synthetic_kv_32k
2170.355712,0.8820545339251744,3906.0,4964FA3C1628,255.983616,['V_4964FA3C1628'],256.0,0.255983616,Answer: ,65.536,Query key: K_8926465568B7,32,33117.0,31945,2.170355712,3906.0,context_0000,MB,synthetic_kv_32k
2170.355712,0.8820545339251744,3906.0,4964FA3C1628,255.983616,['V_B2A6D02B1243'],256.0,0.255983616,Answer: ,65.536,Query key: K_80910463750E,32,33117.0,31945,2.170355712,3906.0,context_0000,MB,synthetic_kv_32k
2170.355712,0.8820545339251744,3906.0,01BB4DFE1117,255.983616,['V_F090CE610199'],256.0,0.255983616,Answer: ,65.536,Query key: K_6E3AAC8D6C7D,32,33117.0,31945,2.170355712,3906.0,context_0000,MB,synthetic_kv_32k
2170.355712,0.8820545339251744,3906.0,4FA0F6F7F0CC,255.983616,['V_EB051B656DAB'],256.0,0.255983616,Answer: ,65.536,Query key: K_2DE4E8E6E840,32,33117.0,31945,2.170355712,3906.0,context_0000,MB,synthetic_kv_32k
2170.355712,0.8820545339251744,3906.0,3DB0261E2555,255.983616,['V_3DB0261E2555'],256.0,0.255983616,Answer: ,65.536,Query key: K_863E18A806EF,32,33117.0,31945,2.170355712,3906.0,context_0000,MB,synthetic_kv_32k
2170.355712,0.8820545339251744,3906.0,0,255.983616,['V_409E86C5D1D6'],256.0,0.255983616,Answer: ,65.536,Query key: K_9EA931227592,32,33117.0,31945,2.170355712,3906.0,context_0000,MB,synthetic_kv_32k
2170.355712,0.8820545339251744,3906.0,0B53BD9419AA,255.983616,['V_CB80446F64DD'],256.0,0.255983616,Answer: ,65.536,Query key: K_5ABCD0B1E3EB,32,33117.0,31945,2.170355712,3906.0,context_0000,MB,synthetic_kv_32k
2170.355712,0.8820545339251744,3906.0,01BB4DFE1117,255.983616,['V_F5945F804EEB'],256.0,0.255983616,Answer: ,65.536,Query key: K_143A659B0105,32,33117.0,31945,2.170355712,3906.0,context_0000,MB,synthetic_kv_32k
2170.355712,0.8820545339251744,3906.0,3E4290A3FBBF,255.983616,['V_3E4290A3FBBF'],256.0,0.255983616,Answer: ,65.536,Query key: K_758067F1698C,32,33117.0,31945,2.170355712,3906.0,context_0000,MB,synthetic_kv_32k
2170.355712,0.8820545339251744,3906.0,01BB4DFE1117,255.983616,['V_4CCB39D1C7FF'],256.0,0.255983616,Answer: ,65.536,Query key: K_B27EFD7FE973,32,33117.0,31945,2.170355712,3906.0,context_0000,MB,synthetic_kv_32k
2170.355712,0.8820545339251744,3906.0,14A3D90DD19B,255.983616,['V_14A3D90DD19B'],256.0,0.255983616,Answer: ,65.536,Query key: K_D3FBAF1D5A1A,32,33117.0,31945,2.170355712,3906.0,context_0000,MB,synthetic_kv_32k
2170.355712,0.8820545339251744,3906.0,14A3D90DD19B,255.983616,['V_A65FDBB44021'],256.0,0.255983616,Answer: ,65.536,Query key: K_FDDEA75B395A,32,33117.0,31945,2.170355712,3906.0,context_0000,MB,synthetic_kv_32k
2170.355712,0.8820545339251744,3906.0,67C017EFA621,255.983616,['V_67C017EFA621'],256.0,0.255983616,Answer: ,65.536,Query key: K_081CC27437EB,32,33117.0,31945,2.170355712,3906.0,context_0000,MB,synthetic_kv_32k
2170.355712,0.8820545339251744,3906.0,79DB8D7DD772,255.983616,['V_79DB8D7DD772'],256.0,0.255983616,Answer: ,65.536,Query key: K_608E61177270,32,33117.0,31945,2.170355712,3906.0,context_0000,MB,synthetic_kv_32k
2170.355712,0.8820545339251744,3906.0,152A2BDFCB41,255.983616,['V_B3ED026B5383'],256.0,0.255983616,Answer: ,65.536,Query key: K_A3010E5D8C6A,32,33117.0,31945,2.170355712,3906.0,context_0000,MB,synthetic_kv_32k
2170.355712,0.8820545339251744,3906.0,5FBB808389C8,255.983616,['V_D8677FF6B824'],256.0,0.255983616,Answer: ,65.536,Query key: K_152A2BDFCB41,32,33117.0,31945,2.170355712,3906.0,context_0000,MB,synthetic_kv_32k
2170.355712,0.8820545339251744,3906.0,54CEC8CCE2C2,255.983616,['V_54CEC8CCE2C2'],256.0,0.255983616,Answer: ,65.536,Query key: K_A5186F14B3F6,32,33117.0,31945,2.170355712,3906.0,context_0000,MB,synthetic_kv_32k
2170.355712,0.8820545339251744,3906.0,54CEC8CCE2C2,255.983616,['V_F94DDBA3496F'],256.0,0.255983616,Answer: ,65.536,Query key: K_FA3290DBFAD6,32,33117.0,31945,2.170355712,3906.0,context_0000,MB,synthetic_kv_32k
2170.355712,0.8820545339251744,3906.0,511869A217,255.983616,['V_EB4D873570A2'],256.0,0.255983616,Answer: ,65.536,Query key: K_E5111869A217,32,33117.0,31945,2.170355712,3906.0,context_0000,MB,synthetic_kv_32k
2170.355712,0.8820545339251744,3906.0,01BF3F800385,255.983616,['V_E6B9361F6D90'],256.0,0.255983616,Answer: ,65.536,Query key: K_3AD10AE4AC11,32,33117.0,31945,2.170355712,3906.0,context_0000,MB,synthetic_kv_32k
2170.355712,0.8820545339251744,3906.0,9118E336C243,255.983616,['V_9118E336C243'],256.0,0.255983616,Answer: ,65.536,Query key: K_B139DE3CE88B,32,33117.0,31945,2.170355712,3906.0,context_0000,MB,synthetic_kv_32k
2170.355712,0.8820545339251744,3906.0,5FBB808389C8,255.983616,['V_EC950BEB7C34'],256.0,0.255983616,Answer: ,65.536,Query key: K_456679BA630A,32,33117.0,31945,2.170355712,3906.0,context_0000,MB,synthetic_kv_32k
2170.355712,0.8820545339251744,3906.0,47C6ECF32053,255.983616,['V_47C6ECF32053'],256.0,0.255983616,Answer: ,65.536,Query key: K_AF3613087974,32,33117.0,31945,2.170355712,3906.0,context_0000,MB,synthetic_kv_32k
2170.355712,0.8820545339251744,3906.0,1A89A0D572C8,255.983616,['V_A87990422EB7'],256.0,0.255983616,Answer: ,65.536,Query key: K_8B04E63949D4,32,33117.0,31945,2.170355712,3906.0,context_0000,MB,synthetic_kv_32k
2170.355712,0.8820545339251744,3906.0,14A3D90DD19B,255.983616,['V_D9B5EDC3A1C3'],256.0,0.255983616,Answer: ,65.536,Query key: K_2DEA086C405F,32,33117.0,31945,2.170355712,3906.0,context_0000,MB,synthetic_kv_32k
2170.355712,0.8820545339251744,3906.0,3508F622D842,255.983616,['V_3508F622D842'],256.0,0.255983616,Answer: ,65.536,Query key: K_0402508211A5,32,33117.0,31945,2.170355712,3906.0,context_0000,MB,synthetic_kv_32k
2170.355712,0.8820545339251744,3906.0,0F441247EA4E,255.983616,['V_D218C093BFB0'],256.0,0.255983616,Answer: ,65.536,Query key: K_24E99647FF9F,32,33117.0,31945,2.170355712,3906.0,context_0000,MB,synthetic_kv_32k
2170.355712,0.8820545339251744,3906.0,410D,255.983616,['V_EDCA65F6BA53'],256.0,0.255983616,Answer: ,65.536,Query key: K_D226B674410D,32,33117.0,31945,2.170355712,3906.0,context_0000,MB,synthetic_kv_32k
2170.355712,0.8820545339251744,3906.0,905F299656E2,255.983616,['V_905F299656E2'],256.0,0.255983616,Answer: ,65.536,Query key: K_4C9D13B22CEC,32,33117.0,31945,2.170355712,3906.0,context_0000,MB,synthetic_kv_32k
2170.355712,0.8820545339251744,3906.0,905F299656E2,255.983616,['V_D975D5ABA8AE'],256.0,0.255983616,Answer: ,65.536,Query key: K_91123D8F95F4,32,33117.0,31945,2.170355712,3906.0,context_0000,MB,synthetic_kv_32k
2170.355712,0.8820545339251744,3906.0,8A62E582B678,255.983616,['V_8A62E582B678'],256.0,0.255983616,Answer: ,65.536,Query key: K_AD52639FC471,32,33117.0,31945,2.170355712,3906.0,context_0000,MB,synthetic_kv_32k
2170.355712,0.8820545339251744,3906.0,3F3354EC3F33,255.983616,['V_BD5FC16F9BCC'],256.0,0.255983616,Answer: ,65.536,Query key: K_624354EC3F33,32,33117.0,31945,2.170355712,3906.0,context_0000,MB,synthetic_kv_32k
2170.355712,0.8820545339251744,3906.0,17EA8892042F,255.983616,['V_B076FD0CE433'],256.0,0.255983616,Answer: ,65.536,Query key: K_CA5E23D3CD4C,32,33117.0,31945,2.170355712,3906.0,context_0000,MB,synthetic_kv_32k
2170.355712,0.8820545339251744,3906.0,1413B962C8A7,255.983616,['V_BED68033F5C2'],256.0,0.255983616,Answer: ,65.536,Query key: K_1413B962C8A7,32,33117.0,31945,2.170355712,3906.0,context_0000,MB,synthetic_kv_32k
2170.355712,0.8820545339251744,3906.0,1375D6B361E4,255.983616,['V_19010DBF0CAF'],256.0,0.255983616,Answer: ,65.536,Query key: K_588AF96D40F8,32,33117.0,31945,2.170355712,3906.0,context_0000,MB,synthetic_kv_32k
2170.355712,0.8820545339251744,3906.0,1375D6B361E4,255.983616,['V_1375D6B361E4'],256.0,0.255983616,Answer: ,65.536,Query key: K_3B6D6FE5040B,32,33117.0,31945,2.170355712,3906.0,context_0000,MB,synthetic_kv_32k
2170.355712,0.8820545339251744,3906.0,17EA8892042F,255.983616,['V_9D26C4DD8DF5'],256.0,0.255983616,Answer: ,65.536,Query key: K_9AEC57311609,32,33117.0,31945,2.170355712,3906.0,context_0000,MB,synthetic_kv_32k
2170.355712,0.8820545339251744,3906.0,17EA8892042F,255.983616,['V_F80B658E54A2'],256.0,0.255983616,Answer: ,65.536,Query key: K_9879F4719986,32,33117.0,31945,2.170355712,3906.0,context_0000,MB,synthetic_kv_32k
2170.355712,0.8820545339251744,3906.0,17EA8892042F,255.983616,['V_A25507958C1F'],256.0,0.255983616,Answer: ,65.536,Query key: K_538DC607B1E9,32,33117.0,31945,2.170355712,3906.0,context_0000,MB,synthetic_kv_32k
2170.355712,0.8820545339251744,3906.0,7357FE1A1BA9,255.983616,['V_7357FE1A1BA9'],256.0,0.255983616,Answer: ,65.536,Query key: K_C89645F8C28D,32,33117.0,31945,2.170355712,3906.0,context_0000,MB,synthetic_kv_32k
2170.355712,0.8820545339251744,3906.0,8D935B167158,255.983616,['V_8D935B167158'],256.0,0.255983616,Answer: ,65.536,Query key: K_3A677D98302F,32,33117.0,31945,2.170355712,3906.0,context_0000,MB,synthetic_kv_32k
2170.355712,0.8820545339251744,3906.0,2F8C6E8D9644,255.983616,['V_2F8C6E8D9644'],256.0,0.255983616,Answer: ,65.536,Query key: K_601BF0EEBCCE,32,33117.0,31945,2.170355712,3906.0,context_0000,MB,synthetic_kv_32k
2170.355712,0.8820545339251744,3906.0,614CA921CB4C,255.983616,['V_614CA921CB4C'],256.0,0.255983616,Answer: ,65.536,Query key: K_95FBAE007B7E,32,33117.0,31945,2.170355712,3906.0,context_0000,MB,synthetic_kv_32k
2170.355712,0.8820545339251744,3906.0,01BB4DFE1117,255.983616,['V_4B9D9E5D9C7A'],256.0,0.255983616,Answer: ,65.536,Query key: K_C5AC15F00CB4,32,33117.0,31945,2.170355712,3906.0,context_0000,MB,synthetic_kv_32k
2170.355712,0.8820545339251744,3906.0,12D1B68E47FA,255.983616,['V_12D1B68E47FA'],256.0,0.255983616,Answer: ,65.536,Query key: K_3F17CC4D5819,32,33117.0,31945,2.170355712,3906.0,context_0000,MB,synthetic_kv_32k
2170.355712,0.8820545339251744,3906.0,6147277B0667,255.983616,['V_6147277B0667'],256.0,0.255983616,Answer: ,65.536,Query key: K_449915007170,32,33117.0,31945,2.170355712,3906.0,context_0000,MB,synthetic_kv_32k
2170.355712,0.8820545339251744,3906.0,277EA247541D,255.983616,['V_277EA247541D'],256.0,0.255983616,Answer: ,65.536,Query key: K_C8ADB630794D,32,33117.0,31945,2.170355712,3906.0,context_0000,MB,synthetic_kv_32k
2170.355712,0.8820545339251744,3906.0,5C565111D31D,255.983616,['V_5C565111D31D'],256.0,0.255983616,Answer: ,65.536,Query key: K_63BEBD5A0C9E,32,33117.0,31945,2.170355712,3906.0,context_0000,MB,synthetic_kv_32k
2170.355712,0.8820545339251744,3906.0,176D1B46EBDC,255.983616,['V_F16501547950'],256.0,0.255983616,Answer: ,65.536,Query key: K_176D1B46EBDC,32,33117.0,31945,2.170355712,3906.0,context_0000,MB,synthetic_kv_32k
2170.355712,0.8820545339251744,3906.0,17EA8892042F,255.983616,['V_C2E75C238D8D'],256.0,0.255983616,Answer: ,65.536,Query key: K_71DA4EEA9DB8,32,33117.0,31945,2.170355712,3906.0,context_0000,MB,synthetic_kv_32k
2170.355712,0.8820545339251744,3906.0,165921EBFAA9,255.983616,['V_165921EBFAA9'],256.0,0.255983616,Answer: ,65.536,Query key: K_1A2B450F69EE,32,33117.0,31945,2.170355712,3906.0,context_0000,MB,synthetic_kv_32k
2170.355712,0.8820545339251744,3906.0,8E9672E76B51,255.983616,['V_8E9672E76B51'],256.0,0.255983616,Answer: ,65.536,Query key: K_6E542FF8E87E,32,33117.0,31945,2.170355712,3906.0,context_0000,MB,synthetic_kv_32k
2170.355712,0.8820545339251744,3906.0,1A7168759545,255.983616,['V_1A7168759545'],256.0,0.255983616,Answer: ,65.536,Query key: K_832F8E0370CF,32,33117.0,31945,2.170355712,3906.0,context_0000,MB,synthetic_kv_32k
2170.355712,0.8820545339251744,3906.0,8DE15A9A206A,255.983616,['V_8DE15A9A206A'],256.0,0.255983616,Answer: ,65.536,Query key: K_16F106B919AA,32,33117.0,31945,2.170355712,3906.0,context_0000,MB,synthetic_kv_32k
2170.355712,0.8820545339251744,3906.0,6AADC08BF29,255.983616,['V_C8D0991965EA'],256.0,0.255983616,Answer: ,65.536,Query key: K_98D017D30F32,32,33117.0,31945,2.170355712,3906.0,context_0000,MB,synthetic_kv_32k
2170.355712,0.8820545339251744,3906.0,0328629EF3D8,255.983616,['V_0328629EF3D8'],256.0,0.255983616,Answer: ,65.536,Query key: K_DD1C530DDDA6,32,33117.0,31945,2.170355712,3906.0,context_0000,MB,synthetic_kv_32k
2170.355712,0.8820545339251744,3906.0,69EF4AB6821C,255.983616,['V_C7776346D4EF'],256.0,0.255983616,Answer: ,65.536,Query key: K_69EF4AB6821C,32,33117.0,31945,2.170355712,3906.0,context_0000,MB,synthetic_kv_32k
2170.355712,0.8820545339251744,3906.0,8F3DE6B0DA0A,255.983616,['V_8F3DE6B0DA0A'],256.0,0.255983616,Answer: ,65.536,Query key: K_B98F15AEDE0F,32,33117.0,31945,2.170355712,3906.0,context_0000,MB,synthetic_kv_32k
2170.355712,0.8820545339251744,3906.0,3E24FE9936A3,255.983616,['V_3E24FA698CD2'],256.0,0.255983616,Answer: ,65.536,Query key: K_FE23E7BBAEFC,32,33117.0,31945,2.170355712,3906.0,context_0000,MB,synthetic_kv_32k
2170.355712,0.8820545339251744,3906.0,01BB4DFE1117,255.983616,['V_AF702B69C95E'],256.0,0.255983616,Answer: ,65.536,Query key: K_8567926BFFA5,32,33117.0,31945,2.170355712,3906.0,context_0000,MB,synthetic_kv_32k
2170.355712,0.8820545339251744,3906.0,44D7238B05B7,255.983616,['V_44D7238B05B7'],256.0,0.255983616,Answer: ,65.536,Query key: K_2B646177A771,32,33117.0,31945,2.170355712,3906.0,context_0000,MB,synthetic_kv_32k
2170.355712,0.8820545339251744,3906.0,255B7E3D5EE4,255.983616,['V_255B7E3D5EE4'],256.0,0.255983616,Answer: ,65.536,Query key: K_44B64D16F049,32,33117.0,31945,2.170355712,3906.0,context_0000,MB,synthetic_kv_32k
2170.355712,0.8820545339251744,3906.0,46A56F46F1B1,255.983616,['V_46A56F46F1B1'],256.0,0.255983616,Answer: ,65.536,Query key: K_2ACE103246B3,32,33117.0,31945,2.170355712,3906.0,context_0000,MB,synthetic_kv_32k
2170.355712,0.8820545339251744,3906.0,46A56F46F1B1,255.983616,['V_C85C7BF69552'],256.0,0.255983616,Answer: ,65.536,Query key: K_4CBC6BCD5CE7,32,33117.0,31945,2.170355712,3906.0,context_0000,MB,synthetic_kv_32k
2170.355712,0.8820545339251744,3906.0,1BFFA5E15B55,255.983616,['V_F1B8406F64D6'],256.0,0.255983616,Answer: ,65.536,Query key: K_5C7213B11E59,32,33117.0,31945,2.170355712,3906.0,context_0000,MB,synthetic_kv_32k
2170.355712,0.8820545339251744,3906.0,7EECA002352A,255.983616,['V_7EECA002352A'],256.0,0.255983616,Answer: ,65.536,Query key: K_B88C3F2086C2,32,33117.0,31945,2.170355712,3906.0,context_0000,MB,synthetic_kv_32k
2170.355712,0.8820545339251744,3906.0,7536320F72C0,255.983616,['V_7536320F72C0'],256.0,0.255983616,Answer: ,65.536,Query key: K_9DDE9803B22E,32,33117.0,31945,2.170355712,3906.0,context_0000,MB,synthetic_kv_32k
2170.355712,0.8820545339251744,3906.0,01BB4DFE1117,255.983616,['V_01BB4DFE1117'],256.0,0.255983616,Answer: ,65.536,Query key: K_22AF1B628A9D,32,33117.0,31945,2.170355712,3906.0,context_0000,MB,synthetic_kv_32k
2170.355712,0.8820545339251744,3906.0,01BB4DFE1117,255.983616,['V_D773550C2FE9'],256.0,0.255983616,Answer: ,65.536,Query key: K_654CF2E61828,32,33117.0,31945,2.170355712,3906.0,context_0000,MB,synthetic_kv_32k
2170.355712,0.8820545339251744,3906.0,61409EC4EA48,255.983616,['V_DCB9CDD7F460'],256.0,0.255983616,Answer: ,65.536,Query key: K_61409EC4EA48,32,33117.0,31945,2.170355712,3906.0,context_0000,MB,synthetic_kv_32k
2170.355712,0.8820545339251744,3906.0,6E3C55B145E4,255.983616,['V_6E3C55B145E4'],256.0,0.255983616,Answer: ,65.536,Query key: K_70B2545CD88D,32,33117.0,31945,2.170355712,3906.0,context_0000,MB,synthetic_kv_32k
2170.355712,0.8820545339251744,3906.0,6E3C55B145E4,255.983616,['V_A6AADC08BF29'],256.0,0.255983616,Answer: ,65.536,Query key: K_D2D3D0C30018,32,33117.0,31945,2.170355712,3906.0,context_0000,MB,synthetic_kv_32k
2170.355712,0.8820545339251744,3906.0,4CE922D90DB3,255.983616,['V_4CE922D90DB3'],256.0,0.255983616,Answer: ,65.536,Query key: K_982AF966D59F,32,33117.0,31945,2.170355712,3906.0,context_0000,MB,synthetic_kv_32k
2170.355712,0.8820545339251744,3906.0,4CE922D90DB3,255.983616,['V_B1FEF280DF1D'],256.0,0.255983616,Answer: ,65.536,Query key: K_9A6C52171C88,32,33117.0,31945,2.170355712,3906.0,context_0000,MB,synthetic_kv_32k
2170.355712,0.8820545339251744,3906.0,6E3C55B145E4,255.983616,['V_2D79506E50C7'],256.0,0.255983616,Answer: ,65.536,Query key: K_7AA0336B00CB,32,33117.0,31945,2.170355712,3906.0,context_0000,MB,synthetic_kv_32k
2170.355712,0.8820545339251744,3906.0,6B15B113D50B,255.983616,['V_51B3F7FE604F'],256.0,0.255983616,Answer: ,65.536,Query key: K_65F3F6EE5CDB,32,33117.0,31945,2.170355712,3906.0,context_0000,MB,synthetic_kv_32k
2170.355712,0.8820545339251744,3906.0,01BB4DFE1117,255.983616,['V_A205B1E8C09D'],256.0,0.255983616,Answer: ,65.536,Query key: K_BC204A9C589E,32,33117.0,31945,2.170355712,3906.0,context_0000,MB,synthetic_kv_32k
2170.355712,0.8820545339251744,3906.0,536D3E0F84CE,255.983616,['V_C82F936CD31C'],256.0,0.255983616,Answer: ,65.536,Query key: K_F7BF7DB2A7AA,32,33117.0,31945,2.170355712,3906.0,context_0000,MB,synthetic_kv_32k
2170.355712,0.8820545339251744,3906.0,47C160452909,255.983616,['V_47C160452909'],256.0,0.255983616,Answer: ,65.536,Query key: K_536D3E0F84CE,32,33117.0,31945,2.170355712,3906.0,context_0000,MB,synthetic_kv_32k
2170.355712,0.8820545339251744,3906.0,5D7164976593,255.983616,['V_5D7164976593'],256.0,0.255983616,Answer: ,65.536,Query key: K_C92ED105C8D6,32,33117.0,31945,2.170355712,3906.0,context_0000,MB,synthetic_kv_32k
2170.355712,0.8820545339251744,3906.0,3326905881DF,255.983616,['V_3326905881DF'],256.0,0.255983616,Answer: ,65.536,Query key: K_EE9B1D27C09A,32,33117.0,31945,2.170355712,3906.0,context_0000,MB,synthetic_kv_32k
2170.355712,0.8820545339251744,3906.0,3326905881DF,255.983616,['V_2E0F8BAE591E'],256.0,0.255983616,Answer: ,65.536,Query key: K_FF4C979C30CF,32,33117.0,31945,2.170355712,3906.0,context_0000,MB,synthetic_kv_32k
2170.355712,0.8820545339251744,3906.0,06E38CD34C62,255.983616,['V_06E38CD34C62'],256.0,0.255983616,Answer: ,65.536,Query key: K_C482AE84B81C,32,33117.0,31945,2.170355712,3906.0,context_0000,MB,synthetic_kv_32k
2170.355712,0.8820545339251744,3906.0,1F11D92C9227,255.983616,['V_F166762CDFBC'],256.0,0.255983616,Answer: ,65.536,Query key: K_BA2AF3F81C31,32,33117.0,31945,2.170355712,3906.0,context_0000,MB,synthetic_kv_32k
2170.355712,0.8820545339251744,3906.0,01BB4DFE1117,255.983616,['V_CC35703E957F'],256.0,0.255983616,Answer: ,65.536,Query key: K_35ABB5578B00,32,33117.0,31945,2.170355712,3906.0,context_0000,MB,synthetic_kv_32k
2170.355712,0.8820545339251744,3906.0,11B4B15DA72D,255.983616,['V_11B4B15DA72D'],256.0,0.255983616,Answer: ,65.536,Query key: K_D4CE4A94AE9F,32,33117.0,31945,2.170355712,3906.0,context_0000,MB,synthetic_kv_32k
2170.355712,0.8820545339251744,3906.0,206788BD13D1,255.983616,['V_CB88CBB02A8B'],256.0,0.255983616,Answer: ,65.536,Query key: K_D908D1A7BA20,32,33117.0,31945,2.170355712,3906.0,context_0000,MB,synthetic_kv_32k
2170.355712,0.8820545339251744,3906.0,23A17FD255EE,255.983616,['V_23A17FD255EE'],256.0,0.255983616,Answer: ,65.536,Query key: K_AC4868BD80D7,32,33117.0,31945,2.170355712,3906.0,context_0000,MB,synthetic_kv_32k
2170.355712,0.8820545339251744,3906.0,40AF3DF51967,255.983616,['V_40AF3DF51967'],256.0,0.255983616,Answer: ,65.536,Query key: K_4D86A2224F96,32,33117.0,31945,2.170355712,3906.0,context_0000,MB,synthetic_kv_32k
2170.355712,0.8820545339251744,3906.0,6C52B719BB68,255.983616,['V_6C52B719BB68'],256.0,0.255983616,Answer: ,65.536,Query key: K_2775A89E22F2,32,33117.0,31945,2.170355712,3906.0,context_0000,MB,synthetic_kv_32k
2170.355712,0.8820545339251744,3906.0,72F612EF6101,255.983616,['V_72F612EF6101'],256.0,0.255983616,Answer: ,65.536,Query key: K_6082CA00EF58,32,33117.0,31945,2.170355712,3906.0,context_0000,MB,synthetic_kv_32k
2170.355712,0.8820545339251744,3906.0,950D7AAF2001,255.983616,['V_950D7AAF2001'],256.0,0.255983616,Answer: ,65.536,Query key: K_9912FD9E8E20,32,33117.0,31945,2.170355712,3906.0,context_0000,MB,synthetic_kv_32k
2170.355712,0.8820545339251744,3906.0,6B15B113D50B,255.983616,['V_EC6A81B15DB9'],256.0,0.255983616,Answer: ,65.536,Query key: K_88CC669B29B8,32,33117.0,31945,2.170355712,3906.0,context_0000,MB,synthetic_kv_32k
2170.355712,0.8820545339251744,3906.0,09698B2C550A,255.983616,['V_6B15B113D50B'],256.0,0.255983616,Answer: ,65.536,Query key: K_DEA0EB9ED274,32,33117.0,31945,2.170355712,3906.0,context_0000,MB,synthetic_kv_32k
2170.355712,0.8820545339251744,3906.0,17EA8892042F,255.983616,['V_F7EACA6CAF9B'],256.0,0.255983616,Answer: ,65.536,Query key: K_09698B2C550A,32,33117.0,31945,2.170355712,3906.0,context_0000,MB,synthetic_kv_32k
2170.355712,0.8820545339251744,3906.0,1B1F6E3255A8,255.983616,['V_CFF2E53F9644'],256.0,0.255983616,Answer: ,65.536,Query key: K_B39E5C0A1FEB,32,33117.0,31945,2.170355712,3906.0,context_0000,MB,synthetic_kv_32k
2170.355712,0.8820545339251744,3906.0,15FAF633CC2D,255.983616,['V_EA16A35FC9C1'],256.0,0.255983616,Answer: ,65.536,Query key: K_98048972ABBD,32,33117.0,31945,2.170355712,3906.0,context_0000,MB,synthetic_kv_32k
2170.355712,0.8820545339251744,3906.0,3F8CC4DA2C2E,255.983616,['V_3F8CC4DA2C2E'],256.0,0.255983616,Answer: ,65.536,Query key: K_1BFF15C1604F,32,33117.0,31945,2.170355712,3906.0,context_0000,MB,synthetic_kv_32k
2170.355712,0.8820545339251744,3906.0,2A955AE1DBAD,255.983616,['V_2A955AE1DBAD'],256.0,0.255983616,Answer: ,65.536,Query key: K_AA29A85894DF,32,33117.0,31945,2.170355712,3906.0,context_0000,MB,synthetic_kv_32k
2170.355712,0.8820545339251744,3906.0,1C82F936CD31C,255.983616,['V_902F0B570720'],256.0,0.255983616,Answer: ,65.536,Query key: K_9CD8A5A1C825,32,33117.0,31945,2.170355712,3906.0,context_0000,MB,synthetic_kv_32k
2170.355712,0.8820545339251744,3906.0,01BB4DFE1117,255.983616,['V_A590AD6ECC57'],256.0,0.255983616,Answer: ,65.536,Query key: K_A520FBCDBF5E,32,33117.0,31945,2.170355712,3906.0,context_0000,MB,synthetic_kv_32k
2170.355712,0.8820545339251744,3906.0,54E3C0AFD193,255.983616,['V_54E3C0AFD193'],256.0,0.255983616,Answer: ,65.536,Query key: K_F780664D5922,32,33117.0,31945,2.170355712,3906.0,context_0000,MB,synthetic_kv_32k
2170.355712,0.8820545339251744,3906.0,1B1F6E3255A8,255.983616,['V_1B1F6E3255A8'],256.0,0.255983616,Answer: ,65.536,Query key: K_CBD5F73936E9,32,33117.0,31945,2.170355712,3906.0,context_0000,MB,synthetic_kv_32k
2170.355712,0.8820545339251744,3906.0,38D5423CAD9D,255.983616,['V_38D5423CAD9D'],256.0,0.255983616,Answer: ,65.536,Query key: K_193E02B34254,32,33117.0,31945,2.170355712,3906.0,context_0000,MB,synthetic_kv_32k
2170.355712,0.8820545339251744,3906.0,8ED884CFEE39,255.983616,['V_8ED884CFEE39'],256.0,0.255983616,Answer: ,65.536,Query key: K_BF3182BBAD84,32,33117.0,31945,2.170355712,3906.0,context_0000,MB,synthetic_kv_32k
2170.355712,0.8820545339251744,3906.0,0,255.983616,['V_38959342A09F'],256.0,0.255983616,Answer: ,65.536,Query key: K_B00A949CD8D4,32,33117.0,31945,2.170355712,3906.0,context_0000,MB,synthetic_kv_32k
2170.355712,0.8820545339251744,3906.0,0,255.983616,['V_768B64215E66'],256.0,0.255983616,Answer: ,65.536,Query key: K_5FC6721E8B1F,32,33117.0,31945,2.170355712,3906.0,context_0000,MB,synthetic_kv_32k
2170.355712,0.8820545339251744,3906.0,0C3CC7E53BBB,255.983616,['V_B0C096ADD4DF'],256.0,0.255983616,Answer: ,65.536,Query key: K_ADF7C5B8386B,32,33117.0,31945,2.170355712,3906.0,context_0000,MB,synthetic_kv_32k
2170.355712,0.8820545339251744,3906.0,01BB4DFE1117,255.983616,['V_FF69584FC85B'],256.0,0.255983616,Answer: ,65.536,Query key: K_2697801E8690,32,33117.0,31945,2.170355712,3906.0,context_0000,MB,synthetic_kv_32k
2170.355712,0.8820545339251744,3906.0,4BA11AC3BF31,255.983616,['V_4BA11AC3BF31'],256.0,0.255983616,Answer: ,65.536,Query key: K_7B960649BCF6,32,33117.0,31945,2.170355712,3906.0,context_0000,MB,synthetic_kv_32k
2170.355712,0.8820545339251744,3906.0,4BA11AC3BF31,255.983616,['V_15FAF633CC2D'],256.0,0.255983616,Answer: ,65.536,Query key: K_EBA96A7D5D96,32,33117.0,31945,2.170355712,3906.0,context_0000,MB,synthetic_kv_32k
2170.355712,0.8820545339251744,3906.0,05C81D763A66,255.983616,['V_BAEBF0D0270F'],256.0,0.255983616,Answer: ,65.536,Query key: K_D4D11DB6B844,32,33117.0,31945,2.170355712,3906.0,context_0000,MB,synthetic_kv_32k
2170.355712,0.8820545339251744,3906.0,1BFFA5E15B55,255.983616,['V_57D34FD80BBB'],256.0,0.255983616,Answer: ,65.536,Query key: K_592C2444D301,32,33117.0,31945,2.170355712,3906.0,context_0000,MB,synthetic_kv_32k
2170.355712,0.8820545339251744,3906.0,1BFFA5E15B55,255.983616,['V_856734F541C0'],256.0,0.255983616,Answer: ,65.536,Query key: K_C8C57490ADEB,32,33117.0,31945,2.170355712,3906.0,context_0000,MB,synthetic_kv_32k
2170.355712,0.8820545339251744,3906.0,18FD79E5C9AA,255.983616,['V_18FD79E5C9AA'],256.0,0.255983616,Answer: ,65.536,Query key: K_592A7BA109D0,32,33117.0,31945,2.170355712,3906.0,context_0000,MB,synthetic_kv_32k
2170.355712,0.8820545339251744,3906.0,1BFFA5E15B55,255.983616,['V_73D3B25F13DF'],256.0,0.255983616,Answer: ,65.536,Query key: K_B8D4702BA49F,32,33117.0,31945,2.170355712,3906.0,context_0000,MB,synthetic_kv_32k
2170.355712,0.8820545339251744,3906.0,0B704CDE1B6B,255.983616,['V_0B704CDE1B6B'],256.0,0.255983616,Answer: ,65.536,Query key: K_113251A40D2A,32,33117.0,31945,2.170355712,3906.0,context_0000,MB,synthetic_kv_32k
2170.355712,0.8820545339251744,3906.0,05C81D763A66,255.983616,['V_05C81D763A66'],256.0,0.255983616,Answer: ,65.536,Query key: K_B5F5CF685878,32,33117.0,31945,2.170355712,3906.0,context_0000,MB,synthetic_kv_32k
2170.355712,0.8820545339251744,3906.0,1BFFA5E15B55,255.983616,['V_1BFFA5E15B55'],256.0,0.255983616,Answer: ,65.536,Query key: K_57D3D963DC72,32,33117.0,31945,2.170355712,3906.0,context_0000,MB,synthetic_kv_32k
2170.355712,0.8820545339251744,3906.0,1BFFA5E15B55,255.983616,['V_EE0F2A131C1F'],256.0,0.255983616,Answer: ,65.536,Query key: K_CCD0AD5900DD,32,33117.0,31945,2.170355712,3906.0,context_0000,MB,synthetic_kv_32k
