retained_kv_memory_mb,answer_prefix,uncompressed_kv_memory_mb,max_new_tokens,retained_kv_memory_gb,question,predicted_answer,uncompressed_kv_memory_gb,memory_budget_unit,memory_budget,compression_ratio,retained_context_tokens,context_id,kv_memory_per_token_kb,answer,context_length,context_tokens,task,token_budget
2047.868928,,8622.784512,32,2.047868928,What is the value associated with key 1C80A3B1799D? Return only the value.,BDD606671AD1,8.622784512,MB,2048.0,0.7625049164628829,13888.0,context_0000,147.456,['BDD606671AD1'],62995,58477.0,synthetic_kv_64k,13888.0
2047.868928,,8622.784512,32,2.047868928,What is the value associated with key 3EB146685257? Return only the value.,23B8392456DE,8.622784512,MB,2048.0,0.7625049164628829,13888.0,context_0000,147.456,['23B8392456DE'],62995,58477.0,synthetic_kv_64k,13888.0
2047.868928,,8622.784512,32,2.047868928,What is the value associated with key 1A3DBC8960A9? Return only the value.,BD9CAD3C2D6D,8.622784512,MB,2048.0,0.7625049164628829,13888.0,context_0000,147.456,['BD9CAD3C2D6D'],62995,58477.0,synthetic_kv_64k,13888.0
2047.868928,,8622.784512,32,2.047868928,What is the value associated with key 8B9DE465E150? Return only the value.,972A16419F82,8.622784512,MB,2048.0,0.7625049164628829,13888.0,context_0000,147.456,['972A16419F82'],62995,58477.0,synthetic_kv_64k,13888.0
2047.868928,,8622.784512,32,2.047868928,What is the value associated with key 08226C031199? Return only the value.,CA9313748146,8.622784512,MB,2048.0,0.7625049164628829,13888.0,context_0000,147.456,['17FC07A0CA6E'],62995,58477.0,synthetic_kv_64k,13888.0
2047.868928,,8622.784512,32,2.047868928,What is the value associated with key 3B8F37F8A88B? Return only the value.,5F98A65D9C8E,8.622784512,MB,2048.0,0.7625049164628829,13888.0,context_0000,147.456,['9A1D815EF6D1'],62995,58477.0,synthetic_kv_64k,13888.0
2047.868928,,8622.784512,32,2.047868928,What is the value associated with key 8FAD06CB0FB3? Return only the value.,3D44855B6C5B,8.622784512,MB,2048.0,0.7625049164628829,13888.0,context_0000,147.456,['B74D32E70629'],62995,58477.0,synthetic_kv_64k,13888.0
2047.868928,,8622.784512,32,2.047868928,What is the value associated with key B38AA65ED389? Return only the value.,6B658B8148F6,8.622784512,MB,2048.0,0.7625049164628829,13888.0,context_0000,147.456,['6B658B8148F6'],62995,58477.0,synthetic_kv_64k,13888.0
2047.868928,,8622.784512,32,2.047868928,What is the value associated with key 72FF386ECBE0? Return only the value.,C2BA2179E34D,8.622784512,MB,2048.0,0.7625049164628829,13888.0,context_0000,147.456,['473796DA1DAC'],62995,58477.0,synthetic_kv_64k,13888.0
2047.868928,,8622.784512,32,2.047868928,What is the value associated with key DE8ACF36D58B? Return only the value.,5DA8F8B38A8B,8.622784512,MB,2048.0,0.7625049164628829,13888.0,context_0000,147.456,['C24101A9E71F'],62995,58477.0,synthetic_kv_64k,13888.0
2047.868928,,8622.784512,32,2.047868928,What is the value associated with key 28DFCE4A2BBD? Return only the value.,CA8545555555,8.622784512,MB,2048.0,0.7625049164628829,13888.0,context_0000,147.456,['6C30B2B9437A'],62995,58477.0,synthetic_kv_64k,13888.0
2047.868928,,8622.784512,32,2.047868928,What is the value associated with key 4722571AA876? Return only the value.,371E27CD8130,8.622784512,MB,2048.0,0.7625049164628829,13888.0,context_0000,147.456,['371E27CD8130'],62995,58477.0,synthetic_kv_64k,13888.0
2047.868928,,8622.784512,32,2.047868928,What is the value associated with key C374F50BEA63? Return only the value.,57156CD66193,8.622784512,MB,2048.0,0.7625049164628829,13888.0,context_0000,147.456,['1A2A562B0F79'],62995,58477.0,synthetic_kv_64k,13888.0
2047.868928,,8622.784512,32,2.047868928,What is the value associated with key 614217BE3111? Return only the value.,BDB02451E5A4,8.622784512,MB,2048.0,0.7625049164628829,13888.0,context_0000,147.456,['5BE618C26797'],62995,58477.0,synthetic_kv_64k,13888.0
2047.868928,,8622.784512,32,2.047868928,What is the value associated with key 580DD8F56413? Return only the value.,5715389DCA03,8.622784512,MB,2048.0,0.7625049164628829,13888.0,context_0000,147.456,['43B79A8DCA03'],62995,58477.0,synthetic_kv_64k,13888.0
2047.868928,,8622.784512,32,2.047868928,What is the value associated with key 0B1FCE9FF57F? Return only the value.,5F98A6574F06,8.622784512,MB,2048.0,0.7625049164628829,13888.0,context_0000,147.456,['759CBACFB3D0'],62995,58477.0,synthetic_kv_64k,13888.0
2047.868928,,8622.784512,32,2.047868928,What is the value associated with key 1FF489463E85? Return only the value.,759CBACFB3D0,8.622784512,MB,2048.0,0.7625049164628829,13888.0,context_0000,147.456,['EC1BF91E1D4C'],62995,58477.0,synthetic_kv_64k,13888.0
2047.868928,,8622.784512,32,2.047868928,What is the value associated with key 142C60E7A113? Return only the value.,4B0D8D5288F1,8.622784512,MB,2048.0,0.7625049164628829,13888.0,context_0000,147.456,['4B0D8D5288F1'],62995,58477.0,synthetic_kv_64k,13888.0
2047.868928,,8622.784512,32,2.047868928,What is the value associated with key A0EED453DD32? Return only the value.,A79B3D4A548A,8.622784512,MB,2048.0,0.7625049164628829,13888.0,context_0000,147.456,['E2AC9E574F7A'],62995,58477.0,synthetic_kv_64k,13888.0
2047.868928,,8622.784512,32,2.047868928,What is the value associated with key 5C94DC98D2C1? Return only the value.,37BB4BF50B52,8.622784512,MB,2048.0,0.7625049164628829,13888.0,context_0000,147.456,['313993CD59BF'],62995,58477.0,synthetic_kv_64k,13888.0
2047.868928,,8622.784512,32,2.047868928,What is the value associated with key 11CEB45ED1F0? Return only the value.,A4880BBB2599,8.622784512,MB,2048.0,0.7625049164628829,13888.0,context_0000,147.456,['A9480BBB2599'],62995,58477.0,synthetic_kv_64k,13888.0
2047.868928,,8622.784512,32,2.047868928,What is the value associated with key C5E73A578A8E? Return only the value.,988C61B1CD22,8.622784512,MB,2048.0,0.7625049164628829,13888.0,context_0000,147.456,['FC374A15544D'],62995,58477.0,synthetic_kv_64k,13888.0
2047.868928,,8622.784512,32,2.047868928,What is the value associated with key DAF6146D3F31? Return only the value.,580D848C4C2A,8.622784512,MB,2048.0,0.7625049164628829,13888.0,context_0000,147.456,['DDD13B982EF8'],62995,58477.0,synthetic_kv_64k,13888.0
2047.868928,,8622.784512,32,2.047868928,What is the value associated with key 614F19DB3AD0? Return only the value.,5893D48C3C3D,8.622784512,MB,2048.0,0.7625049164628829,13888.0,context_0000,147.456,['741247294739'],62995,58477.0,synthetic_kv_64k,13888.0
2047.868928,,8622.784512,32,2.047868928,What is the value associated with key D588A2BC372F? Return only the value.,509426A5BD41,8.622784512,MB,2048.0,0.7625049164628829,13888.0,context_0000,147.456,['29A35D65A441'],62995,58477.0,synthetic_kv_64k,13888.0
2047.868928,,8622.784512,32,2.047868928,What is the value associated with key 5AF35EC42E08? Return only the value.,5F98A65A8446,8.622784512,MB,2048.0,0.7625049164628829,13888.0,context_0000,147.456,['AB9035A240AE'],62995,58477.0,synthetic_kv_64k,13888.0
2047.868928,,8622.784512,32,2.047868928,What is the value associated with key B3AA4458A885? Return only the value.,55ABA5B5CDC2,8.622784512,MB,2048.0,0.7625049164628829,13888.0,context_0000,147.456,['AEFCEFC89849'],62995,58477.0,synthetic_kv_64k,13888.0
2047.868928,,8622.784512,32,2.047868928,What is the value associated with key 1247A5E5A5AB? Return only the value.,A28D9BF00273,8.622784512,MB,2048.0,0.7625049164628829,13888.0,context_0000,147.456,['A28D9BF00273'],62995,58477.0,synthetic_kv_64k,13888.0
2047.868928,,8622.784512,32,2.047868928,What is the value associated with key 88BD2BCFBE01? Return only the value.,5C9D885A5C3C,8.622784512,MB,2048.0,0.7625049164628829,13888.0,context_0000,147.456,['3EABBAA80DD4'],62995,58477.0,synthetic_kv_64k,13888.0
2047.868928,,8622.784512,32,2.047868928,What is the value associated with key 765629D4BEEF? Return only the value.,9887C5D7C3D9,8.622784512,MB,2048.0,0.7625049164628829,13888.0,context_0000,147.456,['451B6123FDF7'],62995,58477.0,synthetic_kv_64k,13888.0
2047.868928,,8622.784512,32,2.047868928,What is the value associated with key ECE6FD5166E6? Return only the value.,The value associated with the key [ECE6FD5166E6] is [43B79A8DCA03].,8.622784512,MB,2048.0,0.7625049164628829,13888.0,context_0000,147.456,['B02BA3D70628'],62995,58477.0,synthetic_kv_64k,13888.0
2047.868928,,8622.784512,32,2.047868928,What is the value associated with key 38388E944239? Return only the value.,3C07492C352A,8.622784512,MB,2048.0,0.7625049164628829,13888.0,context_0000,147.456,['5304AF42E12F'],62995,58477.0,synthetic_kv_64k,13888.0
2047.868928,,8622.784512,32,2.047868928,What is the value associated with key C4B0D7C524A5? Return only the value.,C3A023215A89,8.622784512,MB,2048.0,0.7625049164628829,13888.0,context_0000,147.456,['0E51C6A7EE39'],62995,58477.0,synthetic_kv_64k,13888.0
2047.868928,,8622.784512,32,2.047868928,What is the value associated with key D2613AA2E4F9? Return only the value.,548E69C6A1BD,8.622784512,MB,2048.0,0.7625049164628829,13888.0,context_0000,147.456,['CE170837B8A3'],62995,58477.0,synthetic_kv_64k,13888.0
2047.868928,,8622.784512,32,2.047868928,What is the value associated with key 66B250C187FC? Return only the value.,98EEFE9FECAA,8.622784512,MB,2048.0,0.7625049164628829,13888.0,context_0000,147.456,['10F1448AAA9E'],62995,58477.0,synthetic_kv_64k,13888.0
2047.868928,,8622.784512,32,2.047868928,What is the value associated with key E9C33602F8AC? Return only the value.,309426A524E3,8.622784512,MB,2048.0,0.7625049164628829,13888.0,context_0000,147.456,['9132F16287E4'],62995,58477.0,synthetic_kv_64k,13888.0
2047.868928,,8622.784512,32,2.047868928,What is the value associated with key B7C9E059A0EE? Return only the value.,5F98A65E688E,8.622784512,MB,2048.0,0.7625049164628829,13888.0,context_0000,147.456,['366E508EBAD7'],62995,58477.0,synthetic_kv_64k,13888.0
2047.868928,,8622.784512,32,2.047868928,What is the value associated with key 7FCDA7CAD415? Return only the value.,5C44AB4220A7,8.622784512,MB,2048.0,0.7625049164628829,13888.0,context_0000,147.456,['E27A654821D0'],62995,58477.0,synthetic_kv_64k,13888.0
2047.868928,,8622.784512,32,2.047868928,What is the value associated with key A491EA1FCA65? Return only the value.,750D8164CEEC,8.622784512,MB,2048.0,0.7625049164628829,13888.0,context_0000,147.456,['2493757750A9'],62995,58477.0,synthetic_kv_64k,13888.0
2047.868928,,8622.784512,32,2.047868928,What is the value associated with key 23BE43CF2FDE? Return only the value.,7E57827A0E8D,8.622784512,MB,2048.0,0.7625049164628829,13888.0,context_0000,147.456,['BEB73F22FAF8'],62995,58477.0,synthetic_kv_64k,13888.0
2047.868928,,8622.784512,32,2.047868928,What is the value associated with key 89FA8FB5D27B? Return only the value.,5417CAAA5BBE,8.622784512,MB,2048.0,0.7625049164628829,13888.0,context_0000,147.456,['BF3C434308BC'],62995,58477.0,synthetic_kv_64k,13888.0
2047.868928,,8622.784512,32,2.047868928,What is the value associated with key 6DAD95A76D79? Return only the value.,5F98D4C3458A,8.622784512,MB,2048.0,0.7625049164628829,13888.0,context_0000,147.456,['9562E5D7B875'],62995,58477.0,synthetic_kv_64k,13888.0
2047.868928,,8622.784512,32,2.047868928,What is the value associated with key 5CAB663F1C97? Return only the value.,5CAB663F1C97: 4C854458888A,8.622784512,MB,2048.0,0.7625049164628829,13888.0,context_0000,147.456,['FF50382567B8'],62995,58477.0,synthetic_kv_64k,13888.0
2047.868928,,8622.784512,32,2.047868928,What is the value associated with key 2369FF5E9FF0? Return only the value.,5048BF7B539B,8.622784512,MB,2048.0,0.7625049164628829,13888.0,context_0000,147.456,['7E57827050A8'],62995,58477.0,synthetic_kv_64k,13888.0
2047.868928,,8622.784512,32,2.047868928,What is the value associated with key C17A1745D6D8? Return only the value.,C4124585858A,8.622784512,MB,2048.0,0.7625049164628829,13888.0,context_0000,147.456,['DC710C0FD195'],62995,58477.0,synthetic_kv_64k,13888.0
2047.868928,,8622.784512,32,2.047868928,What is the value associated with key 27201C11F735? Return only the value.,5417CAAA5BBE,8.622784512,MB,2048.0,0.7625049164628829,13888.0,context_0000,147.456,['28F4A0A04DC4'],62995,58477.0,synthetic_kv_64k,13888.0
2047.868928,,8622.784512,32,2.047868928,What is the value associated with key AE34CAC5B68C? Return only the value.,509426A524E3,8.622784512,MB,2048.0,0.7625049164628829,13888.0,context_0000,147.456,['98AE6C12ACE8'],62995,58477.0,synthetic_kv_64k,13888.0
2047.868928,,8622.784512,32,2.047868928,What is the value associated with key 628010435A10? Return only the value.,CA928D5243BC,8.622784512,MB,2048.0,0.7625049164628829,13888.0,context_0000,147.456,['988C61B1CD22'],62995,58477.0,synthetic_kv_64k,13888.0
2047.868928,,8622.784512,32,2.047868928,What is the value associated with key 77D2FF01CF99? Return only the value.,77D2FF01CF99: 4C45544142455354414E,8.622784512,MB,2048.0,0.7625049164628829,13888.0,context_0000,147.456,['405C877409A9'],62995,58477.0,synthetic_kv_64k,13888.0
2047.868928,,8622.784512,32,2.047868928,What is the value associated with key 8DA0F89897B9? Return only the value.,9458C2874F06,8.622784512,MB,2048.0,0.7625049164628829,13888.0,context_0000,147.456,['F143DC5C0EED'],62995,58477.0,synthetic_kv_64k,13888.0
2047.868928,,8622.784512,32,2.047868928,What is the value associated with key AE2702F06B90? Return only the value.,614217BE3111,8.622784512,MB,2048.0,0.7625049164628829,13888.0,context_0000,147.456,['1D53B88139B9'],62995,58477.0,synthetic_kv_64k,13888.0
2047.868928,,8622.784512,32,2.047868928,What is the value associated with key E281AE849217? Return only the value.,9847D9C8E37A,8.622784512,MB,2048.0,0.7625049164628829,13888.0,context_0000,147.456,['C0398976E334'],62995,58477.0,synthetic_kv_64k,13888.0
2047.868928,,8622.784512,32,2.047868928,What is the value associated with key C4C2444EA7C8? Return only the value.,7B8545545454,8.622784512,MB,2048.0,0.7625049164628829,13888.0,context_0000,147.456,['5715A4161293'],62995,58477.0,synthetic_kv_64k,13888.0
2047.868928,,8622.784512,32,2.047868928,What is the value associated with key 4B221C8EAEE9? Return only the value.,5F985D88C38C,8.622784512,MB,2048.0,0.7625049164628829,13888.0,context_0000,147.456,['287D6F4CC69A'],62995,58477.0,synthetic_kv_64k,13888.0
2047.868928,,8622.784512,32,2.047868928,What is the value associated with key 00D474273CA3? Return only the value.,3D448857484C,8.622784512,MB,2048.0,0.7625049164628829,13888.0,context_0000,147.456,['B8DBF42D47CC'],62995,58477.0,synthetic_kv_64k,13888.0
2047.868928,,8622.784512,32,2.047868928,What is the value associated with key B83CE037E5ED? Return only the value.,585444855444,8.622784512,MB,2048.0,0.7625049164628829,13888.0,context_0000,147.456,['F8CD436D76E2'],62995,58477.0,synthetic_kv_64k,13888.0
2047.868928,,8622.784512,32,2.047868928,What is the value associated with key C30F8026695F? Return only the value.,6F4A5857456C,8.622784512,MB,2048.0,0.7625049164628829,13888.0,context_0000,147.456,['81F72DBC2134'],62995,58477.0,synthetic_kv_64k,13888.0
2047.868928,,8622.784512,32,2.047868928,What is the value associated with key 1B3DE9A1FA6F? Return only the value.,FA34DD3F7D7E,8.622784512,MB,2048.0,0.7625049164628829,13888.0,context_0000,147.456,['A013DEDA4E16'],62995,58477.0,synthetic_kv_64k,13888.0
2047.868928,,8622.784512,32,2.047868928,What is the value associated with key D7774C66E0A8? Return only the value.,54C689456F27,8.622784512,MB,2048.0,0.7625049164628829,13888.0,context_0000,147.456,['81F6A39231A7'],62995,58477.0,synthetic_kv_64k,13888.0
2047.868928,,8622.784512,32,2.047868928,What is the value associated with key 32EB9BE578C7? Return only the value.,5F98A65E688D,8.622784512,MB,2048.0,0.7625049164628829,13888.0,context_0000,147.456,['5FB82720797D'],62995,58477.0,synthetic_kv_64k,13888.0
2047.868928,,8622.784512,32,2.047868928,What is the value associated with key 295BC333E861? Return only the value.,585458545854,8.622784512,MB,2048.0,0.7625049164628829,13888.0,context_0000,147.456,['F4188A14BE62'],62995,58477.0,synthetic_kv_64k,13888.0
2047.868928,,8622.784512,32,2.047868928,What is the value associated with key EC24C754108F? Return only the value.,5462F433E59A,8.622784512,MB,2048.0,0.7625049164628829,13888.0,context_0000,147.456,['EB2287C5421E'],62995,58477.0,synthetic_kv_64k,13888.0
2047.868928,,8622.784512,32,2.047868928,What is the value associated with key 995400257AD1? Return only the value.,9058C2874F06,8.622784512,MB,2048.0,0.7625049164628829,13888.0,context_0000,147.456,['7D1552FBE43B'],62995,58477.0,synthetic_kv_64k,13888.0
2047.868928,,8622.784512,32,2.047868928,What is the value associated with key 1CA304FC6D82? Return only the value.,A0156C17E150,8.622784512,MB,2048.0,0.7625049164628829,13888.0,context_0000,147.456,['5CECEDD96831'],62995,58477.0,synthetic_kv_64k,13888.0
2047.868928,,8622.784512,32,2.047868928,What is the value associated with key FC3EE0F3EAB0? Return only the value.,55C5FBA57CC8,8.622784512,MB,2048.0,0.7625049164628829,13888.0,context_0000,147.456,['CE88D4E80839'],62995,58477.0,synthetic_kv_64k,13888.0
2047.868928,,8622.784512,32,2.047868928,What is the value associated with key 3D4C4EB93EFF? Return only the value.,3D4C4EB93EFF: 44291257429E,8.622784512,MB,2048.0,0.7625049164628829,13888.0,context_0000,147.456,['3DA90ED42F1A'],62995,58477.0,synthetic_kv_64k,13888.0
2047.868928,,8622.784512,32,2.047868928,What is the value associated with key 913EE0C53CB8? Return only the value.,92A8B9C3D46C,8.622784512,MB,2048.0,0.7625049164628829,13888.0,context_0000,147.456,['1429F26B4776'],62995,58477.0,synthetic_kv_64k,13888.0
2047.868928,,8622.784512,32,2.047868928,What is the value associated with key BB5E15ED6269? Return only the value.,D48444F9D489,8.622784512,MB,2048.0,0.7625049164628829,13888.0,context_0000,147.456,['D0E67C69DEE1'],62995,58477.0,synthetic_kv_64k,13888.0
2047.868928,,8622.784512,32,2.047868928,What is the value associated with key FA5D11B7E948? Return only the value.,579C2D7D7C1E,8.622784512,MB,2048.0,0.7625049164628829,13888.0,context_0000,147.456,['885FC2B6D2C5'],62995,58477.0,synthetic_kv_64k,13888.0
2047.868928,,8622.784512,32,2.047868928,What is the value associated with key 2031C40DB9B4? Return only the value.,548C34574E6A,8.622784512,MB,2048.0,0.7625049164628829,13888.0,context_0000,147.456,['A8E520DE435D'],62995,58477.0,synthetic_kv_64k,13888.0
2047.868928,,8622.784512,32,2.047868928,What is the value associated with key F26479AC1B1E? Return only the value.,5715385A521A,8.622784512,MB,2048.0,0.7625049164628829,13888.0,context_0000,147.456,['2A458CBFEDB0'],62995,58477.0,synthetic_kv_64k,13888.0
2047.868928,,8622.784512,32,2.047868928,What is the value associated with key 871543DAC043? Return only the value.,4C6A8E24569A,8.622784512,MB,2048.0,0.7625049164628829,13888.0,context_0000,147.456,['9B49DF57C59A'],62995,58477.0,synthetic_kv_64k,13888.0
2047.868928,,8622.784512,32,2.047868928,What is the value associated with key F6E06C52C49F? Return only the value.,548D8C3D8C3D,8.622784512,MB,2048.0,0.7625049164628829,13888.0,context_0000,147.456,['EDCD36386821'],62995,58477.0,synthetic_kv_64k,13888.0
2047.868928,,8622.784512,32,2.047868928,What is the value associated with key C1598A0F4EFB? Return only the value.,5F9484794502,8.622784512,MB,2048.0,0.7625049164628829,13888.0,context_0000,147.456,['B09BBADCC32A'],62995,58477.0,synthetic_kv_64k,13888.0
2047.868928,,8622.784512,32,2.047868928,What is the value associated with key B683337EA2DF? Return only the value.,A34584858485,8.622784512,MB,2048.0,0.7625049164628829,13888.0,context_0000,147.456,['66244FCCA39A'],62995,58477.0,synthetic_kv_64k,13888.0
2047.868928,,8622.784512,32,2.047868928,What is the value associated with key ABF3FEC21BBE? Return only the value.,5417CAAA5BBE,8.622784512,MB,2048.0,0.7625049164628829,13888.0,context_0000,147.456,['5F98A65E688E'],62995,58477.0,synthetic_kv_64k,13888.0
2047.868928,,8622.784512,32,2.047868928,What is the value associated with key E64D702753A1? Return only the value.,709426A524E3,8.622784512,MB,2048.0,0.7625049164628829,13888.0,context_0000,147.456,['7394847FD9B4'],62995,58477.0,synthetic_kv_64k,13888.0
2047.868928,,8622.784512,32,2.047868928,What is the value associated with key 3F761EFA2197? Return only the value.,548E69CE1E4C,8.622784512,MB,2048.0,0.7625049164628829,13888.0,context_0000,147.456,['10643985C3CF'],62995,58477.0,synthetic_kv_64k,13888.0
2047.868928,,8622.784512,32,2.047868928,What is the value associated with key 0562568CC69B? Return only the value.,6707D7C3444C,8.622784512,MB,2048.0,0.7625049164628829,13888.0,context_0000,147.456,['8DCD969B6662'],62995,58477.0,synthetic_kv_64k,13888.0
2047.868928,,8622.784512,32,2.047868928,What is the value associated with key 96A43AE8CC93? Return only the value.,909E8A38D5AA,8.622784512,MB,2048.0,0.7625049164628829,13888.0,context_0000,147.456,['01D738602AB6'],62995,58477.0,synthetic_kv_64k,13888.0
2047.868928,,8622.784512,32,2.047868928,What is the value associated with key B535122C9A56? Return only the value.,5D421554E4C0,8.622784512,MB,2048.0,0.7625049164628829,13888.0,context_0000,147.456,['0F12A18FF6B6'],62995,58477.0,synthetic_kv_64k,13888.0
2047.868928,,8622.784512,32,2.047868928,What is the value associated with key 11413A9BEDD4? Return only the value.,5417CAAA590E,8.622784512,MB,2048.0,0.7625049164628829,13888.0,context_0000,147.456,['080AE7C99B26'],62995,58477.0,synthetic_kv_64k,13888.0
2047.868928,,8622.784512,32,2.047868928,What is the value associated with key 5496DC1110C1? Return only the value.,57468AE8905B,8.622784512,MB,2048.0,0.7625049164628829,13888.0,context_0000,147.456,['839F1223B513'],62995,58477.0,synthetic_kv_64k,13888.0
2047.868928,,8622.784512,32,2.047868928,What is the value associated with key 474A3CEDDF2D? Return only the value.,2CD59456C46E,8.622784512,MB,2048.0,0.7625049164628829,13888.0,context_0000,147.456,['7C44AB4220A7'],62995,58477.0,synthetic_kv_64k,13888.0
2047.868928,,8622.784512,32,2.047868928,What is the value associated with key 8A0B36D8393A? Return only the value.,989B9C3D8C3C,8.622784512,MB,2048.0,0.7625049164628829,13888.0,context_0000,147.456,['B92D21DF306F'],62995,58477.0,synthetic_kv_64k,13888.0
2047.868928,,8622.784512,32,2.047868928,What is the value associated with key E1E3EF7DDC76? Return only the value.,549D8C34588A,8.622784512,MB,2048.0,0.7625049164628829,13888.0,context_0000,147.456,['9382922FE15A'],62995,58477.0,synthetic_kv_64k,13888.0
2047.868928,,8622.784512,32,2.047868928,What is the value associated with key 3E357900F7F9? Return only the value.,310D7C413A2A,8.622784512,MB,2048.0,0.7625049164628829,13888.0,context_0000,147.456,['7914C8DCD19F'],62995,58477.0,synthetic_kv_64k,13888.0
2047.868928,,8622.784512,32,2.047868928,What is the value associated with key 6835CEB81F9D? Return only the value.,A3845885588A,8.622784512,MB,2048.0,0.7625049164628829,13888.0,context_0000,147.456,['182530BEB45F'],62995,58477.0,synthetic_kv_64k,13888.0
2047.868928,,8622.784512,32,2.047868928,What is the value associated with key A8B318D0752B? Return only the value.,5F948479D48C,8.622784512,MB,2048.0,0.7625049164628829,13888.0,context_0000,147.456,['5AB36E595ED3'],62995,58477.0,synthetic_kv_64k,13888.0
2047.868928,,8622.784512,32,2.047868928,What is the value associated with key 693D6C6FA611? Return only the value.,614217BE3111,8.622784512,MB,2048.0,0.7625049164628829,13888.0,context_0000,147.456,['DD24778EEDB3'],62995,58477.0,synthetic_kv_64k,13888.0
2047.868928,,8622.784512,32,2.047868928,What is the value associated with key 0DDEBAA4B71A? Return only the value.,573545545454,8.622784512,MB,2048.0,0.7625049164628829,13888.0,context_0000,147.456,['A748AC619E63'],62995,58477.0,synthetic_kv_64k,13888.0
2047.868928,,8622.784512,32,2.047868928,What is the value associated with key A56CFBF24050? Return only the value.,988C61B1CD22,8.622784512,MB,2048.0,0.7625049164628829,13888.0,context_0000,147.456,['0F841931E9EE'],62995,58477.0,synthetic_kv_64k,13888.0
2047.868928,,8622.784512,32,2.047868928,What is the value associated with key BA6C6712303A? Return only the value.,3F874C35444A,8.622784512,MB,2048.0,0.7625049164628829,13888.0,context_0000,147.456,['CCF356DC8907'],62995,58477.0,synthetic_kv_64k,13888.0
2047.868928,,8622.784512,32,2.047868928,What is the value associated with key 1BF9DC96925E? Return only the value.,580D8C3D8C3C,8.622784512,MB,2048.0,0.7625049164628829,13888.0,context_0000,147.456,['310C3FA7F104'],62995,58477.0,synthetic_kv_64k,13888.0
2047.868928,,8622.784512,32,2.047868928,What is the value associated with key 894A30B187EF? Return only the value.,5462F43BA489,8.622784512,MB,2048.0,0.7625049164628829,13888.0,context_0000,147.456,['23E272D8567D'],62995,58477.0,synthetic_kv_64k,13888.0
2047.868928,,8622.784512,32,2.047868928,What is the value associated with key 2EF96C006F61? Return only the value.,6C30B2B9435A,8.622784512,MB,2048.0,0.7625049164628829,13888.0,context_0000,147.456,['766E474EBC19'],62995,58477.0,synthetic_kv_64k,13888.0
2047.868928,,8622.784512,32,2.047868928,What is the value associated with key DFDE3FF350BF? Return only the value.,5C448E68544C,8.622784512,MB,2048.0,0.7625049164628829,13888.0,context_0000,147.456,['134CEC5B227C'],62995,58477.0,synthetic_kv_64k,13888.0
2047.868928,,8622.784512,32,2.047868928,What is the value associated with key CEDA71710434? Return only the value.,5714C8E5444C,8.622784512,MB,2048.0,0.7625049164628829,13888.0,context_0000,147.456,['DB20DC815FE7'],62995,58477.0,synthetic_kv_64k,13888.0
2047.868928,,8622.784512,32,2.047868928,What is the value associated with key 19108CE21EA3? Return only the value.,905D26A524E3,8.622784512,MB,2048.0,0.7625049164628829,13888.0,context_0000,147.456,['A6F20CF35B58'],62995,58477.0,synthetic_kv_64k,13888.0
2047.868928,,8622.784512,32,2.047868928,What is the value associated with key 8A63FFD0F9D5? Return only the value.,839F1223B513,8.622784512,MB,2048.0,0.7625049164628829,13888.0,context_0000,147.456,['03C7D605E770'],62995,58477.0,synthetic_kv_64k,13888.0
2047.868928,,8622.784512,32,2.047868928,What is the value associated with key 17E0F8102383? Return only the value.,5C942834E4C0,8.622784512,MB,2048.0,0.7625049164628829,13888.0,context_0000,147.456,['C0E9ED2662E9'],62995,58477.0,synthetic_kv_64k,13888.0
2047.868928,,8622.784512,32,2.047868928,What is the value associated with key 3C83D9441FA5? Return only the value.,618A95A5BAFA,8.622784512,MB,2048.0,0.7625049164628829,13888.0,context_0000,147.456,['680A2A935D62'],62995,58477.0,synthetic_kv_64k,13888.0
2047.868928,,8622.784512,32,2.047868928,What is the value associated with key 7B3A7C52FA17? Return only the value.,5F98A65D67E5,8.622784512,MB,2048.0,0.7625049164628829,13888.0,context_0000,147.456,['DD5936B82481'],62995,58477.0,synthetic_kv_64k,13888.0
2047.868928,,8622.784512,32,2.047868928,What is the value associated with key E70666AA9385? Return only the value.,A3821E0E614A,8.622784512,MB,2048.0,0.7625049164628829,13888.0,context_0000,147.456,['2A250F02BAD0'],62995,58477.0,synthetic_kv_64k,13888.0
2047.868928,,8622.784512,32,2.047868928,What is the value associated with key 008D610461E3? Return only the value.,F475D455444A,8.622784512,MB,2048.0,0.7625049164628829,13888.0,context_0000,147.456,['63F2FC3D3348'],62995,58477.0,synthetic_kv_64k,13888.0
2047.868928,,8622.784512,32,2.047868928,What is the value associated with key ED3043E458FC? Return only the value.,54C6875A596D,8.622784512,MB,2048.0,0.7625049164628829,13888.0,context_0000,147.456,['C8FEC8B8D9C6'],62995,58477.0,synthetic_kv_64k,13888.0
2047.868928,,8622.784512,32,2.047868928,What is the value associated with key 4906747B6DBA? Return only the value.,443A588A5C3C,8.622784512,MB,2048.0,0.7625049164628829,13888.0,context_0000,147.456,['B2536C4A37EA'],62995,58477.0,synthetic_kv_64k,13888.0
2047.868928,,8622.784512,32,2.047868928,What is the value associated with key BB02F512C4C3? Return only the value.,53B82755C44A,8.622784512,MB,2048.0,0.7625049164628829,13888.0,context_0000,147.456,['C88AFED4057D'],62995,58477.0,synthetic_kv_64k,13888.0
2047.868928,,8622.784512,32,2.047868928,What is the value associated with key A9708E46D534? Return only the value.,9458C2874F06,8.622784512,MB,2048.0,0.7625049164628829,13888.0,context_0000,147.456,['7C96B7E99ACA'],62995,58477.0,synthetic_kv_64k,13888.0
2047.868928,,8622.784512,32,2.047868928,What is the value associated with key 309D27A0C3D7? Return only the value.,37BB4BF50B52,8.622784512,MB,2048.0,0.7625049164628829,13888.0,context_0000,147.456,['37BB4BF50B52'],62995,58477.0,synthetic_kv_64k,13888.0
2047.868928,,8622.784512,32,2.047868928,What is the value associated with key 0EF8F7FD5646? Return only the value.,585A8D8C3D8A,8.622784512,MB,2048.0,0.7625049164628829,13888.0,context_0000,147.456,['BC59944528C0'],62995,58477.0,synthetic_kv_64k,13888.0
2047.868928,,8622.784512,32,2.047868928,What is the value associated with key 0F9A8ACD4E10? Return only the value.,5048BF7B539B,8.622784512,MB,2048.0,0.7625049164628829,13888.0,context_0000,147.456,['5048BF7B539B'],62995,58477.0,synthetic_kv_64k,13888.0
2047.868928,,8622.784512,32,2.047868928,What is the value associated with key 0CD60EA2622B? Return only the value.,680E958C6462,8.622784512,MB,2048.0,0.7625049164628829,13888.0,context_0000,147.456,['7A0E958CA9BA'],62995,58477.0,synthetic_kv_64k,13888.0
2047.868928,,8622.784512,32,2.047868928,What is the value associated with key EB5C80BACD64? Return only the value.,5F13FF7A8C2D,8.622784512,MB,2048.0,0.7625049164628829,13888.0,context_0000,147.456,['87F7DA4BD9CA'],62995,58477.0,synthetic_kv_64k,13888.0
2047.868928,,8622.784512,32,2.047868928,What is the value associated with key 0E8F284D82E5? Return only the value.,5F98A65D8C3A,8.622784512,MB,2048.0,0.7625049164628829,13888.0,context_0000,147.456,['8201F5F59B22'],62995,58477.0,synthetic_kv_64k,13888.0
2047.868928,,8622.784512,32,2.047868928,What is the value associated with key D9F114822F53? Return only the value.,118A2F923996,8.622784512,MB,2048.0,0.7625049164628829,13888.0,context_0000,147.456,['118A2F923996'],62995,58477.0,synthetic_kv_64k,13888.0
2047.868928,,8622.784512,32,2.047868928,What is the value associated with key 116598543881? Return only the value.,7E8A0758E201,8.622784512,MB,2048.0,0.7625049164628829,13888.0,context_0000,147.456,['DCA0ACDABACC'],62995,58477.0,synthetic_kv_64k,13888.0
2047.868928,,8622.784512,32,2.047868928,What is the value associated with key 675D3C365296? Return only the value.,4A3C801EF1DA,8.622784512,MB,2048.0,0.7625049164628829,13888.0,context_0000,147.456,['F10C1EB0E38A'],62995,58477.0,synthetic_kv_64k,13888.0
2047.868928,,8622.784512,32,2.047868928,What is the value associated with key 91D6E3E9DE99? Return only the value.,9458C2874F06,8.622784512,MB,2048.0,0.7625049164628829,13888.0,context_0000,147.456,['94343F07F814'],62995,58477.0,synthetic_kv_64k,13888.0
2047.868928,,8622.784512,32,2.047868928,What is the value associated with key 0A2C98326856? Return only the value.,6393D88C6662,8.622784512,MB,2048.0,0.7625049164628829,13888.0,context_0000,147.456,['14FC9E8FC965'],62995,58477.0,synthetic_kv_64k,13888.0
2047.868928,,8622.784512,32,2.047868928,What is the value associated with key A8496B5252E3? Return only the value.,42C1EF48E8D5,8.622784512,MB,2048.0,0.7625049164628829,13888.0,context_0000,147.456,['90B2956B8C0C'],62995,58477.0,synthetic_kv_64k,13888.0
2047.868928,,8622.784512,32,2.047868928,What is the value associated with key 50FD85D51695? Return only the value.,5C94283D88D5,8.622784512,MB,2048.0,0.7625049164628829,13888.0,context_0000,147.456,['42C1EF48E8D5'],62995,58477.0,synthetic_kv_64k,13888.0
2047.868928,,8622.784512,32,2.047868928,What is the value associated with key AB73344A54B8? Return only the value.,A85D845C344C,8.622784512,MB,2048.0,0.7625049164628829,13888.0,context_0000,147.456,['506EB758588D'],62995,58477.0,synthetic_kv_64k,13888.0
2047.868928,,8622.784512,32,2.047868928,What is the value associated with key 43FF3D1A85DD? Return only the value.,5F98D45A5C3D,8.622784512,MB,2048.0,0.7625049164628829,13888.0,context_0000,147.456,['2181655238A6'],62995,58477.0,synthetic_kv_64k,13888.0
2047.868928,,8622.784512,32,2.047868928,What is the value associated with key A53FABF3E3FC? Return only the value.,509426A524E3,8.622784512,MB,2048.0,0.7625049164628829,13888.0,context_0000,147.456,['750C4CCC9BC2'],62995,58477.0,synthetic_kv_64k,13888.0
2047.868928,,8622.784512,32,2.047868928,What is the value associated with key EDD450F0FD0A? Return only the value.,57D24CE1EB90,8.622784512,MB,2048.0,0.7625049164628829,13888.0,context_0000,147.456,['EF8CC07A30F2'],62995,58477.0,synthetic_kv_64k,13888.0
2047.868928,,8622.784512,32,2.047868928,What is the value associated with key 026212922F83? Return only the value.,00A8D2874F06,8.622784512,MB,2048.0,0.7625049164628829,13888.0,context_0000,147.456,['9F0475523327'],62995,58477.0,synthetic_kv_64k,13888.0
2047.868928,,8622.784512,32,2.047868928,What is the value associated with key 9020FF9AB5C2? Return only the value.,544C6D5D4F06,8.622784512,MB,2048.0,0.7625049164628829,13888.0,context_0000,147.456,['1998FF002D4D'],62995,58477.0,synthetic_kv_64k,13888.0
2047.868928,,8622.784512,32,2.047868928,What is the value associated with key 89A212C136E0? Return only the value.,085B4A85C511,8.622784512,MB,2048.0,0.7625049164628829,13888.0,context_0000,147.456,['8181369147EB'],62995,58477.0,synthetic_kv_64k,13888.0
2047.868928,,8622.784512,32,2.047868928,What is the value associated with key 21E843E42CAF? Return only the value.,595D9C5288F1,8.622784512,MB,2048.0,0.7625049164628829,13888.0,context_0000,147.456,['5958EEEA163E'],62995,58477.0,synthetic_kv_64k,13888.0
2047.868928,,8622.784512,32,2.047868928,What is the value associated with key 119CE1805081? Return only the value.,30CB4D70082A,8.622784512,MB,2048.0,0.7625049164628829,13888.0,context_0000,147.456,['3E89E117DAC3'],62995,58477.0,synthetic_kv_64k,13888.0
2047.868928,,8622.784512,32,2.047868928,What is the value associated with key 48F45E9953D2? Return only the value.,5C44AB4220A7,8.622784512,MB,2048.0,0.7625049164628829,13888.0,context_0000,147.456,['702C286218B8'],62995,58477.0,synthetic_kv_64k,13888.0
2047.868928,,8622.784512,32,2.047868928,What is the value associated with key 8B10D5704F32? Return only the value.,310C3FA7F104,8.622784512,MB,2048.0,0.7625049164628829,13888.0,context_0000,147.456,['4D71B41B3143'],62995,58477.0,synthetic_kv_64k,13888.0
2047.868928,,8622.784512,32,2.047868928,What is the value associated with key FBDD9C96E9EC? Return only the value.,974A35545C3C,8.622784512,MB,2048.0,0.7625049164628829,13888.0,context_0000,147.456,['CE9EFCBB4E59'],62995,58477.0,synthetic_kv_64k,13888.0
2047.868928,,8622.784512,32,2.047868928,What is the value associated with key 8768A76AFDE6? Return only the value.,AD055AB28D4A,8.622784512,MB,2048.0,0.7625049164628829,13888.0,context_0000,147.456,['AAF90200B1F0'],62995,58477.0,synthetic_kv_64k,13888.0
2047.868928,,8622.784512,32,2.047868928,What is the value associated with key 8DFAD12DBC9A? Return only the value.,30E95D5D759A,8.622784512,MB,2048.0,0.7625049164628829,13888.0,context_0000,147.456,['EE874CA415EA'],62995,58477.0,synthetic_kv_64k,13888.0
2047.868928,,8622.784512,32,2.047868928,What is the value associated with key 1A84A9D3D7C7? Return only the value.,5F98A65AED2C,8.622784512,MB,2048.0,0.7625049164628829,13888.0,context_0000,147.456,['E0CCF05DB76E'],62995,58477.0,synthetic_kv_64k,13888.0
2047.868928,,8622.784512,32,2.047868928,What is the value associated with key 43B42260E70F? Return only the value.,C73348223120,8.622784512,MB,2048.0,0.7625049164628829,13888.0,context_0000,147.456,['E3C41D8CBBAC'],62995,58477.0,synthetic_kv_64k,13888.0
2047.868928,,8622.784512,32,2.047868928,What is the value associated with key BE0F1B66B5A9? Return only the value.,5F902457C38A,8.622784512,MB,2048.0,0.7625049164628829,13888.0,context_0000,147.456,['27CB8DA01097'],62995,58477.0,synthetic_kv_64k,13888.0
2047.868928,,8622.784512,32,2.047868928,What is the value associated with key 482145B89CD9? Return only the value.,670A8B420E6C,8.622784512,MB,2048.0,0.7625049164628829,13888.0,context_0000,147.456,['35EB9AD620AB'],62995,58477.0,synthetic_kv_64k,13888.0
2047.868928,,8622.784512,32,2.047868928,What is the value associated with key 57C7B7B56EA7? Return only the value.,571536D5950A,8.622784512,MB,2048.0,0.7625049164628829,13888.0,context_0000,147.456,['AFFF341EF40B'],62995,58477.0,synthetic_kv_64k,13888.0
2047.868928,,8622.784512,32,2.047868928,What is the value associated with key DA58A25D6B29? Return only the value.,548E69C3D88C,8.622784512,MB,2048.0,0.7625049164628829,13888.0,context_0000,147.456,['8162439472E6'],62995,58477.0,synthetic_kv_64k,13888.0
2047.868928,,8622.784512,32,2.047868928,What is the value associated with key 40497D106C60? Return only the value.,618A95A5BAFA,8.622784512,MB,2048.0,0.7625049164628829,13888.0,context_0000,147.456,['E87DE7C421C7'],62995,58477.0,synthetic_kv_64k,13888.0
2047.868928,,8622.784512,32,2.047868928,What is the value associated with key 0D01D89A40C0? Return only the value.,580D85C3488C,8.622784512,MB,2048.0,0.7625049164628829,13888.0,context_0000,147.456,['A26017A0DF49'],62995,58477.0,synthetic_kv_64k,13888.0
2047.868928,,8622.784512,32,2.047868928,What is the value associated with key D4506C6F7633? Return only the value.,585444555555,8.622784512,MB,2048.0,0.7625049164628829,13888.0,context_0000,147.456,['0B4946D483F3'],62995,58477.0,synthetic_kv_64k,13888.0
2047.868928,,8622.784512,32,2.047868928,What is the value associated with key 556300E85ECE? Return only the value.,5F9024E69E3A,8.622784512,MB,2048.0,0.7625049164628829,13888.0,context_0000,147.456,['217DC56811CD'],62995,58477.0,synthetic_kv_64k,13888.0
2047.868928,,8622.784512,32,2.047868928,What is the value associated with key FAD4A319DCB4? Return only the value.,548C3488584C,8.622784512,MB,2048.0,0.7625049164628829,13888.0,context_0000,147.456,['295D430F801D'],62995,58477.0,synthetic_kv_64k,13888.0
2047.868928,,8622.784512,32,2.047868928,What is the value associated with key 711CBDC14F1F? Return only the value.,96A9DC33E1F9,8.622784512,MB,2048.0,0.7625049164628829,13888.0,context_0000,147.456,['B4A68D3AED99'],62995,58477.0,synthetic_kv_64k,13888.0
2047.868928,,8622.784512,32,2.047868928,What is the value associated with key 8F976D7CE3C9? Return only the value.,899D8D8C3E6C,8.622784512,MB,2048.0,0.7625049164628829,13888.0,context_0000,147.456,['1CA30279B6A6'],62995,58477.0,synthetic_kv_64k,13888.0
2047.868928,,8622.784512,32,2.047868928,What is the value associated with key F1EE13432E61? Return only the value.,548E697D8C3A,8.622784512,MB,2048.0,0.7625049164628829,13888.0,context_0000,147.456,['B0E6E21342B0'],62995,58477.0,synthetic_kv_64k,13888.0
2047.868928,,8622.784512,32,2.047868928,What is the value associated with key 2628E767DCEA? Return only the value.,770A2D8C3E6A,8.622784512,MB,2048.0,0.7625049164628829,13888.0,context_0000,147.456,['09398BABCE3B'],62995,58477.0,synthetic_kv_64k,13888.0
2047.868928,,8622.784512,32,2.047868928,What is the value associated with key 5E84D5A804EB? Return only the value.,469D843D888C,8.622784512,MB,2048.0,0.7625049164628829,13888.0,context_0000,147.456,['8D72951F58D0'],62995,58477.0,synthetic_kv_64k,13888.0
2047.868928,,8622.784512,32,2.047868928,What is the value associated with key 6E0625E97977? Return only the value.,96A9E85D67A1,8.622784512,MB,2048.0,0.7625049164628829,13888.0,context_0000,147.456,['0AB520A04502'],62995,58477.0,synthetic_kv_64k,13888.0
2047.868928,,8622.784512,32,2.047868928,What is the value associated with key 5D594EEA04E7? Return only the value.,5C4432DF8D45,8.622784512,MB,2048.0,0.7625049164628829,13888.0,context_0000,147.456,['EEDEE623A689'],62995,58477.0,synthetic_kv_64k,13888.0
2047.868928,,8622.784512,32,2.047868928,What is the value associated with key F8E1CBCEABDE? Return only the value.,1D347A4C75D4,8.622784512,MB,2048.0,0.7625049164628829,13888.0,context_0000,147.456,['0A36DC570131'],62995,58477.0,synthetic_kv_64k,13888.0
2047.868928,,8622.784512,32,2.047868928,What is the value associated with key 5B99E61FECC0? Return only the value.,5854D43C5A8C,8.622784512,MB,2048.0,0.7625049164628829,13888.0,context_0000,147.456,['AE9B35C7936C'],62995,58477.0,synthetic_kv_64k,13888.0
2047.868928,,8622.784512,32,2.047868928,What is the value associated with key AABC3FE12E47? Return only the value.,5C17093B4D72,8.622784512,MB,2048.0,0.7625049164628829,13888.0,context_0000,147.456,['5A8A1A50AEC3'],62995,58477.0,synthetic_kv_64k,13888.0
2047.868928,,8622.784512,32,2.047868928,What is the value associated with key 8F54C7B5B2BC? Return only the value.,5C0BA757CB10,8.622784512,MB,2048.0,0.7625049164628829,13888.0,context_0000,147.456,['DFEDE256A6DC'],62995,58477.0,synthetic_kv_64k,13888.0
2047.868928,,8622.784512,32,2.047868928,What is the value associated with key F94D6808593F? Return only the value.,9458C2874F06,8.622784512,MB,2048.0,0.7625049164628829,13888.0,context_0000,147.456,['BFDD9EE3AC2A'],62995,58477.0,synthetic_kv_64k,13888.0
2047.868928,,8622.784512,32,2.047868928,What is the value associated with key ECFE2790CEBD? Return only the value.,544C38858C3C,8.622784512,MB,2048.0,0.7625049164628829,13888.0,context_0000,147.456,['3C9AEE0CAEB5'],62995,58477.0,synthetic_kv_64k,13888.0
2047.868928,,8622.784512,32,2.047868928,What is the value associated with key 2999DD56CC94? Return only the value.,972A16419F82,8.622784512,MB,2048.0,0.7625049164628829,13888.0,context_0000,147.456,['CCC5F9E8A369'],62995,58477.0,synthetic_kv_64k,13888.0
2047.868928,,8622.784512,32,2.047868928,What is the value associated with key 2D53CF8EBC5A? Return only the value.,5F902EDC0479,8.622784512,MB,2048.0,0.7625049164628829,13888.0,context_0000,147.456,['698CE1A47E10'],62995,58477.0,synthetic_kv_64k,13888.0
2047.868928,,8622.784512,32,2.047868928,What is the value associated with key 2DEA0658663A? Return only the value.,6B85D958858A,8.622784512,MB,2048.0,0.7625049164628829,13888.0,context_0000,147.456,['ECABBC8F7D29'],62995,58477.0,synthetic_kv_64k,13888.0
2047.868928,,8622.784512,32,2.047868928,What is the value associated with key C84A550A1B46? Return only the value.,A42DFD353F0D,8.622784512,MB,2048.0,0.7625049164628829,13888.0,context_0000,147.456,['6966EE49F329'],62995,58477.0,synthetic_kv_64k,13888.0
2047.868928,,8622.784512,32,2.047868928,What is the value associated with key AB7FCD5F4822? Return only the value.,548E69C34D5A,8.622784512,MB,2048.0,0.7625049164628829,13888.0,context_0000,147.456,['BC2CDD334CC7'],62995,58477.0,synthetic_kv_64k,13888.0
2047.868928,,8622.784512,32,2.047868928,What is the value associated with key 3F87CF8D446A? Return only the value.,446C3445444C,8.622784512,MB,2048.0,0.7625049164628829,13888.0,context_0000,147.456,['28C1444D610B'],62995,58477.0,synthetic_kv_64k,13888.0
2047.868928,,8622.784512,32,2.047868928,What is the value associated with key B386C991603F? Return only the value.,6F884F4D4A5D,8.622784512,MB,2048.0,0.7625049164628829,13888.0,context_0000,147.456,['61EE1BAC27A7'],62995,58477.0,synthetic_kv_64k,13888.0
2047.868928,,8622.784512,32,2.047868928,What is the value associated with key 09E9DF465290? Return only the value.,5F98A657688E,8.622784512,MB,2048.0,0.7625049164628829,13888.0,context_0000,147.456,['787FDBCCC477'],62995,58477.0,synthetic_kv_64k,13888.0
2047.868928,,8622.784512,32,2.047868928,What is the value associated with key 331738F16A81? Return only the value.,5C29410BFC29,8.622784512,MB,2048.0,0.7625049164628829,13888.0,context_0000,147.456,['EB1FD10BD1D0'],62995,58477.0,synthetic_kv_64k,13888.0
2047.868928,,8622.784512,32,2.047868928,What is the value associated with key 598375D66ED4? Return only the value.,548E69CE1E4E,8.622784512,MB,2048.0,0.7625049164628829,13888.0,context_0000,147.456,['D20E4E20FD1A'],62995,58477.0,synthetic_kv_64k,13888.0
2047.868928,,8622.784512,32,2.047868928,What is the value associated with key DF0FCB9BC326? Return only the value.,9255ED0940F7,8.622784512,MB,2048.0,0.7625049164628829,13888.0,context_0000,147.456,['39113A43B2BA'],62995,58477.0,synthetic_kv_64k,13888.0
2047.868928,,8622.784512,32,2.047868928,What is the value associated with key A8F7060EDF5B? Return only the value.,989B8D75C34D,8.622784512,MB,2048.0,0.7625049164628829,13888.0,context_0000,147.456,['66013170F437'],62995,58477.0,synthetic_kv_64k,13888.0
2047.868928,,8622.784512,32,2.047868928,What is the value associated with key 47525408F9AC? Return only the value.,F013D5CF3B4C,8.622784512,MB,2048.0,0.7625049164628829,13888.0,context_0000,147.456,['11C5DD463C09'],62995,58477.0,synthetic_kv_64k,13888.0
2047.868928,,8622.784512,32,2.047868928,What is the value associated with key C5F8F7860B50? Return only the value.,988C61B1CD22,8.622784512,MB,2048.0,0.7625049164628829,13888.0,context_0000,147.456,['59E44774BC58'],62995,58477.0,synthetic_kv_64k,13888.0
2047.868928,,8622.784512,32,2.047868928,What is the value associated with key 8268A43825B5? Return only the value.,408248BD927D,8.622784512,MB,2048.0,0.7625049164628829,13888.0,context_0000,147.456,['ADF46651529E'],62995,58477.0,synthetic_kv_64k,13888.0
2047.868928,,8622.784512,32,2.047868928,What is the value associated with key D7FAFB2CA025? Return only the value.,54C689456F27,8.622784512,MB,2048.0,0.7625049164628829,13888.0,context_0000,147.456,['54C689456F27'],62995,58477.0,synthetic_kv_64k,13888.0
2047.868928,,8622.784512,32,2.047868928,What is the value associated with key 0710F071D879? Return only the value.,9918149765AA,8.622784512,MB,2048.0,0.7625049164628829,13888.0,context_0000,147.456,['E0851D870966'],62995,58477.0,synthetic_kv_64k,13888.0
2047.868928,,8622.784512,32,2.047868928,What is the value associated with key 42DEF86C2CA2? Return only the value.,502D843D0EB9,8.622784512,MB,2048.0,0.7625049164628829,13888.0,context_0000,147.456,['94A12DB69EDB'],62995,58477.0,synthetic_kv_64k,13888.0
2047.868928,,8622.784512,32,2.047868928,What is the value associated with key FBC9F668A617? Return only the value.,548858888888,8.622784512,MB,2048.0,0.7625049164628829,13888.0,context_0000,147.456,['09CB43F59A85'],62995,58477.0,synthetic_kv_64k,13888.0
2047.868928,,8622.784512,32,2.047868928,What is the value associated with key 98B81BC044FC? Return only the value.,444C344C444C,8.622784512,MB,2048.0,0.7625049164628829,13888.0,context_0000,147.456,['587E6F3F920C'],62995,58477.0,synthetic_kv_64k,13888.0
2047.868928,,8622.784512,32,2.047868928,What is the value associated with key C953BA81EDD9? Return only the value.,9458C2874F06,8.622784512,MB,2048.0,0.7625049164628829,13888.0,context_0000,147.456,['6FB7504D281F'],62995,58477.0,synthetic_kv_64k,13888.0
2047.868928,,8622.784512,32,2.047868928,What is the value associated with key FBF69B3080D5? Return only the value.,544854485448,8.622784512,MB,2048.0,0.7625049164628829,13888.0,context_0000,147.456,['1D9A82EC9F2D'],62995,58477.0,synthetic_kv_64k,13888.0
2047.868928,,8622.784512,32,2.047868928,What is the value associated with key E645629C2AE3? Return only the value.,A8C3D47D848C,8.622784512,MB,2048.0,0.7625049164628829,13888.0,context_0000,147.456,['30A9939B462D'],62995,58477.0,synthetic_kv_64k,13888.0
2047.868928,,8622.784512,32,2.047868928,What is the value associated with key 0B5C41357E8C? Return only the value.,The value associated with the key [0B5C41357E8C] is not present in the provided list.,8.622784512,MB,2048.0,0.7625049164628829,13888.0,context_0000,147.456,['6FA1B572F3D0'],62995,58477.0,synthetic_kv_64k,13888.0
2047.868928,,8622.784512,32,2.047868928,What is the value associated with key 8519006ED6E3? Return only the value.,860315EACBCF,8.622784512,MB,2048.0,0.7625049164628829,13888.0,context_0000,147.456,['CE77ECF27E76'],62995,58477.0,synthetic_kv_64k,13888.0
2047.868928,,8622.784512,32,2.047868928,What is the value associated with key AFD589D7FD6C? Return only the value.,544C348C344C,8.622784512,MB,2048.0,0.7625049164628829,13888.0,context_0000,147.456,['F0B5B82C9074'],62995,58477.0,synthetic_kv_64k,13888.0
2047.868928,,8622.784512,32,2.047868928,What is the value associated with key BCAEBDF070AA? Return only the value.,55ABA5D9D44D,8.622784512,MB,2048.0,0.7625049164628829,13888.0,context_0000,147.456,['3270ABAE4F43'],62995,58477.0,synthetic_kv_64k,13888.0
2047.868928,,8622.784512,32,2.047868928,What is the value associated with key 6E695D3D9E56? Return only the value.,9F4D85548C3A,8.622784512,MB,2048.0,0.7625049164628829,13888.0,context_0000,147.456,['F2E911E9CDAA'],62995,58477.0,synthetic_kv_64k,13888.0
2047.868928,,8622.784512,32,2.047868928,What is the value associated with key EBB7AA0B7B14? Return only the value.,774C7F4F758A,8.622784512,MB,2048.0,0.7625049164628829,13888.0,context_0000,147.456,['9F875487FD4F'],62995,58477.0,synthetic_kv_64k,13888.0
2047.868928,,8622.784512,32,2.047868928,What is the value associated with key A9D3505CC686? Return only the value.,A9D3505CC686: 9458C2874F06,8.622784512,MB,2048.0,0.7625049164628829,13888.0,context_0000,147.456,['1FE7D9178793'],62995,58477.0,synthetic_kv_64k,13888.0
2047.868928,,8622.784512,32,2.047868928,What is the value associated with key E669B841D0A0? Return only the value.,A34D84545454,8.622784512,MB,2048.0,0.7625049164628829,13888.0,context_0000,147.456,['81D24CE1EB90'],62995,58477.0,synthetic_kv_64k,13888.0
2047.868928,,8622.784512,32,2.047868928,What is the value associated with key AAB94F2D4796? Return only the value.,A987C45A5C3D,8.622784512,MB,2048.0,0.7625049164628829,13888.0,context_0000,147.456,['5380688C7015'],62995,58477.0,synthetic_kv_64k,13888.0
2047.868928,,8622.784512,32,2.047868928,What is the value associated with key B27C6703B636? Return only the value.,585445544544,8.622784512,MB,2048.0,0.7625049164628829,13888.0,context_0000,147.456,['8DED4BB00F20'],62995,58477.0,synthetic_kv_64k,13888.0
2047.868928,,8622.784512,32,2.047868928,What is the value associated with key 311C2095EEF6? Return only the value.,5417CE456E8A,8.622784512,MB,2048.0,0.7625049164628829,13888.0,context_0000,147.456,['AA386BA25EFE'],62995,58477.0,synthetic_kv_64k,13888.0
2047.868928,,8622.784512,32,2.047868928,What is the value associated with key 610FF0BBAC67? Return only the value.,67985457888A,8.622784512,MB,2048.0,0.7625049164628829,13888.0,context_0000,147.456,['BF85AD64B56C'],62995,58477.0,synthetic_kv_64k,13888.0
2047.868928,,8622.784512,32,2.047868928,What is the value associated with key 2C8DE71E43A6? Return only the value.,62418654546C,8.622784512,MB,2048.0,0.7625049164628829,13888.0,context_0000,147.456,['91B09D9262AF'],62995,58477.0,synthetic_kv_64k,13888.0
2047.868928,,8622.784512,32,2.047868928,What is the value associated with key 67F44D0B0D1A? Return only the value.,A44A5C35488A,8.622784512,MB,2048.0,0.7625049164628829,13888.0,context_0000,147.456,['D56F8C459CE2'],62995,58477.0,synthetic_kv_64k,13888.0
2047.868928,,8622.784512,32,2.047868928,What is the value associated with key 4DCA001A9A8B? Return only the value.,A8545667884C,8.622784512,MB,2048.0,0.7625049164628829,13888.0,context_0000,147.456,['35CE49732D6C'],62995,58477.0,synthetic_kv_64k,13888.0
2047.868928,,8622.784512,32,2.047868928,What is the value associated with key C9276E0D2648? Return only the value.,909E8A38D5AA,8.622784512,MB,2048.0,0.7625049164628829,13888.0,context_0000,147.456,['9B4E9479E1E6'],62995,58477.0,synthetic_kv_64k,13888.0
2047.868928,,8622.784512,32,2.047868928,What is the value associated with key 527EA79AC9AA? Return only the value.,9255ED0940F7,8.622784512,MB,2048.0,0.7625049164628829,13888.0,context_0000,147.456,['711877097749'],62995,58477.0,synthetic_kv_64k,13888.0
2047.868928,,8622.784512,32,2.047868928,What is the value associated with key ACF571316269? Return only the value.,F18C131EB723,8.622784512,MB,2048.0,0.7625049164628829,13888.0,context_0000,147.456,['82DC36B5229A'],62995,58477.0,synthetic_kv_64k,13888.0
2047.868928,,8622.784512,32,2.047868928,What is the value associated with key CB327922BAC2? Return only the value.,9749584C3D8A,8.622784512,MB,2048.0,0.7625049164628829,13888.0,context_0000,147.456,['F5B7E6B3C944'],62995,58477.0,synthetic_kv_64k,13888.0
2047.868928,,8622.784512,32,2.047868928,What is the value associated with key BC67CBC84759? Return only the value.,698F543C244C,8.622784512,MB,2048.0,0.7625049164628829,13888.0,context_0000,147.456,['A8AA2B70E525'],62995,58477.0,synthetic_kv_64k,13888.0
2047.868928,,8622.784512,32,2.047868928,What is the value associated with key 48A615B52908? Return only the value.,909E8A38D5AA,8.622784512,MB,2048.0,0.7625049164628829,13888.0,context_0000,147.456,['A9F283F4A9A9'],62995,58477.0,synthetic_kv_64k,13888.0
2047.868928,,8622.784512,32,2.047868928,What is the value associated with key 9E87A2086977? Return only the value.,905D9C35C38C,8.622784512,MB,2048.0,0.7625049164628829,13888.0,context_0000,147.456,['17E855CEE5DB'],62995,58477.0,synthetic_kv_64k,13888.0
2047.868928,,8622.784512,32,2.047868928,What is the value associated with key F3B6D1843324? Return only the value.,5C9D8C35D49C,8.622784512,MB,2048.0,0.7625049164628829,13888.0,context_0000,147.456,['3C20C04A96C4'],62995,58477.0,synthetic_kv_64k,13888.0
2047.868928,,8622.784512,32,2.047868928,What is the value associated with key 4F77AC3C5640? Return only the value.,5C4432DF8D45,8.622784512,MB,2048.0,0.7625049164628829,13888.0,context_0000,147.456,['CE7A39820CFF'],62995,58477.0,synthetic_kv_64k,13888.0
2047.868928,,8622.784512,32,2.047868928,What is the value associated with key 25B832FA2DE8? Return only the value.,589C3D854C2C,8.622784512,MB,2048.0,0.7625049164628829,13888.0,context_0000,147.456,['0BD40640BE0F'],62995,58477.0,synthetic_kv_64k,13888.0
2047.868928,,8622.784512,32,2.047868928,What is the value associated with key FBE33EAE0032? Return only the value.,0C3D4C3E688D,8.622784512,MB,2048.0,0.7625049164628829,13888.0,context_0000,147.456,['9C7C79A28903'],62995,58477.0,synthetic_kv_64k,13888.0
2047.868928,,8622.784512,32,2.047868928,What is the value associated with key C4BBD98868DD? Return only the value.,844858888888,8.622784512,MB,2048.0,0.7625049164628829,13888.0,context_0000,147.456,['749612A4DEF0'],62995,58477.0,synthetic_kv_64k,13888.0
2047.868928,,8622.784512,32,2.047868928,What is the value associated with key E2D96A18CE4C? Return only the value.,544C488C4C2C,8.622784512,MB,2048.0,0.7625049164628829,13888.0,context_0000,147.456,['935FA1384DDC'],62995,58477.0,synthetic_kv_64k,13888.0
2047.868928,,8622.784512,32,2.047868928,What is the value associated with key B7E531C681EC? Return only the value.,5A3D4C35D88C,8.622784512,MB,2048.0,0.7625049164628829,13888.0,context_0000,147.456,['624CB24445A7'],62995,58477.0,synthetic_kv_64k,13888.0
2047.868928,,8622.784512,32,2.047868928,What is the value associated with key 664F7E8F8095? Return only the value.,82E28DBCDE5A,8.622784512,MB,2048.0,0.7625049164628829,13888.0,context_0000,147.456,['25C73E75C3B4'],62995,58477.0,synthetic_kv_64k,13888.0
2047.868928,,8622.784512,32,2.047868928,What is the value associated with key B008A7F36AE9? Return only the value.,8C354A3D788C,8.622784512,MB,2048.0,0.7625049164628829,13888.0,context_0000,147.456,['E485016B6287'],62995,58477.0,synthetic_kv_64k,13888.0
2047.868928,,8622.784512,32,2.047868928,What is the value associated with key DC45C03F3538? Return only the value.,5F9A8B8C3E6D,8.622784512,MB,2048.0,0.7625049164628829,13888.0,context_0000,147.456,['E2ADC521BF2D'],62995,58477.0,synthetic_kv_64k,13888.0
2047.868928,,8622.784512,32,2.047868928,What is the value associated with key C7461B494E15? Return only the value.,5C4E685A847C,8.622784512,MB,2048.0,0.7625049164628829,13888.0,context_0000,147.456,['38056CD66193'],62995,58477.0,synthetic_kv_64k,13888.0
2047.868928,,8622.784512,32,2.047868928,What is the value associated with key CDDA2D06E8CF? Return only the value.,5C3D4456D78A,8.622784512,MB,2048.0,0.7625049164628829,13888.0,context_0000,147.456,['B227F53D4330'],62995,58477.0,synthetic_kv_64k,13888.0
2047.868928,,8622.784512,32,2.047868928,What is the value associated with key 76EC8498E113? Return only the value.,5C4432DF8D45,8.622784512,MB,2048.0,0.7625049164628829,13888.0,context_0000,147.456,['8EB20CDB1CA4'],62995,58477.0,synthetic_kv_64k,13888.0
2047.868928,,8622.784512,32,2.047868928,What is the value associated with key EADF3FCB7546? Return only the value.,544854485448,8.622784512,MB,2048.0,0.7625049164628829,13888.0,context_0000,147.456,['1F11D92C9227'],62995,58477.0,synthetic_kv_64k,13888.0
2047.868928,,8622.784512,32,2.047868928,What is the value associated with key 222274DAAEBF? Return only the value.,5417CAAA5BBE,8.622784512,MB,2048.0,0.7625049164628829,13888.0,context_0000,147.456,['76F2CD29A36F'],62995,58477.0,synthetic_kv_64k,13888.0
2047.868928,,8622.784512,32,2.047868928,What is the value associated with key 87F8AAE65FC1? Return only the value.,379D85C3C38C,8.622784512,MB,2048.0,0.7625049164628829,13888.0,context_0000,147.456,['8F15FCE68504'],62995,58477.0,synthetic_kv_64k,13888.0
2047.868928,,8622.784512,32,2.047868928,What is the value associated with key 513A986F9025? Return only the value.,9255ED0940F7,8.622784512,MB,2048.0,0.7625049164628829,13888.0,context_0000,147.456,['C158F335CBA3'],62995,58477.0,synthetic_kv_64k,13888.0
2047.868928,,8622.784512,32,2.047868928,What is the value associated with key 714CE4347D51? Return only the value.,73948438D58A,8.622784512,MB,2048.0,0.7625049164628829,13888.0,context_0000,147.456,['D0A49CD6C852'],62995,58477.0,synthetic_kv_64k,13888.0
2047.868928,,8622.784512,32,2.047868928,What is the value associated with key E45BB8225688? Return only the value.,548C34554E6C,8.622784512,MB,2048.0,0.7625049164628829,13888.0,context_0000,147.456,['6D3E81392443'],62995,58477.0,synthetic_kv_64k,13888.0
2047.868928,,8622.784512,32,2.047868928,What is the value associated with key E827D4A02E53? Return only the value.,5F9A871C4E2A,8.622784512,MB,2048.0,0.7625049164628829,13888.0,context_0000,147.456,['72278C41561B'],62995,58477.0,synthetic_kv_64k,13888.0
2047.868928,,8622.784512,32,2.047868928,What is the value associated with key 28BEE5AF6E39? Return only the value.,58549C8D7C3A,8.622784512,MB,2048.0,0.7625049164628829,13888.0,context_0000,147.456,['DC8ABE6033F7'],62995,58477.0,synthetic_kv_64k,13888.0
2047.868928,,8622.784512,32,2.047868928,What is the value associated with key 733779844388? Return only the value.,5F98D4E68477,8.622784512,MB,2048.0,0.7625049164628829,13888.0,context_0000,147.456,['C074425A609F'],62995,58477.0,synthetic_kv_64k,13888.0
2047.868928,,8622.784512,32,2.047868928,What is the value associated with key D7013F4B1A70? Return only the value.,9255ED0940F7,8.622784512,MB,2048.0,0.7625049164628829,13888.0,context_0000,147.456,['46FDA33DC7AF'],62995,58477.0,synthetic_kv_64k,13888.0
2047.868928,,8622.784512,32,2.047868928,What is the value associated with key C715C40C5D91? Return only the value.,5F902B8D8C3A,8.622784512,MB,2048.0,0.7625049164628829,13888.0,context_0000,147.456,['7C0E8573E793'],62995,58477.0,synthetic_kv_64k,13888.0
2047.868928,,8622.784512,32,2.047868928,What is the value associated with key 3D3FA07295E9? Return only the value.,3799D435D44D,8.622784512,MB,2048.0,0.7625049164628829,13888.0,context_0000,147.456,['709B464C04AF'],62995,58477.0,synthetic_kv_64k,13888.0
2047.868928,,8622.784512,32,2.047868928,What is the value associated with key B6AA13D5F2F7? Return only the value.,A61D847D847D,8.622784512,MB,2048.0,0.7625049164628829,13888.0,context_0000,147.456,['3C0749257AF1'],62995,58477.0,synthetic_kv_64k,13888.0
2047.868928,,8622.784512,32,2.047868928,What is the value associated with key 55FA458F1F19? Return only the value.,548E69C3588A,8.622784512,MB,2048.0,0.7625049164628829,13888.0,context_0000,147.456,['E49D51D87C64'],62995,58477.0,synthetic_kv_64k,13888.0
2047.868928,,8622.784512,32,2.047868928,What is the value associated with key 14A08A476A87? Return only the value.,5C448E688C3C,8.622784512,MB,2048.0,0.7625049164628829,13888.0,context_0000,147.456,['269C236C7B87'],62995,58477.0,synthetic_kv_64k,13888.0
2047.868928,,8622.784512,32,2.047868928,What is the value associated with key 620E3B33F3D8? Return only the value.,3C07D88C3E6C,8.622784512,MB,2048.0,0.7625049164628829,13888.0,context_0000,147.456,['271EB1A6B1F1'],62995,58477.0,synthetic_kv_64k,13888.0
2047.868928,,8622.784512,32,2.047868928,What is the value associated with key 36C5B4D7E28E? Return only the value.,58548D854C2A,8.622784512,MB,2048.0,0.7625049164628829,13888.0,context_0000,147.456,['6A3410714D51'],62995,58477.0,synthetic_kv_64k,13888.0
2047.868928,,8622.784512,32,2.047868928,What is the value associated with key 54B468586EBA? Return only the value.,54B468586EBA,8.622784512,MB,2048.0,0.7625049164628829,13888.0,context_0000,147.456,['77468AE8905B'],62995,58477.0,synthetic_kv_64k,13888.0
2047.868928,,8622.784512,32,2.047868928,What is the value associated with key 0FF06A702E2F? Return only the value.,539D9C3D7C3A,8.622784512,MB,2048.0,0.7625049164628829,13888.0,context_0000,147.456,['D53834F3193C'],62995,58477.0,synthetic_kv_64k,13888.0
2047.868928,,8622.784512,32,2.047868928,What is the value associated with key 63B46B8E869F? Return only the value.,616485858585,8.622784512,MB,2048.0,0.7625049164628829,13888.0,context_0000,147.456,['C511E7A37E81'],62995,58477.0,synthetic_kv_64k,13888.0
2047.868928,,8622.784512,32,2.047868928,What is the value associated with key F23195863A76? Return only the value.,5048BF7050A9,8.622784512,MB,2048.0,0.7625049164628829,13888.0,context_0000,147.456,['0500B20DCB6E'],62995,58477.0,synthetic_kv_64k,13888.0
2047.868928,,8622.784512,32,2.047868928,What is the value associated with key E172DB52CA58? Return only the value.,E27A5545456D,8.622784512,MB,2048.0,0.7625049164628829,13888.0,context_0000,147.456,['9360C3FE0183'],62995,58477.0,synthetic_kv_64k,13888.0
2047.868928,,8622.784512,32,2.047868928,What is the value associated with key 7A1B6160A6B4? Return only the value.,635A5C7AF83D,8.622784512,MB,2048.0,0.7625049164628829,13888.0,context_0000,147.456,['F157018267C4'],62995,58477.0,synthetic_kv_64k,13888.0
2047.868928,,8622.784512,32,2.047868928,What is the value associated with key 4C715A0CDD7C? Return only the value.,5F98A65D888A,8.622784512,MB,2048.0,0.7625049164628829,13888.0,context_0000,147.456,['63D6C0E3BEFD'],62995,58477.0,synthetic_kv_64k,13888.0
2047.868928,,8622.784512,32,2.047868928,What is the value associated with key E442DA7B9095? Return only the value.,A8545667404A,8.622784512,MB,2048.0,0.7625049164628829,13888.0,context_0000,147.456,['D5F2F41402B1'],62995,58477.0,synthetic_kv_64k,13888.0
2047.868928,,8622.784512,32,2.047868928,What is the value associated with key 89C86B44FA8D? Return only the value.,43B4E1E89E7A,8.622784512,MB,2048.0,0.7625049164628829,13888.0,context_0000,147.456,['BC10BF5D2FDF'],62995,58477.0,synthetic_kv_64k,13888.0
2047.868928,,8622.784512,32,2.047868928,What is the value associated with key CCC48BCF53A1? Return only the value.,5C9427D8C38A,8.622784512,MB,2048.0,0.7625049164628829,13888.0,context_0000,147.456,['E5D69A6EC2F5'],62995,58477.0,synthetic_kv_64k,13888.0
2047.868928,,8622.784512,32,2.047868928,What is the value associated with key 7CFC3875394C? Return only the value.,8ED618318AA3,8.622784512,MB,2048.0,0.7625049164628829,13888.0,context_0000,147.456,['45DF382C043F'],62995,58477.0,synthetic_kv_64k,13888.0
2047.868928,,8622.784512,32,2.047868928,What is the value associated with key 7C536F92F25E? Return only the value.,544C35545C3C,8.622784512,MB,2048.0,0.7625049164628829,13888.0,context_0000,147.456,['638C076E2BBA'],62995,58477.0,synthetic_kv_64k,13888.0
2047.868928,,8622.784512,32,2.047868928,What is the value associated with key AB3B560C95EE? Return only the value.,5417CAAA5BBE,8.622784512,MB,2048.0,0.7625049164628829,13888.0,context_0000,147.456,['CC53ADDC3E13'],62995,58477.0,synthetic_kv_64k,13888.0
2047.868928,,8622.784512,32,2.047868928,What is the value associated with key B96367814C1F? Return only the value.,The value associated with the key [B96367814C1F] is [D0E9D45888,8.622784512,MB,2048.0,0.7625049164628829,13888.0,context_0000,147.456,['D72B2A405F12'],62995,58477.0,synthetic_kv_64k,13888.0
2047.868928,,8622.784512,32,2.047868928,What is the value associated with key EB6777A6E17C? Return only the value.,545C345C3C3C,8.622784512,MB,2048.0,0.7625049164628829,13888.0,context_0000,147.456,['FB1020AC3703'],62995,58477.0,synthetic_kv_64k,13888.0
2047.868928,,8622.784512,32,2.047868928,What is the value associated with key 88BC9F4C3B79? Return only the value.,585458545854,8.622784512,MB,2048.0,0.7625049164628829,13888.0,context_0000,147.456,['E82C06E745F9'],62995,58477.0,synthetic_kv_64k,13888.0
2047.868928,,8622.784512,32,2.047868928,What is the value associated with key 978664DE82E6? Return only the value.,943D4C35D48C,8.622784512,MB,2048.0,0.7625049164628829,13888.0,context_0000,147.456,['A9BA907BFE36'],62995,58477.0,synthetic_kv_64k,13888.0
2047.868928,,8622.784512,32,2.047868928,What is the value associated with key 157D06F028FF? Return only the value.,5C4432DF8D45,8.622784512,MB,2048.0,0.7625049164628829,13888.0,context_0000,147.456,['6DB9A48B3DBE'],62995,58477.0,synthetic_kv_64k,13888.0
2047.868928,,8622.784512,32,2.047868928,What is the value associated with key DDE922BD3388? Return only the value.,548E693D5A82,8.622784512,MB,2048.0,0.7625049164628829,13888.0,context_0000,147.456,['2E857631DE9D'],62995,58477.0,synthetic_kv_64k,13888.0
2047.868928,,8622.784512,32,2.047868928,What is the value associated with key 42990CDF742B? Return only the value.,9C6B6D8A5C3E,8.622784512,MB,2048.0,0.7625049164628829,13888.0,context_0000,147.456,['53CD610CF373'],62995,58477.0,synthetic_kv_64k,13888.0
2047.868928,,8622.784512,32,2.047868928,What is the value associated with key 7467362F5E5C? Return only the value.,5C99D40C3E8A,8.622784512,MB,2048.0,0.7625049164628829,13888.0,context_0000,147.456,['566653AC2AB9'],62995,58477.0,synthetic_kv_64k,13888.0
2047.868928,,8622.784512,32,2.047868928,What is the value associated with key E130C2DFF335? Return only the value.,548E68858C3A,8.622784512,MB,2048.0,0.7625049164628829,13888.0,context_0000,147.456,['473B610E6A64'],62995,58477.0,synthetic_kv_64k,13888.0
2047.868928,,8622.784512,32,2.047868928,What is the value associated with key F382C083B73A? Return only the value.,739484709D4A,8.622784512,MB,2048.0,0.7625049164628829,13888.0,context_0000,147.456,['6BEBD4F8FD72'],62995,58477.0,synthetic_kv_64k,13888.0
2047.868928,,8622.784512,32,2.047868928,What is the value associated with key D5BC4094DDED? Return only the value.,544484545454,8.622784512,MB,2048.0,0.7625049164628829,13888.0,context_0000,147.456,['786614F7CE8D'],62995,58477.0,synthetic_kv_64k,13888.0
2047.868928,,8622.784512,32,2.047868928,What is the value associated with key BFC004F64D86? Return only the value.,5499D403D88A,8.622784512,MB,2048.0,0.7625049164628829,13888.0,context_0000,147.456,['0D558A175DFE'],62995,58477.0,synthetic_kv_64k,13888.0
2047.868928,,8622.784512,32,2.047868928,What is the value associated with key F3B1FFF9F585? Return only the value.,3C4456545454,8.622784512,MB,2048.0,0.7625049164628829,13888.0,context_0000,147.456,['396659970043'],62995,58477.0,synthetic_kv_64k,13888.0
2047.868928,,8622.784512,32,2.047868928,What is the value associated with key 1190A66FD7F7? Return only the value.,73948438D5AA,8.622784512,MB,2048.0,0.7625049164628829,13888.0,context_0000,147.456,['F510C7FEE39F'],62995,58477.0,synthetic_kv_64k,13888.0
2047.868928,,8622.784512,32,2.047868928,What is the value associated with key 0A4EA6D964A3? Return only the value.,5C94D88D8C3C,8.622784512,MB,2048.0,0.7625049164628829,13888.0,context_0000,147.456,['07F1C1156D6D'],62995,58477.0,synthetic_kv_64k,13888.0
2047.868928,,8622.784512,32,2.047868928,What is the value associated with key 3F4DF319C125? Return only the value.,348890882EAF,8.622784512,MB,2048.0,0.7625049164628829,13888.0,context_0000,147.456,['D6D733094D35'],62995,58477.0,synthetic_kv_64k,13888.0
2047.868928,,8622.784512,32,2.047868928,What is the value associated with key 9F0F05379FF6? Return only the value.,3F6E5D65D44C,8.622784512,MB,2048.0,0.7625049164628829,13888.0,context_0000,147.456,['3D112702878B'],62995,58477.0,synthetic_kv_64k,13888.0
2047.868928,,8622.784512,32,2.047868928,What is the value associated with key 793B20500494? Return only the value.,5499D40C394A,8.622784512,MB,2048.0,0.7625049164628829,13888.0,context_0000,147.456,['1D48AB61A7B1'],62995,58477.0,synthetic_kv_64k,13888.0
2047.868928,,8622.784512,32,2.047868928,What is the value associated with key F2A090604F62? Return only the value.,444D9367A44C,8.622784512,MB,2048.0,0.7625049164628829,13888.0,context_0000,147.456,['770C37CC863B'],62995,58477.0,synthetic_kv_64k,13888.0
2047.868928,,8622.784512,32,2.047868928,What is the value associated with key 4199B31022F0? Return only the value.,47C746A90598,8.622784512,MB,2048.0,0.7625049164628829,13888.0,context_0000,147.456,['5E6FC4536F1D'],62995,58477.0,synthetic_kv_64k,13888.0
2047.868928,,8622.784512,32,2.047868928,What is the value associated with key 9B1B2AF43AB7? Return only the value.,929D0149A2AF,8.622784512,MB,2048.0,0.7625049164628829,13888.0,context_0000,147.456,['F6B79B749245'],62995,58477.0,synthetic_kv_64k,13888.0
2047.868928,,8622.784512,32,2.047868928,What is the value associated with key B7E6BF780E3F? Return only the value.,8C3548548C3C,8.622784512,MB,2048.0,0.7625049164628829,13888.0,context_0000,147.456,['C71D1D5206AB'],62995,58477.0,synthetic_kv_64k,13888.0
2047.868928,,8622.784512,32,2.047868928,What is the value associated with key 29ECD1BDB8C0? Return only the value.,2A458CBFEDB0,8.622784512,MB,2048.0,0.7625049164628829,13888.0,context_0000,147.456,['4FA0F6F7F0CC'],62995,58477.0,synthetic_kv_64k,13888.0
2047.868928,,8622.784512,32,2.047868928,What is the value associated with key 94241BAC5C15? Return only the value.,905D8C35D44C,8.622784512,MB,2048.0,0.7625049164628829,13888.0,context_0000,147.456,['EDCB0692DC63'],62995,58477.0,synthetic_kv_64k,13888.0
2047.868928,,8622.784512,32,2.047868928,What is the value associated with key 93674FDC6E1B? Return only the value.,5FCC41DC1C60,8.622784512,MB,2048.0,0.7625049164628829,13888.0,context_0000,147.456,['E874AD66A1BD'],62995,58477.0,synthetic_kv_64k,13888.0
2047.868928,,8622.784512,32,2.047868928,What is the value associated with key 6014F54AD0A2? Return only the value.,9255ED0940F7,8.622784512,MB,2048.0,0.7625049164628829,13888.0,context_0000,147.456,['F104658B2523'],62995,58477.0,synthetic_kv_64k,13888.0
2047.868928,,8622.784512,32,2.047868928,What is the value associated with key 32C5B70B3420? Return only the value.,5C9D8C3D8C3C,8.622784512,MB,2048.0,0.7625049164628829,13888.0,context_0000,147.456,['979313748146'],62995,58477.0,synthetic_kv_64k,13888.0
2047.868928,,8622.784512,32,2.047868928,What is the value associated with key D4A0B0CC1B3B? Return only the value.,A04D8554588C,8.622784512,MB,2048.0,0.7625049164628829,13888.0,context_0000,147.456,['3E2BA092F52A'],62995,58477.0,synthetic_kv_64k,13888.0
2047.868928,,8622.784512,32,2.047868928,What is the value associated with key B27B1A16342C? Return only the value.,67094576A47D,8.622784512,MB,2048.0,0.7625049164628829,13888.0,context_0000,147.456,['4D34C5C14EB4'],62995,58477.0,synthetic_kv_64k,13888.0
2047.868928,,8622.784512,32,2.047868928,What is the value associated with key AF2BD9ACD158? Return only the value.,585458545854,8.622784512,MB,2048.0,0.7625049164628829,13888.0,context_0000,147.456,['CE3799B49350'],62995,58477.0,synthetic_kv_64k,13888.0
2047.868928,,8622.784512,32,2.047868928,What is the value associated with key CBD51EFD76E9? Return only the value.,9787D5D85C3C,8.622784512,MB,2048.0,0.7625049164628829,13888.0,context_0000,147.456,['90E0FBDD3933'],62995,58477.0,synthetic_kv_64k,13888.0
2047.868928,,8622.784512,32,2.047868928,What is the value associated with key 0A83C85ACA46? Return only the value.,582BF49D477D,8.622784512,MB,2048.0,0.7625049164628829,13888.0,context_0000,147.456,['886158E25888'],62995,58477.0,synthetic_kv_64k,13888.0
2047.868928,,8622.784512,32,2.047868928,What is the value associated with key A9596DAA2E68? Return only the value.,A9596DAA2E68: 9458C2874F06,8.622784512,MB,2048.0,0.7625049164628829,13888.0,context_0000,147.456,['11A75EDDBBBF'],62995,58477.0,synthetic_kv_64k,13888.0
2047.868928,,8622.784512,32,2.047868928,What is the value associated with key A5C58186A576? Return only the value.,548E688D8C3A,8.622784512,MB,2048.0,0.7625049164628829,13888.0,context_0000,147.456,['033D575AED2C'],62995,58477.0,synthetic_kv_64k,13888.0
2047.868928,,8622.784512,32,2.047868928,What is the value associated with key 6B88D97DC9CD? Return only the value.,9F4D88588C3A,8.622784512,MB,2048.0,0.7625049164628829,13888.0,context_0000,147.456,['7D7DD284476C'],62995,58477.0,synthetic_kv_64k,13888.0
2047.868928,,8622.784512,32,2.047868928,What is the value associated with key 6EFB1B049863? Return only the value.,9F4A5D8C3E6C,8.622784512,MB,2048.0,0.7625049164628829,13888.0,context_0000,147.456,['5CB8F5F62C97'],62995,58477.0,synthetic_kv_64k,13888.0
2047.868928,,8622.784512,32,2.047868928,What is the value associated with key E43EA2B5B498? Return only the value.,A8B390421DFA,8.622784512,MB,2048.0,0.7625049164628829,13888.0,context_0000,147.456,['75B1D4262982'],62995,58477.0,synthetic_kv_64k,13888.0
2047.868928,,8622.784512,32,2.047868928,What is the value associated with key 272AB5122DF8? Return only the value.,290C8D7A5C3C,8.622784512,MB,2048.0,0.7625049164628829,13888.0,context_0000,147.456,['2D176F7C15EA'],62995,58477.0,synthetic_kv_64k,13888.0
2047.868928,,8622.784512,32,2.047868928,What is the value associated with key 8591BBDA0242? Return only the value.,89674585688A,8.622784512,MB,2048.0,0.7625049164628829,13888.0,context_0000,147.456,['A684F7294951'],62995,58477.0,synthetic_kv_64k,13888.0
2047.868928,,8622.784512,32,2.047868928,What is the value associated with key 9DAC45241EA6? Return only the value.,548E69CE1D86,8.622784512,MB,2048.0,0.7625049164628829,13888.0,context_0000,147.456,['EB6CCEE624D0'],62995,58477.0,synthetic_kv_64k,13888.0
2047.868928,,8622.784512,32,2.047868928,What is the value associated with key C64E89C5B31A? Return only the value.,5C3C345C3C3C,8.622784512,MB,2048.0,0.7625049164628829,13888.0,context_0000,147.456,['77017BC67E1F'],62995,58477.0,synthetic_kv_64k,13888.0
2047.868928,,8622.784512,32,2.047868928,What is the value associated with key D3636F81CF4F? Return only the value.,The value associated with the key [D3636F81CF4F] is [720A8585485,8.622784512,MB,2048.0,0.7625049164628829,13888.0,context_0000,147.456,['97ACBB2488A3'],62995,58477.0,synthetic_kv_64k,13888.0
2047.868928,,8622.784512,32,2.047868928,What is the value associated with key 528244B591F7? Return only the value.,F804A15748C3,8.622784512,MB,2048.0,0.7625049164628829,13888.0,context_0000,147.456,['3ED8DA09DFA0'],62995,58477.0,synthetic_kv_64k,13888.0
2047.868928,,8622.784512,32,2.047868928,What is the value associated with key EF43D4AAC9A3? Return only the value.,548C340D883A,8.622784512,MB,2048.0,0.7625049164628829,13888.0,context_0000,147.456,['4767162F8A24'],62995,58477.0,synthetic_kv_64k,13888.0
2047.868928,,8622.784512,32,2.047868928,What is the value associated with key 7367E1B294DE? Return only the value.,74EF3B8D7C3A,8.622784512,MB,2048.0,0.7625049164628829,13888.0,context_0000,147.456,['C01F3E6DD58B'],62995,58477.0,synthetic_kv_64k,13888.0
2047.868928,,8622.784512,32,2.047868928,What is the value associated with key 91E176F72255? Return only the value.,909E8A38D5AA,8.622784512,MB,2048.0,0.7625049164628829,13888.0,context_0000,147.456,['AB0E9C3EB2D5'],62995,58477.0,synthetic_kv_64k,13888.0
2047.868928,,8622.784512,32,2.047868928,What is the value associated with key 561E6105716B? Return only the value.,688A0758E201,8.622784512,MB,2048.0,0.7625049164628829,13888.0,context_0000,147.456,['7E8A0758E201'],62995,58477.0,synthetic_kv_64k,13888.0
2047.868928,,8622.784512,32,2.047868928,What is the value associated with key 5334D9D80B8D? Return only the value.,5C4432DF8D45,8.622784512,MB,2048.0,0.7625049164628829,13888.0,context_0000,147.456,['7CD02E8D0E87'],62995,58477.0,synthetic_kv_64k,13888.0
2047.868928,,8622.784512,32,2.047868928,What is the value associated with key 5AD5364D7C87? Return only the value.,The value associated with the key [5AD5364D7C87] is not present in the provided list.,8.622784512,MB,2048.0,0.7625049164628829,13888.0,context_0000,147.456,['4223CC3EBDDE'],62995,58477.0,synthetic_kv_64k,13888.0
2047.868928,,8622.784512,32,2.047868928,What is the value associated with key 479757207246? Return only the value.,989DE1536E99,8.622784512,MB,2048.0,0.7625049164628829,13888.0,context_0000,147.456,['989DE15CA666'],62995,58477.0,synthetic_kv_64k,13888.0
2047.868928,,8622.784512,32,2.047868928,What is the value associated with key E14EB380C73A? Return only the value.,A848C35D888C,8.622784512,MB,2048.0,0.7625049164628829,13888.0,context_0000,147.456,['8E4846B98991'],62995,58477.0,synthetic_kv_64k,13888.0
2047.868928,,8622.784512,32,2.047868928,What is the value associated with key 84410299436A? Return only the value.,4C6A8E244C4B,8.622784512,MB,2048.0,0.7625049164628829,13888.0,context_0000,147.456,['30E9F2B43ABF'],62995,58477.0,synthetic_kv_64k,13888.0
2047.868928,,8622.784512,32,2.047868928,What is the value associated with key 3DC915EABB27? Return only the value.,5C4432DF8D45,8.622784512,MB,2048.0,0.7625049164628829,13888.0,context_0000,147.456,['680BB856D035'],62995,58477.0,synthetic_kv_64k,13888.0
2047.868928,,8622.784512,32,2.047868928,What is the value associated with key 8E207D137018? Return only the value.,889C48F1096D,8.622784512,MB,2048.0,0.7625049164628829,13888.0,context_0000,147.456,['3D85C2171429'],62995,58477.0,synthetic_kv_64k,13888.0
2047.868928,,8622.784512,32,2.047868928,What is the value associated with key 79E1B0CBC61F? Return only the value.,685D84545C3C,8.622784512,MB,2048.0,0.7625049164628829,13888.0,context_0000,147.456,['B63BA559E463'],62995,58477.0,synthetic_kv_64k,13888.0
2047.868928,,8622.784512,32,2.047868928,What is the value associated with key 72BB7DA67785? Return only the value.,046ACAFDA613,8.622784512,MB,2048.0,0.7625049164628829,13888.0,context_0000,147.456,['046ACAFDA613'],62995,58477.0,synthetic_kv_64k,13888.0
2047.868928,,8622.784512,32,2.047868928,What is the value associated with key 4B5317D2582E? Return only the value.,678638BA8ABC,8.622784512,MB,2048.0,0.7625049164628829,13888.0,context_0000,147.456,['678638BA8ABC'],62995,58477.0,synthetic_kv_64k,13888.0
2047.868928,,8622.784512,32,2.047868928,What is the value associated with key 3E49B118F68D? Return only the value.,443C804D88C8,8.622784512,MB,2048.0,0.7625049164628829,13888.0,context_0000,147.456,['A9F94E6384BB'],62995,58477.0,synthetic_kv_64k,13888.0
2047.868928,,8622.784512,32,2.047868928,What is the value associated with key 5E7894E0D3BA? Return only the value.,D3B879279973,8.622784512,MB,2048.0,0.7625049164628829,13888.0,context_0000,147.456,['8DB079279973'],62995,58477.0,synthetic_kv_64k,13888.0
2047.868928,,8622.784512,32,2.047868928,What is the value associated with key 580087EA7FF5? Return only the value.,77E8BB733A3A,8.622784512,MB,2048.0,0.7625049164628829,13888.0,context_0000,147.456,['FF236CEDD15D'],62995,58477.0,synthetic_kv_64k,13888.0
2047.868928,,8622.784512,32,2.047868928,What is the value associated with key 8CE6BEF59FE6? Return only the value.,901F5833C499,8.622784512,MB,2048.0,0.7625049164628829,13888.0,context_0000,147.456,['5A1054AEBD1B'],62995,58477.0,synthetic_kv_64k,13888.0
2047.868928,,8622.784512,32,2.047868928,What is the value associated with key 7428B3EE4D3B? Return only the value.,5C94D88D8C3C,8.622784512,MB,2048.0,0.7625049164628829,13888.0,context_0000,147.456,['4E7E455AC762'],62995,58477.0,synthetic_kv_64k,13888.0
2047.868928,,8622.784512,32,2.047868928,What is the value associated with key 3B04405BFDC9? Return only the value.,A9F94E63D84D,8.622784512,MB,2048.0,0.7625049164628829,13888.0,context_0000,147.456,['B8A61EE34DC4'],62995,58477.0,synthetic_kv_64k,13888.0
2047.868928,,8622.784512,32,2.047868928,What is the value associated with key 50C7314D3441? Return only the value.,3D4465574E6C,8.622784512,MB,2048.0,0.7625049164628829,13888.0,context_0000,147.456,['BE2D1E9B23BC'],62995,58477.0,synthetic_kv_64k,13888.0
2047.868928,,8622.784512,32,2.047868928,What is the value associated with key F36C892E6161? Return only the value.,5C4432DF8D45,8.622784512,MB,2048.0,0.7625049164628829,13888.0,context_0000,147.456,['B0AEC31EDBBC'],62995,58477.0,synthetic_kv_64k,13888.0
2047.868928,,8622.784512,32,2.047868928,What is the value associated with key 31082F65FAFA? Return only the value.,9C672CED3C0D,8.622784512,MB,2048.0,0.7625049164628829,13888.0,context_0000,147.456,['BD153764FBDA'],62995,58477.0,synthetic_kv_64k,13888.0
2047.868928,,8622.784512,32,2.047868928,What is the value associated with key 46C87BF47042? Return only the value.,5F98A65AED2C,8.622784512,MB,2048.0,0.7625049164628829,13888.0,context_0000,147.456,['96EFB97E6703'],62995,58477.0,synthetic_kv_64k,13888.0
2047.868928,,8622.784512,32,2.047868928,What is the value associated with key C29CFA02EAEC? Return only the value.,C29CFA02EAEC: 4876C68813FE,8.622784512,MB,2048.0,0.7625049164628829,13888.0,context_0000,147.456,['98C7864E9A13'],62995,58477.0,synthetic_kv_64k,13888.0
2047.868928,,8622.784512,32,2.047868928,What is the value associated with key FB0248729A4D? Return only the value.,98874856548A,8.622784512,MB,2048.0,0.7625049164628829,13888.0,context_0000,147.456,['D52719BC143E'],62995,58477.0,synthetic_kv_64k,13888.0
2047.868928,,8622.784512,32,2.047868928,What is the value associated with key 4BD631B1B099? Return only the value.,5C623A3C563E,8.622784512,MB,2048.0,0.7625049164628829,13888.0,context_0000,147.456,['5C623A3C563E'],62995,58477.0,synthetic_kv_64k,13888.0
2047.868928,,8622.784512,32,2.047868928,What is the value associated with key 4D612DEFE193? Return only the value.,42C1EF48E8D5,8.622784512,MB,2048.0,0.7625049164628829,13888.0,context_0000,147.456,['B540039F3A25'],62995,58477.0,synthetic_kv_64k,13888.0
2047.868928,,8622.784512,32,2.047868928,What is the value associated with key 206788BD13D1? Return only the value.,4CC5D596529E,8.622784512,MB,2048.0,0.7625049164628829,13888.0,context_0000,147.456,['0BA64639447B'],62995,58477.0,synthetic_kv_64k,13888.0
2047.868928,,8622.784512,32,2.047868928,What is the value associated with key 0DF5F96B648A? Return only the value.,582BF88D7C3C,8.622784512,MB,2048.0,0.7625049164628829,13888.0,context_0000,147.456,['4AC98DA8EEE4'],62995,58477.0,synthetic_kv_64k,13888.0
2047.868928,,8622.784512,32,2.047868928,What is the value associated with key F1AFB289F224? Return only the value.,3D672834E4C0,8.622784512,MB,2048.0,0.7625049164628829,13888.0,context_0000,147.456,['A34B2053DA42'],62995,58477.0,synthetic_kv_64k,13888.0
2047.868928,,8622.784512,32,2.047868928,What is the value associated with key C0B6DE53790A? Return only the value.,9336847D444C,8.622784512,MB,2048.0,0.7625049164628829,13888.0,context_0000,147.456,['1A437DAA39F0'],62995,58477.0,synthetic_kv_64k,13888.0
2047.868928,,8622.784512,32,2.047868928,What is the value associated with key 0323DF6A8F93? Return only the value.,5C4432DF8D45,8.622784512,MB,2048.0,0.7625049164628829,13888.0,context_0000,147.456,['48CA92F5DF7B'],62995,58477.0,synthetic_kv_64k,13888.0
2047.868928,,8622.784512,32,2.047868928,What is the value associated with key 7A8D782A65E0? Return only the value.,55ABA583D48C,8.622784512,MB,2048.0,0.7625049164628829,13888.0,context_0000,147.456,['573870C2903F'],62995,58477.0,synthetic_kv_64k,13888.0
2047.868928,,8622.784512,32,2.047868928,What is the value associated with key F72A2F32751E? Return only the value.,509426A524E3,8.622784512,MB,2048.0,0.7625049164628829,13888.0,context_0000,147.456,['40A20D270659'],62995,58477.0,synthetic_kv_64k,13888.0
2047.868928,,8622.784512,32,2.047868928,What is the value associated with key DC99F0E98B3B? Return only the value.,8C354A3D8C3C,8.622784512,MB,2048.0,0.7625049164628829,13888.0,context_0000,147.456,['1D347A4C75D4'],62995,58477.0,synthetic_kv_64k,13888.0
2047.868928,,8622.784512,32,2.047868928,What is the value associated with key 10BAD2762BDC? Return only the value.,C342F293C34D,8.622784512,MB,2048.0,0.7625049164628829,13888.0,context_0000,147.456,['7DE36694C343'],62995,58477.0,synthetic_kv_64k,13888.0
2047.868928,,8622.784512,32,2.047868928,What is the value associated with key 93B712F70C97? Return only the value.,909E8A38D5AA,8.622784512,MB,2048.0,0.7625049164628829,13888.0,context_0000,147.456,['AFBBA1235A8C'],62995,58477.0,synthetic_kv_64k,13888.0
2047.868928,,8622.784512,32,2.047868928,What is the value associated with key 26D70DB95301? Return only the value.,CFA72631D00B,8.622784512,MB,2048.0,0.7625049164628829,13888.0,context_0000,147.456,['CFA72631D00B'],62995,58477.0,synthetic_kv_64k,13888.0
2047.868928,,8622.784512,32,2.047868928,What is the value associated with key F2F990164161? Return only the value.,5F902B2945E6,8.622784512,MB,2048.0,0.7625049164628829,13888.0,context_0000,147.456,['15CE4DC82A1E'],62995,58477.0,synthetic_kv_64k,13888.0
2047.868928,,8622.784512,32,2.047868928,What is the value associated with key 3F89FE716B14? Return only the value.,5C4432DF8D45,8.622784512,MB,2048.0,0.7625049164628829,13888.0,context_0000,147.456,['8EDD1E52D770'],62995,58477.0,synthetic_kv_64k,13888.0
2047.868928,,8622.784512,32,2.047868928,What is the value associated with key 6A8AC3B290D0? Return only the value.,5F98A65D4502,8.622784512,MB,2048.0,0.7625049164628829,13888.0,context_0000,147.456,['989B9B37A22B'],62995,58477.0,synthetic_kv_64k,13888.0
2047.868928,,8622.784512,32,2.047868928,What is the value associated with key 9E50CA6DFDA1? Return only the value.,909E8A38D5AA,8.622784512,MB,2048.0,0.7625049164628829,13888.0,context_0000,147.456,['C69339C6A1CA'],62995,58477.0,synthetic_kv_64k,13888.0
2047.868928,,8622.784512,32,2.047868928,What is the value associated with key 616085C7504B? Return only the value.,51953C4D6193,8.622784512,MB,2048.0,0.7625049164628829,13888.0,context_0000,147.456,['E8937354EA6F'],62995,58477.0,synthetic_kv_64k,13888.0
2047.868928,,8622.784512,32,2.047868928,What is the value associated with key 4C1F715629EE? Return only the value.,96A9DC3753E6,8.622784512,MB,2048.0,0.7625049164628829,13888.0,context_0000,147.456,['96A9DC33E1F9'],62995,58477.0,synthetic_kv_64k,13888.0
2047.868928,,8622.784512,32,2.047868928,What is the value associated with key 6DC7FD72B050? Return only the value.,5462F49C77E0,8.622784512,MB,2048.0,0.7625049164628829,13888.0,context_0000,147.456,['91914E2D6645'],62995,58477.0,synthetic_kv_64k,13888.0
2047.868928,,8622.784512,32,2.047868928,What is the value associated with key 0F6B9EFBA58B? Return only the value.,548D85E6E68A,8.622784512,MB,2048.0,0.7625049164628829,13888.0,context_0000,147.456,['F5C99C10C572'],62995,58477.0,synthetic_kv_64k,13888.0
2047.868928,,8622.784512,32,2.047868928,What is the value associated with key 1967BD767E35? Return only the value.,735585555555,8.622784512,MB,2048.0,0.7625049164628829,13888.0,context_0000,147.456,['C342F295456E'],62995,58477.0,synthetic_kv_64k,13888.0
2047.868928,,8622.784512,32,2.047868928,What is the value associated with key A0213531968D? Return only the value.,909E8A38D5AA,8.622784512,MB,2048.0,0.7625049164628829,13888.0,context_0000,147.456,['43BF3605BF54'],62995,58477.0,synthetic_kv_64k,13888.0
2047.868928,,8622.784512,32,2.047868928,What is the value associated with key 14C8A911D192? Return only the value.,3D672834E4C0,8.622784512,MB,2048.0,0.7625049164628829,13888.0,context_0000,147.456,['3D672834E4C0'],62995,58477.0,synthetic_kv_64k,13888.0
2047.868928,,8622.784512,32,2.047868928,What is the value associated with key 8D4F2C7F0B79? Return only the value.,54BB28FEA761,8.622784512,MB,2048.0,0.7625049164628829,13888.0,context_0000,147.456,['28121337739E'],62995,58477.0,synthetic_kv_64k,13888.0
2047.868928,,8622.784512,32,2.047868928,What is the value associated with key 689400AF5B3A? Return only the value.,4C0BA757CB10,8.622784512,MB,2048.0,0.7625049164628829,13888.0,context_0000,147.456,['B07A735435EA'],62995,58477.0,synthetic_kv_64k,13888.0
2047.868928,,8622.784512,32,2.047868928,What is the value associated with key 784C980402A2? Return only the value.,9F4A38E6C48E,8.622784512,MB,2048.0,0.7625049164628829,13888.0,context_0000,147.456,['085B4A8FF810'],62995,58477.0,synthetic_kv_64k,13888.0
2047.868928,,8622.784512,32,2.047868928,What is the value associated with key 49C13B4206C5? Return only the value.,249375770EB9,8.622784512,MB,2048.0,0.7625049164628829,13888.0,context_0000,147.456,['4860B4FB0EB9'],62995,58477.0,synthetic_kv_64k,13888.0
2047.868928,,8622.784512,32,2.047868928,What is the value associated with key DC0FB3F6FE0D? Return only the value.,34984D3F3946,8.622784512,MB,2048.0,0.7625049164628829,13888.0,context_0000,147.456,['1238743B65A2'],62995,58477.0,synthetic_kv_64k,13888.0
2047.868928,,8622.784512,32,2.047868928,What is the value associated with key 3BC1AFF8754D? Return only the value.,3799D40C3503,8.622784512,MB,2048.0,0.7625049164628829,13888.0,context_0000,147.456,['43B9EC856F37'],62995,58477.0,synthetic_kv_64k,13888.0
2047.868928,,8622.784512,32,2.047868928,What is the value associated with key CA8FC9AF18F8? Return only the value.,849434EF244A,8.622784512,MB,2048.0,0.7625049164628829,13888.0,context_0000,147.456,['96FCA003CD28'],62995,58477.0,synthetic_kv_64k,13888.0
2047.868928,,8622.784512,32,2.047868928,What is the value associated with key CDCCA9434AA0? Return only the value.,55ABA5B5CDC2],8.622784512,MB,2048.0,0.7625049164628829,13888.0,context_0000,147.456,['32A4EF04E57D'],62995,58477.0,synthetic_kv_64k,13888.0
2047.868928,,8622.784512,32,2.047868928,What is the value associated with key 1D616CD5E859? Return only the value.,5C4432DF8D45,8.622784512,MB,2048.0,0.7625049164628829,13888.0,context_0000,147.456,['398D8B6870B5'],62995,58477.0,synthetic_kv_64k,13888.0
2047.868928,,8622.784512,32,2.047868928,What is the value associated with key 2624A5CB63A2? Return only the value.,4400E840C22F,8.622784512,MB,2048.0,0.7625049164628829,13888.0,context_0000,147.456,['4400E88DA719'],62995,58477.0,synthetic_kv_64k,13888.0
2047.868928,,8622.784512,32,2.047868928,What is the value associated with key 2469D39E198B? Return only the value.,42C1EF48E8D5,8.622784512,MB,2048.0,0.7625049164628829,13888.0,context_0000,147.456,['0F441247EA4E'],62995,58477.0,synthetic_kv_64k,13888.0
2047.868928,,8622.784512,32,2.047868928,What is the value associated with key CAE92A79EA68? Return only the value.,548E693D888A,8.622784512,MB,2048.0,0.7625049164628829,13888.0,context_0000,147.456,['98544EBFA5C3'],62995,58477.0,synthetic_kv_64k,13888.0
2047.868928,,8622.784512,32,2.047868928,What is the value associated with key D301BFBBB17F? Return only the value.,3F6E8D574E8A,8.622784512,MB,2048.0,0.7625049164628829,13888.0,context_0000,147.456,['EBD391B78D8E'],62995,58477.0,synthetic_kv_64k,13888.0
2047.868928,,8622.784512,32,2.047868928,What is the value associated with key 706C49E2623D? Return only the value.,909E8A38D5AA,8.622784512,MB,2048.0,0.7625049164628829,13888.0,context_0000,147.456,['77FC1FD5A423'],62995,58477.0,synthetic_kv_64k,13888.0
2047.868928,,8622.784512,32,2.047868928,What is the value associated with key 4DD8B04D3376? Return only the value.,444444444444,8.622784512,MB,2048.0,0.7625049164628829,13888.0,context_0000,147.456,['670AB321BF21'],62995,58477.0,synthetic_kv_64k,13888.0
2047.868928,,8622.784512,32,2.047868928,What is the value associated with key 45B1F1533AE8? Return only the value.,5C9429999A9D,8.622784512,MB,2048.0,0.7625049164628829,13888.0,context_0000,147.456,['8A3C801EF1DA'],62995,58477.0,synthetic_kv_64k,13888.0
2047.868928,,8622.784512,32,2.047868928,What is the value associated with key 70107E695D0D? Return only the value.,99181497D44D,8.622784512,MB,2048.0,0.7625049164628829,13888.0,context_0000,147.456,['99181497D658'],62995,58477.0,synthetic_kv_64k,13888.0
2047.868928,,8622.784512,32,2.047868928,What is the value associated with key E3B10A3450FC? Return only the value.,92A8B90E5A8C,8.622784512,MB,2048.0,0.7625049164628829,13888.0,context_0000,147.456,['BC0A6E996E3E'],62995,58477.0,synthetic_kv_64k,13888.0
2047.868928,,8622.784512,32,2.047868928,What is the value associated with key 9A8C5283AAC7? Return only the value.,92A8B9C3D45A,8.622784512,MB,2048.0,0.7625049164628829,13888.0,context_0000,147.456,['069F40181C6E'],62995,58477.0,synthetic_kv_64k,13888.0
2047.868928,,8622.784512,32,2.047868928,What is the value associated with key 3A9A176132ED? Return only the value.,378E8F10D33E,8.622784512,MB,2048.0,0.7625049164628829,13888.0,context_0000,147.456,['AC9EF63FCE41'],62995,58477.0,synthetic_kv_64k,13888.0
2047.868928,,8622.784512,32,2.047868928,What is the value associated with key DC4AD6016237? Return only the value.,964D93403FAD,8.622784512,MB,2048.0,0.7625049164628829,13888.0,context_0000,147.456,['964D93403FAD'],62995,58477.0,synthetic_kv_64k,13888.0
2047.868928,,8622.784512,32,2.047868928,What is the value associated with key 054FF366BAD4? Return only the value.,5C4432DF8D45,8.622784512,MB,2048.0,0.7625049164628829,13888.0,context_0000,147.456,['C3C7FFE3FA49'],62995,58477.0,synthetic_kv_64k,13888.0
2047.868928,,8622.784512,32,2.047868928,What is the value associated with key D248AC1AA554? Return only the value.,5C4432DF8D45,8.622784512,MB,2048.0,0.7625049164628829,13888.0,context_0000,147.456,['938444FEACAE'],62995,58477.0,synthetic_kv_64k,13888.0
2047.868928,,8622.784512,32,2.047868928,What is the value associated with key C35B0A4C9F7F? Return only the value.,A34D704E644D,8.622784512,MB,2048.0,0.7625049164628829,13888.0,context_0000,147.456,['2CD9C19AD58C'],62995,58477.0,synthetic_kv_64k,13888.0
2047.868928,,8622.784512,32,2.047868928,What is the value associated with key 84DA7872BDEB? Return only the value.,548C6D85E68A,8.622784512,MB,2048.0,0.7625049164628829,13888.0,context_0000,147.456,['7135A6C9537F'],62995,58477.0,synthetic_kv_64k,13888.0
2047.868928,,8622.784512,32,2.047868928,What is the value associated with key 4735EA83BF00? Return only the value.,5462F49C12E6,8.622784512,MB,2048.0,0.7625049164628829,13888.0,context_0000,147.456,['FF372E76128B'],62995,58477.0,synthetic_kv_64k,13888.0
2047.868928,,8622.784512,32,2.047868928,What is the value associated with key 6F9695D82980? Return only the value.,A6D8548C348C,8.622784512,MB,2048.0,0.7625049164628829,13888.0,context_0000,147.456,['D072A2814044'],62995,58477.0,synthetic_kv_64k,13888.0
2047.868928,,8622.784512,32,2.047868928,What is the value associated with key F8147DE1BDFE? Return only the value.,3F467165E36B,8.622784512,MB,2048.0,0.7625049164628829,13888.0,context_0000,147.456,['7852175BA98D'],62995,58477.0,synthetic_kv_64k,13888.0
2047.868928,,8622.784512,32,2.047868928,What is the value associated with key 68895913F9D3? Return only the value.,A8545667404D,8.622784512,MB,2048.0,0.7625049164628829,13888.0,context_0000,147.456,['52305553B2FE'],62995,58477.0,synthetic_kv_64k,13888.0
2047.868928,,8622.784512,32,2.047868928,What is the value associated with key 1AC7AB8DDEB4? Return only the value.,58548D888888,8.622784512,MB,2048.0,0.7625049164628829,13888.0,context_0000,147.456,['292BDB946570'],62995,58477.0,synthetic_kv_64k,13888.0
2047.868928,,8622.784512,32,2.047868928,What is the value associated with key 6961546E035A? Return only the value.,8A0583304E3A,8.622784512,MB,2048.0,0.7625049164628829,13888.0,context_0000,147.456,['7ED7B194990B'],62995,58477.0,synthetic_kv_64k,13888.0
2047.868928,,8622.784512,32,2.047868928,What is the value associated with key A99F49C8A43F? Return only the value.,4F61EF48E8D5,8.622784512,MB,2048.0,0.7625049164628829,13888.0,context_0000,147.456,['6684F1F8343E'],62995,58477.0,synthetic_kv_64k,13888.0
2047.868928,,8622.784512,32,2.047868928,What is the value associated with key C2B0D045DD1C? Return only the value.,5C4C345C3C3C,8.622784512,MB,2048.0,0.7625049164628829,13888.0,context_0000,147.456,['09648CD321B0'],62995,58477.0,synthetic_kv_64k,13888.0
2047.868928,,8622.784512,32,2.047868928,What is the value associated with key 168B746F7891? Return only the value.,C249005FD44C,8.622784512,MB,2048.0,0.7625049164628829,13888.0,context_0000,147.456,['409D50843242'],62995,58477.0,synthetic_kv_64k,13888.0
2047.868928,,8622.784512,32,2.047868928,What is the value associated with key 1DAD52C21221? Return only the value.,5F9A84E6C38A,8.622784512,MB,2048.0,0.7625049164628829,13888.0,context_0000,147.456,['C5C5F85E06A1'],62995,58477.0,synthetic_kv_64k,13888.0
2047.868928,,8622.784512,32,2.047868928,What is the value associated with key DD6A6778043B? Return only the value.,487C3D8C3E6C,8.622784512,MB,2048.0,0.7625049164628829,13888.0,context_0000,147.456,['D32E83BC9478'],62995,58477.0,synthetic_kv_64k,13888.0
2047.868928,,8622.784512,32,2.047868928,What is the value associated with key 004BFCF56188? Return only the value.,F4E950521700,8.622784512,MB,2048.0,0.7625049164628829,13888.0,context_0000,147.456,['DE8EA85C6E4A'],62995,58477.0,synthetic_kv_64k,13888.0
2047.868928,,8622.784512,32,2.047868928,What is the value associated with key 76448AE769ED? Return only the value.,9672D58A5C3A,8.622784512,MB,2048.0,0.7625049164628829,13888.0,context_0000,147.456,['0DE069CA97D2'],62995,58477.0,synthetic_kv_64k,13888.0
2047.868928,,8622.784512,32,2.047868928,What is the value associated with key 84B8300568D2? Return only the value.,5C4481E03D4C,8.622784512,MB,2048.0,0.7625049164628829,13888.0,context_0000,147.456,['9F645C9D927D'],62995,58477.0,synthetic_kv_64k,13888.0
2047.868928,,8622.784512,32,2.047868928,What is the value associated with key 7F9DC1A6423B? Return only the value.,5C4432DF8D45,8.622784512,MB,2048.0,0.7625049164628829,13888.0,context_0000,147.456,['7129A01AC992'],62995,58477.0,synthetic_kv_64k,13888.0
2047.868928,,8622.784512,32,2.047868928,What is the value associated with key 0D36C28EBD70? Return only the value.,5F9D8C3D8C3D,8.622784512,MB,2048.0,0.7625049164628829,13888.0,context_0000,147.456,['445D341C6494'],62995,58477.0,synthetic_kv_64k,13888.0
2047.868928,,8622.784512,32,2.047868928,What is the value associated with key 218A8C99A894? Return only the value.,8920443D488A,8.622784512,MB,2048.0,0.7625049164628829,13888.0,context_0000,147.456,['49BCED7BF656'],62995,58477.0,synthetic_kv_64k,13888.0
2047.868928,,8622.784512,32,2.047868928,What is the value associated with key E17F70286046? Return only the value.,8C354A3D888C,8.622784512,MB,2048.0,0.7625049164628829,13888.0,context_0000,147.456,['7C16B2C08394'],62995,58477.0,synthetic_kv_64k,13888.0
2047.868928,,8622.784512,32,2.047868928,What is the value associated with key 07631F15C7B6? Return only the value.,909E8A38D5AA,8.622784512,MB,2048.0,0.7625049164628829,13888.0,context_0000,147.456,['A149F920264C'],62995,58477.0,synthetic_kv_64k,13888.0
2047.868928,,8622.784512,32,2.047868928,What is the value associated with key CC9F9BDF0377? Return only the value.,9254D891D55D,8.622784512,MB,2048.0,0.7625049164628829,13888.0,context_0000,147.456,['B5B43D42993C'],62995,58477.0,synthetic_kv_64k,13888.0
2047.868928,,8622.784512,32,2.047868928,What is the value associated with key 4F8D288B78B5? Return only the value.,5C94D88D7C3A,8.622784512,MB,2048.0,0.7625049164628829,13888.0,context_0000,147.456,['03808D03C91E'],62995,58477.0,synthetic_kv_64k,13888.0
2047.868928,,8622.784512,32,2.047868928,What is the value associated with key 68728D605936? Return only the value.,7740767C4497,8.622784512,MB,2048.0,0.7625049164628829,13888.0,context_0000,147.456,['398517DC8EFF'],62995,58477.0,synthetic_kv_64k,13888.0
2047.868928,,8622.784512,32,2.047868928,What is the value associated with key D766FE049059? Return only the value.,467D857C4E84,8.622784512,MB,2048.0,0.7625049164628829,13888.0,context_0000,147.456,['1D0BE9B5C5CF'],62995,58477.0,synthetic_kv_64k,13888.0
2047.868928,,8622.784512,32,2.047868928,What is the value associated with key F272762172ED? Return only the value.,739444F35D9A,8.622784512,MB,2048.0,0.7625049164628829,13888.0,context_0000,147.456,['A5D01E1242E3'],62995,58477.0,synthetic_kv_64k,13888.0
2047.868928,,8622.784512,32,2.047868928,What is the value associated with key 276AD50755D9? Return only the value.,5F13D885D88C,8.622784512,MB,2048.0,0.7625049164628829,13888.0,context_0000,147.456,['EEC27F95897C'],62995,58477.0,synthetic_kv_64k,13888.0
2047.868928,,8622.784512,32,2.047868928,What is the value associated with key 4AB7B77350CA? Return only the value.,58548D8C3E6A,8.622784512,MB,2048.0,0.7625049164628829,13888.0,context_0000,147.456,['B49582456FB4'],62995,58477.0,synthetic_kv_64k,13888.0
2047.868928,,8622.784512,32,2.047868928,What is the value associated with key 6A5D45FF2C83? Return only the value.,5C9D8C3D7C3C,8.622784512,MB,2048.0,0.7625049164628829,13888.0,context_0000,147.456,['7B85D5B077E0'],62995,58477.0,synthetic_kv_64k,13888.0
2047.868928,,8622.784512,32,2.047868928,What is the value associated with key 78E3FAF14FF0? Return only the value.,92A8C8574C2D,8.622784512,MB,2048.0,0.7625049164628829,13888.0,context_0000,147.456,['74EF3E652603'],62995,58477.0,synthetic_kv_64k,13888.0
2047.868928,,8622.784512,32,2.047868928,What is the value associated with key 25078D1FB540? Return only the value.,The value associated with the key [25078D1FB540] is not present in the provided list.,8.622784512,MB,2048.0,0.7625049164628829,13888.0,context_0000,147.456,['30CB6232B17A'],62995,58477.0,synthetic_kv_64k,13888.0
2047.868928,,8622.784512,32,2.047868928,What is the value associated with key 9970EBFF8D15? Return only the value.,960F8D8A5C8C,8.622784512,MB,2048.0,0.7625049164628829,13888.0,context_0000,147.456,['BF0D821C1336'],62995,58477.0,synthetic_kv_64k,13888.0
2047.868928,,8622.784512,32,2.047868928,What is the value associated with key 22F2E11B868D? Return only the value.,668548854885,8.622784512,MB,2048.0,0.7625049164628829,13888.0,context_0000,147.456,['11DFDD30DE89'],62995,58477.0,synthetic_kv_64k,13888.0
2047.868928,,8622.784512,32,2.047868928,What is the value associated with key C5CE46B82659? Return only the value.,548C348C748C,8.622784512,MB,2048.0,0.7625049164628829,13888.0,context_0000,147.456,['DABACA3DD859'],62995,58477.0,synthetic_kv_64k,13888.0
2047.868928,,8622.784512,32,2.047868928,What is the value associated with key 57026A39AAA6? Return only the value.,724908C74C2A,8.622784512,MB,2048.0,0.7625049164628829,13888.0,context_0000,147.456,['C9A7EF2AE713'],62995,58477.0,synthetic_kv_64k,13888.0
2047.868928,,8622.784512,32,2.047868928,What is the value associated with key 446581FB18B3? Return only the value.,8E4C6D5D0477,8.622784512,MB,2048.0,0.7625049164628829,13888.0,context_0000,147.456,['00A8D20F87D0'],62995,58477.0,synthetic_kv_64k,13888.0
2047.868928,,8622.784512,32,2.047868928,What is the value associated with key B9DE486822B9? Return only the value.,5417CAAA5BBE,8.622784512,MB,2048.0,0.7625049164628829,13888.0,context_0000,147.456,['D6644C6E27FF'],62995,58477.0,synthetic_kv_64k,13888.0
2047.868928,,8622.784512,32,2.047868928,What is the value associated with key 947596418CED? Return only the value.,93D551A3AC26,8.622784512,MB,2048.0,0.7625049164628829,13888.0,context_0000,147.456,['A8F1FFB8102D'],62995,58477.0,synthetic_kv_64k,13888.0
2047.868928,,8622.784512,32,2.047868928,What is the value associated with key DD817D5911C6? Return only the value.,548E693C905B,8.622784512,MB,2048.0,0.7625049164628829,13888.0,context_0000,147.456,['7250260A5962'],62995,58477.0,synthetic_kv_64k,13888.0
2047.868928,,8622.784512,32,2.047868928,What is the value associated with key 7BFD89E06AB3? Return only the value.,94F481E0A38C,8.622784512,MB,2048.0,0.7625049164628829,13888.0,context_0000,147.456,['551A585A0AFA'],62995,58477.0,synthetic_kv_64k,13888.0
2047.868928,,8622.784512,32,2.047868928,What is the value associated with key C34B8D4A75B8? Return only the value.,548C3457548C,8.622784512,MB,2048.0,0.7625049164628829,13888.0,context_0000,147.456,['60908B1E3B9D'],62995,58477.0,synthetic_kv_64k,13888.0
2047.868928,,8622.784512,32,2.047868928,What is the value associated with key EECF749176F4? Return only the value.,9699D40E53CE,8.622784512,MB,2048.0,0.7625049164628829,13888.0,context_0000,147.456,['DE9E5260001E'],62995,58477.0,synthetic_kv_64k,13888.0
2047.868928,,8622.784512,32,2.047868928,What is the value associated with key FB14304B8590? Return only the value.,548E69C3D88C,8.622784512,MB,2048.0,0.7625049164628829,13888.0,context_0000,147.456,['3D22B28F41DE'],62995,58477.0,synthetic_kv_64k,13888.0
2047.868928,,8622.784512,32,2.047868928,What is the value associated with key 620A9261549D? Return only the value.,5F94847D8F6C,8.622784512,MB,2048.0,0.7625049164628829,13888.0,context_0000,147.456,['DB233BCABF85'],62995,58477.0,synthetic_kv_64k,13888.0
2047.868928,,8622.784512,32,2.047868928,What is the value associated with key 6928C68A152F? Return only the value.,518C3458888A,8.622784512,MB,2048.0,0.7625049164628829,13888.0,context_0000,147.456,['51740B2C782A'],62995,58477.0,synthetic_kv_64k,13888.0
2047.868928,,8622.784512,32,2.047868928,What is the value associated with key 7914BEA4FF31? Return only the value.,5F98A65E688E,8.622784512,MB,2048.0,0.7625049164628829,13888.0,context_0000,147.456,['E9D6B489D070'],62995,58477.0,synthetic_kv_64k,13888.0
2047.868928,,8622.784512,32,2.047868928,What is the value associated with key 6198CFB87E6F? Return only the value.,6894D478C34D,8.622784512,MB,2048.0,0.7625049164628829,13888.0,context_0000,147.456,['FD0862D60E93'],62995,58477.0,synthetic_kv_64k,13888.0
2047.868928,,8622.784512,32,2.047868928,What is the value associated with key CADAA9E782D4? Return only the value.,585A8D8C484A,8.622784512,MB,2048.0,0.7625049164628829,13888.0,context_0000,147.456,['A6EAD21C82F8'],62995,58477.0,synthetic_kv_64k,13888.0
2047.868928,,8622.784512,32,2.047868928,What is the value associated with key 26F0FB16E5DB? Return only the value.,5417CAAA5BBE,8.622784512,MB,2048.0,0.7625049164628829,13888.0,context_0000,147.456,['F6FE7ECDDBAF'],62995,58477.0,synthetic_kv_64k,13888.0
2047.868928,,8622.784512,32,2.047868928,What is the value associated with key 2051097A1E10? Return only the value.,974D823C4C2A,8.622784512,MB,2048.0,0.7625049164628829,13888.0,context_0000,147.456,['F72180962718'],62995,58477.0,synthetic_kv_64k,13888.0
2047.868928,,8622.784512,32,2.047868928,What is the value associated with key 54FD9716108E? Return only the value.,5C3C816C3899,8.622784512,MB,2048.0,0.7625049164628829,13888.0,context_0000,147.456,['19B1DEA4AE17'],62995,58477.0,synthetic_kv_64k,13888.0
2047.868928,,8622.784512,32,2.047868928,What is the value associated with key D854DFCAF0B7? Return only the value.,5C9427C3E68A,8.622784512,MB,2048.0,0.7625049164628829,13888.0,context_0000,147.456,['198670B7E868'],62995,58477.0,synthetic_kv_64k,13888.0
2047.868928,,8622.784512,32,2.047868928,What is the value associated with key E91286A4BAE4? Return only the value.,E3B10C33A026,8.622784512,MB,2048.0,0.7625049164628829,13888.0,context_0000,147.456,['03ED74F93D17'],62995,58477.0,synthetic_kv_64k,13888.0
2047.868928,,8622.784512,32,2.047868928,What is the value associated with key 24E7B8F21423? Return only the value.,The value associated with the key [24E7B8F21423] is not present in the provided list.,8.622784512,MB,2048.0,0.7625049164628829,13888.0,context_0000,147.456,['DEF568F45BCE'],62995,58477.0,synthetic_kv_64k,13888.0
2047.868928,,8622.784512,32,2.047868928,What is the value associated with key F84FA79FBFAF? Return only the value.,96A968A5C3C3,8.622784512,MB,2048.0,0.7625049164628829,13888.0,context_0000,147.456,['13272784378F'],62995,58477.0,synthetic_kv_64k,13888.0
2047.868928,,8622.784512,32,2.047868928,What is the value associated with key C81278308930? Return only the value.,8A2D8558E68A,8.622784512,MB,2048.0,0.7625049164628829,13888.0,context_0000,147.456,['43D8F81DBAA1'],62995,58477.0,synthetic_kv_64k,13888.0
2047.868928,,8622.784512,32,2.047868928,What is the value associated with key 9F8D56ABF2F1? Return only the value.,582D8D5288F1,8.622784512,MB,2048.0,0.7625049164628829,13888.0,context_0000,147.456,['65C1B15516BC'],62995,58477.0,synthetic_kv_64k,13888.0
2047.868928,,8622.784512,32,2.047868928,What is the value associated with key 148FA65BB1F2? Return only the value.,4C9D93F375D4,8.622784512,MB,2048.0,0.7625049164628829,13888.0,context_0000,147.456,['541CDA0D4A5F'],62995,58477.0,synthetic_kv_64k,13888.0
2047.868928,,8622.784512,32,2.047868928,What is the value associated with key ACA2DA330AA1? Return only the value.,379900C3D48C,8.622784512,MB,2048.0,0.7625049164628829,13888.0,context_0000,147.456,['889BDBFDD97E'],62995,58477.0,synthetic_kv_64k,13888.0
2047.868928,,8622.784512,32,2.047868928,What is the value associated with key F44261484BB3? Return only the value.,585D85555555,8.622784512,MB,2048.0,0.7625049164628829,13888.0,context_0000,147.456,['A0755110B492'],62995,58477.0,synthetic_kv_64k,13888.0
2047.868928,,8622.784512,32,2.047868928,What is the value associated with key E32FB7FDDD71? Return only the value.,548E69C3E46C,8.622784512,MB,2048.0,0.7625049164628829,13888.0,context_0000,147.456,['7CEAC268283E'],62995,58477.0,synthetic_kv_64k,13888.0
2047.868928,,8622.784512,32,2.047868928,What is the value associated with key 8A80DF547E50? Return only the value.,8A80DF547E50: 44291257429E,8.622784512,MB,2048.0,0.7625049164628829,13888.0,context_0000,147.456,['9E110930AEF6'],62995,58477.0,synthetic_kv_64k,13888.0
2047.868928,,8622.784512,32,2.047868928,What is the value associated with key 3C19118405AD? Return only the value.,5C94283C153D,8.622784512,MB,2048.0,0.7625049164628829,13888.0,context_0000,147.456,['AF34A193C4B2'],62995,58477.0,synthetic_kv_64k,13888.0
2047.868928,,8622.784512,32,2.047868928,What is the value associated with key 4991EBC2026F? Return only the value.,5C94277D8C3A,8.622784512,MB,2048.0,0.7625049164628829,13888.0,context_0000,147.456,['3A3CFF574E2B'],62995,58477.0,synthetic_kv_64k,13888.0
2047.868928,,8622.784512,32,2.047868928,What is the value associated with key 1723BF2C14A0? Return only the value.,500B5EE68495,8.622784512,MB,2048.0,0.7625049164628829,13888.0,context_0000,147.456,['FA746F18C108'],62995,58477.0,synthetic_kv_64k,13888.0
2047.868928,,8622.784512,32,2.047868928,What is the value associated with key C2A71933918C? Return only the value.,A385D788C34D,8.622784512,MB,2048.0,0.7625049164628829,13888.0,context_0000,147.456,['B432A23D4C2F'],62995,58477.0,synthetic_kv_64k,13888.0
2047.868928,,8622.784512,32,2.047868928,What is the value associated with key 19BADF615A5C? Return only the value.,548E69C3D88C,8.622784512,MB,2048.0,0.7625049164628829,13888.0,context_0000,147.456,['2A967194EAE2'],62995,58477.0,synthetic_kv_64k,13888.0
2047.868928,,8622.784512,32,2.047868928,What is the value associated with key 4CA9B1AA0F6A? Return only the value.,4879D40C396A,8.622784512,MB,2048.0,0.7625049164628829,13888.0,context_0000,147.456,['0769E746CCB9'],62995,58477.0,synthetic_kv_64k,13888.0
2047.868928,,8622.784512,32,2.047868928,What is the value associated with key 530A0BC61066? Return only the value.,0E5DCBD00EF2,8.622784512,MB,2048.0,0.7625049164628829,13888.0,context_0000,147.456,['0E5DCBD00EF2'],62995,58477.0,synthetic_kv_64k,13888.0
2047.868928,,8622.784512,32,2.047868928,What is the value associated with key 5BC44B1A269B? Return only the value.,F18C131EB723,8.622784512,MB,2048.0,0.7625049164628829,13888.0,context_0000,147.456,['6E415FF595EA'],62995,58477.0,synthetic_kv_64k,13888.0
2047.868928,,8622.784512,32,2.047868928,What is the value associated with key 3E8325440FE0? Return only the value.,44291257429E,8.622784512,MB,2048.0,0.7625049164628829,13888.0,context_0000,147.456,['697C87FA841A'],62995,58477.0,synthetic_kv_64k,13888.0
2047.868928,,8622.784512,32,2.047868928,What is the value associated with key AE8A90E0A95B? Return only the value.,A85C3D8C3D8C,8.622784512,MB,2048.0,0.7625049164628829,13888.0,context_0000,147.456,['2E18CAE28E66'],62995,58477.0,synthetic_kv_64k,13888.0
2047.868928,,8622.784512,32,2.047868928,What is the value associated with key 2CD12B840C67? Return only the value.,C45585555555,8.622784512,MB,2048.0,0.7625049164628829,13888.0,context_0000,147.456,['9C0714374509'],62995,58477.0,synthetic_kv_64k,13888.0
2047.868928,,8622.784512,32,2.047868928,What is the value associated with key 61EEDEEF580F? Return only the value.,5A1805F5C38C,8.622784512,MB,2048.0,0.7625049164628829,13888.0,context_0000,147.456,['AEE19EA556AA'],62995,58477.0,synthetic_kv_64k,13888.0
2047.868928,,8622.784512,32,2.047868928,What is the value associated with key 7F673DA70577? Return only the value.,755358555855,8.622784512,MB,2048.0,0.7625049164628829,13888.0,context_0000,147.456,['9549E9AF299D'],62995,58477.0,synthetic_kv_64k,13888.0
2047.868928,,8622.784512,32,2.047868928,What is the value associated with key 3B7024A35CF2? Return only the value.,5F98A65D846D,8.622784512,MB,2048.0,0.7625049164628829,13888.0,context_0000,147.456,['A34D760DEBBB'],62995,58477.0,synthetic_kv_64k,13888.0
2047.868928,,8622.784512,32,2.047868928,What is the value associated with key 75A64104A8B5? Return only the value.,5C9D8C3D8C3C,8.622784512,MB,2048.0,0.7625049164628829,13888.0,context_0000,147.456,['AAB6415D174A'],62995,58477.0,synthetic_kv_64k,13888.0
2047.868928,,8622.784512,32,2.047868928,What is the value associated with key E61E0267DEB3? Return only the value.,73948473344D,8.622784512,MB,2048.0,0.7625049164628829,13888.0,context_0000,147.456,['771ACDFC6EE0'],62995,58477.0,synthetic_kv_64k,13888.0
2047.868928,,8622.784512,32,2.047868928,What is the value associated with key 49A2E6B5A92C? Return only the value.,585D845A5C3A,8.622784512,MB,2048.0,0.7625049164628829,13888.0,context_0000,147.456,['8BEDAD77E82F'],62995,58477.0,synthetic_kv_64k,13888.0
2047.868928,,8622.784512,32,2.047868928,What is the value associated with key 12E828711733? Return only the value.,745885555555,8.622784512,MB,2048.0,0.7625049164628829,13888.0,context_0000,147.456,['F1FA711533F3'],62995,58477.0,synthetic_kv_64k,13888.0
2047.868928,,8622.784512,32,2.047868928,What is the value associated with key FCD65876FD09? Return only the value.,585458545854,8.622784512,MB,2048.0,0.7625049164628829,13888.0,context_0000,147.456,['4C95966B1964'],62995,58477.0,synthetic_kv_64k,13888.0
2047.868928,,8622.784512,32,2.047868928,What is the value associated with key F647A3917C99? Return only the value.,The value associated with the key [F647A3917C99] is [5C623A3C56,8.622784512,MB,2048.0,0.7625049164628829,13888.0,context_0000,147.456,['B0B86C9F82B9'],62995,58477.0,synthetic_kv_64k,13888.0
2047.868928,,8622.784512,32,2.047868928,What is the value associated with key 74F340066FF2? Return only the value.,4C9D85E3A536,8.622784512,MB,2048.0,0.7625049164628829,13888.0,context_0000,147.456,['4D57D865D69A'],62995,58477.0,synthetic_kv_64k,13888.0
2047.868928,,8622.784512,32,2.047868928,What is the value associated with key FFD632FFE294? Return only the value.,585458545854,8.622784512,MB,2048.0,0.7625049164628829,13888.0,context_0000,147.456,['DA74627B41A1'],62995,58477.0,synthetic_kv_64k,13888.0
2047.868928,,8622.784512,32,2.047868928,What is the value associated with key 1B4D7BB38605? Return only the value.,8C5701D909B4,8.622784512,MB,2048.0,0.7625049164628829,13888.0,context_0000,147.456,['61A13CB98350'],62995,58477.0,synthetic_kv_64k,13888.0
2047.868928,,8622.784512,32,2.047868928,What is the value associated with key 5BE492698698? Return only the value.,5F9F8D8A5D8C,8.622784512,MB,2048.0,0.7625049164628829,13888.0,context_0000,147.456,['4BBE9326DFFD'],62995,58477.0,synthetic_kv_64k,13888.0
2047.868928,,8622.784512,32,2.047868928,What is the value associated with key B303FE2110D0? Return only the value.,37948479D48C,8.622784512,MB,2048.0,0.7625049164628829,13888.0,context_0000,147.456,['059D4B943E30'],62995,58477.0,synthetic_kv_64k,13888.0
2047.868928,,8622.784512,32,2.047868928,What is the value associated with key D47DFA5A91CA? Return only the value.,96A9DC33E1F9,8.622784512,MB,2048.0,0.7625049164628829,13888.0,context_0000,147.456,['6553A881BFD3'],62995,58477.0,synthetic_kv_64k,13888.0
2047.868928,,8622.784512,32,2.047868928,What is the value associated with key 0212464458B4? Return only the value.,582BF88D758C,8.622784512,MB,2048.0,0.7625049164628829,13888.0,context_0000,147.456,['DD7590E0B95F'],62995,58477.0,synthetic_kv_64k,13888.0
2047.868928,,8622.784512,32,2.047868928,What is the value associated with key C73FAF908E3C? Return only the value.,5C348B4D9E1D,8.622784512,MB,2048.0,0.7625049164628829,13888.0,context_0000,147.456,['F93EBEA29DFE'],62995,58477.0,synthetic_kv_64k,13888.0
2047.868928,,8622.784512,32,2.047868928,What is the value associated with key E91E0C8E29E3? Return only the value.,909E8A38D5AA,8.622784512,MB,2048.0,0.7625049164628829,13888.0,context_0000,147.456,['BEC39B3D74BD'],62995,58477.0,synthetic_kv_64k,13888.0
2047.868928,,8622.784512,32,2.047868928,What is the value associated with key D5347F2984F5? Return only the value.,The value associated with the key [D5347F2984F5] is [774C768813,8.622784512,MB,2048.0,0.7625049164628829,13888.0,context_0000,147.456,['E726E776B886'],62995,58477.0,synthetic_kv_64k,13888.0
2047.868928,,8622.784512,32,2.047868928,What is the value associated with key C6964944051B? Return only the value.,5C4C4A3D77E0,8.622784512,MB,2048.0,0.7625049164628829,13888.0,context_0000,147.456,['3AE9CC8218DA'],62995,58477.0,synthetic_kv_64k,13888.0
2047.868928,,8622.784512,32,2.047868928,What is the value associated with key CD4B9B689C88? Return only the value.,584C3484584C,8.622784512,MB,2048.0,0.7625049164628829,13888.0,context_0000,147.456,['38105A31B4CC'],62995,58477.0,synthetic_kv_64k,13888.0
2047.868928,,8622.784512,32,2.047868928,What is the value associated with key 30ACA2F963A3? Return only the value.,37997D45548C,8.622784512,MB,2048.0,0.7625049164628829,13888.0,context_0000,147.456,['40299EF2B93E'],62995,58477.0,synthetic_kv_64k,13888.0
2047.868928,,8622.784512,32,2.047868928,What is the value associated with key C16DAD81F8BD? Return only the value.,A5485485A548,8.622784512,MB,2048.0,0.7625049164628829,13888.0,context_0000,147.456,['C478B88EC318'],62995,58477.0,synthetic_kv_64k,13888.0
2047.868928,,8622.784512,32,2.047868928,What is the value associated with key AE4CA8C01F05? Return only the value.,5F98A65E688D,8.622784512,MB,2048.0,0.7625049164628829,13888.0,context_0000,147.456,['2303D69D42F1'],62995,58477.0,synthetic_kv_64k,13888.0
2047.868928,,8622.784512,32,2.047868928,What is the value associated with key 18DFA0D4DE3D? Return only the value.,DE35D88C3D8C,8.622784512,MB,2048.0,0.7625049164628829,13888.0,context_0000,147.456,['A0A1E7457704'],62995,58477.0,synthetic_kv_64k,13888.0
2047.868928,,8622.784512,32,2.047868928,What is the value associated with key 0A17A5769411? Return only the value.,5C3D4C3D4C3D,8.622784512,MB,2048.0,0.7625049164628829,13888.0,context_0000,147.456,['C9E24F1639A0'],62995,58477.0,synthetic_kv_64k,13888.0
2047.868928,,8622.784512,32,2.047868928,What is the value associated with key 088A70D9C9F8? Return only the value.,5C94D88D744C,8.622784512,MB,2048.0,0.7625049164628829,13888.0,context_0000,147.456,['5D67945EF2E4'],62995,58477.0,synthetic_kv_64k,13888.0
2047.868928,,8622.784512,32,2.047868928,What is the value associated with key 21A4BB7BEE03? Return only the value.,73948435958A,8.622784512,MB,2048.0,0.7625049164628829,13888.0,context_0000,147.456,['E8DD1712FB16'],62995,58477.0,synthetic_kv_64k,13888.0
2047.868928,,8622.784512,32,2.047868928,What is the value associated with key 53A34B8C5BDC? Return only the value.,5476D85C3E6C,8.622784512,MB,2048.0,0.7625049164628829,13888.0,context_0000,147.456,['6A5EBF5AE7E6'],62995,58477.0,synthetic_kv_64k,13888.0
2047.868928,,8622.784512,32,2.047868928,What is the value associated with key 33672CF6BF75? Return only the value.,The value associated with the key [33672CF6BF75] is not present in the provided list.,8.622784512,MB,2048.0,0.7625049164628829,13888.0,context_0000,147.456,['C95821D53971'],62995,58477.0,synthetic_kv_64k,13888.0
2047.868928,,8622.784512,32,2.047868928,What is the value associated with key E05F8A16A06C? Return only the value.,A06C445C168C,8.622784512,MB,2048.0,0.7625049164628829,13888.0,context_0000,147.456,['5DA8F8B38A8B'],62995,58477.0,synthetic_kv_64k,13888.0
2047.868928,,8622.784512,32,2.047868928,What is the value associated with key 807587E5F0FE? Return only the value.,8FC3F6BD8168,8.622784512,MB,2048.0,0.7625049164628829,13888.0,context_0000,147.456,['45C4E9DA484A'],62995,58477.0,synthetic_kv_64k,13888.0
2047.868928,,8622.784512,32,2.047868928,What is the value associated with key 2A1FD499DA99? Return only the value.,5C4432DF8D45,8.622784512,MB,2048.0,0.7625049164628829,13888.0,context_0000,147.456,['E9FF41C8CA8C'],62995,58477.0,synthetic_kv_64k,13888.0
2047.868928,,8622.784512,32,2.047868928,What is the value associated with key F1B6D31EDF1A? Return only the value.,58548D85545A,8.622784512,MB,2048.0,0.7625049164628829,13888.0,context_0000,147.456,['F7A67B5A611A'],62995,58477.0,synthetic_kv_64k,13888.0
2047.868928,,8622.784512,32,2.047868928,What is the value associated with key 4B8ECE7607AD? Return only the value.,774C84D88C3C,8.622784512,MB,2048.0,0.7625049164628829,13888.0,context_0000,147.456,['DED2BF1E8366'],62995,58477.0,synthetic_kv_64k,13888.0
2047.868928,,8622.784512,32,2.047868928,What is the value associated with key CDE256B60AFC? Return only the value.,96A9DC37AFAE,8.622784512,MB,2048.0,0.7625049164628829,13888.0,context_0000,147.456,['77E41D7BC313'],62995,58477.0,synthetic_kv_64k,13888.0
2047.868928,,8622.784512,32,2.047868928,What is the value associated with key 1346F6802CDB? Return only the value.,C4548855484C,8.622784512,MB,2048.0,0.7625049164628829,13888.0,context_0000,147.456,['C1102408A6DC'],62995,58477.0,synthetic_kv_64k,13888.0
2047.868928,,8622.784512,32,2.047868928,What is the value associated with key 39C1F76C8EDE? Return only the value.,3F467165E36B,8.622784512,MB,2048.0,0.7625049164628829,13888.0,context_0000,147.456,['AD23DC322C97'],62995,58477.0,synthetic_kv_64k,13888.0
2047.868928,,8622.784512,32,2.047868928,What is the value associated with key ACA5B966442A? Return only the value.,585458545854,8.622784512,MB,2048.0,0.7625049164628829,13888.0,context_0000,147.456,['65BCFADD7EA3'],62995,58477.0,synthetic_kv_64k,13888.0
2047.868928,,8622.784512,32,2.047868928,What is the value associated with key D882F79EFD70? Return only the value.,543A584C3E6C,8.622784512,MB,2048.0,0.7625049164628829,13888.0,context_0000,147.456,['8EACCDF974A7'],62995,58477.0,synthetic_kv_64k,13888.0
2047.868928,,8622.784512,32,2.047868928,What is the value associated with key 171E5DA36F1B? Return only the value.,A61D8B4D77E7,8.622784512,MB,2048.0,0.7625049164628829,13888.0,context_0000,147.456,['6502CA6A2224'],62995,58477.0,synthetic_kv_64k,13888.0
2047.868928,,8622.784512,32,2.047868928,What is the value associated with key 43B303902C5D? Return only the value.,143A4F560ED5,8.622784512,MB,2048.0,0.7625049164628829,13888.0,context_0000,147.456,['1FA3895CCD99'],62995,58477.0,synthetic_kv_64k,13888.0
2047.868928,,8622.784512,32,2.047868928,What is the value associated with key 5E5B746CDB77? Return only the value.,585458545854,8.622784512,MB,2048.0,0.7625049164628829,13888.0,context_0000,147.456,['BFBFAC3E7B0D'],62995,58477.0,synthetic_kv_64k,13888.0
2047.868928,,8622.784512,32,2.047868928,What is the value associated with key 431DAC1E86D8? Return only the value.,444A5857488A,8.622784512,MB,2048.0,0.7625049164628829,13888.0,context_0000,147.456,['618A95A5BAFA'],62995,58477.0,synthetic_kv_64k,13888.0
2047.868928,,8622.784512,32,2.047868928,What is the value associated with key A377D289F0AB? Return only the value.,3F0A843D644C,8.622784512,MB,2048.0,0.7625049164628829,13888.0,context_0000,147.456,['5F18F0B6F83F'],62995,58477.0,synthetic_kv_64k,13888.0
2047.868928,,8622.784512,32,2.047868928,What is the value associated with key ACC21BBC91F7? Return only the value.,967285A5C44C,8.622784512,MB,2048.0,0.7625049164628829,13888.0,context_0000,147.456,['78B23BDBC09E'],62995,58477.0,synthetic_kv_64k,13888.0
2047.868928,,8622.784512,32,2.047868928,What is the value associated with key 9E9A066803EE? Return only the value.,929D0149A2AF,8.622784512,MB,2048.0,0.7625049164628829,13888.0,context_0000,147.456,['F173E25D36EB'],62995,58477.0,synthetic_kv_64k,13888.0
2047.868928,,8622.784512,32,2.047868928,What is the value associated with key 53F88FB864E4? Return only the value.,57458854588A,8.622784512,MB,2048.0,0.7625049164628829,13888.0,context_0000,147.456,['9C2EEA4E3617'],62995,58477.0,synthetic_kv_64k,13888.0
2047.868928,,8622.784512,32,2.047868928,What is the value associated with key A5CC38AB854C? Return only the value.,905D8270A98D,8.622784512,MB,2048.0,0.7625049164628829,13888.0,context_0000,147.456,['A2A9102EFDE5'],62995,58477.0,synthetic_kv_64k,13888.0
2047.868928,,8622.784512,32,2.047868928,What is the value associated with key 76DAD2E82F38? Return only the value.,774C7F4D75D4,8.622784512,MB,2048.0,0.7625049164628829,13888.0,context_0000,147.456,['B379E8CDA0CC'],62995,58477.0,synthetic_kv_64k,13888.0
2047.868928,,8622.784512,32,2.047868928,What is the value associated with key A6344D5C55C7? Return only the value.,548C6D8A9502,8.622784512,MB,2048.0,0.7625049164628829,13888.0,context_0000,147.456,['1DDE688613DB'],62995,58477.0,synthetic_kv_64k,13888.0
2047.868928,,8622.784512,32,2.047868928,What is the value associated with key 0B9B23C86D30? Return only the value.,6684F15D7C3A,8.622784512,MB,2048.0,0.7625049164628829,13888.0,context_0000,147.456,['0986F23E323D'],62995,58477.0,synthetic_kv_64k,13888.0
2047.868928,,8622.784512,32,2.047868928,What is the value associated with key FEF54DEAD645? Return only the value.,919403D7788C,8.622784512,MB,2048.0,0.7625049164628829,13888.0,context_0000,147.456,['1DBA7E1CA5A1'],62995,58477.0,synthetic_kv_64k,13888.0
2047.868928,,8622.784512,32,2.047868928,What is the value associated with key 3C1B18E19331? Return only the value.,310C3FA7F104,8.622784512,MB,2048.0,0.7625049164628829,13888.0,context_0000,147.456,['899CE3236D1A'],62995,58477.0,synthetic_kv_64k,13888.0
2047.868928,,8622.784512,32,2.047868928,What is the value associated with key 637E22BAE10E? Return only the value.,3F6E23CBE94D,8.622784512,MB,2048.0,0.7625049164628829,13888.0,context_0000,147.456,['5EFA7421FF46'],62995,58477.0,synthetic_kv_64k,13888.0
2047.868928,,8622.784512,32,2.047868928,What is the value associated with key F30AABA4FC03? Return only the value.,379974545454,8.622784512,MB,2048.0,0.7625049164628829,13888.0,context_0000,147.456,['B24CBE3E6E57'],62995,58477.0,synthetic_kv_64k,13888.0
2047.868928,,8622.784512,32,2.047868928,What is the value associated with key 8A4AF22B5B98? Return only the value.,548E695A8493,8.622784512,MB,2048.0,0.7625049164628829,13888.0,context_0000,147.456,['965B6B4BE411'],62995,58477.0,synthetic_kv_64k,13888.0
2047.868928,,8622.784512,32,2.047868928,What is the value associated with key BA02BE055787? Return only the value.,5C4432DF8D45,8.622784512,MB,2048.0,0.7625049164628829,13888.0,context_0000,147.456,['E2AA278ED00D'],62995,58477.0,synthetic_kv_64k,13888.0
2047.868928,,8622.784512,32,2.047868928,What is the value associated with key A7A86A35DF59? Return only the value.,585458545854,8.622784512,MB,2048.0,0.7625049164628829,13888.0,context_0000,147.456,['D56C19597B5A'],62995,58477.0,synthetic_kv_64k,13888.0
2047.868928,,8622.784512,32,2.047868928,What is the value associated with key 9D9B7D45D8EF? Return only the value.,585A8C3D888C,8.622784512,MB,2048.0,0.7625049164628829,13888.0,context_0000,147.456,['F065687A4850'],62995,58477.0,synthetic_kv_64k,13888.0
2047.868928,,8622.784512,32,2.047868928,What is the value associated with key 479DF396EA37? Return only the value.,A4A5D885D88C,8.622784512,MB,2048.0,0.7625049164628829,13888.0,context_0000,147.456,['B0B608601833'],62995,58477.0,synthetic_kv_64k,13888.0
2047.868928,,8622.784512,32,2.047868928,What is the value associated with key 379E5EDB0D3C? Return only the value.,5F13D88D8C3C,8.622784512,MB,2048.0,0.7625049164628829,13888.0,context_0000,147.456,['71D771818DCF'],62995,58477.0,synthetic_kv_64k,13888.0
2047.868928,,8622.784512,32,2.047868928,What is the value associated with key 3C71F3579560? Return only the value.,92472E0D3860,8.622784512,MB,2048.0,0.7625049164628829,13888.0,context_0000,147.456,['5CD8DAFEC8A9'],62995,58477.0,synthetic_kv_64k,13888.0
2047.868928,,8622.784512,32,2.047868928,What is the value associated with key FB1E196F4DFA? Return only the value.,58545D88544D,8.622784512,MB,2048.0,0.7625049164628829,13888.0,context_0000,147.456,['5E09AF88BDEC'],62995,58477.0,synthetic_kv_64k,13888.0
2047.868928,,8622.784512,32,2.047868928,What is the value associated with key E6D58B621D41? Return only the value.,The value associated with the key [E6D58B621D41] is not present in the provided list.,8.622784512,MB,2048.0,0.7625049164628829,13888.0,context_0000,147.456,['A513FA53E34D'],62995,58477.0,synthetic_kv_64k,13888.0
2047.868928,,8622.784512,32,2.047868928,What is the value associated with key 0F805BD20C98? Return only the value.,46A065EC7ACD,8.622784512,MB,2048.0,0.7625049164628829,13888.0,context_0000,147.456,['46A065EC7ACD'],62995,58477.0,synthetic_kv_64k,13888.0
2047.868928,,8622.784512,32,2.047868928,What is the value associated with key F7DC30974B2B? Return only the value.,774C7F4C444C,8.622784512,MB,2048.0,0.7625049164628829,13888.0,context_0000,147.456,['F2F21F45DBFD'],62995,58477.0,synthetic_kv_64k,13888.0
2047.868928,,8622.784512,32,2.047868928,What is the value associated with key D2FED918B3E5? Return only the value.,91914E2D596D,8.622784512,MB,2048.0,0.7625049164628829,13888.0,context_0000,147.456,['177774685B98'],62995,58477.0,synthetic_kv_64k,13888.0
2047.868928,,8622.784512,32,2.047868928,What is the value associated with key 364CA9AB364A? Return only the value.,37997457584A,8.622784512,MB,2048.0,0.7625049164628829,13888.0,context_0000,147.456,['A3B5A446BE72'],62995,58477.0,synthetic_kv_64k,13888.0
2047.868928,,8622.784512,32,2.047868928,What is the value associated with key F89998DE8EBB? Return only the value.,3F871591520C,8.622784512,MB,2048.0,0.7625049164628829,13888.0,context_0000,147.456,['0CF20577AEA9'],62995,58477.0,synthetic_kv_64k,13888.0
2047.868928,,8622.784512,32,2.047868928,What is the value associated with key 5560C96B5EDB? Return only the value.,548E69C3D88C,8.622784512,MB,2048.0,0.7625049164628829,13888.0,context_0000,147.456,['FD233E5A87E3'],62995,58477.0,synthetic_kv_64k,13888.0
2047.868928,,8622.784512,32,2.047868928,What is the value associated with key C977203C8C25? Return only the value.,3F9B950E7EAF,8.622784512,MB,2048.0,0.7625049164628829,13888.0,context_0000,147.456,['348890882EAF'],62995,58477.0,synthetic_kv_64k,13888.0
2047.868928,,8622.784512,32,2.047868928,What is the value associated with key D46E11906F50? Return only the value.,6390843C914C,8.622784512,MB,2048.0,0.7625049164628829,13888.0,context_0000,147.456,['8DE0C3E15A85'],62995,58477.0,synthetic_kv_64k,13888.0
2047.868928,,8622.784512,32,2.047868928,What is the value associated with key 961D350843F0? Return only the value.,F09E8A38D5AA,8.622784512,MB,2048.0,0.7625049164628829,13888.0,context_0000,147.456,['D0243748967F'],62995,58477.0,synthetic_kv_64k,13888.0
2047.868928,,8622.784512,32,2.047868928,What is the value associated with key 3BA5DEA45C19? Return only the value.,3EE8D5574241,8.622784512,MB,2048.0,0.7625049164628829,13888.0,context_0000,147.456,['C63D541C7A86'],62995,58477.0,synthetic_kv_64k,13888.0
2047.868928,,8622.784512,32,2.047868928,What is the value associated with key C9E425C61C45? Return only the value.,670AB321BF21,8.622784512,MB,2048.0,0.7625049164628829,13888.0,context_0000,147.456,['9892E68933A9'],62995,58477.0,synthetic_kv_64k,13888.0
2047.868928,,8622.784512,32,2.047868928,What is the value associated with key 46FB00B9D4A3? Return only the value.,5F98A65E688E,8.622784512,MB,2048.0,0.7625049164628829,13888.0,context_0000,147.456,['FBE9DBC080FD'],62995,58477.0,synthetic_kv_64k,13888.0
2047.868928,,8622.784512,32,2.047868928,What is the value associated with key FCCE250A4578? Return only the value.,548554545454,8.622784512,MB,2048.0,0.7625049164628829,13888.0,context_0000,147.456,['8A4B21472A15'],62995,58477.0,synthetic_kv_64k,13888.0
2047.868928,,8622.784512,32,2.047868928,What is the value associated with key CC6B402ADF9C? Return only the value.,41F1429A4A7C,8.622784512,MB,2048.0,0.7625049164628829,13888.0,context_0000,147.456,['1C242CABD7E7'],62995,58477.0,synthetic_kv_64k,13888.0
2047.868928,,8622.784512,32,2.047868928,What is the value associated with key DDCFA93B12CD? Return only the value.,988748C3D44C,8.622784512,MB,2048.0,0.7625049164628829,13888.0,context_0000,147.456,['21BD06998731'],62995,58477.0,synthetic_kv_64k,13888.0
2047.868928,,8622.784512,32,2.047868928,What is the value associated with key 5BB503CDE2E3? Return only the value.,548E69C8A4C7,8.622784512,MB,2048.0,0.7625049164628829,13888.0,context_0000,147.456,['C9D6CA3C6F5F'],62995,58477.0,synthetic_kv_64k,13888.0
2047.868928,,8622.784512,32,2.047868928,What is the value associated with key 96BF3CE915E7? Return only the value.,905C74F9447D,8.622784512,MB,2048.0,0.7625049164628829,13888.0,context_0000,147.456,['040A52E2AFD9'],62995,58477.0,synthetic_kv_64k,13888.0
2047.868928,,8622.784512,32,2.047868928,What is the value associated with key 43EF2C9B662E? Return only the value.,585C3E684C3C,8.622784512,MB,2048.0,0.7625049164628829,13888.0,context_0000,147.456,['20730D6A05B3'],62995,58477.0,synthetic_kv_64k,13888.0
2047.868928,,8622.784512,32,2.047868928,What is the value associated with key 6BC4BDE13C1B? Return only the value.,5C65D75C4C3C,8.622784512,MB,2048.0,0.7625049164628829,13888.0,context_0000,147.456,['1D1886AD8A8C'],62995,58477.0,synthetic_kv_64k,13888.0
2047.868928,,8622.784512,32,2.047868928,What is the value associated with key 1045BEE3EB79? Return only the value.,92C84D8A5C3C,8.622784512,MB,2048.0,0.7625049164628829,13888.0,context_0000,147.456,['72C279EB4168'],62995,58477.0,synthetic_kv_64k,13888.0
2047.868928,,8622.784512,32,2.047868928,What is the value associated with key 5CAEC72C1FE3? Return only the value.,583D8C3D8C3D,8.622784512,MB,2048.0,0.7625049164628829,13888.0,context_0000,147.456,['97FA83639007'],62995,58477.0,synthetic_kv_64k,13888.0
2047.868928,,8622.784512,32,2.047868928,What is the value associated with key 73B61BEAF6AC? Return only the value.,3F5880D8C38C,8.622784512,MB,2048.0,0.7625049164628829,13888.0,context_0000,147.456,['38B780FB9296'],62995,58477.0,synthetic_kv_64k,13888.0
2047.868928,,8622.784512,32,2.047868928,What is the value associated with key 9D77F206C269? Return only the value.,905D8588C34C,8.622784512,MB,2048.0,0.7625049164628829,13888.0,context_0000,147.456,['BA2C0B19F88E'],62995,58477.0,synthetic_kv_64k,13888.0
2047.868928,,8622.784512,32,2.047868928,What is the value associated with key E8A3C8819065? Return only the value.,989B6D8C3D4A,8.622784512,MB,2048.0,0.7625049164628829,13888.0,context_0000,147.456,['A8ADDDF275EB'],62995,58477.0,synthetic_kv_64k,13888.0
2047.868928,,8622.784512,32,2.047868928,What is the value associated with key 4D37857DD3B3? Return only the value.,548C3488888C,8.622784512,MB,2048.0,0.7625049164628829,13888.0,context_0000,147.456,['A4B175424646'],62995,58477.0,synthetic_kv_64k,13888.0
2047.868928,,8622.784512,32,2.047868928,What is the value associated with key 07F9F6CA6B8B? Return only the value.,The value associated with the key [07F9F6CA6B8B] is not present in the provided list.,8.622784512,MB,2048.0,0.7625049164628829,13888.0,context_0000,147.456,['FFA30F9240E1'],62995,58477.0,synthetic_kv_64k,13888.0
2047.868928,,8622.784512,32,2.047868928,What is the value associated with key D8E87A9E8EEF? Return only the value.,8C3545545454,8.622784512,MB,2048.0,0.7625049164628829,13888.0,context_0000,147.456,['6D2066D06371'],62995,58477.0,synthetic_kv_64k,13888.0
2047.868928,,8622.784512,32,2.047868928,What is the value associated with key 1BA3AFA415E5? Return only the value.,5F98A65E688E,8.622784512,MB,2048.0,0.7625049164628829,13888.0,context_0000,147.456,['B65F7D824264'],62995,58477.0,synthetic_kv_64k,13888.0
2047.868928,,8622.784512,32,2.047868928,What is the value associated with key 718DE8E22743? Return only the value.,3C448C388C3C,8.622784512,MB,2048.0,0.7625049164628829,13888.0,context_0000,147.456,['E63612D0498D'],62995,58477.0,synthetic_kv_64k,13888.0
2047.868928,,8622.784512,32,2.047868928,What is the value associated with key 527514AEAF5C? Return only the value.,25F99BB96155,8.622784512,MB,2048.0,0.7625049164628829,13888.0,context_0000,147.456,['25F99BB96155'],62995,58477.0,synthetic_kv_64k,13888.0
2047.868928,,8622.784512,32,2.047868928,What is the value associated with key 204E10D08D11? Return only the value.,85ED4F2DAD3F,8.622784512,MB,2048.0,0.7625049164628829,13888.0,context_0000,147.456,['9FD3466772CE'],62995,58477.0,synthetic_kv_64k,13888.0
2047.868928,,8622.784512,32,2.047868928,What is the value associated with key 95DAA21150F9? Return only the value.,9154D61C6C64,8.622784512,MB,2048.0,0.7625049164628829,13888.0,context_0000,147.456,['B64F8C611654'],62995,58477.0,synthetic_kv_64k,13888.0
2047.868928,,8622.784512,32,2.047868928,What is the value associated with key 6182533F5A72? Return only the value.,98EEFE9FECAA,8.622784512,MB,2048.0,0.7625049164628829,13888.0,context_0000,147.456,['98EEFE9FECAA'],62995,58477.0,synthetic_kv_64k,13888.0
2047.868928,,8622.784512,32,2.047868928,What is the value associated with key 4B7E87D292A6? Return only the value.,9F4D8D5A5C3A,8.622784512,MB,2048.0,0.7625049164628829,13888.0,context_0000,147.456,['816B7426B193'],62995,58477.0,synthetic_kv_64k,13888.0
2047.868928,,8622.784512,32,2.047868928,What is the value associated with key 6E219AFD4015? Return only the value.,5C4432DF8D45,8.622784512,MB,2048.0,0.7625049164628829,13888.0,context_0000,147.456,['CB081963C26D'],62995,58477.0,synthetic_kv_64k,13888.0
2047.868928,,8622.784512,32,2.047868928,What is the value associated with key 1D4AB3A7D0E0? Return only the value.,58545D888888,8.622784512,MB,2048.0,0.7625049164628829,13888.0,context_0000,147.456,['A79BDA509FED'],62995,58477.0,synthetic_kv_64k,13888.0
2047.868928,,8622.784512,32,2.047868928,What is the value associated with key E0B1A6A27967? Return only the value.,73948470E91C,8.622784512,MB,2048.0,0.7625049164628829,13888.0,context_0000,147.456,['8D24C4DABDDB'],62995,58477.0,synthetic_kv_64k,13888.0
2047.868928,,8622.784512,32,2.047868928,What is the value associated with key DD90B888F6ED? Return only the value.,344854855485,8.622784512,MB,2048.0,0.7625049164628829,13888.0,context_0000,147.456,['6E19370BC063'],62995,58477.0,synthetic_kv_64k,13888.0
2047.868928,,8622.784512,32,2.047868928,What is the value associated with key E35973991A47? Return only the value.,585488858885,8.622784512,MB,2048.0,0.7625049164628829,13888.0,context_0000,147.456,['69EF3A7E8E14'],62995,58477.0,synthetic_kv_64k,13888.0
2047.868928,,8622.784512,32,2.047868928,What is the value associated with key D3D156C438E4? Return only the value.,5A1B8D8C3E6C,8.622784512,MB,2048.0,0.7625049164628829,13888.0,context_0000,147.456,['661374188109'],62995,58477.0,synthetic_kv_64k,13888.0
2047.868928,,8622.784512,32,2.047868928,What is the value associated with key BAC76A7E4C36? Return only the value.,585D84C3E68A,8.622784512,MB,2048.0,0.7625049164628829,13888.0,context_0000,147.456,['500318578BAF'],62995,58477.0,synthetic_kv_64k,13888.0
2047.868928,,8622.784512,32,2.047868928,What is the value associated with key 50016D4067F4? Return only the value.,3E89E1F6C48C,8.622784512,MB,2048.0,0.7625049164628829,13888.0,context_0000,147.456,['4140AA448259'],62995,58477.0,synthetic_kv_64k,13888.0
2047.868928,,8622.784512,32,2.047868928,What is the value associated with key F41E5FD23109? Return only the value.,379923740E83,8.622784512,MB,2048.0,0.7625049164628829,13888.0,context_0000,147.456,['AFD32713582C'],62995,58477.0,synthetic_kv_64k,13888.0
2047.868928,,8622.784512,32,2.047868928,What is the value associated with key 7969EC48BF55? Return only the value.,774C6545448A,8.622784512,MB,2048.0,0.7625049164628829,13888.0,context_0000,147.456,['175A112FA612'],62995,58477.0,synthetic_kv_64k,13888.0
2047.868928,,8622.784512,32,2.047868928,What is the value associated with key 15DAD4EF00AA? Return only the value.,5C4432DF8D45,8.622784512,MB,2048.0,0.7625049164628829,13888.0,context_0000,147.456,['6E8F17DDED81'],62995,58477.0,synthetic_kv_64k,13888.0
2047.868928,,8622.784512,32,2.047868928,What is the value associated with key BE9D18B87245? Return only the value.,The value associated with the key [BE9D18B87245] is [44291257429,8.622784512,MB,2048.0,0.7625049164628829,13888.0,context_0000,147.456,['5F65BD21BC11'],62995,58477.0,synthetic_kv_64k,13888.0
2047.868928,,8622.784512,32,2.047868928,What is the value associated with key 214FCFD01CBD? Return only the value.,0B70DE8FC965,8.622784512,MB,2048.0,0.7625049164628829,13888.0,context_0000,147.456,['0F5A8E6E5003'],62995,58477.0,synthetic_kv_64k,13888.0
2047.868928,,8622.784512,32,2.047868928,What is the value associated with key F4E596229348? Return only the value.,The value associated with the key [F4E596229348] is not present in the provided list.,8.622784512,MB,2048.0,0.7625049164628829,13888.0,context_0000,147.456,['8FCA8FC42092'],62995,58477.0,synthetic_kv_64k,13888.0
2047.868928,,8622.784512,32,2.047868928,What is the value associated with key AB855463ADC7? Return only the value.,548C343D477A,8.622784512,MB,2048.0,0.7625049164628829,13888.0,context_0000,147.456,['692A1F4A8CA1'],62995,58477.0,synthetic_kv_64k,13888.0
2047.868928,,8622.784512,32,2.047868928,What is the value associated with key DFA45A856750? Return only the value.,5C4432DF8D45,8.622784512,MB,2048.0,0.7625049164628829,13888.0,context_0000,147.456,['F0EDAA53C19C'],62995,58477.0,synthetic_kv_64k,13888.0
2047.868928,,8622.784512,32,2.047868928,What is the value associated with key 6C45C012A0FF? Return only the value.,A448C355488A,8.622784512,MB,2048.0,0.7625049164628829,13888.0,context_0000,147.456,['EA74DE3B496F'],62995,58477.0,synthetic_kv_64k,13888.0
2047.868928,,8622.784512,32,2.047868928,What is the value associated with key 0D2BB8976EC5? Return only the value.,639D790B185C,8.622784512,MB,2048.0,0.7625049164628829,13888.0,context_0000,147.456,['49A2F7E8F8E5'],62995,58477.0,synthetic_kv_64k,13888.0
2047.868928,,8622.784512,32,2.047868928,What is the value associated with key 4FFC99B479D4? Return only the value.,774C63574C8C,8.622784512,MB,2048.0,0.7625049164628829,13888.0,context_0000,147.456,['1A855A057C11'],62995,58477.0,synthetic_kv_64k,13888.0
2047.868928,,8622.784512,32,2.047868928,What is the value associated with key 81E593F277CC? Return only the value.,89485C35C38C,8.622784512,MB,2048.0,0.7625049164628829,13888.0,context_0000,147.456,['279C36760CE5'],62995,58477.0,synthetic_kv_64k,13888.0
2047.868928,,8622.784512,32,2.047868928,What is the value associated with key 7B70A81FDEC3? Return only the value.,780A5C34588C,8.622784512,MB,2048.0,0.7625049164628829,13888.0,context_0000,147.456,['D8E739681C81'],62995,58477.0,synthetic_kv_64k,13888.0
2047.868928,,8622.784512,32,2.047868928,What is the value associated with key 59A11BB43332? Return only the value.,3793D86A6460,8.622784512,MB,2048.0,0.7625049164628829,13888.0,context_0000,147.456,['8E67D86A6460'],62995,58477.0,synthetic_kv_64k,13888.0
2047.868928,,8622.784512,32,2.047868928,What is the value associated with key 1D695E187B24? Return only the value.,5A1B1374646C,8.622784512,MB,2048.0,0.7625049164628829,13888.0,context_0000,147.456,['4750C33A1F6C'],62995,58477.0,synthetic_kv_64k,13888.0
2047.868928,,8622.784512,32,2.047868928,What is the value associated with key 39E592F837D4? Return only the value.,The value associated with the key [39E592F837D4] is not present in the provided list.,8.622784512,MB,2048.0,0.7625049164628829,13888.0,context_0000,147.456,['6DDACEA60F4C'],62995,58477.0,synthetic_kv_64k,13888.0
2047.868928,,8622.784512,32,2.047868928,What is the value associated with key 8F9BD85C16BD? Return only the value.,12B2940C3503,8.622784512,MB,2048.0,0.7625049164628829,13888.0,context_0000,147.456,['C476F97BE2DD'],62995,58477.0,synthetic_kv_64k,13888.0
2047.868928,,8622.784512,32,2.047868928,What is the value associated with key 9F29D1846C39? Return only the value.,9132F162456D,8.622784512,MB,2048.0,0.7625049164628829,13888.0,context_0000,147.456,['ACCB9D132363'],62995,58477.0,synthetic_kv_64k,13888.0
2047.868928,,8622.784512,32,2.047868928,What is the value associated with key 8E86A487EEAB? Return only the value.,839D85D85C3C,8.622784512,MB,2048.0,0.7625049164628829,13888.0,context_0000,147.456,['9BE706B89231'],62995,58477.0,synthetic_kv_64k,13888.0
2047.868928,,8622.784512,32,2.047868928,What is the value associated with key A867EDD877C8? Return only the value.,A867EDD877C8: 444D888D888D,8.622784512,MB,2048.0,0.7625049164628829,13888.0,context_0000,147.456,['B187D4578AD9'],62995,58477.0,synthetic_kv_64k,13888.0
2047.868928,,8622.784512,32,2.047868928,What is the value associated with key 076944777442? Return only the value.,The value associated with the key [076944777442] is 5C650F8A0C,8.622784512,MB,2048.0,0.7625049164628829,13888.0,context_0000,147.456,['45F52E2FBF77'],62995,58477.0,synthetic_kv_64k,13888.0
2047.868928,,8622.784512,32,2.047868928,What is the value associated with key C32DB3E4110A? Return only the value.,348890882EAF,8.622784512,MB,2048.0,0.7625049164628829,13888.0,context_0000,147.456,['EBE94F199EC0'],62995,58477.0,synthetic_kv_64k,13888.0
2047.868928,,8622.784512,32,2.047868928,What is the value associated with key 59DC56FEBFB9? Return only the value.,985D848C3E6A,8.622784512,MB,2048.0,0.7625049164628829,13888.0,context_0000,147.456,['2E7001902620'],62995,58477.0,synthetic_kv_64k,13888.0
2047.868928,,8622.784512,32,2.047868928,What is the value associated with key 24ACDEAF528D? Return only the value.,509426A524E3,8.622784512,MB,2048.0,0.7625049164628829,13888.0,context_0000,147.456,['A84790FA6B57'],62995,58477.0,synthetic_kv_64k,13888.0
2047.868928,,8622.784512,32,2.047868928,What is the value associated with key 11D06699CD99? Return only the value.,909E8A38D5AA,8.622784512,MB,2048.0,0.7625049164628829,13888.0,context_0000,147.456,['BDB02451E5A4'],62995,58477.0,synthetic_kv_64k,13888.0
2047.868928,,8622.784512,32,2.047868928,What is the value associated with key F8C8A2178F84? Return only the value.,548E69C3E46C,8.622784512,MB,2048.0,0.7625049164628829,13888.0,context_0000,147.456,['177D07D924CE'],62995,58477.0,synthetic_kv_64k,13888.0
2047.868928,,8622.784512,32,2.047868928,What is the value associated with key 87CDBF012E32? Return only the value.,8A2D38545C3C,8.622784512,MB,2048.0,0.7625049164628829,13888.0,context_0000,147.456,['604E3712F2D1'],62995,58477.0,synthetic_kv_64k,13888.0
2047.868928,,8622.784512,32,2.047868928,What is the value associated with key 74226B7A2460? Return only the value.,585A8C3D8C3C,8.622784512,MB,2048.0,0.7625049164628829,13888.0,context_0000,147.456,['284B5744F596'],62995,58477.0,synthetic_kv_64k,13888.0
2047.868928,,8622.784512,32,2.047868928,What is the value associated with key 4FC75EBBCCA5? Return only the value.,96A9DC33E1F9,8.622784512,MB,2048.0,0.7625049164628829,13888.0,context_0000,147.456,['530AB8BA8368'],62995,58477.0,synthetic_kv_64k,13888.0
2047.868928,,8622.784512,32,2.047868928,What is the value associated with key F100C6DEB2F0? Return only the value.,37948473D48C,8.622784512,MB,2048.0,0.7625049164628829,13888.0,context_0000,147.456,['98A2914DCFAE'],62995,58477.0,synthetic_kv_64k,13888.0
2047.868928,,8622.784512,32,2.047868928,What is the value associated with key E22215BFBE97? Return only the value.,919404C3E68A,8.622784512,MB,2048.0,0.7625049164628829,13888.0,context_0000,147.456,['27D40D77C5A0'],62995,58477.0,synthetic_kv_64k,13888.0
2047.868928,,8622.784512,32,2.047868928,What is the value associated with key C122284C03D2? Return only the value.,C28F0A37D88D,8.622784512,MB,2048.0,0.7625049164628829,13888.0,context_0000,147.456,['0CBD9E2AA4AC'],62995,58477.0,synthetic_kv_64k,13888.0
2047.868928,,8622.784512,32,2.047868928,What is the value associated with key 14E2AC8936BC? Return only the value.,A0276576D4BC,8.622784512,MB,2048.0,0.7625049164628829,13888.0,context_0000,147.456,['716F45A88829'],62995,58477.0,synthetic_kv_64k,13888.0
2047.868928,,8622.784512,32,2.047868928,What is the value associated with key 6C8CA974D079? Return only the value.,5F98A65D888A,8.622784512,MB,2048.0,0.7625049164628829,13888.0,context_0000,147.456,['9B697C54535F'],62995,58477.0,synthetic_kv_64k,13888.0
2047.868928,,8622.784512,32,2.047868928,What is the value associated with key 6A077129CEC7? Return only the value.,689D6D337EAF,8.622784512,MB,2048.0,0.7625049164628829,13888.0,context_0000,147.456,['372F45EE432D'],62995,58477.0,synthetic_kv_64k,13888.0
2047.868928,,8622.784512,32,2.047868928,What is the value associated with key 8329C143F426? Return only the value.,5C0BA757CB10,8.622784512,MB,2048.0,0.7625049164628829,13888.0,context_0000,147.456,['585D1D2324E6'],62995,58477.0,synthetic_kv_64k,13888.0
2047.868928,,8622.784512,32,2.047868928,What is the value associated with key 1C636E0ED1E8? Return only the value.,D45855555555,8.622784512,MB,2048.0,0.7625049164628829,13888.0,context_0000,147.456,['AD9F4882D73C'],62995,58477.0,synthetic_kv_64k,13888.0
2047.868928,,8622.784512,32,2.047868928,What is the value associated with key 97D7ADB14670? Return only the value.,9943D4D36E9A,8.622784512,MB,2048.0,0.7625049164628829,13888.0,context_0000,147.456,['86E57C93F6CC'],62995,58477.0,synthetic_kv_64k,13888.0
2047.868928,,8622.784512,32,2.047868928,What is the value associated with key 4EF4AAC93316? Return only the value.,3799D40C394A,8.622784512,MB,2048.0,0.7625049164628829,13888.0,context_0000,147.456,['38730BA078E8'],62995,58477.0,synthetic_kv_64k,13888.0
2047.868928,,8622.784512,32,2.047868928,What is the value associated with key FC04652FFB49? Return only the value.,3D4486D84C2C,8.622784512,MB,2048.0,0.7625049164628829,13888.0,context_0000,147.456,['0E06996D5C50'],62995,58477.0,synthetic_kv_64k,13888.0
2047.868928,,8622.784512,32,2.047868928,What is the value associated with key 345501F7C7EC? Return only the value.,3F6E8D8C344C,8.622784512,MB,2048.0,0.7625049164628829,13888.0,context_0000,147.456,['F2004D29D1AB'],62995,58477.0,synthetic_kv_64k,13888.0
2047.868928,,8622.784512,32,2.047868928,What is the value associated with key C47136136E15? Return only the value.,5C4432DF8D45,8.622784512,MB,2048.0,0.7625049164628829,13888.0,context_0000,147.456,['C3A02321D1E1'],62995,58477.0,synthetic_kv_64k,13888.0
2047.868928,,8622.784512,32,2.047868928,What is the value associated with key 4A194169B9FC? Return only the value.,909E8A38D5AA,8.622784512,MB,2048.0,0.7625049164628829,13888.0,context_0000,147.456,['1EB753FFD3A2'],62995,58477.0,synthetic_kv_64k,13888.0
2047.868928,,8622.784512,32,2.047868928,What is the value associated with key 7F5401FA964E? Return only the value.,5C4C3D8C3E6C,8.622784512,MB,2048.0,0.7625049164628829,13888.0,context_0000,147.456,['6E3FBF3C5140'],62995,58477.0,synthetic_kv_64k,13888.0
2047.868928,,8622.784512,32,2.047868928,What is the value associated with key 21122CFA55B0? Return only the value.,3F5FD4176230,8.622784512,MB,2048.0,0.7625049164628829,13888.0,context_0000,147.456,['885761554667'],62995,58477.0,synthetic_kv_64k,13888.0
2047.868928,,8622.784512,32,2.047868928,What is the value associated with key 3AE8B423CCDE? Return only the value.,379988888888,8.622784512,MB,2048.0,0.7625049164628829,13888.0,context_0000,147.456,['8F088011316B'],62995,58477.0,synthetic_kv_64k,13888.0
2047.868928,,8622.784512,32,2.047868928,What is the value associated with key AB05D556B37D? Return only the value.,5C44855B6C5B,8.622784512,MB,2048.0,0.7625049164628829,13888.0,context_0000,147.456,['5AAACE6322B6'],62995,58477.0,synthetic_kv_64k,13888.0
2047.868928,,8622.784512,32,2.047868928,What is the value associated with key 65A612738A23? Return only the value.,5C4432DF8D45,8.622784512,MB,2048.0,0.7625049164628829,13888.0,context_0000,147.456,['BDF6DC9C96DE'],62995,58477.0,synthetic_kv_64k,13888.0
2047.868928,,8622.784512,32,2.047868928,What is the value associated with key 6FAC0AD45230? Return only the value.,668548854885,8.622784512,MB,2048.0,0.7625049164628829,13888.0,context_0000,147.456,['75B204CC3EDE'],62995,58477.0,synthetic_kv_64k,13888.0
2047.868928,,8622.784512,32,2.047868928,What is the value associated with key 13EEEBD14D2C? Return only the value.,14FC9E8FC965,8.622784512,MB,2048.0,0.7625049164628829,13888.0,context_0000,147.456,['5024DCB33DF3'],62995,58477.0,synthetic_kv_64k,13888.0
2047.868928,,8622.784512,32,2.047868928,What is the value associated with key 6DE59364F3D0? Return only the value.,9F87D85A5C3C,8.622784512,MB,2048.0,0.7625049164628829,13888.0,context_0000,147.456,['678892CA525A'],62995,58477.0,synthetic_kv_64k,13888.0
2047.868928,,8622.784512,32,2.047868928,What is the value associated with key A3E0B5A1B949? Return only the value.,A612AE7300EB,8.622784512,MB,2048.0,0.7625049164628829,13888.0,context_0000,147.456,['4A1D6AEDFDC7'],62995,58477.0,synthetic_kv_64k,13888.0
2047.868928,,8622.784512,32,2.047868928,What is the value associated with key 67B01D7C0098? Return only the value.,5C448E68888C,8.622784512,MB,2048.0,0.7625049164628829,13888.0,context_0000,147.456,['F7580556DAEA'],62995,58477.0,synthetic_kv_64k,13888.0
2047.868928,,8622.784512,32,2.047868928,What is the value associated with key 2BFF532401FC? Return only the value.,27B65E6C4E6D,8.622784512,MB,2048.0,0.7625049164628829,13888.0,context_0000,147.456,['F296CD2372C2'],62995,58477.0,synthetic_kv_64k,13888.0
2047.868928,,8622.784512,32,2.047868928,What is the value associated with key 75C89E3D750D? Return only the value.,774C3D854C3C,8.622784512,MB,2048.0,0.7625049164628829,13888.0,context_0000,147.456,['B08AD4FFA666'],62995,58477.0,synthetic_kv_64k,13888.0
2047.868928,,8622.784512,32,2.047868928,What is the value associated with key 5CA2EB7607C9? Return only the value.,77E8BB733A3C,8.622784512,MB,2048.0,0.7625049164628829,13888.0,context_0000,147.456,['6FCC168FAE12'],62995,58477.0,synthetic_kv_64k,13888.0
2047.868928,,8622.784512,32,2.047868928,What is the value associated with key 1B19D8302081? Return only the value.,3798D88D8C3C,8.622784512,MB,2048.0,0.7625049164628829,13888.0,context_0000,147.456,['6F883E49FD09'],62995,58477.0,synthetic_kv_64k,13888.0
2047.868928,,8622.784512,32,2.047868928,What is the value associated with key 668396C044D0? Return only the value.,580B8D8A5C3C,8.622784512,MB,2048.0,0.7625049164628829,13888.0,context_0000,147.456,['1422862268D1'],62995,58477.0,synthetic_kv_64k,13888.0
2047.868928,,8622.784512,32,2.047868928,What is the value associated with key DEDA6550F74A? Return only the value.,588C3E688C3C,8.622784512,MB,2048.0,0.7625049164628829,13888.0,context_0000,147.456,['BEED4F6E274B'],62995,58477.0,synthetic_kv_64k,13888.0
2047.868928,,8622.784512,32,2.047868928,What is the value associated with key 38B856EA57B3? Return only the value.,548E6885C38C,8.622784512,MB,2048.0,0.7625049164628829,13888.0,context_0000,147.456,['C7745543FC3C'],62995,58477.0,synthetic_kv_64k,13888.0
2047.868928,,8622.784512,32,2.047868928,What is the value associated with key 138D2B0ABEDD? Return only the value.,37994488588A,8.622784512,MB,2048.0,0.7625049164628829,13888.0,context_0000,147.456,['A21B82AF085C'],62995,58477.0,synthetic_kv_64k,13888.0
2047.868928,,8622.784512,32,2.047868928,What is the value associated with key 87D51D30D990? Return only the value.,5F9024E68C3D,8.622784512,MB,2048.0,0.7625049164628829,13888.0,context_0000,147.456,['31A3828C37E7'],62995,58477.0,synthetic_kv_64k,13888.0
2047.868928,,8622.784512,32,2.047868928,What is the value associated with key C6B6E7EA8D5A? Return only the value.,8C354A3D8C3C,8.622784512,MB,2048.0,0.7625049164628829,13888.0,context_0000,147.456,['59E15970A859'],62995,58477.0,synthetic_kv_64k,13888.0
2047.868928,,8622.784512,32,2.047868928,What is the value associated with key F54EBA35844E? Return only the value.,548E69C3D44C,8.622784512,MB,2048.0,0.7625049164628829,13888.0,context_0000,147.456,['A53BD1A69D87'],62995,58477.0,synthetic_kv_64k,13888.0
2047.868928,,8622.784512,32,2.047868928,What is the value associated with key 25CFD0A643FE? Return only the value.,548E69C3D88A,8.622784512,MB,2048.0,0.7625049164628829,13888.0,context_0000,147.456,['1A513C7C1D85'],62995,58477.0,synthetic_kv_64k,13888.0
2047.868928,,8622.784512,32,2.047868928,What is the value associated with key 4187257D5E52? Return only the value.,548C3485884C,8.622784512,MB,2048.0,0.7625049164628829,13888.0,context_0000,147.456,['2C6A328067A1'],62995,58477.0,synthetic_kv_64k,13888.0
2047.868928,,8622.784512,32,2.047868928,What is the value associated with key 27229A36D1EC? Return only the value.,5C445808D79D,8.622784512,MB,2048.0,0.7625049164628829,13888.0,context_0000,147.456,['C257C29D782B'],62995,58477.0,synthetic_kv_64k,13888.0
2047.868928,,8622.784512,32,2.047868928,What is the value associated with key 134AA7CF705C? Return only the value.,379D857C3E6C,8.622784512,MB,2048.0,0.7625049164628829,13888.0,context_0000,147.456,['F3872D5972C6'],62995,58477.0,synthetic_kv_64k,13888.0
2047.868928,,8622.784512,32,2.047868928,What is the value associated with key A0C1C5D95F51? Return only the value.,A0C1C5D95F51: 9892E57939AA,8.622784512,MB,2048.0,0.7625049164628829,13888.0,context_0000,147.456,['76C57E7E7419'],62995,58477.0,synthetic_kv_64k,13888.0
2047.868928,,8622.784512,32,2.047868928,What is the value associated with key 9050C1235C91? Return only the value.,9C3D022B6683,8.622784512,MB,2048.0,0.7625049164628829,13888.0,context_0000,147.456,['9458C2874F06'],62995,58477.0,synthetic_kv_64k,13888.0
2047.868928,,8622.784512,32,2.047868928,What is the value associated with key AE5E72EB7474? Return only the value.,77E8BB7D8979,8.622784512,MB,2048.0,0.7625049164628829,13888.0,context_0000,147.456,['E1CDEC955F87'],62995,58477.0,synthetic_kv_64k,13888.0
2047.868928,,8622.784512,32,2.047868928,What is the value associated with key A49B9082889B? Return only the value.,894888888888,8.622784512,MB,2048.0,0.7625049164628829,13888.0,context_0000,147.456,['FC8DA2A2E91F'],62995,58477.0,synthetic_kv_64k,13888.0
2047.868928,,8622.784512,32,2.047868928,What is the value associated with key 52BD9FE0A8C7? Return only the value.,5499D40E53CE,8.622784512,MB,2048.0,0.7625049164628829,13888.0,context_0000,147.456,['F891DD3F487E'],62995,58477.0,synthetic_kv_64k,13888.0
2047.868928,,8622.784512,32,2.047868928,What is the value associated with key 50EEA09151E0? Return only the value.,548E69C89E1C,8.622784512,MB,2048.0,0.7625049164628829,13888.0,context_0000,147.456,['709426A524E3'],62995,58477.0,synthetic_kv_64k,13888.0
2047.868928,,8622.784512,32,2.047868928,What is the value associated with key 780B117B355B? Return only the value.,3F87159152F2,8.622784512,MB,2048.0,0.7625049164628829,13888.0,context_0000,147.456,['A1A271348C2A'],62995,58477.0,synthetic_kv_64k,13888.0
2047.868928,,8622.784512,32,2.047868928,What is the value associated with key CBDC4D85A3D2? Return only the value.,3F6E23CBE943,8.622784512,MB,2048.0,0.7625049164628829,13888.0,context_0000,147.456,['976746510367'],62995,58477.0,synthetic_kv_64k,13888.0
2047.868928,,8622.784512,32,2.047868928,What is the value associated with key 5A180E614BCD? Return only the value.,4899D40E53CE,8.622784512,MB,2048.0,0.7625049164628829,13888.0,context_0000,147.456,['12FE81E0D489'],62995,58477.0,synthetic_kv_64k,13888.0
2047.868928,,8622.784512,32,2.047868928,What is the value associated with key 76344F76E388? Return only the value.,A56BDA645277,8.622784512,MB,2048.0,0.7625049164628829,13888.0,context_0000,147.456,['09A073B0A091'],62995,58477.0,synthetic_kv_64k,13888.0
2047.868928,,8622.784512,32,2.047868928,What is the value associated with key 5E650E9058B6? Return only the value.,497DD4EA120A,8.622784512,MB,2048.0,0.7625049164628829,13888.0,context_0000,147.456,['497DD4EA120A'],62995,58477.0,synthetic_kv_64k,13888.0
2047.868928,,8622.784512,32,2.047868928,What is the value associated with key A50813A4A492? Return only the value.,A4935D6283D0,8.622784512,MB,2048.0,0.7625049164628829,13888.0,context_0000,147.456,['FA34DD3F7D7E'],62995,58477.0,synthetic_kv_64k,13888.0
2047.868928,,8622.784512,32,2.047868928,What is the value associated with key 171DDAF481A7? Return only the value.,A684C354888C,8.622784512,MB,2048.0,0.7625049164628829,13888.0,context_0000,147.456,['98159D713084'],62995,58477.0,synthetic_kv_64k,13888.0
2047.868928,,8622.784512,32,2.047868928,What is the value associated with key 626D81CF3252? Return only the value.,94908BEEF83F,8.622784512,MB,2048.0,0.7625049164628829,13888.0,context_0000,147.456,['94907674456F'],62995,58477.0,synthetic_kv_64k,13888.0
2047.868928,,8622.784512,32,2.047868928,What is the value associated with key F4488DE7AD6C? Return only the value.,5417CAAA5BBE,8.622784512,MB,2048.0,0.7625049164628829,13888.0,context_0000,147.456,['BD29CAB4923B'],62995,58477.0,synthetic_kv_64k,13888.0
2047.868928,,8622.784512,32,2.047868928,What is the value associated with key 0A80E5582E16? Return only the value.,E485D885D885,8.622784512,MB,2048.0,0.7625049164628829,13888.0,context_0000,147.456,['E8B77321BF6B'],62995,58477.0,synthetic_kv_64k,13888.0
2047.868928,,8622.784512,32,2.047868928,What is the value associated with key 9258CF501889? Return only the value.,9258CF501889 is not present in the provided list of key-value pairs.,8.622784512,MB,2048.0,0.7625049164628829,13888.0,context_0000,147.456,['3030A6DED1D8'],62995,58477.0,synthetic_kv_64k,13888.0
2047.868928,,8622.784512,32,2.047868928,What is the value associated with key 9AE1524F93FF? Return only the value.,929D0149A2AF,8.622784512,MB,2048.0,0.7625049164628829,13888.0,context_0000,147.456,['805979C2D2E4'],62995,58477.0,synthetic_kv_64k,13888.0
2047.868928,,8622.784512,32,2.047868928,What is the value associated with key F52D269ED4C9? Return only the value.,503B249C144A,8.622784512,MB,2048.0,0.7625049164628829,13888.0,context_0000,147.456,['73550FD6F47E'],62995,58477.0,synthetic_kv_64k,13888.0
2047.868928,,8622.784512,32,2.047868928,What is the value associated with key CF9B1A7F195B? Return only the value.,3F87159152F2,8.622784512,MB,2048.0,0.7625049164628829,13888.0,context_0000,147.456,['D65EE62D2D06'],62995,58477.0,synthetic_kv_64k,13888.0
2047.868928,,8622.784512,32,2.047868928,What is the value associated with key FB7D57EB89B1? Return only the value.,8C17D88C3E6C,8.622784512,MB,2048.0,0.7625049164628829,13888.0,context_0000,147.456,['1596B6DD6257'],62995,58477.0,synthetic_kv_64k,13888.0
2047.868928,,8622.784512,32,2.047868928,What is the value associated with key A568812A1F9B? Return only the value.,5F98A65E688E,8.622784512,MB,2048.0,0.7625049164628829,13888.0,context_0000,147.456,['0A052C2CD22B'],62995,58477.0,synthetic_kv_64k,13888.0
2047.868928,,8622.784512,32,2.047868928,What is the value associated with key B5263F6C21F7? Return only the value.,The value associated with the key [B5263F6C21F7] is [519A847694,8.622784512,MB,2048.0,0.7625049164628829,13888.0,context_0000,147.456,['FDB17010ED13'],62995,58477.0,synthetic_kv_64k,13888.0
2047.868928,,8622.784512,32,2.047868928,What is the value associated with key 8629707DF251? Return only the value.,9F8C595D4A94,8.622784512,MB,2048.0,0.7625049164628829,13888.0,context_0000,147.456,['9C1C85D2D0A6'],62995,58477.0,synthetic_kv_64k,13888.0
2047.868928,,8622.784512,32,2.047868928,What is the value associated with key 5D2828A39779? Return only the value.,3949D40E53CE,8.622784512,MB,2048.0,0.7625049164628829,13888.0,context_0000,147.456,['EAFD5F733A3E'],62995,58477.0,synthetic_kv_64k,13888.0
2047.868928,,8622.784512,32,2.047868928,What is the value associated with key 632D486BB6BF? Return only the value.,66844C85488A,8.622784512,MB,2048.0,0.7625049164628829,13888.0,context_0000,147.456,['C64368A51C68'],62995,58477.0,synthetic_kv_64k,13888.0
2047.868928,,8622.784512,32,2.047868928,What is the value associated with key ADCC569F3AB3? Return only the value.,0D67990F0C5B,8.622784512,MB,2048.0,0.7625049164628829,13888.0,context_0000,147.456,['0D67990F0C5B'],62995,58477.0,synthetic_kv_64k,13888.0
2047.868928,,8622.784512,32,2.047868928,What is the value associated with key A181CA0AC6AC? Return only the value.,5048BF7B539B,8.622784512,MB,2048.0,0.7625049164628829,13888.0,context_0000,147.456,['55ABA5B5CDC2'],62995,58477.0,synthetic_kv_64k,13888.0
2047.868928,,8622.784512,32,2.047868928,What is the value associated with key 546610DF9974? Return only the value.,4699D40E53CE,8.622784512,MB,2048.0,0.7625049164628829,13888.0,context_0000,147.456,['8ED618318AA3'],62995,58477.0,synthetic_kv_64k,13888.0
2047.868928,,8622.784512,32,2.047868928,What is the value associated with key 62F5ADAA44CA? Return only the value.,408248BDDB3E,8.622784512,MB,2048.0,0.7625049164628829,13888.0,context_0000,147.456,['408248BDDB3E'],62995,58477.0,synthetic_kv_64k,13888.0
2047.868928,,8622.784512,32,2.047868928,What is the value associated with key DA00B9469BCF? Return only the value.,758059450186,8.622784512,MB,2048.0,0.7625049164628829,13888.0,context_0000,147.456,['F6E3A8149562'],62995,58477.0,synthetic_kv_64k,13888.0
2047.868928,,8622.784512,32,2.047868928,What is the value associated with key 9A4AE806133C? Return only the value.,9F4C6D3548D4,8.622784512,MB,2048.0,0.7625049164628829,13888.0,context_0000,147.456,['267EDF8F4197'],62995,58477.0,synthetic_kv_64k,13888.0
2047.868928,,8622.784512,32,2.047868928,What is the value associated with key 14DD555736F8? Return only the value.,A9E2952E6ABB,8.622784512,MB,2048.0,0.7625049164628829,13888.0,context_0000,147.456,['A9E2952E6ABB'],62995,58477.0,synthetic_kv_64k,13888.0
2047.868928,,8622.784512,32,2.047868928,What is the value associated with key EAAF2434A678? Return only the value.,A85458858888,8.622784512,MB,2048.0,0.7625049164628829,13888.0,context_0000,147.456,['4F6B598DDAEC'],62995,58477.0,synthetic_kv_64k,13888.0
2047.868928,,8622.784512,32,2.047868928,What is the value associated with key A7F3F7BAF55E? Return only the value.,9458C2874F06,8.622784512,MB,2048.0,0.7625049164628829,13888.0,context_0000,147.456,['A981B2CF952D'],62995,58477.0,synthetic_kv_64k,13888.0
2047.868928,,8622.784512,32,2.047868928,What is the value associated with key 210264575BC4? Return only the value.,B6F2F295456E,8.622784512,MB,2048.0,0.7625049164628829,13888.0,context_0000,147.456,['B57698549F22'],62995,58477.0,synthetic_kv_64k,13888.0
2047.868928,,8622.784512,32,2.047868928,What is the value associated with key 15B0F020E992? Return only the value.,5C94DE85C48A,8.622784512,MB,2048.0,0.7625049164628829,13888.0,context_0000,147.456,['8F154F40C22F'],62995,58477.0,synthetic_kv_64k,13888.0
2047.868928,,8622.784512,32,2.047868928,What is the value associated with key A4BB606E0E1C? Return only the value.,3F87159152F2,8.622784512,MB,2048.0,0.7625049164628829,13888.0,context_0000,147.456,['5417CAAA5BBE'],62995,58477.0,synthetic_kv_64k,13888.0
2047.868928,,8622.784512,32,2.047868928,What is the value associated with key 20B7D02CE0C1? Return only the value.,23D71477A44C,8.622784512,MB,2048.0,0.7625049164628829,13888.0,context_0000,147.456,['B3ECAB8CBF97'],62995,58477.0,synthetic_kv_64k,13888.0
2047.868928,,8622.784512,32,2.047868928,What is the value associated with key F275D436A7A8? Return only the value.,5F9A84320E8A,8.622784512,MB,2048.0,0.7625049164628829,13888.0,context_0000,147.456,['FF46BD20563B'],62995,58477.0,synthetic_kv_64k,13888.0
2047.868928,,8622.784512,32,2.047868928,What is the value associated with key E996AF77520E? Return only the value.,5C4D84E6C38C,8.622784512,MB,2048.0,0.7625049164628829,13888.0,context_0000,147.456,['17EC86C1B6CB'],62995,58477.0,synthetic_kv_64k,13888.0
2047.868928,,8622.784512,32,2.047868928,What is the value associated with key ABA3A561E1E9? Return only the value.,5F98A65D6441,8.622784512,MB,2048.0,0.7625049164628829,13888.0,context_0000,147.456,['822C6C645C15'],62995,58477.0,synthetic_kv_64k,13888.0
2047.868928,,8622.784512,32,2.047868928,What is the value associated with key 04AA5CA0C428? Return only the value.,C94B8D8C345A,8.622784512,MB,2048.0,0.7625049164628829,13888.0,context_0000,147.456,['4F115CD33369'],62995,58477.0,synthetic_kv_64k,13888.0
2047.868928,,8622.784512,32,2.047868928,What is the value associated with key F37F2E25B5EE? Return only the value.,5C448D35444D,8.622784512,MB,2048.0,0.7625049164628829,13888.0,context_0000,147.456,['577B36D55494'],62995,58477.0,synthetic_kv_64k,13888.0
2047.868928,,8622.784512,32,2.047868928,What is the value associated with key C422F29A6339? Return only the value.,96A9DC37AFAE,8.622784512,MB,2048.0,0.7625049164628829,13888.0,context_0000,147.456,['31277C7C404E'],62995,58477.0,synthetic_kv_64k,13888.0
2047.868928,,8622.784512,32,2.047868928,What is the value associated with key FFFE39FEB99C? Return only the value.,572D85545C3A,8.622784512,MB,2048.0,0.7625049164628829,13888.0,context_0000,147.456,['27AA23377BBC'],62995,58477.0,synthetic_kv_64k,13888.0
2047.868928,,8622.784512,32,2.047868928,What is the value associated with key 4BB913C11754? Return only the value.,5C4432DF8D45,8.622784512,MB,2048.0,0.7625049164628829,13888.0,context_0000,147.456,['C9C2D82C7565'],62995,58477.0,synthetic_kv_64k,13888.0
2047.868928,,8622.784512,32,2.047868928,What is the value associated with key 81F719E45C6A? Return only the value.,5C174A3D8C3A,8.622784512,MB,2048.0,0.7625049164628829,13888.0,context_0000,147.456,['8A2EC5580BB2'],62995,58477.0,synthetic_kv_64k,13888.0
2047.868928,,8622.784512,32,2.047868928,What is the value associated with key BD17D5CA69AB? Return only the value.,58545D88588C,8.622784512,MB,2048.0,0.7625049164628829,13888.0,context_0000,147.456,['86CAE238FE93'],62995,58477.0,synthetic_kv_64k,13888.0
2047.868928,,8622.784512,32,2.047868928,What is the value associated with key A97409A9D1C1? Return only the value.,A6B754E6C484,8.622784512,MB,2048.0,0.7625049164628829,13888.0,context_0000,147.456,['E05B56363094'],62995,58477.0,synthetic_kv_64k,13888.0
2047.868928,,8622.784512,32,2.047868928,What is the value associated with key 9E37C42CBC39? Return only the value.,925D934D758A,8.622784512,MB,2048.0,0.7625049164628829,13888.0,context_0000,147.456,['98E5218C6E1C'],62995,58477.0,synthetic_kv_64k,13888.0
2047.868928,,8622.784512,32,2.047868928,What is the value associated with key 277D6070B6A1? Return only the value.,668445888888,8.622784512,MB,2048.0,0.7625049164628829,13888.0,context_0000,147.456,['2E4B29890880'],62995,58477.0,synthetic_kv_64k,13888.0
2047.868928,,8622.784512,32,2.047868928,What is the value associated with key B15ED4D30795? Return only the value.,9B697FD498F1,8.622784512,MB,2048.0,0.7625049164628829,13888.0,context_0000,147.456,['9FEEC566AA81'],62995,58477.0,synthetic_kv_64k,13888.0
2047.868928,,8622.784512,32,2.047868928,What is the value associated with key E714CF1D7D3A? Return only the value.,A57B827D88E4,8.622784512,MB,2048.0,0.7625049164628829,13888.0,context_0000,147.456,['B89F2A60C652'],62995,58477.0,synthetic_kv_64k,13888.0
2047.868928,,8622.784512,32,2.047868928,What is the value associated with key 0B2F700B5D5F? Return only the value.,58274F405B8C,8.622784512,MB,2048.0,0.7625049164628829,13888.0,context_0000,147.456,['5D42692E07B6'],62995,58477.0,synthetic_kv_64k,13888.0
2047.868928,,8622.784512,32,2.047868928,What is the value associated with key B836AD261EC5? Return only the value.,5417CAAA5BBE,8.622784512,MB,2048.0,0.7625049164628829,13888.0,context_0000,147.456,['F8363CCEC76C'],62995,58477.0,synthetic_kv_64k,13888.0
2047.868928,,8622.784512,32,2.047868928,What is the value associated with key 9C4F71B701AA? Return only the value.,904C48F1096D,8.622784512,MB,2048.0,0.7625049164628829,13888.0,context_0000,147.456,['C09C48F1096D'],62995,58477.0,synthetic_kv_64k,13888.0
2047.868928,,8622.784512,32,2.047868928,What is the value associated with key C8A7BFA016C2? Return only the value.,A85456674D4C,8.622784512,MB,2048.0,0.7625049164628829,13888.0,context_0000,147.456,['3BE772ECF16E'],62995,58477.0,synthetic_kv_64k,13888.0
2047.868928,,8622.784512,32,2.047868928,What is the value associated with key 3D3A88B4F474? Return only the value.,68E5B4146E4A,8.622784512,MB,2048.0,0.7625049164628829,13888.0,context_0000,147.456,['F7314F3949A8'],62995,58477.0,synthetic_kv_64k,13888.0
2047.868928,,8622.784512,32,2.047868928,What is the value associated with key C8CCCF01F944? Return only the value.,5417CAAA590E,8.622784512,MB,2048.0,0.7625049164628829,13888.0,context_0000,147.456,['E76A78116802'],62995,58477.0,synthetic_kv_64k,13888.0
2047.868928,,8622.784512,32,2.047868928,What is the value associated with key 31ABD5C9FDC7? Return only the value.,506EB758588D,8.622784512,MB,2048.0,0.7625049164628829,13888.0,context_0000,147.456,['ADA55E2AD32D'],62995,58477.0,synthetic_kv_64k,13888.0
2047.868928,,8622.784512,32,2.047868928,What is the value associated with key 9207F2771F63? Return only the value.,9255ED0940F7,8.622784512,MB,2048.0,0.7625049164628829,13888.0,context_0000,147.456,['70CAFC043F08'],62995,58477.0,synthetic_kv_64k,13888.0
2047.868928,,8622.784512,32,2.047868928,What is the value associated with key C4F97630A8A7? Return only the value.,96A9DC33E1F9,8.622784512,MB,2048.0,0.7625049164628829,13888.0,context_0000,147.456,['C73348223120'],62995,58477.0,synthetic_kv_64k,13888.0
2047.868928,,8622.784512,32,2.047868928,What is the value associated with key 80BE61C2645A? Return only the value.,58275484588A,8.622784512,MB,2048.0,0.7625049164628829,13888.0,context_0000,147.456,['6B2D87079AD4'],62995,58477.0,synthetic_kv_64k,13888.0
2047.868928,,8622.784512,32,2.047868928,What is the value associated with key 297CF75D599F? Return only the value.,585D848D8C3A,8.622784512,MB,2048.0,0.7625049164628829,13888.0,context_0000,147.456,['331FD11FC8C0'],62995,58477.0,synthetic_kv_64k,13888.0
2047.868928,,8622.784512,32,2.047868928,What is the value associated with key 9ACBCD1F5318? Return only the value.,909E8A38D5AA,8.622784512,MB,2048.0,0.7625049164628829,13888.0,context_0000,147.456,['DF7D236E1608'],62995,58477.0,synthetic_kv_64k,13888.0
2047.868928,,8622.784512,32,2.047868928,What is the value associated with key 0D5B400035F0? Return only the value.,582B8458888C,8.622784512,MB,2048.0,0.7625049164628829,13888.0,context_0000,147.456,['7B07A4244F23'],62995,58477.0,synthetic_kv_64k,13888.0
2047.868928,,8622.784512,32,2.047868928,What is the value associated with key 5F07DFC620CE? Return only the value.,5C4432DF8D45,8.622784512,MB,2048.0,0.7625049164628829,13888.0,context_0000,147.456,['EF2D8DF661DA'],62995,58477.0,synthetic_kv_64k,13888.0
2047.868928,,8622.784512,32,2.047868928,What is the value associated with key B61E1A435206? Return only the value.,A4A53862948A,8.622784512,MB,2048.0,0.7625049164628829,13888.0,context_0000,147.456,['8412D88C656D'],62995,58477.0,synthetic_kv_64k,13888.0
2047.868928,,8622.784512,32,2.047868928,What is the value associated with key 1FEAD9E604B3? Return only the value.,The value associated with the key [1FEAD9E604B3] is not present in the provided list.,8.622784512,MB,2048.0,0.7625049164628829,13888.0,context_0000,147.456,['157848F9E3D0'],62995,58477.0,synthetic_kv_64k,13888.0
2047.868928,,8622.784512,32,2.047868928,What is the value associated with key 290AC35B9FEA? Return only the value.,548E6885C38C,8.622784512,MB,2048.0,0.7625049164628829,13888.0,context_0000,147.456,['730645D5A68D'],62995,58477.0,synthetic_kv_64k,13888.0
2047.868928,,8622.784512,32,2.047868928,What is the value associated with key 836BE7C225DA? Return only the value.,548D85C3C38A,8.622784512,MB,2048.0,0.7625049164628829,13888.0,context_0000,147.456,['D4BF25B8A42F'],62995,58477.0,synthetic_kv_64k,13888.0
2047.868928,,8622.784512,32,2.047868928,What is the value associated with key 177A6FFE33B3? Return only the value.,774C1458748C,8.622784512,MB,2048.0,0.7625049164628829,13888.0,context_0000,147.456,['E916F24823AB'],62995,58477.0,synthetic_kv_64k,13888.0
2047.868928,,8622.784512,32,2.047868928,What is the value associated with key D11338D77B9A? Return only the value.,The value associated with the key [D11338D77B9A] is not present in the provided list.,8.622784512,MB,2048.0,0.7625049164628829,13888.0,context_0000,147.456,['E277737D1FB6'],62995,58477.0,synthetic_kv_64k,13888.0
2047.868928,,8622.784512,32,2.047868928,What is the value associated with key EE33597E6845? Return only the value.,The value associated with the key `EE33597E6845` is not present in the provided list of key-value pairs.,8.622784512,MB,2048.0,0.7625049164628829,13888.0,context_0000,147.456,['6A3606D3DB93'],62995,58477.0,synthetic_kv_64k,13888.0
2047.868928,,8622.784512,32,2.047868928,What is the value associated with key 657E0DA23E5C? Return only the value.,A499D40E7E6F,8.622784512,MB,2048.0,0.7625049164628829,13888.0,context_0000,147.456,['5FBB808389C8'],62995,58477.0,synthetic_kv_64k,13888.0
2047.868928,,8622.784512,32,2.047868928,What is the value associated with key 62DB3C5BF3A7? Return only the value.,600436C3FE85,8.622784512,MB,2048.0,0.7625049164628829,13888.0,context_0000,147.456,['14E4FE9936A3'],62995,58477.0,synthetic_kv_64k,13888.0
2047.868928,,8622.784512,32,2.047868928,What is the value associated with key 397B5FFA46EF? Return only the value.,5C448E68C38C,8.622784512,MB,2048.0,0.7625049164628829,13888.0,context_0000,147.456,['519507374C86'],62995,58477.0,synthetic_kv_64k,13888.0
2047.868928,,8622.784512,32,2.047868928,What is the value associated with key 195DEE4A9B5D? Return only the value.,548E69C3D88A,8.622784512,MB,2048.0,0.7625049164628829,13888.0,context_0000,147.456,['B6F6D6D441CC'],62995,58477.0,synthetic_kv_64k,13888.0
2047.868928,,8622.784512,32,2.047868928,What is the value associated with key 55D5A663D2CD? Return only the value.,5854D48C3D8A,8.622784512,MB,2048.0,0.7625049164628829,13888.0,context_0000,147.456,['2563CA97EBF5'],62995,58477.0,synthetic_kv_64k,13888.0
2047.868928,,8622.784512,32,2.047868928,What is the value associated with key 09CE2339BA19? Return only the value.,909E8A38D5AA,8.622784512,MB,2048.0,0.7625049164628829,13888.0,context_0000,147.456,['EADA4970ED9A'],62995,58477.0,synthetic_kv_64k,13888.0
2047.868928,,8622.784512,32,2.047868928,What is the value associated with key 78F2D46B415D? Return only the value.,585C3458888C,8.622784512,MB,2048.0,0.7625049164628829,13888.0,context_0000,147.456,['D4C3B231C60B'],62995,58477.0,synthetic_kv_64k,13888.0
2047.868928,,8622.784512,32,2.047868928,What is the value associated with key C2432387EAF6? Return only the value.,5F902479D48A,8.622784512,MB,2048.0,0.7625049164628829,13888.0,context_0000,147.456,['7817B49E04CC'],62995,58477.0,synthetic_kv_64k,13888.0
2047.868928,,8622.784512,32,2.047868928,What is the value associated with key 9D8772D78BDD? Return only the value.,9255ED0940F7,8.622784512,MB,2048.0,0.7625049164628829,13888.0,context_0000,147.456,['E7E601582463'],62995,58477.0,synthetic_kv_64k,13888.0
2047.868928,,8622.784512,32,2.047868928,What is the value associated with key 04DD144823F7? Return only the value.,The value associated with the key [04DD144823F7] is **5C4432DF8D45,8.622784512,MB,2048.0,0.7625049164628829,13888.0,context_0000,147.456,['373541843B03'],62995,58477.0,synthetic_kv_64k,13888.0
2047.868928,,8622.784512,32,2.047868928,What is the value associated with key 2646D5C0244D? Return only the value.,545D8485D84C,8.622784512,MB,2048.0,0.7625049164628829,13888.0,context_0000,147.456,['F0B28C7E6F42'],62995,58477.0,synthetic_kv_64k,13888.0
2047.868928,,8622.784512,32,2.047868928,What is the value associated with key 9BDFBA2C0F19? Return only the value.,9255ED0940F7,8.622784512,MB,2048.0,0.7625049164628829,13888.0,context_0000,147.456,['6C5A871C0884'],62995,58477.0,synthetic_kv_64k,13888.0
2047.868928,,8622.784512,32,2.047868928,What is the value associated with key C6B31C76BDF6? Return only the value.,548C348D8C3C,8.622784512,MB,2048.0,0.7625049164628829,13888.0,context_0000,147.456,['3CD549C10669'],62995,58477.0,synthetic_kv_64k,13888.0
2047.868928,,8622.784512,32,2.047868928,What is the value associated with key 1F314D183EBA? Return only the value.,The value associated with the key [1F314D183EBA] is **13C3BBF8DA91**,8.622784512,MB,2048.0,0.7625049164628829,13888.0,context_0000,147.456,['3D0A0C394EC7'],62995,58477.0,synthetic_kv_64k,13888.0
2047.868928,,8622.784512,32,2.047868928,What is the value associated with key A3926B79AFCC? Return only the value.,A85456673E49,8.622784512,MB,2048.0,0.7625049164628829,13888.0,context_0000,147.456,['9F70CB3CF8CA'],62995,58477.0,synthetic_kv_64k,13888.0
2047.868928,,8622.784512,32,2.047868928,What is the value associated with key 1014750565F5? Return only the value.,585D8458845D,8.622784512,MB,2048.0,0.7625049164628829,13888.0,context_0000,147.456,['D6311C612EC2'],62995,58477.0,synthetic_kv_64k,13888.0
2047.868928,,8622.784512,32,2.047868928,What is the value associated with key 7FF4E7B7B4C6? Return only the value.,744C35544C2A,8.622784512,MB,2048.0,0.7625049164628829,13888.0,context_0000,147.456,['893A98C3E3CA'],62995,58477.0,synthetic_kv_64k,13888.0
2047.868928,,8622.784512,32,2.047868928,What is the value associated with key A1C704351B64? Return only the value.,A1C704351B64,8.622784512,MB,2048.0,0.7625049164628829,13888.0,context_0000,147.456,['933683EFA9F3'],62995,58477.0,synthetic_kv_64k,13888.0
2047.868928,,8622.784512,32,2.047868928,What is the value associated with key B7F23DEFA849? Return only the value.,The value associated with the key [B7F23DEFA849] is [62823FBBFF57].,8.622784512,MB,2048.0,0.7625049164628829,13888.0,context_0000,147.456,['4A9024C173B9'],62995,58477.0,synthetic_kv_64k,13888.0
2047.868928,,8622.784512,32,2.047868928,What is the value associated with key 00666DE299A1? Return only the value.,0F841931E9EE,8.622784512,MB,2048.0,0.7625049164628829,13888.0,context_0000,147.456,['5A529D642932'],62995,58477.0,synthetic_kv_64k,13888.0
2047.868928,,8622.784512,32,2.047868928,What is the value associated with key 92173D959E3F? Return only the value.,909E8A38D5AA,8.622784512,MB,2048.0,0.7625049164628829,13888.0,context_0000,147.456,['2FF36AA42C9F'],62995,58477.0,synthetic_kv_64k,13888.0
2047.868928,,8622.784512,32,2.047868928,What is the value associated with key AB10AA143CD8? Return only the value.,A85456673E4D,8.622784512,MB,2048.0,0.7625049164628829,13888.0,context_0000,147.456,['860315EACBCF'],62995,58477.0,synthetic_kv_64k,13888.0
2047.868928,,8622.784512,32,2.047868928,What is the value associated with key 5C50F982F4E0? Return only the value.,5C4A5C35488C,8.622784512,MB,2048.0,0.7625049164628829,13888.0,context_0000,147.456,['F41211536E99'],62995,58477.0,synthetic_kv_64k,13888.0
2047.868928,,8622.784512,32,2.047868928,What is the value associated with key 8B4886ABD4E7? Return only the value.,The value associated with the key [8B4886ABD4E7] is [4C9D81E03A5,8.622784512,MB,2048.0,0.7625049164628829,13888.0,context_0000,147.456,['C95281E03A5E'],62995,58477.0,synthetic_kv_64k,13888.0
2047.868928,,8622.784512,32,2.047868928,What is the value associated with key 81F3FD034ADA? Return only the value.,A85456673E49,8.622784512,MB,2048.0,0.7625049164628829,13888.0,context_0000,147.456,['05348DDCE719'],62995,58477.0,synthetic_kv_64k,13888.0
2047.868928,,8622.784512,32,2.047868928,What is the value associated with key DF9263F4C69D? Return only the value.,The value associated with the key [DF9263F4C69D] is not present in the provided list.,8.622784512,MB,2048.0,0.7625049164628829,13888.0,context_0000,147.456,['0B25785AC5D0'],62995,58477.0,synthetic_kv_64k,13888.0
2047.868928,,8622.784512,32,2.047868928,What is the value associated with key 630AA2BB522B? Return only the value.,5C445685544C,8.622784512,MB,2048.0,0.7625049164628829,13888.0,context_0000,147.456,['5F90FB25664D'],62995,58477.0,synthetic_kv_64k,13888.0
2047.868928,,8622.784512,32,2.047868928,What is the value associated with key BF5040EF3935? Return only the value.,The value associated with the key [BF5040EF3935] is not present in the provided list.,8.622784512,MB,2048.0,0.7625049164628829,13888.0,context_0000,147.456,['5B6A04287378'],62995,58477.0,synthetic_kv_64k,13888.0
2047.868928,,8622.784512,32,2.047868928,What is the value associated with key 114BC9DC72B8? Return only the value.,7A0E958C48D4,8.622784512,MB,2048.0,0.7625049164628829,13888.0,context_0000,147.456,['3DBA5844F9FC'],62995,58477.0,synthetic_kv_64k,13888.0
2047.868928,,8622.784512,32,2.047868928,What is the value associated with key A837BBA205CA? Return only the value.,548D85858585,8.622784512,MB,2048.0,0.7625049164628829,13888.0,context_0000,147.456,['1A89A0D572C8'],62995,58477.0,synthetic_kv_64k,13888.0
2047.868928,,8622.784512,32,2.047868928,What is the value associated with key 94F7C5811D2D? Return only the value.,The value associated with the key [94F7C5811D2D] is not present in the provided list.,8.622784512,MB,2048.0,0.7625049164628829,13888.0,context_0000,147.456,['C1B5BC3536DF'],62995,58477.0,synthetic_kv_64k,13888.0
2047.868928,,8622.784512,32,2.047868928,What is the value associated with key 2227551FF086? Return only the value.,5C4432DF8D45,8.622784512,MB,2048.0,0.7625049164628829,13888.0,context_0000,147.456,['5A300B599562'],62995,58477.0,synthetic_kv_64k,13888.0
2047.868928,,8622.784512,32,2.047868928,What is the value associated with key 56AB8BC78E81? Return only the value.,548C348D884C,8.622784512,MB,2048.0,0.7625049164628829,13888.0,context_0000,147.456,['A48ED0421DFA'],62995,58477.0,synthetic_kv_64k,13888.0
2047.868928,,8622.784512,32,2.047868928,What is the value associated with key D4942CD2A404? Return only the value.,A8545667444D,8.622784512,MB,2048.0,0.7625049164628829,13888.0,context_0000,147.456,['AF47C775E395'],62995,58477.0,synthetic_kv_64k,13888.0
2047.868928,,8622.784512,32,2.047868928,What is the value associated with key FB1676F186AB? Return only the value.,The value associated with the key [FB1676F186AB] is not present in the provided list.,8.622784512,MB,2048.0,0.7625049164628829,13888.0,context_0000,147.456,['7A81B20507BB'],62995,58477.0,synthetic_kv_64k,13888.0
2047.868928,,8622.784512,32,2.047868928,What is the value associated with key 2EA9A1B970D0? Return only the value.,The value associated with the key [2EA9A1B970D0] is not present in the provided list.,8.622784512,MB,2048.0,0.7625049164628829,13888.0,context_0000,147.456,['2285CFBE4FE9'],62995,58477.0,synthetic_kv_64k,13888.0
2047.868928,,8622.784512,32,2.047868928,What is the value associated with key B74E10275B53? Return only the value.,The value associated with the key [B74E10275B53] is not present in the provided list.,8.622784512,MB,2048.0,0.7625049164628829,13888.0,context_0000,147.456,['F190C6B469EF'],62995,58477.0,synthetic_kv_64k,13888.0
2047.868928,,8622.784512,32,2.047868928,What is the value associated with key 0977752A7D25? Return only the value.,73948435D88C,8.622784512,MB,2048.0,0.7625049164628829,13888.0,context_0000,147.456,['339B4B1F0D7B'],62995,58477.0,synthetic_kv_64k,13888.0
2047.868928,,8622.784512,32,2.047868928,What is the value associated with key CA860B36E356? Return only the value.,5C448D35458A,8.622784512,MB,2048.0,0.7625049164628829,13888.0,context_0000,147.456,['E2C333107475'],62995,58477.0,synthetic_kv_64k,13888.0
2047.868928,,8622.784512,32,2.047868928,What is the value associated with key 50CA0ABA590E? Return only the value.,502E013CA998,8.622784512,MB,2048.0,0.7625049164628829,13888.0,context_0000,147.456,['4F61EEF16694'],62995,58477.0,synthetic_kv_64k,13888.0
2047.868928,,8622.784512,32,2.047868928,What is the value associated with key 65F283F02DC7? Return only the value.,66F58D7D7C3C,8.622784512,MB,2048.0,0.7625049164628829,13888.0,context_0000,147.456,['D0BEFD372539'],62995,58477.0,synthetic_kv_64k,13888.0
2047.868928,,8622.784512,32,2.047868928,What is the value associated with key 79308B040F49? Return only the value.,5F9D843D888C,8.622784512,MB,2048.0,0.7625049164628829,13888.0,context_0000,147.456,['095F40D92BCE'],62995,58477.0,synthetic_kv_64k,13888.0
2047.868928,,8622.784512,32,2.047868928,What is the value associated with key A59BC0D7AC73? Return only the value.,The value associated with the key [A59BC0D7AC73] is not present in the provided list.,8.622784512,MB,2048.0,0.7625049164628829,13888.0,context_0000,147.456,['493E30EC2796'],62995,58477.0,synthetic_kv_64k,13888.0
2047.868928,,8622.784512,32,2.047868928,What is the value associated with key DCB55B62A8DF? Return only the value.,5C4D84C3458A,8.622784512,MB,2048.0,0.7625049164628829,13888.0,context_0000,147.456,['0C3CC7E53BBB'],62995,58477.0,synthetic_kv_64k,13888.0
2047.868928,,8622.784512,32,2.047868928,What is the value associated with key A7DEDDA4F4A7? Return only the value.,A7DEDDA4F4A7: 909E8A38D5AA,8.622784512,MB,2048.0,0.7625049164628829,13888.0,context_0000,147.456,['45F154F90429'],62995,58477.0,synthetic_kv_64k,13888.0
2047.868928,,8622.784512,32,2.047868928,What is the value associated with key CCA11FDD980A? Return only the value.,544858485848,8.622784512,MB,2048.0,0.7625049164628829,13888.0,context_0000,147.456,['6FDC5E368127'],62995,58477.0,synthetic_kv_64k,13888.0
2047.868928,,8622.784512,32,2.047868928,What is the value associated with key 6667E3B56360? Return only the value.,6AA685D8858C,8.622784512,MB,2048.0,0.7625049164628829,13888.0,context_0000,147.456,['7092BE4969EC'],62995,58477.0,synthetic_kv_64k,13888.0
2047.868928,,8622.784512,32,2.047868928,What is the value associated with key F4DBE506F670? Return only the value.,5C44855B6C5B,8.622784512,MB,2048.0,0.7625049164628829,13888.0,context_0000,147.456,['56CB62FB26D7'],62995,58477.0,synthetic_kv_64k,13888.0
2047.868928,,8622.784512,32,2.047868928,What is the value associated with key 2FD3F945F2FD? Return only the value.,The value associated with the key [2FD3F945F2FD] is not present in the provided list.,8.622784512,MB,2048.0,0.7625049164628829,13888.0,context_0000,147.456,['B12B7F072CB9'],62995,58477.0,synthetic_kv_64k,13888.0
2047.868928,,8622.784512,32,2.047868928,What is the value associated with key 5E0A7F5DB163? Return only the value.,5C9BE1887EAF,8.622784512,MB,2048.0,0.7625049164628829,13888.0,context_0000,147.456,['CC1BEC9F9C54'],62995,58477.0,synthetic_kv_64k,13888.0
2047.868928,,8622.784512,32,2.047868928,What is the value associated with key 444784EF4324? Return only the value.,461D838C1585,8.622784512,MB,2048.0,0.7625049164628829,13888.0,context_0000,147.456,['1526CD180A82'],62995,58477.0,synthetic_kv_64k,13888.0
2047.868928,,8622.784512,32,2.047868928,What is the value associated with key 6CACBA220065? Return only the value.,639D790B185C,8.622784512,MB,2048.0,0.7625049164628829,13888.0,context_0000,147.456,['6E3C14348F62'],62995,58477.0,synthetic_kv_64k,13888.0
2047.868928,,8622.784512,32,2.047868928,What is the value associated with key FEBE9A3A6103? Return only the value.,6E3C14348EAF,8.622784512,MB,2048.0,0.7625049164628829,13888.0,context_0000,147.456,['2E32D284F54E'],62995,58477.0,synthetic_kv_64k,13888.0
2047.868928,,8622.784512,32,2.047868928,What is the value associated with key 4B348BA435CC? Return only the value.,348885858585,8.622784512,MB,2048.0,0.7625049164628829,13888.0,context_0000,147.456,['1A43523AE993'],62995,58477.0,synthetic_kv_64k,13888.0
2047.868928,,8622.784512,32,2.047868928,What is the value associated with key 53F2147F6570? Return only the value.,504A5D8C344C,8.622784512,MB,2048.0,0.7625049164628829,13888.0,context_0000,147.456,['4BAFA9320094'],62995,58477.0,synthetic_kv_64k,13888.0
2047.868928,,8622.784512,32,2.047868928,What is the value associated with key 72274E76833A? Return only the value.,5C3C45E6C38A,8.622784512,MB,2048.0,0.7625049164628829,13888.0,context_0000,147.456,['B7B89A45693D'],62995,58477.0,synthetic_kv_64k,13888.0
2047.868928,,8622.784512,32,2.047868928,What is the value associated with key 2AA96D15F16F? Return only the value.,The value associated with the key [2AA96D15F16F] is [44444444444,8.622784512,MB,2048.0,0.7625049164628829,13888.0,context_0000,147.456,['71A3B0946D2A'],62995,58477.0,synthetic_kv_64k,13888.0
2047.868928,,8622.784512,32,2.047868928,What is the value associated with key 727759FEFBBC? Return only the value.,774C34545C3C,8.622784512,MB,2048.0,0.7625049164628829,13888.0,context_0000,147.456,['BA100AD7C9A2'],62995,58477.0,synthetic_kv_64k,13888.0
2047.868928,,8622.784512,32,2.047868928,What is the value associated with key E95FDEBAC186? Return only the value.,The value associated with the key [E95FDEBAC186] is not present in the provided list.,8.622784512,MB,2048.0,0.7625049164628829,13888.0,context_0000,147.456,['9D665A4153B3'],62995,58477.0,synthetic_kv_64k,13888.0
2047.868928,,8622.784512,32,2.047868928,What is the value associated with key 6F58FF86CC31? Return only the value.,668585858585,8.622784512,MB,2048.0,0.7625049164628829,13888.0,context_0000,147.456,['A3B446494296'],62995,58477.0,synthetic_kv_64k,13888.0
2047.868928,,8622.784512,32,2.047868928,What is the value associated with key CA9EFAE3114B? Return only the value.,3F6E688D8C3A,8.622784512,MB,2048.0,0.7625049164628829,13888.0,context_0000,147.456,['0EAFF2A9DC8A'],62995,58477.0,synthetic_kv_64k,13888.0
2047.868928,,8622.784512,32,2.047868928,What is the value associated with key ABD21335E5DB? Return only the value.,A8545667544C,8.622784512,MB,2048.0,0.7625049164628829,13888.0,context_0000,147.456,['67FDA334058A'],62995,58477.0,synthetic_kv_64k,13888.0
2047.868928,,8622.784512,32,2.047868928,What is the value associated with key 83595D01F55F? Return only the value.,The value associated with the key [83595D01F55F] is not present in the provided list.,8.622784512,MB,2048.0,0.7625049164628829,13888.0,context_0000,147.456,['BFF9CD14A03E'],62995,58477.0,synthetic_kv_64k,13888.0
2047.868928,,8622.784512,32,2.047868928,What is the value associated with key 28F4ADEDDA80? Return only the value.,58254885588A,8.622784512,MB,2048.0,0.7625049164628829,13888.0,context_0000,147.456,['07F8F3EA0184'],62995,58477.0,synthetic_kv_64k,13888.0
2047.868928,,8622.784512,32,2.047868928,What is the value associated with key D942248D31EC? Return only the value.,5F985458888A,8.622784512,MB,2048.0,0.7625049164628829,13888.0,context_0000,147.456,['AD979B89E5CB'],62995,58477.0,synthetic_kv_64k,13888.0
2047.868928,,8622.784512,32,2.047868928,What is the value associated with key 702CC8040FB7? Return only the value.,774C85548C3A,8.622784512,MB,2048.0,0.7625049164628829,13888.0,context_0000,147.456,['205008E895D7'],62995,58477.0,synthetic_kv_64k,13888.0
2047.868928,,8622.784512,32,2.047868928,What is the value associated with key 3C6A113634A5? Return only the value.,3D44536C3B88,8.622784512,MB,2048.0,0.7625049164628829,13888.0,context_0000,147.456,['A529C74CC890'],62995,58477.0,synthetic_kv_64k,13888.0
2047.868928,,8622.784512,32,2.047868928,What is the value associated with key 5CB55DC7B3E6? Return only the value.,5F98A6574C2A,8.622784512,MB,2048.0,0.7625049164628829,13888.0,context_0000,147.456,['F3106202BEE6'],62995,58477.0,synthetic_kv_64k,13888.0
2047.868928,,8622.784512,32,2.047868928,What is the value associated with key 084A9136F1F8? Return only the value.,The value associated with the key [084A9136F1F8] is not present in the provided list.,8.622784512,MB,2048.0,0.7625049164628829,13888.0,context_0000,147.456,['27479AE77EAB'],62995,58477.0,synthetic_kv_64k,13888.0
2047.868928,,8622.784512,32,2.047868928,What is the value associated with key 732EADD702C9? Return only the value.,774C7F4D883D,8.622784512,MB,2048.0,0.7625049164628829,13888.0,context_0000,147.456,['5EF7F2E6195F'],62995,58477.0,synthetic_kv_64k,13888.0
2047.868928,,8622.784512,32,2.047868928,What is the value associated with key 71A65F3C44DC? Return only the value.,A58B85D85C4D,8.622784512,MB,2048.0,0.7625049164628829,13888.0,context_0000,147.456,['13AEC359810A'],62995,58477.0,synthetic_kv_64k,13888.0
2047.868928,,8622.784512,32,2.047868928,What is the value associated with key 233F92EC89AF? Return only the value.,5F98A65D8C3A,8.622784512,MB,2048.0,0.7625049164628829,13888.0,context_0000,147.456,['5DF0878AAED9'],62995,58477.0,synthetic_kv_64k,13888.0
2047.868928,,8622.784512,32,2.047868928,What is the value associated with key 507B65E58F34? Return only the value.,The value associated with the key [507B65E58F34] is not present in the provided list.,8.622784512,MB,2048.0,0.7625049164628829,13888.0,context_0000,147.456,['4758A6499CDC'],62995,58477.0,synthetic_kv_64k,13888.0
2047.868928,,8622.784512,32,2.047868928,What is the value associated with key F5E43FE68C9C? Return only the value.,548E693D748A,8.622784512,MB,2048.0,0.7625049164628829,13888.0,context_0000,147.456,['06A21D0AF7F7'],62995,58477.0,synthetic_kv_64k,13888.0
2047.868928,,8622.784512,32,2.047868928,What is the value associated with key 2FA0BC55300B? Return only the value.,5C4432DF8D45,8.622784512,MB,2048.0,0.7625049164628829,13888.0,context_0000,147.456,['848A7FC15858'],62995,58477.0,synthetic_kv_64k,13888.0
2047.868928,,8622.784512,32,2.047868928,What is the value associated with key E9DD63119ACA? Return only the value.,509426A774A9,8.622784512,MB,2048.0,0.7625049164628829,13888.0,context_0000,147.456,['1E258FC9C86B'],62995,58477.0,synthetic_kv_64k,13888.0
2047.868928,,8622.784512,32,2.047868928,What is the value associated with key C6644303CBC1? Return only the value.,3D848554888C,8.622784512,MB,2048.0,0.7625049164628829,13888.0,context_0000,147.456,['B43B42A259A6'],62995,58477.0,synthetic_kv_64k,13888.0
2047.868928,,8622.784512,32,2.047868928,What is the value associated with key 36EE723EF466? Return only the value.,388548854885,8.622784512,MB,2048.0,0.7625049164628829,13888.0,context_0000,147.456,['9CA3FF11C8BA'],62995,58477.0,synthetic_kv_64k,13888.0
2047.868928,,8622.784512,32,2.047868928,What is the value associated with key B1A8491B90E9? Return only the value.,The value associated with the key [B1A8491B90E9] is not present in the provided list.,8.622784512,MB,2048.0,0.7625049164628829,13888.0,context_0000,147.456,['FFA6EA9E5C8D'],62995,58477.0,synthetic_kv_64k,13888.0
2047.868928,,8622.784512,32,2.047868928,What is the value associated with key 333E7DBF4BC1? Return only the value.,5C70FCA45567,8.622784512,MB,2048.0,0.7625049164628829,13888.0,context_0000,147.456,['22BF1F652A87'],62995,58477.0,synthetic_kv_64k,13888.0
2047.868928,,8622.784512,32,2.047868928,What is the value associated with key 12F5DA52D2EE? Return only the value.,5C70FCA45567,8.622784512,MB,2048.0,0.7625049164628829,13888.0,context_0000,147.456,['2C3373B911D8'],62995,58477.0,synthetic_kv_64k,13888.0
2047.868928,,8622.784512,32,2.047868928,What is the value associated with key B69FE60FD420? Return only the value.,The value associated with the key [B69FE60FD420] is not present in the provided list.,8.622784512,MB,2048.0,0.7625049164628829,13888.0,context_0000,147.456,['FF4C71F2CE8F'],62995,58477.0,synthetic_kv_64k,13888.0
2047.868928,,8622.784512,32,2.047868928,What is the value associated with key CF7D1679742F? Return only the value.,742A5C34588C,8.622784512,MB,2048.0,0.7625049164628829,13888.0,context_0000,147.456,['F7B2AE92EA71'],62995,58477.0,synthetic_kv_64k,13888.0
2047.868928,,8622.784512,32,2.047868928,What is the value associated with key FC90D8741408? Return only the value.,548888888888,8.622784512,MB,2048.0,0.7625049164628829,13888.0,context_0000,147.456,['AAF751D08109'],62995,58477.0,synthetic_kv_64k,13888.0
2047.868928,,8622.784512,32,2.047868928,What is the value associated with key B5A458F0DD23? Return only the value.,548E685D858A,8.622784512,MB,2048.0,0.7625049164628829,13888.0,context_0000,147.456,['8CCC109FD8EE'],62995,58477.0,synthetic_kv_64k,13888.0
2047.868928,,8622.784512,32,2.047868928,What is the value associated with key 4A558ACBBE09? Return only the value.,5C4432DF8D45,8.622784512,MB,2048.0,0.7625049164628829,13888.0,context_0000,147.456,['4CC9E42E5037'],62995,58477.0,synthetic_kv_64k,13888.0
2047.868928,,8622.784512,32,2.047868928,What is the value associated with key 2852D9F2DD0D? Return only the value.,The value associated with the key [2852D9F2DD0D] is [4C7FA3760C2D,8.622784512,MB,2048.0,0.7625049164628829,13888.0,context_0000,147.456,['B5A5B6391F04'],62995,58477.0,synthetic_kv_64k,13888.0
2047.868928,,8622.784512,32,2.047868928,What is the value associated with key B341ED6522B4? Return only the value.,The value associated with the key [B341ED6522B4] is not present in the provided list.,8.622784512,MB,2048.0,0.7625049164628829,13888.0,context_0000,147.456,['2C91A3404F08'],62995,58477.0,synthetic_kv_64k,13888.0
2047.868928,,8622.784512,32,2.047868928,What is the value associated with key 5C8ACB2FAFA3? Return only the value.,5C8ACB2FAFA3 is not present in the provided list of key-value pairs.,8.622784512,MB,2048.0,0.7625049164628829,13888.0,context_0000,147.456,['3967823DD107'],62995,58477.0,synthetic_kv_64k,13888.0
2047.868928,,8622.784512,32,2.047868928,What is the value associated with key FC311F119C0F? Return only the value.,96A985A3D48C,8.622784512,MB,2048.0,0.7625049164628829,13888.0,context_0000,147.456,['CAC43373730E'],62995,58477.0,synthetic_kv_64k,13888.0
2047.868928,,8622.784512,32,2.047868928,What is the value associated with key 3C9A238D6F44? Return only the value.,680A2A935D62,8.622784512,MB,2048.0,0.7625049164628829,13888.0,context_0000,147.456,['7E78CA55E38B'],62995,58477.0,synthetic_kv_64k,13888.0
2047.868928,,8622.784512,32,2.047868928,What is the value associated with key 5C6306BA8CD3? Return only the value.,5C6306BA8CD3,8.622784512,MB,2048.0,0.7625049164628829,13888.0,context_0000,147.456,['92808DD4595B'],62995,58477.0,synthetic_kv_64k,13888.0
2047.868928,,8622.784512,32,2.047868928,What is the value associated with key 77A75E70F65F? Return only the value.,7B8584858485,8.622784512,MB,2048.0,0.7625049164628829,13888.0,context_0000,147.456,['FBA6CDBCC653'],62995,58477.0,synthetic_kv_64k,13888.0
2047.868928,,8622.784512,32,2.047868928,What is the value associated with key 21388D38BBD8? Return only the value.,548E69C8A4C3,8.622784512,MB,2048.0,0.7625049164628829,13888.0,context_0000,147.456,['E25D9CA8A5C4'],62995,58477.0,synthetic_kv_64k,13888.0
2047.868928,,8622.784512,32,2.047868928,What is the value associated with key 10D4161237C9? Return only the value.,The value associated with the key [10D4161237C9] is [A267D893D5,8.622784512,MB,2048.0,0.7625049164628829,13888.0,context_0000,147.456,['65ED4F2DAD3F'],62995,58477.0,synthetic_kv_64k,13888.0
2047.868928,,8622.784512,32,2.047868928,What is the value associated with key B788FFE575F6? Return only the value.,The value associated with the key [B788FFE575F6] is not present in the provided list.,8.622784512,MB,2048.0,0.7625049164628829,13888.0,context_0000,147.456,['7A89B807D78A'],62995,58477.0,synthetic_kv_64k,13888.0
2047.868928,,8622.784512,32,2.047868928,What is the value associated with key 69298693FD9D? Return only the value.,9F4A52CB1AE0,8.622784512,MB,2048.0,0.7625049164628829,13888.0,context_0000,147.456,['68D0C4E7F7DD'],62995,58477.0,synthetic_kv_64k,13888.0
2047.868928,,8622.784512,32,2.047868928,What is the value associated with key 932CD2C65EE4? Return only the value.,905D936D7C3A,8.622784512,MB,2048.0,0.7625049164628829,13888.0,context_0000,147.456,['201512E153A6'],62995,58477.0,synthetic_kv_64k,13888.0
2047.868928,,8622.784512,32,2.047868928,What is the value associated with key 5128F8EDE0CA? Return only the value.,544C45544C45,8.622784512,MB,2048.0,0.7625049164628829,13888.0,context_0000,147.456,['12FCA4704D48'],62995,58477.0,synthetic_kv_64k,13888.0
2047.868928,,8622.784512,32,2.047868928,What is the value associated with key 774073318749? Return only the value.,9F9D8A3D788C,8.622784512,MB,2048.0,0.7625049164628829,13888.0,context_0000,147.456,['8471AE1B9F69'],62995,58477.0,synthetic_kv_64k,13888.0
2047.868928,,8622.784512,32,2.047868928,What is the value associated with key 20DA58321EE4? Return only the value.,C43D9C354C3C,8.622784512,MB,2048.0,0.7625049164628829,13888.0,context_0000,147.456,['D43CE0C1FF1E'],62995,58477.0,synthetic_kv_64k,13888.0
2047.868928,,8622.784512,32,2.047868928,What is the value associated with key 8D22C7BF4FBC? Return only the value.,A68D85E6C34C,8.622784512,MB,2048.0,0.7625049164628829,13888.0,context_0000,147.456,['9679A3C988E4'],62995,58477.0,synthetic_kv_64k,13888.0
2047.868928,,8622.784512,32,2.047868928,What is the value associated with key C48D2E9522D6? Return only the value.,5C9D8D8C3E6C,8.622784512,MB,2048.0,0.7625049164628829,13888.0,context_0000,147.456,['2108F75D1E3C'],62995,58477.0,synthetic_kv_64k,13888.0
2047.868928,,8622.784512,32,2.047868928,What is the value associated with key 80BB6EC01269? Return only the value.,894858858885,8.622784512,MB,2048.0,0.7625049164628829,13888.0,context_0000,147.456,['DE43E9247069'],62995,58477.0,synthetic_kv_64k,13888.0
2047.868928,,8622.784512,32,2.047868928,What is the value associated with key D4D60E2F8958? Return only the value.,The value associated with the key [D4D60E2F8958] is [1234567890,8.622784512,MB,2048.0,0.7625049164628829,13888.0,context_0000,147.456,['84A21FC905F8'],62995,58477.0,synthetic_kv_64k,13888.0
2047.868928,,8622.784512,32,2.047868928,What is the value associated with key 4DDB272C0588? Return only the value.,585458545854,8.622784512,MB,2048.0,0.7625049164628829,13888.0,context_0000,147.456,['29762A26F770'],62995,58477.0,synthetic_kv_64k,13888.0
2047.868928,,8622.784512,32,2.047868928,What is the value associated with key EF4A5299E505? Return only the value.,582548855885,8.622784512,MB,2048.0,0.7625049164628829,13888.0,context_0000,147.456,['39B8B596CA7C'],62995,58477.0,synthetic_kv_64k,13888.0
2047.868928,,8622.784512,32,2.047868928,What is the value associated with key F28E5894F7F1? Return only the value.,548C3485888A,8.622784512,MB,2048.0,0.7625049164628829,13888.0,context_0000,147.456,['84D6F0DF1684'],62995,58477.0,synthetic_kv_64k,13888.0
2047.868928,,8622.784512,32,2.047868928,What is the value associated with key 48B7E519DD7E? Return only the value.,548E69C3E68A,8.622784512,MB,2048.0,0.7625049164628829,13888.0,context_0000,147.456,['1430D88F1C94'],62995,58477.0,synthetic_kv_64k,13888.0
2047.868928,,8622.784512,32,2.047868928,What is the value associated with key 32404027AB7D? Return only the value.,5C94D88D8C3A,8.622784512,MB,2048.0,0.7625049164628829,13888.0,context_0000,147.456,['F4D3A29319FA'],62995,58477.0,synthetic_kv_64k,13888.0
2047.868928,,8622.784512,32,2.047868928,What is the value associated with key 46428D03F17A? Return only the value.,5C4432DF8D45,8.622784512,MB,2048.0,0.7625049164628829,13888.0,context_0000,147.456,['A001200B2903'],62995,58477.0,synthetic_kv_64k,13888.0
2047.868928,,8622.784512,32,2.047868928,What is the value associated with key 9D4B4D85E9C7? Return only the value.,909E8A38D5AA,8.622784512,MB,2048.0,0.7625049164628829,13888.0,context_0000,147.456,['17EA8892042F'],62995,58477.0,synthetic_kv_64k,13888.0
2047.868928,,8622.784512,32,2.047868928,What is the value associated with key A41780A8A23D? Return only the value.,A84D858C348C,8.622784512,MB,2048.0,0.7625049164628829,13888.0,context_0000,147.456,['97802B2BB8E9'],62995,58477.0,synthetic_kv_64k,13888.0
2047.868928,,8622.784512,32,2.047868928,What is the value associated with key 94A5F10D27C8? Return only the value.,7B858E6C3E6C,8.622784512,MB,2048.0,0.7625049164628829,13888.0,context_0000,147.456,['2BD327794685'],62995,58477.0,synthetic_kv_64k,13888.0
2047.868928,,8622.784512,32,2.047868928,What is the value associated with key 9FDDA8A2B7AD? Return only the value.,B85858585858,8.622784512,MB,2048.0,0.7625049164628829,13888.0,context_0000,147.456,['E6E9B87B6384'],62995,58477.0,synthetic_kv_64k,13888.0
2047.868928,,8622.784512,32,2.047868928,What is the value associated with key 566E9AEA622F? Return only the value.,589D8585C38C,8.622784512,MB,2048.0,0.7625049164628829,13888.0,context_0000,147.456,['EC86D7B00BDC'],62995,58477.0,synthetic_kv_64k,13888.0
2047.868928,,8622.784512,32,2.047868928,What is the value associated with key 0A8B90494583? Return only the value.,5C70FCA45567,8.622784512,MB,2048.0,0.7625049164628829,13888.0,context_0000,147.456,['DD20D342AF08'],62995,58477.0,synthetic_kv_64k,13888.0
2047.868928,,8622.784512,32,2.047868928,What is the value associated with key 14CB07437C3B? Return only the value.,73D785555555,8.622784512,MB,2048.0,0.7625049164628829,13888.0,context_0000,147.456,['F2D30BA36279'],62995,58477.0,synthetic_kv_64k,13888.0
2047.868928,,8622.784512,32,2.047868928,What is the value associated with key C561A4364FCD? Return only the value.,5893D48C344A,8.622784512,MB,2048.0,0.7625049164628829,13888.0,context_0000,147.456,['43C093A74792'],62995,58477.0,synthetic_kv_64k,13888.0
2047.868928,,8622.784512,32,2.047868928,What is the value associated with key 35F7A6B07458? Return only the value.,The value associated with the key [35F7A6B07458] is not present in the provided list.,8.622784512,MB,2048.0,0.7625049164628829,13888.0,context_0000,147.456,['9277C4576CC3'],62995,58477.0,synthetic_kv_64k,13888.0
2047.868928,,8622.784512,32,2.047868928,What is the value associated with key 9E3C6AA56E6D? Return only the value.,9FBCD8548C3A,8.622784512,MB,2048.0,0.7625049164628829,13888.0,context_0000,147.456,['07C0A394ED54'],62995,58477.0,synthetic_kv_64k,13888.0
2047.868928,,8622.784512,32,2.047868928,What is the value associated with key E3957F7F6C0A? Return only the value.,548E6885C38A,8.622784512,MB,2048.0,0.7625049164628829,13888.0,context_0000,147.456,['8BAAA08DD21B'],62995,58477.0,synthetic_kv_64k,13888.0
2047.868928,,8622.784512,32,2.047868928,What is the value associated with key A4544A27EBF2? Return only the value.,A4544A27EBF2: 46E1DC8AB6A7,8.622784512,MB,2048.0,0.7625049164628829,13888.0,context_0000,147.456,['4D56F4E7069A'],62995,58477.0,synthetic_kv_64k,13888.0
2047.868928,,8622.784512,32,2.047868928,What is the value associated with key 3EB07BA24588? Return only the value.,23B8392456DE,8.622784512,MB,2048.0,0.7625049164628829,13888.0,context_0000,147.456,['CEAECE000AF0'],62995,58477.0,synthetic_kv_64k,13888.0
2047.868928,,8622.784512,32,2.047868928,What is the value associated with key 67F5AF5B8F47? Return only the value.,A68B85E6C38A,8.622784512,MB,2048.0,0.7625049164628829,13888.0,context_0000,147.456,['741B4C24A053'],62995,58477.0,synthetic_kv_64k,13888.0
2047.868928,,8622.784512,32,2.047868928,What is the value associated with key B04812AE5C22? Return only the value.,5C07D71173E4,8.622784512,MB,2048.0,0.7625049164628829,13888.0,context_0000,147.456,['28770F5675F8'],62995,58477.0,synthetic_kv_64k,13888.0
2047.868928,,8622.784512,32,2.047868928,What is the value associated with key 6A667089FC6D? Return only the value.,668D85E6C38A,8.622784512,MB,2048.0,0.7625049164628829,13888.0,context_0000,147.456,['76E57BF7E1D3'],62995,58477.0,synthetic_kv_64k,13888.0
2047.868928,,8622.784512,32,2.047868928,What is the value associated with key 5716343ADA2A? Return only the value.,54F4595A83E8,8.622784512,MB,2048.0,0.7625049164628829,13888.0,context_0000,147.456,['24C79B4E164B'],62995,58477.0,synthetic_kv_64k,13888.0
2047.868928,,8622.784512,32,2.047868928,What is the value associated with key DC8A5005680F? Return only the value.,8C354A3D788C,8.622784512,MB,2048.0,0.7625049164628829,13888.0,context_0000,147.456,['51BEB7E6A14C'],62995,58477.0,synthetic_kv_64k,13888.0
2047.868928,,8622.784512,32,2.047868928,What is the value associated with key FCEFBBF483CE? Return only the value.,23D719B816EA,8.622784512,MB,2048.0,0.7625049164628829,13888.0,context_0000,147.456,['586ADC5BE7D1'],62995,58477.0,synthetic_kv_64k,13888.0
2047.868928,,8622.784512,32,2.047868928,What is the value associated with key 6612F9B21E6E? Return only the value.,6E685458858C,8.622784512,MB,2048.0,0.7625049164628829,13888.0,context_0000,147.456,['C2BA2179E3F0'],62995,58477.0,synthetic_kv_64k,13888.0
2047.868928,,8622.784512,32,2.047868928,What is the value associated with key 83D55EDBB8EE? Return only the value.,83D55EDBB8EE is not a key present in the provided list.,8.622784512,MB,2048.0,0.7625049164628829,13888.0,context_0000,147.456,['1B2E8FC85FC0'],62995,58477.0,synthetic_kv_64k,13888.0
2047.868928,,8622.784512,32,2.047868928,What is the value associated with key 3DE251B1943C? Return only the value.,39D0F69D883A,8.622784512,MB,2048.0,0.7625049164628829,13888.0,context_0000,147.456,['1F5D776ABF09'],62995,58477.0,synthetic_kv_64k,13888.0
2047.868928,,8622.784512,32,2.047868928,What is the value associated with key 731844790612? Return only the value.,9458D48C388A,8.622784512,MB,2048.0,0.7625049164628829,13888.0,context_0000,147.456,['24103F779CAE'],62995,58477.0,synthetic_kv_64k,13888.0
2047.868928,,8622.784512,32,2.047868928,What is the value associated with key 0CF418C8A616? Return only the value.,The value associated with the key [0CF418C8A616] is not present in the provided list.,8.622784512,MB,2048.0,0.7625049164628829,13888.0,context_0000,147.456,['F2044A4B5563'],62995,58477.0,synthetic_kv_64k,13888.0
2047.868928,,8622.784512,32,2.047868928,What is the value associated with key DD396257A4A2? Return only the value.,58545D888888,8.622784512,MB,2048.0,0.7625049164628829,13888.0,context_0000,147.456,['6B0A9D896047'],62995,58477.0,synthetic_kv_64k,13888.0
2047.868928,,8622.784512,32,2.047868928,What is the value associated with key F6723F8EA40A? Return only the value.,82E9D88C344C,8.622784512,MB,2048.0,0.7625049164628829,13888.0,context_0000,147.456,['E6FDDD84CACC'],62995,58477.0,synthetic_kv_64k,13888.0
2047.868928,,8622.784512,32,2.047868928,What is the value associated with key D04028E213BC? Return only the value.,907244C07A9A,8.622784512,MB,2048.0,0.7625049164628829,13888.0,context_0000,147.456,['EF0A53D2D56D'],62995,58477.0,synthetic_kv_64k,13888.0
2047.868928,,8622.784512,32,2.047868928,What is the value associated with key B89B93E34C35? Return only the value.,The value associated with the key [B89B93E34C35] is not present in the provided list.,8.622784512,MB,2048.0,0.7625049164628829,13888.0,context_0000,147.456,['3098500E15C0'],62995,58477.0,synthetic_kv_64k,13888.0
2047.868928,,8622.784512,32,2.047868928,What is the value associated with key 28CAC35BEC2C? Return only the value.,543B8D7C3C3C,8.622784512,MB,2048.0,0.7625049164628829,13888.0,context_0000,147.456,['FEF77F8E5483'],62995,58477.0,synthetic_kv_64k,13888.0
2047.868928,,8622.784512,32,2.047868928,What is the value associated with key 778183C501CB? Return only the value.,778183C501CB,8.622784512,MB,2048.0,0.7625049164628829,13888.0,context_0000,147.456,['E10B7FAEB748'],62995,58477.0,synthetic_kv_64k,13888.0
2047.868928,,8622.784512,32,2.047868928,What is the value associated with key 7F534EFC8248? Return only the value.,774C14548C3A,8.622784512,MB,2048.0,0.7625049164628829,13888.0,context_0000,147.456,['170D05EEE1D4'],62995,58477.0,synthetic_kv_64k,13888.0
2047.868928,,8622.784512,32,2.047868928,What is the value associated with key 64ABF1FAC6E7? Return only the value.,66FBB38577E6,8.622784512,MB,2048.0,0.7625049164628829,13888.0,context_0000,147.456,['750D8164CEEC'],62995,58477.0,synthetic_kv_64k,13888.0
2047.868928,,8622.784512,32,2.047868928,What is the value associated with key 3DA0F778C676? Return only the value.,6F25D88D8C3C,8.622784512,MB,2048.0,0.7625049164628829,13888.0,context_0000,147.456,['95563713B466'],62995,58477.0,synthetic_kv_64k,13888.0
2047.868928,,8622.784512,32,2.047868928,What is the value associated with key 0C745A575539? Return only the value.,585555555555,8.622784512,MB,2048.0,0.7625049164628829,13888.0,context_0000,147.456,['48060CF0374C'],62995,58477.0,synthetic_kv_64k,13888.0
2047.868928,,8622.784512,32,2.047868928,What is the value associated with key 98F67EB162F1? Return only the value.,The value associated with the key [98F67EB162F1] is not present in the provided list.,8.622784512,MB,2048.0,0.7625049164628829,13888.0,context_0000,147.456,['D7C4E1E0FFFC'],62995,58477.0,synthetic_kv_64k,13888.0
2047.868928,,8622.784512,32,2.047868928,What is the value associated with key AC2AA77D95F1? Return only the value.,5C3D4C35D88C,8.622784512,MB,2048.0,0.7625049164628829,13888.0,context_0000,147.456,['492678786140'],62995,58477.0,synthetic_kv_64k,13888.0
2047.868928,,8622.784512,32,2.047868928,What is the value associated with key 0217896490AB? Return only the value.,The value associated with the key `0217896490AB` is not present in the provided list.,8.622784512,MB,2048.0,0.7625049164628829,13888.0,context_0000,147.456,['1B84D8E049DE'],62995,58477.0,synthetic_kv_64k,13888.0
2047.868928,,8622.784512,32,2.047868928,What is the value associated with key 22496E51484D? Return only the value.,The value associated with the key [22496E51484D] is [4969D435D7,8.622784512,MB,2048.0,0.7625049164628829,13888.0,context_0000,147.456,['43B4E1E89E7E'],62995,58477.0,synthetic_kv_64k,13888.0
2047.868928,,8622.784512,32,2.047868928,What is the value associated with key 5DA3BA3DF7FF? Return only the value.,544854485448,8.622784512,MB,2048.0,0.7625049164628829,13888.0,context_0000,147.456,['673BC38C1DEC'],62995,58477.0,synthetic_kv_64k,13888.0
2047.868928,,8622.784512,32,2.047868928,What is the value associated with key 0B955DAE1201? Return only the value.,5C448E68E68C,8.622784512,MB,2048.0,0.7625049164628829,13888.0,context_0000,147.456,['0D18668C8477'],62995,58477.0,synthetic_kv_64k,13888.0
2047.868928,,8622.784512,32,2.047868928,What is the value associated with key 8FD391FDFA4F? Return only the value.,5F1348858C3C,8.622784512,MB,2048.0,0.7625049164628829,13888.0,context_0000,147.456,['5CCE31D4EE09'],62995,58477.0,synthetic_kv_64k,13888.0
2047.868928,,8622.784512,32,2.047868928,What is the value associated with key 49E18DA00495? Return only the value.,44F73CB526D7,8.622784512,MB,2048.0,0.7625049164628829,13888.0,context_0000,147.456,['62E712D2FA06'],62995,58477.0,synthetic_kv_64k,13888.0
2047.868928,,8622.784512,32,2.047868928,What is the value associated with key 734A8116E3FC? Return only the value.,774C6885548C,8.622784512,MB,2048.0,0.7625049164628829,13888.0,context_0000,147.456,['8CC3C3AFFCFE'],62995,58477.0,synthetic_kv_64k,13888.0
2047.868928,,8622.784512,32,2.047868928,What is the value associated with key D347479BC637? Return only the value.,5C448E68C38C,8.622784512,MB,2048.0,0.7625049164628829,13888.0,context_0000,147.456,['9F8CFD350C5F'],62995,58477.0,synthetic_kv_64k,13888.0
2047.868928,,8622.784512,32,2.047868928,What is the value associated with key 9C6DAE2E9AF9? Return only the value.,12B2940C3503,8.622784512,MB,2048.0,0.7625049164628829,13888.0,context_0000,147.456,['20F01E6A6628'],62995,58477.0,synthetic_kv_64k,13888.0
2047.868928,,8622.784512,32,2.047868928,What is the value associated with key 18C0F99F0704? Return only the value.,744D8554545A,8.622784512,MB,2048.0,0.7625049164628829,13888.0,context_0000,147.456,['5F8964D6DFBF'],62995,58477.0,synthetic_kv_64k,13888.0
2047.868928,,8622.784512,32,2.047868928,What is the value associated with key FC9ECB7E6268? Return only the value.,588C3D8C288A,8.622784512,MB,2048.0,0.7625049164628829,13888.0,context_0000,147.456,['8ECE56CE4B42'],62995,58477.0,synthetic_kv_64k,13888.0
2047.868928,,8622.784512,32,2.047868928,What is the value associated with key 5D98F05EEEFE? Return only the value.,548E69C8A48A,8.622784512,MB,2048.0,0.7625049164628829,13888.0,context_0000,147.456,['24EEC14565C7'],62995,58477.0,synthetic_kv_64k,13888.0
2047.868928,,8622.784512,32,2.047868928,What is the value associated with key 9A3B32F57510? Return only the value.,904D85545C3A,8.622784512,MB,2048.0,0.7625049164628829,13888.0,context_0000,147.456,['66C18255DA61'],62995,58477.0,synthetic_kv_64k,13888.0
2047.868928,,8622.784512,32,2.047868928,What is the value associated with key 0A4E80051B10? Return only the value.,58274257556D,8.622784512,MB,2048.0,0.7625049164628829,13888.0,context_0000,147.456,['09F60B990034'],62995,58477.0,synthetic_kv_64k,13888.0
2047.868928,,8622.784512,32,2.047868928,What is the value associated with key B6AD2314D0C8? Return only the value.,5C4C4D7D883D,8.622784512,MB,2048.0,0.7625049164628829,13888.0,context_0000,147.456,['CDD0554227DE'],62995,58477.0,synthetic_kv_64k,13888.0
2047.868928,,8622.784512,32,2.047868928,What is the value associated with key 84F279474BFA? Return only the value.,444A588C3E6A,8.622784512,MB,2048.0,0.7625049164628829,13888.0,context_0000,147.456,['262074FD33D1'],62995,58477.0,synthetic_kv_64k,13888.0
2047.868928,,8622.784512,32,2.047868928,What is the value associated with key E4A49B33E3A4? Return only the value.,E3908477544C,8.622784512,MB,2048.0,0.7625049164628829,13888.0,context_0000,147.456,['23C883F82F16'],62995,58477.0,synthetic_kv_64k,13888.0
2047.868928,,8622.784512,32,2.047868928,What is the value associated with key EE6E53F591DC? Return only the value.,545C345C345C,8.622784512,MB,2048.0,0.7625049164628829,13888.0,context_0000,147.456,['518B9CF20859'],62995,58477.0,synthetic_kv_64k,13888.0
2047.868928,,8622.784512,32,2.047868928,What is the value associated with key 64982999BBEF? Return only the value.,8B09E43F5D62,8.622784512,MB,2048.0,0.7625049164628829,13888.0,context_0000,147.456,['9DD2FD98FE33'],62995,58477.0,synthetic_kv_64k,13888.0
2047.868928,,8622.784512,32,2.047868928,What is the value associated with key D7B4BD44089D? Return only the value.,589D848C348C,8.622784512,MB,2048.0,0.7625049164628829,13888.0,context_0000,147.456,['97FE4C9A9F24'],62995,58477.0,synthetic_kv_64k,13888.0
2047.868928,,8622.784512,32,2.047868928,What is the value associated with key 81DF561C9210? Return only the value.,8FC3F6BD80E7,8.622784512,MB,2048.0,0.7625049164628829,13888.0,context_0000,147.456,['827CD40AC5E9'],62995,58477.0,synthetic_kv_64k,13888.0
2047.868928,,8622.784512,32,2.047868928,What is the value associated with key 7D6688476C56? Return only the value.,6948A5D8C38A,8.622784512,MB,2048.0,0.7625049164628829,13888.0,context_0000,147.456,['901BB56FF8CE'],62995,58477.0,synthetic_kv_64k,13888.0
2047.868928,,8622.784512,32,2.047868928,What is the value associated with key 79924CBF131D? Return only the value.,5F98A65D848A,8.622784512,MB,2048.0,0.7625049164628829,13888.0,context_0000,147.456,['0442D0D4EA67'],62995,58477.0,synthetic_kv_64k,13888.0
2047.868928,,8622.784512,32,2.047868928,What is the value associated with key 54CC5E4CB287? Return only the value.,585D843D883C,8.622784512,MB,2048.0,0.7625049164628829,13888.0,context_0000,147.456,['1C0FAC7E937C'],62995,58477.0,synthetic_kv_64k,13888.0
2047.868928,,8622.784512,32,2.047868928,What is the value associated with key 6AA2FADA98F5? Return only the value.,A34C58330B30,8.622784512,MB,2048.0,0.7625049164628829,13888.0,context_0000,147.456,['4EC3956D80E4'],62995,58477.0,synthetic_kv_64k,13888.0
2047.868928,,8622.784512,32,2.047868928,What is the value associated with key E615CBF81F86? Return only the value.,8C354A3D778A,8.622784512,MB,2048.0,0.7625049164628829,13888.0,context_0000,147.456,['DF41B9AED8E4'],62995,58477.0,synthetic_kv_64k,13888.0
2047.868928,,8622.784512,32,2.047868928,What is the value associated with key A117B023A0EA? Return only the value.,A117B023A0EA: 4404D485448A,8.622784512,MB,2048.0,0.7625049164628829,13888.0,context_0000,147.456,['98CF06D25913'],62995,58477.0,synthetic_kv_64k,13888.0
2047.868928,,8622.784512,32,2.047868928,What is the value associated with key 43F9797EBE87? Return only the value.,5C448E68858A,8.622784512,MB,2048.0,0.7625049164628829,13888.0,context_0000,147.456,['A7D4F791F1E5'],62995,58477.0,synthetic_kv_64k,13888.0
2047.868928,,8622.784512,32,2.047868928,What is the value associated with key F8D8C86C6544? Return only the value.,The value associated with the key [F8D8C86C6544] is not present in the provided list.,8.622784512,MB,2048.0,0.7625049164628829,13888.0,context_0000,147.456,['9416C6B28DEF'],62995,58477.0,synthetic_kv_64k,13888.0
2047.868928,,8622.784512,32,2.047868928,What is the value associated with key 3A4093DFD907? Return only the value.,3C9A8F1A953A,8.622784512,MB,2048.0,0.7625049164628829,13888.0,context_0000,147.456,['0D25B8ADAD87'],62995,58477.0,synthetic_kv_64k,13888.0
2047.868928,,8622.784512,32,2.047868928,What is the value associated with key 7AFE9561C813? Return only the value.,5C3488888888,8.622784512,MB,2048.0,0.7625049164628829,13888.0,context_0000,147.456,['86342BA6ADB3'],62995,58477.0,synthetic_kv_64k,13888.0
2047.868928,,8622.784512,32,2.047868928,What is the value associated with key B89FA107CC46? Return only the value.,530A0BC613D5,8.622784512,MB,2048.0,0.7625049164628829,13888.0,context_0000,147.456,['C64C9EA7017C'],62995,58477.0,synthetic_kv_64k,13888.0
2047.868928,,8622.784512,32,2.047868928,What is the value associated with key 6154D756BA9C? Return only the value.,A44A5C35A58C,8.622784512,MB,2048.0,0.7625049164628829,13888.0,context_0000,147.456,['D25825D4A0FC'],62995,58477.0,synthetic_kv_64k,13888.0
2047.868928,,8622.784512,32,2.047868928,What is the value associated with key 3E00AE441E21? Return only the value.,The value associated with the key [3E00AE441E21] is not present in the provided list.,8.622784512,MB,2048.0,0.7625049164628829,13888.0,context_0000,147.456,['929308150147'],62995,58477.0,synthetic_kv_64k,13888.0
2047.868928,,8622.784512,32,2.047868928,What is the value associated with key B355F2BD92F2? Return only the value.,5C4432DF8D45,8.622784512,MB,2048.0,0.7625049164628829,13888.0,context_0000,147.456,['30D71C221CEA'],62995,58477.0,synthetic_kv_64k,13888.0
2047.868928,,8622.784512,32,2.047868928,What is the value associated with key 70E704D9145E? Return only the value.,The value associated with the key [70E704D9145E] is not present in the provided list.,8.622784512,MB,2048.0,0.7625049164628829,13888.0,context_0000,147.456,['6B35504E2687'],62995,58477.0,synthetic_kv_64k,13888.0
2047.868928,,8622.784512,32,2.047868928,What is the value associated with key 69B726C432F6? Return only the value.,685A8D8C344C,8.622784512,MB,2048.0,0.7625049164628829,13888.0,context_0000,147.456,['3432B0C4A01C'],62995,58477.0,synthetic_kv_64k,13888.0
2047.868928,,8622.784512,32,2.047868928,What is the value associated with key 8077690E7E62? Return only the value.,774C3585888C,8.622784512,MB,2048.0,0.7625049164628829,13888.0,context_0000,147.456,['9C89C66495A7'],62995,58477.0,synthetic_kv_64k,13888.0
2047.868928,,8622.784512,32,2.047868928,What is the value associated with key 78BBEBA742D2? Return only the value.,774C35854C2A,8.622784512,MB,2048.0,0.7625049164628829,13888.0,context_0000,147.456,['D92FDF70FB2A'],62995,58477.0,synthetic_kv_64k,13888.0
2047.868928,,8622.784512,32,2.047868928,What is the value associated with key BA37BC5FD4DD? Return only the value.,564C34545C8C,8.622784512,MB,2048.0,0.7625049164628829,13888.0,context_0000,147.456,['B4AD0FF1AA9F'],62995,58477.0,synthetic_kv_64k,13888.0
2047.868928,,8622.784512,32,2.047868928,What is the value associated with key 84C823595FA4? Return only the value.,5C17093B4D72,8.622784512,MB,2048.0,0.7625049164628829,13888.0,context_0000,147.456,['8F9635145890'],62995,58477.0,synthetic_kv_64k,13888.0
2047.868928,,8622.784512,32,2.047868928,What is the value associated with key FF845336723B? Return only the value.,5C7D8C3D7C3C,8.622784512,MB,2048.0,0.7625049164628829,13888.0,context_0000,147.456,['7A76A987B218'],62995,58477.0,synthetic_kv_64k,13888.0
2047.868928,,8622.784512,32,2.047868928,What is the value associated with key 60778685ABAA? Return only the value.,6E18C6DA85F1,8.622784512,MB,2048.0,0.7625049164628829,13888.0,context_0000,147.456,['F4E950521700'],62995,58477.0,synthetic_kv_64k,13888.0
2047.868928,,8622.784512,32,2.047868928,What is the value associated with key 75AC2C55AEF7? Return only the value.,5C4432DF8D45,8.622784512,MB,2048.0,0.7625049164628829,13888.0,context_0000,147.456,['887BE980F808'],62995,58477.0,synthetic_kv_64k,13888.0
2047.868928,,8622.784512,32,2.047868928,What is the value associated with key 8BD857A2BE4E? Return only the value.,894858858885,8.622784512,MB,2048.0,0.7625049164628829,13888.0,context_0000,147.456,['AD055AB28D4A'],62995,58477.0,synthetic_kv_64k,13888.0
2047.868928,,8622.784512,32,2.047868928,What is the value associated with key DE1EC5A11F5C? Return only the value.,585458545854,8.622784512,MB,2048.0,0.7625049164628829,13888.0,context_0000,147.456,['AE45B88E830F'],62995,58477.0,synthetic_kv_64k,13888.0
2047.868928,,8622.784512,32,2.047868928,What is the value associated with key CDBCA4AFE7BD? Return only the value.,3F6E23CBE943,8.622784512,MB,2048.0,0.7625049164628829,13888.0,context_0000,147.456,['43ADB17CFB21'],62995,58477.0,synthetic_kv_64k,13888.0
2047.868928,,8622.784512,32,2.047868928,What is the value associated with key 7BF39C2DFA97? Return only the value.,589D85C3488A,8.622784512,MB,2048.0,0.7625049164628829,13888.0,context_0000,147.456,['F51431383975'],62995,58477.0,synthetic_kv_64k,13888.0
2047.868928,,8622.784512,32,2.047868928,What is the value associated with key 476C3F1BE0D0? Return only the value.,548C340D4C2A,8.622784512,MB,2048.0,0.7625049164628829,13888.0,context_0000,147.456,['4C6A8EDEC44D'],62995,58477.0,synthetic_kv_64k,13888.0
2047.868928,,8622.784512,32,2.047868928,What is the value associated with key F1053990E2C9? Return only the value.,E2C308A5C314,8.622784512,MB,2048.0,0.7625049164628829,13888.0,context_0000,147.456,['FB75F910ABB3'],62995,58477.0,synthetic_kv_64k,13888.0
2047.868928,,8622.784512,32,2.047868928,What is the value associated with key C56B4C3077C4? Return only the value.,548C348C348C,8.622784512,MB,2048.0,0.7625049164628829,13888.0,context_0000,147.456,['B47449FC2CD8'],62995,58477.0,synthetic_kv_64k,13888.0
2047.868928,,8622.784512,32,2.047868928,What is the value associated with key B0B335102852? Return only the value.,884C388D8C3C,8.622784512,MB,2048.0,0.7625049164628829,13888.0,context_0000,147.456,['7D2FB47A1C5B'],62995,58477.0,synthetic_kv_64k,13888.0
2047.868928,,8622.784512,32,2.047868928,What is the value associated with key 7AD45129950D? Return only the value.,5C445C354C3C,8.622784512,MB,2048.0,0.7625049164628829,13888.0,context_0000,147.456,['8F7C594B2A3A'],62995,58477.0,synthetic_kv_64k,13888.0
2047.868928,,8622.784512,32,2.047868928,What is the value associated with key EF3AEF06FCCB? Return only the value.,548E69CE646D,8.622784512,MB,2048.0,0.7625049164628829,13888.0,context_0000,147.456,['B8BECB9FAF6D'],62995,58477.0,synthetic_kv_64k,13888.0
2047.868928,,8622.784512,32,2.047868928,What is the value associated with key 49AC46015028? Return only the value.,5C94D885D88C,8.622784512,MB,2048.0,0.7625049164628829,13888.0,context_0000,147.456,['92CF1F33242D'],62995,58477.0,synthetic_kv_64k,13888.0
2047.868928,,8622.784512,32,2.047868928,What is the value associated with key 8B0EAD371D9E? Return only the value.,A85D88E6D88C,8.622784512,MB,2048.0,0.7625049164628829,13888.0,context_0000,147.456,['E5506133A34D'],62995,58477.0,synthetic_kv_64k,13888.0
2047.868928,,8622.784512,32,2.047868928,What is the value associated with key 6500FAEBCD19? Return only the value.,52964D407B28,8.622784512,MB,2048.0,0.7625049164628829,13888.0,context_0000,147.456,['585AD1812F77'],62995,58477.0,synthetic_kv_64k,13888.0
2047.868928,,8622.784512,32,2.047868928,What is the value associated with key C5E7F4613F09? Return only the value.,672117D4E3F8,8.622784512,MB,2048.0,0.7625049164628829,13888.0,context_0000,147.456,['257FCDFB4DB9'],62995,58477.0,synthetic_kv_64k,13888.0
2047.868928,,8622.784512,32,2.047868928,What is the value associated with key 0AC44A5B1AFF? Return only the value.,378E8F575C3A,8.622784512,MB,2048.0,0.7625049164628829,13888.0,context_0000,147.456,['F48F49A22441'],62995,58477.0,synthetic_kv_64k,13888.0
2047.868928,,8622.784512,32,2.047868928,What is the value associated with key 143BB6D1F6BB? Return only the value.,444444444444,8.622784512,MB,2048.0,0.7625049164628829,13888.0,context_0000,147.456,['EC8B58AB4778'],62995,58477.0,synthetic_kv_64k,13888.0
2047.868928,,8622.784512,32,2.047868928,What is the value associated with key A7ED713F8F8C? Return only the value.,A7ED713F8F8C: 448785C3888C,8.622784512,MB,2048.0,0.7625049164628829,13888.0,context_0000,147.456,['BF5141A64FED'],62995,58477.0,synthetic_kv_64k,13888.0
2047.868928,,8622.784512,32,2.047868928,What is the value associated with key 36C77AA4F052? Return only the value.,5C650F8A0C2C,8.622784512,MB,2048.0,0.7625049164628829,13888.0,context_0000,147.456,['D3F433BABA88'],62995,58477.0,synthetic_kv_64k,13888.0
2047.868928,,8622.784512,32,2.047868928,What is the value associated with key 456889E03E22? Return only the value.,3F6E843C568A,8.622784512,MB,2048.0,0.7625049164628829,13888.0,context_0000,147.456,['8FE0EEDAA802'],62995,58477.0,synthetic_kv_64k,13888.0
2047.868928,,8622.784512,32,2.047868928,What is the value associated with key 4588B2384849? Return only the value.,The value associated with the key [4588B2384849] is 46E148E095,8.622784512,MB,2048.0,0.7625049164628829,13888.0,context_0000,147.456,['1BF623245211'],62995,58477.0,synthetic_kv_64k,13888.0
2047.868928,,8622.784512,32,2.047868928,What is the value associated with key BDAB9D9D028E? Return only the value.,548E69C34D7A,8.622784512,MB,2048.0,0.7625049164628829,13888.0,context_0000,147.456,['3D41963A8617'],62995,58477.0,synthetic_kv_64k,13888.0
2047.868928,,8622.784512,32,2.047868928,What is the value associated with key 0CFE3E11BAFE? Return only the value.,A85D848C3E6C,8.622784512,MB,2048.0,0.7625049164628829,13888.0,context_0000,147.456,['E7BAAB7A3D1C'],62995,58477.0,synthetic_kv_64k,13888.0
2047.868928,,8622.784512,32,2.047868928,What is the value associated with key 39C587F255D6? Return only the value.,5C94D8C3D88C,8.622784512,MB,2048.0,0.7625049164628829,13888.0,context_0000,147.456,['3B9BA35055E4'],62995,58477.0,synthetic_kv_64k,13888.0
2047.868928,,8622.784512,32,2.047868928,What is the value associated with key 19A60D700EA4? Return only the value.,The value associated with the key [19A60D700EA4] is not present in the provided list.,8.622784512,MB,2048.0,0.7625049164628829,13888.0,context_0000,147.456,['548E69CE1E4E'],62995,58477.0,synthetic_kv_64k,13888.0
2047.868928,,8622.784512,32,2.047868928,What is the value associated with key 78EFB7A4C719? Return only the value.,739484709D4A,8.622784512,MB,2048.0,0.7625049164628829,13888.0,context_0000,147.456,['AE6219BD4F93'],62995,58477.0,synthetic_kv_64k,13888.0
2047.868928,,8622.784512,32,2.047868928,What is the value associated with key 2331C550ECA8? Return only the value.,548E69C3D88A,8.622784512,MB,2048.0,0.7625049164628829,13888.0,context_0000,147.456,['F6EA01539221'],62995,58477.0,synthetic_kv_64k,13888.0
2047.868928,,8622.784512,32,2.047868928,What is the value associated with key FA588CE3E7C3? Return only the value.,5F98A65D883A,8.622784512,MB,2048.0,0.7625049164628829,13888.0,context_0000,147.456,['286EEDD97A1A'],62995,58477.0,synthetic_kv_64k,13888.0
2047.868928,,8622.784512,32,2.047868928,What is the value associated with key A723682B163A? Return only the value.,304B82701238,8.622784512,MB,2048.0,0.7625049164628829,13888.0,context_0000,147.456,['E172EF5E4376'],62995,58477.0,synthetic_kv_64k,13888.0
2047.868928,,8622.784512,32,2.047868928,What is the value associated with key 79C7E0DECC3D? Return only the value.,5854D88C3D8A,8.622784512,MB,2048.0,0.7625049164628829,13888.0,context_0000,147.456,['A6897A3A10E1'],62995,58477.0,synthetic_kv_64k,13888.0
2047.868928,,8622.784512,32,2.047868928,What is the value associated with key C183330F8BE1? Return only the value.,A46A98611260,8.622784512,MB,2048.0,0.7625049164628829,13888.0,context_0000,147.456,['4988F6C31218'],62995,58477.0,synthetic_kv_64k,13888.0
2047.868928,,8622.784512,32,2.047868928,What is the value associated with key 491052380BF2? Return only the value.,A8545667888A,8.622784512,MB,2048.0,0.7625049164628829,13888.0,context_0000,147.456,['0F25A55990E7'],62995,58477.0,synthetic_kv_64k,13888.0
2047.868928,,8622.784512,32,2.047868928,What is the value associated with key C4CBE86E8E63? Return only the value.,E3C883888888,8.622784512,MB,2048.0,0.7625049164628829,13888.0,context_0000,147.456,['A6FD16E6E5C0'],62995,58477.0,synthetic_kv_64k,13888.0
2047.868928,,8622.784512,32,2.047868928,What is the value associated with key 3B7292FA675F? Return only the value.,7D4C3585C38C,8.622784512,MB,2048.0,0.7625049164628829,13888.0,context_0000,147.456,['BD1A88FFBD40'],62995,58477.0,synthetic_kv_64k,13888.0
2047.868928,,8622.784512,32,2.047868928,What is the value associated with key D9AFB91E3D6E? Return only the value.,D168F1235A8C,8.622784512,MB,2048.0,0.7625049164628829,13888.0,context_0000,147.456,['098CEFC9909E'],62995,58477.0,synthetic_kv_64k,13888.0
2047.868928,,8622.784512,32,2.047868928,What is the value associated with key EBE5E9C96C52? Return only the value.,548E69C3D88C,8.622784512,MB,2048.0,0.7625049164628829,13888.0,context_0000,147.456,['6AFA2CD10B9F'],62995,58477.0,synthetic_kv_64k,13888.0
2047.868928,,8622.784512,32,2.047868928,What is the value associated with key D66DE1DACE6A? Return only the value.,5C4C6D5D0477,8.622784512,MB,2048.0,0.7625049164628829,13888.0,context_0000,147.456,['EF152D007D05'],62995,58477.0,synthetic_kv_64k,13888.0
2047.868928,,8622.784512,32,2.047868928,What is the value associated with key 094DEB6D2FED? Return only the value.,37998545588A,8.622784512,MB,2048.0,0.7625049164628829,13888.0,context_0000,147.456,['D611FF46A6BF'],62995,58477.0,synthetic_kv_64k,13888.0
2047.868928,,8622.784512,32,2.047868928,What is the value associated with key C9B765A16FA9? Return only the value.,5C448E68C38C,8.622784512,MB,2048.0,0.7625049164628829,13888.0,context_0000,147.456,['2FB27ED17AAB'],62995,58477.0,synthetic_kv_64k,13888.0
2047.868928,,8622.784512,32,2.047868928,What is the value associated with key BFBEEFC59738? Return only the value.,967298578943,8.622784512,MB,2048.0,0.7625049164628829,13888.0,context_0000,147.456,['DF4EF64E3DFC'],62995,58477.0,synthetic_kv_64k,13888.0
2047.868928,,8622.784512,32,2.047868928,What is the value associated with key 4A1AED10F004? Return only the value.,F8966493F5EF,8.622784512,MB,2048.0,0.7625049164628829,13888.0,context_0000,147.456,['0997E0723D96'],62995,58477.0,synthetic_kv_64k,13888.0
2047.868928,,8622.784512,32,2.047868928,What is the value associated with key 4C63025F5543? Return only the value.,5F9A8B8D7C3A,8.622784512,MB,2048.0,0.7625049164628829,13888.0,context_0000,147.456,['9A4F9165F2ED'],62995,58477.0,synthetic_kv_64k,13888.0
2047.868928,,8622.784512,32,2.047868928,What is the value associated with key EDAF1B780EDE? Return only the value.,548E688D888C,8.622784512,MB,2048.0,0.7625049164628829,13888.0,context_0000,147.456,['55C5FBA57CC8'],62995,58477.0,synthetic_kv_64k,13888.0
2047.868928,,8622.784512,32,2.047868928,What is the value associated with key 745048D90846? Return only the value.,839F1223B513,8.622784512,MB,2048.0,0.7625049164628829,13888.0,context_0000,147.456,['A42DFD359F6A'],62995,58477.0,synthetic_kv_64k,13888.0
2047.868928,,8622.784512,32,2.047868928,What is the value associated with key 86398B15BD94? Return only the value.,8C354A3D8C3C,8.622784512,MB,2048.0,0.7625049164628829,13888.0,context_0000,147.456,['E3A67E710B55'],62995,58477.0,synthetic_kv_64k,13888.0
2047.868928,,8622.784512,32,2.047868928,What is the value associated with key 225AF0458043? Return only the value.,585458545854,8.622784512,MB,2048.0,0.7625049164628829,13888.0,context_0000,147.456,['8114D9DF0D0E'],62995,58477.0,synthetic_kv_64k,13888.0
2047.868928,,8622.784512,32,2.047868928,What is the value associated with key 45D877D0359E? Return only the value.,3F9F1E9B23CE,8.622784512,MB,2048.0,0.7625049164628829,13888.0,context_0000,147.456,['CF0E315C167A'],62995,58477.0,synthetic_kv_64k,13888.0
2047.868928,,8622.784512,32,2.047868928,What is the value associated with key 54A71CD66B09? Return only the value.,53E5D438D58A,8.622784512,MB,2048.0,0.7625049164628829,13888.0,context_0000,147.456,['BB2A2999394C'],62995,58477.0,synthetic_kv_64k,13888.0
2047.868928,,8622.784512,32,2.047868928,What is the value associated with key A5F6757B6B29? Return only the value.,5C650F8A0C2C,8.622784512,MB,2048.0,0.7625049164628829,13888.0,context_0000,147.456,['B7F641DC1C60'],62995,58477.0,synthetic_kv_64k,13888.0
2047.868928,,8622.784512,32,2.047868928,What is the value associated with key 039B2FAABE0B? Return only the value.,CB5D2AD820CA,8.622784512,MB,2048.0,0.7625049164628829,13888.0,context_0000,147.456,['564CBC92FD81'],62995,58477.0,synthetic_kv_64k,13888.0
2047.868928,,8622.784512,32,2.047868928,What is the value associated with key 4B86CA6FBFF8? Return only the value.,884C34888888,8.622784512,MB,2048.0,0.7625049164628829,13888.0,context_0000,147.456,['ACA5915A1C30'],62995,58477.0,synthetic_kv_64k,13888.0
2047.868928,,8622.784512,32,2.047868928,What is the value associated with key 3173C1DD484A? Return only the value.,The value associated with the key [3173C1DD484A] is [08251947EA42,8.622784512,MB,2048.0,0.7625049164628829,13888.0,context_0000,147.456,['9C672CED3C0D'],62995,58477.0,synthetic_kv_64k,13888.0
2047.868928,,8622.784512,32,2.047868928,What is the value associated with key A383DB2C6AC8? Return only the value.,5F98A6574D4E,8.622784512,MB,2048.0,0.7625049164628829,13888.0,context_0000,147.456,['67CEE5A4983B'],62995,58477.0,synthetic_kv_64k,13888.0
2047.868928,,8622.784512,32,2.047868928,What is the value associated with key 6D7DD3B59AF7? Return only the value.,5F904C35527C,8.622784512,MB,2048.0,0.7625049164628829,13888.0,context_0000,147.456,['53F383E96EF4'],62995,58477.0,synthetic_kv_64k,13888.0
2047.868928,,8622.784512,32,2.047868928,What is the value associated with key 669D1634725B? Return only the value.,545D8575A58A,8.622784512,MB,2048.0,0.7625049164628829,13888.0,context_0000,147.456,['186BAB545A15'],62995,58477.0,synthetic_kv_64k,13888.0
2047.868928,,8622.784512,32,2.047868928,What is the value associated with key FB4F2F4DD219? Return only the value.,The value associated with the key [FB4F2F4DD219] is not present in the provided list.,8.622784512,MB,2048.0,0.7625049164628829,13888.0,context_0000,147.456,['7A3A23FF23D3'],62995,58477.0,synthetic_kv_64k,13888.0
2047.868928,,8622.784512,32,2.047868928,What is the value associated with key EF9252D78F10? Return only the value.,A538D885C34C,8.622784512,MB,2048.0,0.7625049164628829,13888.0,context_0000,147.456,['01BF3F800385'],62995,58477.0,synthetic_kv_64k,13888.0
2047.868928,,8622.784512,32,2.047868928,What is the value associated with key 623142C2D2EB? Return only the value.,57F404588303,8.622784512,MB,2048.0,0.7625049164628829,13888.0,context_0000,147.456,['725D3C4B1EEC'],62995,58477.0,synthetic_kv_64k,13888.0
2047.868928,,8622.784512,32,2.047868928,What is the value associated with key 4459C0F63229? Return only the value.,5C44D85C3E6C,8.622784512,MB,2048.0,0.7625049164628829,13888.0,context_0000,147.456,['5462F43BA052'],62995,58477.0,synthetic_kv_64k,13888.0
2047.868928,,8622.784512,32,2.047868928,What is the value associated with key 951C4D4C5280? Return only the value.,5C445D888888,8.622784512,MB,2048.0,0.7625049164628829,13888.0,context_0000,147.456,['92A8B90ED44B'],62995,58477.0,synthetic_kv_64k,13888.0
2047.868928,,8622.784512,32,2.047868928,What is the value associated with key 42F502ED73CE? Return only the value.,5C4432DF8D45,8.622784512,MB,2048.0,0.7625049164628829,13888.0,context_0000,147.456,['5C0BA757CB10'],62995,58477.0,synthetic_kv_64k,13888.0
2047.868928,,8622.784512,32,2.047868928,What is the value associated with key 3C7EB1594847? Return only the value.,The value associated with the key [3C7EB1594847] is [6F25D885888,8.622784512,MB,2048.0,0.7625049164628829,13888.0,context_0000,147.456,['AAF40FE76149'],62995,58477.0,synthetic_kv_64k,13888.0
2047.868928,,8622.784512,32,2.047868928,What is the value associated with key 77241E43FBD2? Return only the value.,77241E43FBD2 is not a key present in the provided list.,8.622784512,MB,2048.0,0.7625049164628829,13888.0,context_0000,147.456,['28E34E8ADC4B'],62995,58477.0,synthetic_kv_64k,13888.0
2047.868928,,8622.784512,32,2.047868928,What is the value associated with key AFA267C96204? Return only the value.,544848848484,8.622784512,MB,2048.0,0.7625049164628829,13888.0,context_0000,147.456,['EC5080A52E65'],62995,58477.0,synthetic_kv_64k,13888.0
2047.868928,,8622.784512,32,2.047868928,What is the value associated with key E346E5267A2B? Return only the value.,The value associated with the key [E346E5267A2B] is [4C9BE185588,8.622784512,MB,2048.0,0.7625049164628829,13888.0,context_0000,147.456,['C514B41C504F'],62995,58477.0,synthetic_kv_64k,13888.0
2047.868928,,8622.784512,32,2.047868928,What is the value associated with key B0B64F9C4027? Return only the value.,A0276576A411,8.622784512,MB,2048.0,0.7625049164628829,13888.0,context_0000,147.456,['A3821E0EF546'],62995,58477.0,synthetic_kv_64k,13888.0
2047.868928,,8622.784512,32,2.047868928,What is the value associated with key F0CDEA87855E? Return only the value.,5048BF7B539B,8.622784512,MB,2048.0,0.7625049164628829,13888.0,context_0000,147.456,['5E174B87959F'],62995,58477.0,synthetic_kv_64k,13888.0
2047.868928,,8622.784512,32,2.047868928,What is the value associated with key 38899D5817E8? Return only the value.,585D8485D84C,8.622784512,MB,2048.0,0.7625049164628829,13888.0,context_0000,147.456,['F5153818CFD3'],62995,58477.0,synthetic_kv_64k,13888.0
2047.868928,,8622.784512,32,2.047868928,What is the value associated with key 7A6A22319050? Return only the value.,967285858585,8.622784512,MB,2048.0,0.7625049164628829,13888.0,context_0000,147.456,['747927372B52'],62995,58477.0,synthetic_kv_64k,13888.0
2047.868928,,8622.784512,32,2.047868928,What is the value associated with key FD24BF6B8CDF? Return only the value.,23D719B816EA,8.622784512,MB,2048.0,0.7625049164628829,13888.0,context_0000,147.456,['5FA59B11B530'],62995,58477.0,synthetic_kv_64k,13888.0
2047.868928,,8622.784512,32,2.047868928,What is the value associated with key B3B26A74DBB7? Return only the value.,585444855854,8.622784512,MB,2048.0,0.7625049164628829,13888.0,context_0000,147.456,['E9AD8C9AA1E9'],62995,58477.0,synthetic_kv_64k,13888.0
2047.868928,,8622.784512,32,2.047868928,What is the value associated with key C1E178883058? Return only the value.,C485D88D8C3D,8.622784512,MB,2048.0,0.7625049164628829,13888.0,context_0000,147.456,['CD4F899AC252'],62995,58477.0,synthetic_kv_64k,13888.0
2047.868928,,8622.784512,32,2.047868928,What is the value associated with key D35AAA0217D0? Return only the value.,635A5C7AF83D,8.622784512,MB,2048.0,0.7625049164628829,13888.0,context_0000,147.456,['C30937E9D2E2'],62995,58477.0,synthetic_kv_64k,13888.0
2047.868928,,8622.784512,32,2.047868928,What is the value associated with key AE2A3F59E4F2? Return only the value.,The value associated with the key `AE2A3F59E4F2` is `548C340D7C3,8.622784512,MB,2048.0,0.7625049164628829,13888.0,context_0000,147.456,['9887C1369C65'],62995,58477.0,synthetic_kv_64k,13888.0
2047.868928,,8622.784512,32,2.047868928,What is the value associated with key C991DF85C777? Return only the value.,9F4A5458888A,8.622784512,MB,2048.0,0.7625049164628829,13888.0,context_0000,147.456,['868714F573D0'],62995,58477.0,synthetic_kv_64k,13888.0
2047.868928,,8622.784512,32,2.047868928,What is the value associated with key 8736725E134D? Return only the value.,3D4481E04C3A,8.622784512,MB,2048.0,0.7625049164628829,13888.0,context_0000,147.456,['5C9DB42A0456'],62995,58477.0,synthetic_kv_64k,13888.0
2047.868928,,8622.784512,32,2.047868928,What is the value associated with key EAD013FE8A29? Return only the value.,8C354838C3E6,8.622784512,MB,2048.0,0.7625049164628829,13888.0,context_0000,147.456,['1CB9906D5C8C'],62995,58477.0,synthetic_kv_64k,13888.0
2047.868928,,8622.784512,32,2.047868928,What is the value associated with key D42A0FCF601F? Return only the value.,5C4432DF8D45,8.622784512,MB,2048.0,0.7625049164628829,13888.0,context_0000,147.456,['E7238C32BDB2'],62995,58477.0,synthetic_kv_64k,13888.0
2047.868928,,8622.784512,32,2.047868928,What is the value associated with key 33C08167999F? Return only the value.,329D848D748C,8.622784512,MB,2048.0,0.7625049164628829,13888.0,context_0000,147.456,['8962929C93B3'],62995,58477.0,synthetic_kv_64k,13888.0
2047.868928,,8622.784512,32,2.047868928,What is the value associated with key 2A1F265CB9D9? Return only the value.,The value associated with the key [2A1F265CB9D9] is [37997E5B3AC9,8.622784512,MB,2048.0,0.7625049164628829,13888.0,context_0000,147.456,['DABF53FF8461'],62995,58477.0,synthetic_kv_64k,13888.0
2047.868928,,8622.784512,32,2.047868928,What is the value associated with key 711C85351A69? Return only the value.,A345848E644A,8.622784512,MB,2048.0,0.7625049164628829,13888.0,context_0000,147.456,['AE271DC1E7EB'],62995,58477.0,synthetic_kv_64k,13888.0
2047.868928,,8622.784512,32,2.047868928,What is the value associated with key B7873495311E? Return only the value.,585488855884,8.622784512,MB,2048.0,0.7625049164628829,13888.0,context_0000,147.456,['7D2395492A82'],62995,58477.0,synthetic_kv_64k,13888.0
2047.868928,,8622.784512,32,2.047868928,What is the value associated with key E61D1747F387? Return only the value.,C7F482221AD3,8.622784512,MB,2048.0,0.7625049164628829,13888.0,context_0000,147.456,['720B82A7F586'],62995,58477.0,synthetic_kv_64k,13888.0
2047.868928,,8622.784512,32,2.047868928,What is the value associated with key 0E3ECF0671C7? Return only the value.,A8545667884E,8.622784512,MB,2048.0,0.7625049164628829,13888.0,context_0000,147.456,['21C7741423B5'],62995,58477.0,synthetic_kv_64k,13888.0
2047.868928,,8622.784512,32,2.047868928,What is the value associated with key 6A59836435E3? Return only the value.,5F9024E6888A,8.622784512,MB,2048.0,0.7625049164628829,13888.0,context_0000,147.456,['905C74F0BEAE'],62995,58477.0,synthetic_kv_64k,13888.0
2047.868928,,8622.784512,32,2.047868928,What is the value associated with key 8F0D0EC7D662? Return only the value.,82E585858585,8.622784512,MB,2048.0,0.7625049164628829,13888.0,context_0000,147.456,['AC3A765E6CB5'],62995,58477.0,synthetic_kv_64k,13888.0
2047.868928,,8622.784512,32,2.047868928,What is the value associated with key 4EE4CE920136? Return only the value.,5FB8DE0018AA,8.622784512,MB,2048.0,0.7625049164628829,13888.0,context_0000,147.456,['0592B928E23F'],62995,58477.0,synthetic_kv_64k,13888.0
2047.868928,,8622.784512,32,2.047868928,What is the value associated with key 4124655CE508? Return only the value.,46C7FD053963,8.622784512,MB,2048.0,0.7625049164628829,13888.0,context_0000,147.456,['00C5D1031424'],62995,58477.0,synthetic_kv_64k,13888.0
2047.868928,,8622.784512,32,2.047868928,What is the value associated with key 37C8BEED0AF9? Return only the value.,12B2940C3503,8.622784512,MB,2048.0,0.7625049164628829,13888.0,context_0000,147.456,['12B2940C3503'],62995,58477.0,synthetic_kv_64k,13888.0
2047.868928,,8622.784512,32,2.047868928,What is the value associated with key 6C770B981CCD? Return only the value.,6685D885858C,8.622784512,MB,2048.0,0.7625049164628829,13888.0,context_0000,147.456,['B34C58330B30'],62995,58477.0,synthetic_kv_64k,13888.0
2047.868928,,8622.784512,32,2.047868928,What is the value associated with key 8A89105291D3? Return only the value.,9F68D88D8C3C,8.622784512,MB,2048.0,0.7625049164628829,13888.0,context_0000,147.456,['0F6CFE7EE362'],62995,58477.0,synthetic_kv_64k,13888.0
2047.868928,,8622.784512,32,2.047868928,What is the value associated with key E4EBEF40D162? Return only the value.,A3458270E68A,8.622784512,MB,2048.0,0.7625049164628829,13888.0,context_0000,147.456,['FC7311AB3D11'],62995,58477.0,synthetic_kv_64k,13888.0
2047.868928,,8622.784512,32,2.047868928,What is the value associated with key 78D9EF0BEA4F? Return only the value.,774C3454888C,8.622784512,MB,2048.0,0.7625049164628829,13888.0,context_0000,147.456,['497E081FC6DC'],62995,58477.0,synthetic_kv_64k,13888.0
2047.868928,,8622.784512,32,2.047868928,What is the value associated with key 2E1368AB80EA? Return only the value.,8C354C34888C,8.622784512,MB,2048.0,0.7625049164628829,13888.0,context_0000,147.456,['22ABC4DB5A62'],62995,58477.0,synthetic_kv_64k,13888.0
2047.868928,,8622.784512,32,2.047868928,What is the value associated with key A43AC40D4874? Return only the value.,5C448E688C3C,8.622784512,MB,2048.0,0.7625049164628829,13888.0,context_0000,147.456,['BAB2FA740CC8'],62995,58477.0,synthetic_kv_64k,13888.0
2047.868928,,8622.784512,32,2.047868928,What is the value associated with key F6BAA55871E3? Return only the value.,5F9A8D7D7E6C,8.622784512,MB,2048.0,0.7625049164628829,13888.0,context_0000,147.456,['5FDC6B9CD71C'],62995,58477.0,synthetic_kv_64k,13888.0
2047.868928,,8622.784512,32,2.047868928,What is the value associated with key E42EFE2BD987? Return only the value.,A54D857D887A,8.622784512,MB,2048.0,0.7625049164628829,13888.0,context_0000,147.456,['72D361EA2F30'],62995,58477.0,synthetic_kv_64k,13888.0
2047.868928,,8622.784512,32,2.047868928,What is the value associated with key EAC8DE9F6F5B? Return only the value.,548E6C35484E,8.622784512,MB,2048.0,0.7625049164628829,13888.0,context_0000,147.456,['60A3E821E716'],62995,58477.0,synthetic_kv_64k,13888.0
2047.868928,,8622.784512,32,2.047868928,What is the value associated with key 148B602A4E57? Return only the value.,585D848E6C3C,8.622784512,MB,2048.0,0.7625049164628829,13888.0,context_0000,147.456,['F6D2AEC76A82'],62995,58477.0,synthetic_kv_64k,13888.0
2047.868928,,8622.784512,32,2.047868928,What is the value associated with key DFE2A96B3C42? Return only the value.,The value associated with the key [DFE2A96B3C42] is not present in the provided list.,8.622784512,MB,2048.0,0.7625049164628829,13888.0,context_0000,147.456,['220B8A0F9508'],62995,58477.0,synthetic_kv_64k,13888.0
2047.868928,,8622.784512,32,2.047868928,What is the value associated with key DC3BA74E02A9? Return only the value.,544C3454544C,8.622784512,MB,2048.0,0.7625049164628829,13888.0,context_0000,147.456,['1E5E59077299'],62995,58477.0,synthetic_kv_64k,13888.0
2047.868928,,8622.784512,32,2.047868928,What is the value associated with key FE2B2DB0728D? Return only the value.,5C448E6D8C3A,8.622784512,MB,2048.0,0.7625049164628829,13888.0,context_0000,147.456,['649F8989C5AB'],62995,58477.0,synthetic_kv_64k,13888.0
2047.868928,,8622.784512,32,2.047868928,What is the value associated with key 209987623997? Return only the value.,The value associated with the key [209987623997] is not present in the provided list.,8.622784512,MB,2048.0,0.7625049164628829,13888.0,context_0000,147.456,['FA8DBA54E920'],62995,58477.0,synthetic_kv_64k,13888.0
2047.868928,,8622.784512,32,2.047868928,What is the value associated with key D5B6390239D9? Return only the value.,The value associated with the key [D5B6390239D9] is not present in the provided list.,8.622784512,MB,2048.0,0.7625049164628829,13888.0,context_0000,147.456,['C19400E3A026'],62995,58477.0,synthetic_kv_64k,13888.0
2047.868928,,8622.784512,32,2.047868928,What is the value associated with key FA7E05D1FB63? Return only the value.,76874C61845E,8.622784512,MB,2048.0,0.7625049164628829,13888.0,context_0000,147.456,['76874C61845E'],62995,58477.0,synthetic_kv_64k,13888.0
2047.868928,,8622.784512,32,2.047868928,What is the value associated with key B816AC6A7C85? Return only the value.,The value associated with the key [B816AC6A7C85] is not present in the provided list.,8.622784512,MB,2048.0,0.7625049164628829,13888.0,context_0000,147.456,['6C938B60C511'],62995,58477.0,synthetic_kv_64k,13888.0
2047.868928,,8622.784512,32,2.047868928,What is the value associated with key 6118882CCD1E? Return only the value.,A9480BBB2599,8.622784512,MB,2048.0,0.7625049164628829,13888.0,context_0000,147.456,['3ACBD2C7BFFB'],62995,58477.0,synthetic_kv_64k,13888.0
2047.868928,,8622.784512,32,2.047868928,What is the value associated with key 75EB3F5CF2F3? Return only the value.,774C3454588C,8.622784512,MB,2048.0,0.7625049164628829,13888.0,context_0000,147.456,['27B6589DECB0'],62995,58477.0,synthetic_kv_64k,13888.0
2047.868928,,8622.784512,32,2.047868928,What is the value associated with key 30404690FB15? Return only the value.,A61721C9A15D,8.622784512,MB,2048.0,0.7625049164628829,13888.0,context_0000,147.456,['E00DEFFA2002'],62995,58477.0,synthetic_kv_64k,13888.0
2047.868928,,8622.784512,32,2.047868928,What is the value associated with key C3F7B99B2B5A? Return only the value.,5C448D354C2C,8.622784512,MB,2048.0,0.7625049164628829,13888.0,context_0000,147.456,['083F1CE362F8'],62995,58477.0,synthetic_kv_64k,13888.0
2047.868928,,8622.784512,32,2.047868928,What is the value associated with key A902CF39F648? Return only the value.,96725D8C3D8A,8.622784512,MB,2048.0,0.7625049164628829,13888.0,context_0000,147.456,['9D6B6B535A19'],62995,58477.0,synthetic_kv_64k,13888.0
2047.868928,,8622.784512,32,2.047868928,What is the value associated with key EFADC41C147E? Return only the value.,584C3485888C,8.622784512,MB,2048.0,0.7625049164628829,13888.0,context_0000,147.456,['E398E23DDFAA'],62995,58477.0,synthetic_kv_64k,13888.0
2047.868928,,8622.784512,32,2.047868928,What is the value associated with key 3D9C04015CED? Return only the value.,3D9C04015CED,8.622784512,MB,2048.0,0.7625049164628829,13888.0,context_0000,147.456,['113934C1C3EA'],62995,58477.0,synthetic_kv_64k,13888.0
2047.868928,,8622.784512,32,2.047868928,What is the value associated with key 980C19D45DEB? Return only the value.,5C70FCA45567,8.622784512,MB,2048.0,0.7625049164628829,13888.0,context_0000,147.456,['724908987462'],62995,58477.0,synthetic_kv_64k,13888.0
2047.868928,,8622.784512,32,2.047868928,What is the value associated with key AC0999086E47? Return only the value.,614217BE3111,8.622784512,MB,2048.0,0.7625049164628829,13888.0,context_0000,147.456,['DF49B40A9181'],62995,58477.0,synthetic_kv_64k,13888.0
2047.868928,,8622.784512,32,2.047868928,What is the value associated with key 3EA60C760D28? Return only the value.,D4291257429E,8.622784512,MB,2048.0,0.7625049164628829,13888.0,context_0000,147.456,['0B53BD9419AA'],62995,58477.0,synthetic_kv_64k,13888.0
2047.868928,,8622.784512,32,2.047868928,What is the value associated with key 705F66FADCA0? Return only the value.,3AE02A6524AF,8.622784512,MB,2048.0,0.7625049164628829,13888.0,context_0000,147.456,['8A2D3BFDA8A6'],62995,58477.0,synthetic_kv_64k,13888.0
2047.868928,,8622.784512,32,2.047868928,What is the value associated with key C11F379EF467? Return only the value.,C6ACDD84D58A,8.622784512,MB,2048.0,0.7625049164628829,13888.0,context_0000,147.456,['C6ACDD1D6CD1'],62995,58477.0,synthetic_kv_64k,13888.0
2047.868928,,8622.784512,32,2.047868928,What is the value associated with key 23DF0E731DD7? Return only the value.,5F98A65E688E,8.622784512,MB,2048.0,0.7625049164628829,13888.0,context_0000,147.456,['FE5480FF5173'],62995,58477.0,synthetic_kv_64k,13888.0
2047.868928,,8622.784512,32,2.047868928,What is the value associated with key 3BF24A0D2B73? Return only the value.,The value associated with the key [3BF24A0D2B73] is not present in the provided list.,8.622784512,MB,2048.0,0.7625049164628829,13888.0,context_0000,147.456,['EA98D0D75E37'],62995,58477.0,synthetic_kv_64k,13888.0
2047.868928,,8622.784512,32,2.047868928,What is the value associated with key 937BBB44BADC? Return only the value.,909E8A38D5AA,8.622784512,MB,2048.0,0.7625049164628829,13888.0,context_0000,147.456,['93D551A3AC26'],62995,58477.0,synthetic_kv_64k,13888.0
2047.868928,,8622.784512,32,2.047868928,What is the value associated with key C5C5991121E7? Return only the value.,The value associated with the key [C5C5991121E7] is not present in the provided list.,8.622784512,MB,2048.0,0.7625049164628829,13888.0,context_0000,147.456,['D181AC2B0CFC'],62995,58477.0,synthetic_kv_64k,13888.0
2047.868928,,8622.784512,32,2.047868928,What is the value associated with key 3CA552171BF3? Return only the value.,628545D6664A,8.622784512,MB,2048.0,0.7625049164628829,13888.0,context_0000,147.456,['E0524D406F1B'],62995,58477.0,synthetic_kv_64k,13888.0
2047.868928,,8622.784512,32,2.047868928,What is the value associated with key FC5624ACB722? Return only the value.,58254885588A,8.622784512,MB,2048.0,0.7625049164628829,13888.0,context_0000,147.456,['8570A903AE67'],62995,58477.0,synthetic_kv_64k,13888.0
2047.868928,,8622.784512,32,2.047868928,What is the value associated with key 69DF389641DD? Return only the value.,694A5858588A,8.622784512,MB,2048.0,0.7625049164628829,13888.0,context_0000,147.456,['46704CEDA164'],62995,58477.0,synthetic_kv_64k,13888.0
2047.868928,,8622.784512,32,2.047868928,What is the value associated with key 8E850F9AEB70? Return only the value.,8C3545D88C3C,8.622784512,MB,2048.0,0.7625049164628829,13888.0,context_0000,147.456,['9777F2D2393F'],62995,58477.0,synthetic_kv_64k,13888.0
2047.868928,,8622.784512,32,2.047868928,What is the value associated with key BC36E134EDFC? Return only the value.,584C3485A38A,8.622784512,MB,2048.0,0.7625049164628829,13888.0,context_0000,147.456,['2CD5E95D2761'],62995,58477.0,synthetic_kv_64k,13888.0
2047.868928,,8622.784512,32,2.047868928,What is the value associated with key ADC2A0411612? Return only the value.,548E69C3888A,8.622784512,MB,2048.0,0.7625049164628829,13888.0,context_0000,147.456,['8E4C6D5D0477'],62995,58477.0,synthetic_kv_64k,13888.0
2047.868928,,8622.784512,32,2.047868928,What is the value associated with key 0C007EE1011A? Return only the value.,0C007EE1011A,8.622784512,MB,2048.0,0.7625049164628829,13888.0,context_0000,147.456,['582BF8E8035B'],62995,58477.0,synthetic_kv_64k,13888.0
2047.868928,,8622.784512,32,2.047868928,What is the value associated with key A4B0F10BCE9C? Return only the value.,548E69C3D88C,8.622784512,MB,2048.0,0.7625049164628829,13888.0,context_0000,147.456,['6193ABDD1A8F'],62995,58477.0,synthetic_kv_64k,13888.0
2047.868928,,8622.784512,32,2.047868928,What is the value associated with key 8643C92A7D7C? Return only the value.,9194E18C778A,8.622784512,MB,2048.0,0.7625049164628829,13888.0,context_0000,147.456,['B241519894D8'],62995,58477.0,synthetic_kv_64k,13888.0
2047.868928,,8622.784512,32,2.047868928,What is the value associated with key 68836A944054? Return only the value.,5F98D7C3488A,8.622784512,MB,2048.0,0.7625049164628829,13888.0,context_0000,147.456,['4CC526332018'],62995,58477.0,synthetic_kv_64k,13888.0
2047.868928,,8622.784512,32,2.047868928,What is the value associated with key 2F12605FB1EB? Return only the value.,589C3D8A5C3C,8.622784512,MB,2048.0,0.7625049164628829,13888.0,context_0000,147.456,['89B5C12169DB'],62995,58477.0,synthetic_kv_64k,13888.0
2047.868928,,8622.784512,32,2.047868928,What is the value associated with key 3DB07938878A? Return only the value.,548C3D854C2A,8.622784512,MB,2048.0,0.7625049164628829,13888.0,context_0000,147.456,['39B0D96E684F'],62995,58477.0,synthetic_kv_64k,13888.0
2047.868928,,8622.784512,32,2.047868928,What is the value associated with key DB874CFD0FC1? Return only the value.,The value associated with the key [DB874CFD0FC1] is [444444444444].,8.622784512,MB,2048.0,0.7625049164628829,13888.0,context_0000,147.456,['24F4B523C0DE'],62995,58477.0,synthetic_kv_64k,13888.0
2047.868928,,8622.784512,32,2.047868928,What is the value associated with key 7688CE4758BE? Return only the value.,8C354555488A,8.622784512,MB,2048.0,0.7625049164628829,13888.0,context_0000,147.456,['0EC0EA2C7A51'],62995,58477.0,synthetic_kv_64k,13888.0
2047.868928,,8622.784512,32,2.047868928,What is the value associated with key 69A58FF8869D? Return only the value.,8C354555455C,8.622784512,MB,2048.0,0.7625049164628829,13888.0,context_0000,147.456,['6AA0F7C0D5F7'],62995,58477.0,synthetic_kv_64k,13888.0
2047.868928,,8622.784512,32,2.047868928,What is the value associated with key 87AD8EAA5841? Return only the value.,82E28DBCDE5A,8.622784512,MB,2048.0,0.7625049164628829,13888.0,context_0000,147.456,['636F2253E706'],62995,58477.0,synthetic_kv_64k,13888.0
2047.868928,,8622.784512,32,2.047868928,What is the value associated with key 41473E2BF9C9? Return only the value.,948C3485D49C,8.622784512,MB,2048.0,0.7625049164628829,13888.0,context_0000,147.456,['548C340DE049'],62995,58477.0,synthetic_kv_64k,13888.0
2047.868928,,8622.784512,32,2.047868928,What is the value associated with key 143DA58E83DD? Return only the value.,7325EC170298,8.622784512,MB,2048.0,0.7625049164628829,13888.0,context_0000,147.456,['7325EC170298'],62995,58477.0,synthetic_kv_64k,13888.0
2047.868928,,8622.784512,32,2.047868928,What is the value associated with key 5EFED8DDBBC0? Return only the value.,544854485448,8.622784512,MB,2048.0,0.7625049164628829,13888.0,context_0000,147.456,['891F17ABB863'],62995,58477.0,synthetic_kv_64k,13888.0
2047.868928,,8622.784512,32,2.047868928,What is the value associated with key D453B97E6224? Return only the value.,548C3D8A5C3A,8.622784512,MB,2048.0,0.7625049164628829,13888.0,context_0000,147.456,['0D3130C36756'],62995,58477.0,synthetic_kv_64k,13888.0
2047.868928,,8622.784512,32,2.047868928,What is the value associated with key 608E44B9E602? Return only the value.,6B658B8D888C,8.622784512,MB,2048.0,0.7625049164628829,13888.0,context_0000,147.456,['9ADFAC75C344'],62995,58477.0,synthetic_kv_64k,13888.0
2047.868928,,8622.784512,32,2.047868928,What is the value associated with key 0A1F9A591974? Return only the value.,The value associated with the key [0A1F9A591974] is [12A1DFA5972,8.622784512,MB,2048.0,0.7625049164628829,13888.0,context_0000,147.456,['12A1DFA59722'],62995,58477.0,synthetic_kv_64k,13888.0
2047.868928,,8622.784512,32,2.047868928,What is the value associated with key CDFD302B7831? Return only the value.,58545D88588C,8.622784512,MB,2048.0,0.7625049164628829,13888.0,context_0000,147.456,['966BC2FE8954'],62995,58477.0,synthetic_kv_64k,13888.0
2047.868928,,8622.784512,32,2.047868928,What is the value associated with key ABE4B96C1163? Return only the value.,378E8F10D33E,8.622784512,MB,2048.0,0.7625049164628829,13888.0,context_0000,147.456,['378E8F10D33E'],62995,58477.0,synthetic_kv_64k,13888.0
2047.868928,,8622.784512,32,2.047868928,What is the value associated with key 35797AB99428? Return only the value.,E833DE95D695,8.622784512,MB,2048.0,0.7625049164628829,13888.0,context_0000,147.456,['E833DE95D695'],62995,58477.0,synthetic_kv_64k,13888.0
2047.868928,,8622.784512,32,2.047868928,What is the value associated with key 4D9D553D2625? Return only the value.,5C37D2D14EF5,8.622784512,MB,2048.0,0.7625049164628829,13888.0,context_0000,147.456,['E8B3F4FF3F3A'],62995,58477.0,synthetic_kv_64k,13888.0
2047.868928,,8622.784512,32,2.047868928,What is the value associated with key 363903ECE8FF? Return only the value.,30A5EFE9B3D0,8.622784512,MB,2048.0,0.7625049164628829,13888.0,context_0000,147.456,['30A5EFE9B3D0'],62995,58477.0,synthetic_kv_64k,13888.0
2047.868928,,8622.784512,32,2.047868928,What is the value associated with key BDD1F64AB6EC? Return only the value.,61EE1BAC27A7,8.622784512,MB,2048.0,0.7625049164628829,13888.0,context_0000,147.456,['BF331E086F20'],62995,58477.0,synthetic_kv_64k,13888.0
2047.868928,,8622.784512,32,2.047868928,What is the value associated with key C11BFFE3F366? Return only the value.,366E8D8C3E6C,8.622784512,MB,2048.0,0.7625049164628829,13888.0,context_0000,147.456,['EA187A9A8EF5'],62995,58477.0,synthetic_kv_64k,13888.0
2047.868928,,8622.784512,32,2.047868928,What is the value associated with key B2143E1A963E? Return only the value.,5C4432DF8D45,8.622784512,MB,2048.0,0.7625049164628829,13888.0,context_0000,147.456,['B42A9ABA0F15'],62995,58477.0,synthetic_kv_64k,13888.0
2047.868928,,8622.784512,32,2.047868928,What is the value associated with key 6589345AF934? Return only the value.,3F4481888888,8.622784512,MB,2048.0,0.7625049164628829,13888.0,context_0000,147.456,['3D44EA45BA41'],62995,58477.0,synthetic_kv_64k,13888.0
2047.868928,,8622.784512,32,2.047868928,What is the value associated with key 52558D55119E? Return only the value.,96A9DC33E1F9,8.622784512,MB,2048.0,0.7625049164628829,13888.0,context_0000,147.456,['4876C68813FE'],62995,58477.0,synthetic_kv_64k,13888.0
2047.868928,,8622.784512,32,2.047868928,What is the value associated with key 775C61730C48? Return only the value.,774C7F4D75A3,8.622784512,MB,2048.0,0.7625049164628829,13888.0,context_0000,147.456,['A612889D4B76'],62995,58477.0,synthetic_kv_64k,13888.0
2047.868928,,8622.784512,32,2.047868928,What is the value associated with key 4EF45BF86F3C? Return only the value.,430B0757D499,8.622784512,MB,2048.0,0.7625049164628829,13888.0,context_0000,147.456,['5C1142F5B3F5'],62995,58477.0,synthetic_kv_64k,13888.0
2047.868928,,8622.784512,32,2.047868928,What is the value associated with key E1FF8347F1DA? Return only the value.,379D848D7C3A,8.622784512,MB,2048.0,0.7625049164628829,13888.0,context_0000,147.456,['774C7F4D908C'],62995,58477.0,synthetic_kv_64k,13888.0
2047.868928,,8622.784512,32,2.047868928,What is the value associated with key CD85193E638D? Return only the value.,909E8A38D5AA,8.622784512,MB,2048.0,0.7625049164628829,13888.0,context_0000,147.456,['B8F0FB37AFAE'],62995,58477.0,synthetic_kv_64k,13888.0
2047.868928,,8622.784512,32,2.047868928,What is the value associated with key C2FA78308631? Return only the value.,51FAD6F89F7A,8.622784512,MB,2048.0,0.7625049164628829,13888.0,context_0000,147.456,['51FAD6F89F7A'],62995,58477.0,synthetic_kv_64k,13888.0
2047.868928,,8622.784512,32,2.047868928,What is the value associated with key 3400EA11905B? Return only the value.,3F6E23CBE943,8.622784512,MB,2048.0,0.7625049164628829,13888.0,context_0000,147.456,['501B5EE68495'],62995,58477.0,synthetic_kv_64k,13888.0
2047.868928,,8622.784512,32,2.047868928,What is the value associated with key 0BB469F753F1? Return only the value.,5C704D93556C,8.622784512,MB,2048.0,0.7625049164628829,13888.0,context_0000,147.456,['DD3490019ED4'],62995,58477.0,synthetic_kv_64k,13888.0
2047.868928,,8622.784512,32,2.047868928,What is the value associated with key BDC238A56B49? Return only the value.,5C448E68C34C,8.622784512,MB,2048.0,0.7625049164628829,13888.0,context_0000,147.456,['0426255B30E2'],62995,58477.0,synthetic_kv_64k,13888.0
2047.868928,,8622.784512,32,2.047868928,What is the value associated with key 8DA542C21797? Return only the value.,9583EF4C5119,8.622784512,MB,2048.0,0.7625049164628829,13888.0,context_0000,147.456,['9583EF4C5119'],62995,58477.0,synthetic_kv_64k,13888.0
2047.868928,,8622.784512,32,2.047868928,What is the value associated with key B8529442B5E6? Return only the value.,5F98A65D88E6,8.622784512,MB,2048.0,0.7625049164628829,13888.0,context_0000,147.456,['4B916AE66582'],62995,58477.0,synthetic_kv_64k,13888.0
2047.868928,,8622.784512,32,2.047868928,What is the value associated with key 323927046F25? Return only the value.,3B23B9A4DE2B,8.622784512,MB,2048.0,0.7625049164628829,13888.0,context_0000,147.456,['3AE254720D2D'],62995,58477.0,synthetic_kv_64k,13888.0
2047.868928,,8622.784512,32,2.047868928,What is the value associated with key 91DD613D2DE9? Return only the value.,960B95132C2A,8.622784512,MB,2048.0,0.7625049164628829,13888.0,context_0000,147.456,['3EE8D5574241'],62995,58477.0,synthetic_kv_64k,13888.0
2047.868928,,8622.784512,32,2.047868928,What is the value associated with key 8CF67FD238C3? Return only the value.,60904185300D,8.622784512,MB,2048.0,0.7625049164628829,13888.0,context_0000,147.456,['F186A7946320'],62995,58477.0,synthetic_kv_64k,13888.0
2047.868928,,8622.784512,32,2.047868928,What is the value associated with key 566AAF521B94? Return only the value.,5894591CC58C,8.622784512,MB,2048.0,0.7625049164628829,13888.0,context_0000,147.456,['C36B41E02A89'],62995,58477.0,synthetic_kv_64k,13888.0
2047.868928,,8622.784512,32,2.047868928,What is the value associated with key 7D16D253D966? Return only the value.,9F3B76D5C34A,8.622784512,MB,2048.0,0.7625049164628829,13888.0,context_0000,147.456,['B93BF76D15FD'],62995,58477.0,synthetic_kv_64k,13888.0
2047.868928,,8622.784512,32,2.047868928,What is the value associated with key BD56A4461663? Return only the value.,5854D685D88C,8.622784512,MB,2048.0,0.7625049164628829,13888.0,context_0000,147.456,['75F87D97AC0F'],62995,58477.0,synthetic_kv_64k,13888.0
2047.868928,,8622.784512,32,2.047868928,What is the value associated with key BB962B115C36? Return only the value.,585D8430E68A,8.622784512,MB,2048.0,0.7625049164628829,13888.0,context_0000,147.456,['5A28CB8383F2'],62995,58477.0,synthetic_kv_64k,13888.0
2047.868928,,8622.784512,32,2.047868928,What is the value associated with key 23D42B54FF7A? Return only the value.,5C4432DF8D45,8.622784512,MB,2048.0,0.7625049164628829,13888.0,context_0000,147.456,['8BEAB86677AA'],62995,58477.0,synthetic_kv_64k,13888.0
2047.868928,,8622.784512,32,2.047868928,What is the value associated with key 2F1D7D024C6D? Return only the value.,585458545854,8.622784512,MB,2048.0,0.7625049164628829,13888.0,context_0000,147.456,['E3ADEAB9EB02'],62995,58477.0,synthetic_kv_64k,13888.0
2047.868928,,8622.784512,32,2.047868928,What is the value associated with key FD858AC97B01? Return only the value.,544C48544543,8.622784512,MB,2048.0,0.7625049164628829,13888.0,context_0000,147.456,['F50DA44D9FEC'],62995,58477.0,synthetic_kv_64k,13888.0
2047.868928,,8622.784512,32,2.047868928,What is the value associated with key 86210F09105C? Return only the value.,C7CF226C775D,8.622784512,MB,2048.0,0.7625049164628829,13888.0,context_0000,147.456,['D6CD08A8AC7F'],62995,58477.0,synthetic_kv_64k,13888.0
2047.868928,,8622.784512,32,2.047868928,What is the value associated with key 1307D8C128E7? Return only the value.,A267DDCBF4BC,8.622784512,MB,2048.0,0.7625049164628829,13888.0,context_0000,147.456,['D168F1F7D904'],62995,58477.0,synthetic_kv_64k,13888.0
2047.868928,,8622.784512,32,2.047868928,What is the value associated with key 0C6BAB102C9B? Return only the value.,5C3D022B6683,8.622784512,MB,2048.0,0.7625049164628829,13888.0,context_0000,147.456,['01A2C3ABB5F1'],62995,58477.0,synthetic_kv_64k,13888.0
2047.868928,,8622.784512,32,2.047868928,What is the value associated with key 23326992896E? Return only the value.,A61D6967858D,8.622784512,MB,2048.0,0.7625049164628829,13888.0,context_0000,147.456,['A175D7B102A9'],62995,58477.0,synthetic_kv_64k,13888.0
2047.868928,,8622.784512,32,2.047868928,What is the value associated with key 11663B3F3800? Return only the value.,E383873DC8BD,8.622784512,MB,2048.0,0.7625049164628829,13888.0,context_0000,147.456,['26A9B509109B'],62995,58477.0,synthetic_kv_64k,13888.0
2047.868928,,8622.784512,32,2.047868928,What is the value associated with key 37FE02571851? Return only the value.,5C4432DF8D45,8.622784512,MB,2048.0,0.7625049164628829,13888.0,context_0000,147.456,['74BD8177B661'],62995,58477.0,synthetic_kv_64k,13888.0
2047.868928,,8622.784512,32,2.047868928,What is the value associated with key 0F795F8A14BD? Return only the value.,189A5C34E4C3,8.622784512,MB,2048.0,0.7625049164628829,13888.0,context_0000,147.456,['A3429E2A7324'],62995,58477.0,synthetic_kv_64k,13888.0
2047.868928,,8622.784512,32,2.047868928,What is the value associated with key EF14AAB07015? Return only the value.,747D8554588A,8.622784512,MB,2048.0,0.7625049164628829,13888.0,context_0000,147.456,['E9AA9DD43675'],62995,58477.0,synthetic_kv_64k,13888.0
2047.868928,,8622.784512,32,2.047868928,What is the value associated with key A8C67BB3447B? Return only the value.,447B,8.622784512,MB,2048.0,0.7625049164628829,13888.0,context_0000,147.456,['04067CE40679'],62995,58477.0,synthetic_kv_64k,13888.0
2047.868928,,8622.784512,32,2.047868928,What is the value associated with key 883F01B158E9? Return only the value.,5F13D485D78A,8.622784512,MB,2048.0,0.7625049164628829,13888.0,context_0000,147.456,['694D8D388327'],62995,58477.0,synthetic_kv_64k,13888.0
2047.868928,,8622.784512,32,2.047868928,What is the value associated with key 04480308AA5E? Return only the value.,5C70FCA45567,8.622784512,MB,2048.0,0.7625049164628829,13888.0,context_0000,147.456,['B8E18787EA21'],62995,58477.0,synthetic_kv_64k,13888.0
2047.868928,,8622.784512,32,2.047868928,What is the value associated with key 8926465568B7? Return only the value.,8926465568B7 is not present in the provided list of key-value pairs.,8.622784512,MB,2048.0,0.7625049164628829,13888.0,context_0000,147.456,['4964FA3C1628'],62995,58477.0,synthetic_kv_64k,13888.0
2047.868928,,8622.784512,32,2.047868928,What is the value associated with key 80910463750E? Return only the value.,8635BC54B8C1,8.622784512,MB,2048.0,0.7625049164628829,13888.0,context_0000,147.456,['B2A6D02B1243'],62995,58477.0,synthetic_kv_64k,13888.0
2047.868928,,8622.784512,32,2.047868928,What is the value associated with key 6E3AAC8D6C7D? Return only the value.,66844885888A,8.622784512,MB,2048.0,0.7625049164628829,13888.0,context_0000,147.456,['F090CE610199'],62995,58477.0,synthetic_kv_64k,13888.0
2047.868928,,8622.784512,32,2.047868928,What is the value associated with key 2DE4E8E6E840? Return only the value.,The value associated with the key [2DE4E8E6E840] is not present in the provided list.,8.622784512,MB,2048.0,0.7625049164628829,13888.0,context_0000,147.456,['EB051B656DAB'],62995,58477.0,synthetic_kv_64k,13888.0
2047.868928,,8622.784512,32,2.047868928,What is the value associated with key 863E18A806EF? Return only the value.,9FBC869C3A8E,8.622784512,MB,2048.0,0.7625049164628829,13888.0,context_0000,147.456,['3DB0261E2555'],62995,58477.0,synthetic_kv_64k,13888.0
2047.868928,,8622.784512,32,2.047868928,What is the value associated with key 9EA931227592? Return only the value.,The value associated with the key [9EA931227592] is not present in the provided list.,8.622784512,MB,2048.0,0.7625049164628829,13888.0,context_0000,147.456,['409E86C5D1D6'],62995,58477.0,synthetic_kv_64k,13888.0
2047.868928,,8622.784512,32,2.047868928,What is the value associated with key 5ABCD0B1E3EB? Return only the value.,609044E5C88A,8.622784512,MB,2048.0,0.7625049164628829,13888.0,context_0000,147.456,['CB80446F64DD'],62995,58477.0,synthetic_kv_64k,13888.0
2047.868928,,8622.784512,32,2.047868928,What is the value associated with key 143A659B0105? Return only the value.,46C785D3C38C,8.622784512,MB,2048.0,0.7625049164628829,13888.0,context_0000,147.456,['F5945F804EEB'],62995,58477.0,synthetic_kv_64k,13888.0
2047.868928,,8622.784512,32,2.047868928,What is the value associated with key 758067F1698C? Return only the value.,A345848C388A,8.622784512,MB,2048.0,0.7625049164628829,13888.0,context_0000,147.456,['3E4290A3FBBF'],62995,58477.0,synthetic_kv_64k,13888.0
2047.868928,,8622.784512,32,2.047868928,What is the value associated with key B27EFD7FE973? Return only the value.,The value associated with the key [B27EFD7FE973] is not present in the provided list.,8.622784512,MB,2048.0,0.7625049164628829,13888.0,context_0000,147.456,['4CCB39D1C7FF'],62995,58477.0,synthetic_kv_64k,13888.0
2047.868928,,8622.784512,32,2.047868928,What is the value associated with key D3FBAF1D5A1A? Return only the value.,73949557448A,8.622784512,MB,2048.0,0.7625049164628829,13888.0,context_0000,147.456,['14A3D90DD19B'],62995,58477.0,synthetic_kv_64k,13888.0
2047.868928,,8622.784512,32,2.047868928,What is the value associated with key FDDEA75B395A? Return only the value.,544C3458884C,8.622784512,MB,2048.0,0.7625049164628829,13888.0,context_0000,147.456,['A65FDBB44021'],62995,58477.0,synthetic_kv_64k,13888.0
2047.868928,,8622.784512,32,2.047868928,What is the value associated with key 081CC27437EB? Return only the value.,585458545854,8.622784512,MB,2048.0,0.7625049164628829,13888.0,context_0000,147.456,['67C017EFA621'],62995,58477.0,synthetic_kv_64k,13888.0
2047.868928,,8622.784512,32,2.047868928,What is the value associated with key 608E61177270? Return only the value.,The value associated with the key `608E61177270` is not present in the provided list of key-value pairs.,8.622784512,MB,2048.0,0.7625049164628829,13888.0,context_0000,147.456,['79DB8D7DD772'],62995,58477.0,synthetic_kv_64k,13888.0
2047.868928,,8622.784512,32,2.047868928,What is the value associated with key A3010E5D8C6A? Return only the value.,548E638A888C,8.622784512,MB,2048.0,0.7625049164628829,13888.0,context_0000,147.456,['B3ED026B5383'],62995,58477.0,synthetic_kv_64k,13888.0
2047.868928,,8622.784512,32,2.047868928,What is the value associated with key 152A2BDFCB41? Return only the value.,564C3445544C,8.622784512,MB,2048.0,0.7625049164628829,13888.0,context_0000,147.456,['D8677FF6B824'],62995,58477.0,synthetic_kv_64k,13888.0
2047.868928,,8622.784512,32,2.047868928,What is the value associated with key A5186F14B3F6? Return only the value.,5C94D88D778A,8.622784512,MB,2048.0,0.7625049164628829,13888.0,context_0000,147.456,['54CEC8CCE2C2'],62995,58477.0,synthetic_kv_64k,13888.0
2047.868928,,8622.784512,32,2.047868928,What is the value associated with key FA3290DBFAD6? Return only the value.,568317D5D97C,8.622784512,MB,2048.0,0.7625049164628829,13888.0,context_0000,147.456,['F94DDBA3496F'],62995,58477.0,synthetic_kv_64k,13888.0
2047.868928,,8622.784512,32,2.047868928,What is the value associated with key E5111869A217? Return only the value.,A69B818D7EAF,8.622784512,MB,2048.0,0.7625049164628829,13888.0,context_0000,147.456,['EB4D873570A2'],62995,58477.0,synthetic_kv_64k,13888.0
2047.868928,,8622.784512,32,2.047868928,What is the value associated with key 3AD10AE4AC11? Return only the value.,A85456673E4A,8.622784512,MB,2048.0,0.7625049164628829,13888.0,context_0000,147.456,['E6B9361F6D90'],62995,58477.0,synthetic_kv_64k,13888.0
2047.868928,,8622.784512,32,2.047868928,What is the value associated with key B139DE3CE88B? Return only the value.,The value associated with the key [B139DE3CE88B] is not present in the provided list.,8.622784512,MB,2048.0,0.7625049164628829,13888.0,context_0000,147.456,['9118E336C243'],62995,58477.0,synthetic_kv_64k,13888.0
2047.868928,,8622.784512,32,2.047868928,What is the value associated with key 456679BA630A? Return only the value.,5C4432DF8D45,8.622784512,MB,2048.0,0.7625049164628829,13888.0,context_0000,147.456,['EC950BEB7C34'],62995,58477.0,synthetic_kv_64k,13888.0
2047.868928,,8622.784512,32,2.047868928,What is the value associated with key AF3613087974? Return only the value.,7C44A15D8C3A,8.622784512,MB,2048.0,0.7625049164628829,13888.0,context_0000,147.456,['47C6ECF32053'],62995,58477.0,synthetic_kv_64k,13888.0
2047.868928,,8622.784512,32,2.047868928,What is the value associated with key 8B04E63949D4? Return only the value.,948C34D88C3C,8.622784512,MB,2048.0,0.7625049164628829,13888.0,context_0000,147.456,['A87990422EB7'],62995,58477.0,synthetic_kv_64k,13888.0
2047.868928,,8622.784512,32,2.047868928,What is the value associated with key 2DEA086C405F? Return only the value.,5C445685545A,8.622784512,MB,2048.0,0.7625049164628829,13888.0,context_0000,147.456,['D9B5EDC3A1C3'],62995,58477.0,synthetic_kv_64k,13888.0
2047.868928,,8622.784512,32,2.047868928,What is the value associated with key 0402508211A5? Return only the value.,32F8B462E3E8,8.622784512,MB,2048.0,0.7625049164628829,13888.0,context_0000,147.456,['3508F622D842'],62995,58477.0,synthetic_kv_64k,13888.0
2047.868928,,8622.784512,32,2.047868928,What is the value associated with key 24E99647FF9F? Return only the value.,548E68858C3A,8.622784512,MB,2048.0,0.7625049164628829,13888.0,context_0000,147.456,['D218C093BFB0'],62995,58477.0,synthetic_kv_64k,13888.0
2047.868928,,8622.784512,32,2.047868928,What is the value associated with key D226B674410D? Return only the value.,A345883D888C,8.622784512,MB,2048.0,0.7625049164628829,13888.0,context_0000,147.456,['EDCA65F6BA53'],62995,58477.0,synthetic_kv_64k,13888.0
2047.868928,,8622.784512,32,2.047868928,What is the value associated with key 4C9D13B22CEC? Return only the value.,5499D40E53CE,8.622784512,MB,2048.0,0.7625049164628829,13888.0,context_0000,147.456,['905F299656E2'],62995,58477.0,synthetic_kv_64k,13888.0
2047.868928,,8622.784512,32,2.047868928,What is the value associated with key 91123D8F95F4? Return only the value.,909E8A38D5AA,8.622784512,MB,2048.0,0.7625049164628829,13888.0,context_0000,147.456,['D975D5ABA8AE'],62995,58477.0,synthetic_kv_64k,13888.0
2047.868928,,8622.784512,32,2.047868928,What is the value associated with key AD52639FC471? Return only the value.,548E69C3D88C,8.622784512,MB,2048.0,0.7625049164628829,13888.0,context_0000,147.456,['8A62E582B678'],62995,58477.0,synthetic_kv_64k,13888.0
2047.868928,,8622.784512,32,2.047868928,What is the value associated with key 624354EC3F33? Return only the value.,694A5885C38A,8.622784512,MB,2048.0,0.7625049164628829,13888.0,context_0000,147.456,['BD5FC16F9BCC'],62995,58477.0,synthetic_kv_64k,13888.0
2047.868928,,8622.784512,32,2.047868928,What is the value associated with key CA5E23D3CD4C? Return only the value.,548E688C3E6C,8.622784512,MB,2048.0,0.7625049164628829,13888.0,context_0000,147.456,['B076FD0CE433'],62995,58477.0,synthetic_kv_64k,13888.0
2047.868928,,8622.784512,32,2.047868928,What is the value associated with key 1413B962C8A7? Return only the value.,8C354A3D8C3A,8.622784512,MB,2048.0,0.7625049164628829,13888.0,context_0000,147.456,['BED68033F5C2'],62995,58477.0,synthetic_kv_64k,13888.0
2047.868928,,8622.784512,32,2.047868928,What is the value associated with key 588AF96D40F8? Return only the value.,543B636D883A,8.622784512,MB,2048.0,0.7625049164628829,13888.0,context_0000,147.456,['19010DBF0CAF'],62995,58477.0,synthetic_kv_64k,13888.0
2047.868928,,8622.784512,32,2.047868928,What is the value associated with key 3B6D6FE5040B? Return only the value.,4C7FA3760C2D,8.622784512,MB,2048.0,0.7625049164628829,13888.0,context_0000,147.456,['1375D6B361E4'],62995,58477.0,synthetic_kv_64k,13888.0
2047.868928,,8622.784512,32,2.047868928,What is the value associated with key 9AEC57311609? Return only the value.,909E8A38D5AA,8.622784512,MB,2048.0,0.7625049164628829,13888.0,context_0000,147.456,['9D26C4DD8DF5'],62995,58477.0,synthetic_kv_64k,13888.0
2047.868928,,8622.784512,32,2.047868928,What is the value associated with key 9879F4719986? Return only the value.,9255ED0940F7,8.622784512,MB,2048.0,0.7625049164628829,13888.0,context_0000,147.456,['F80B658E54A2'],62995,58477.0,synthetic_kv_64k,13888.0
2047.868928,,8622.784512,32,2.047868928,What is the value associated with key 538DC607B1E9? Return only the value.,3E4290A3FBBF,8.622784512,MB,2048.0,0.7625049164628829,13888.0,context_0000,147.456,['A25507958C1F'],62995,58477.0,synthetic_kv_64k,13888.0
2047.868928,,8622.784512,32,2.047868928,What is the value associated with key C89645F8C28D? Return only the value.,A85D88E6D88C,8.622784512,MB,2048.0,0.7625049164628829,13888.0,context_0000,147.456,['7357FE1A1BA9'],62995,58477.0,synthetic_kv_64k,13888.0
2047.868928,,8622.784512,32,2.047868928,What is the value associated with key 3A677D98302F? Return only the value.,37998455488A,8.622784512,MB,2048.0,0.7625049164628829,13888.0,context_0000,147.456,['8D935B167158'],62995,58477.0,synthetic_kv_64k,13888.0
2047.868928,,8622.784512,32,2.047868928,What is the value associated with key 601BF0EEBCCE? Return only the value.,909E8A38D5AA,8.622784512,MB,2048.0,0.7625049164628829,13888.0,context_0000,147.456,['2F8C6E8D9644'],62995,58477.0,synthetic_kv_64k,13888.0
2047.868928,,8622.784512,32,2.047868928,What is the value associated with key 95FBAE007B7E? Return only the value.,7B7E6854588A,8.622784512,MB,2048.0,0.7625049164628829,13888.0,context_0000,147.456,['614CA921CB4C'],62995,58477.0,synthetic_kv_64k,13888.0
2047.868928,,8622.784512,32,2.047868928,What is the value associated with key C5AC15F00CB4? Return only the value.,CB4548545854,8.622784512,MB,2048.0,0.7625049164628829,13888.0,context_0000,147.456,['4B9D9E5D9C7A'],62995,58477.0,synthetic_kv_64k,13888.0
2047.868928,,8622.784512,32,2.047868928,What is the value associated with key 3F17CC4D5819? Return only the value.,The value associated with the key [3F17CC4D5819] is not present in the provided list.,8.622784512,MB,2048.0,0.7625049164628829,13888.0,context_0000,147.456,['12D1B68E47FA'],62995,58477.0,synthetic_kv_64k,13888.0
2047.868928,,8622.784512,32,2.047868928,What is the value associated with key 449915007170? Return only the value.,46E153458C3A,8.622784512,MB,2048.0,0.7625049164628829,13888.0,context_0000,147.456,['6147277B0667'],62995,58477.0,synthetic_kv_64k,13888.0
2047.868928,,8622.784512,32,2.047868928,What is the value associated with key C8ADB630794D? Return only the value.,58544885544D,8.622784512,MB,2048.0,0.7625049164628829,13888.0,context_0000,147.456,['277EA247541D'],62995,58477.0,synthetic_kv_64k,13888.0
2047.868928,,8622.784512,32,2.047868928,What is the value associated with key 63BEBD5A0C9E? Return only the value.,C9213F05557C,8.622784512,MB,2048.0,0.7625049164628829,13888.0,context_0000,147.456,['5C565111D31D'],62995,58477.0,synthetic_kv_64k,13888.0
2047.868928,,8622.784512,32,2.047868928,What is the value associated with key 176D1B46EBDC? Return only the value.,774C3445544C,8.622784512,MB,2048.0,0.7625049164628829,13888.0,context_0000,147.456,['F16501547950'],62995,58477.0,synthetic_kv_64k,13888.0
2047.868928,,8622.784512,32,2.047868928,What is the value associated with key 71DA4EEA9DB8? Return only the value.,9918C38D8C3C,8.622784512,MB,2048.0,0.7625049164628829,13888.0,context_0000,147.456,['C2E75C238D8D'],62995,58477.0,synthetic_kv_64k,13888.0
2047.868928,,8622.784512,32,2.047868928,What is the value associated with key 1A2B450F69EE? Return only the value.,97485D7C3D8A,8.622784512,MB,2048.0,0.7625049164628829,13888.0,context_0000,147.456,['165921EBFAA9'],62995,58477.0,synthetic_kv_64k,13888.0
2047.868928,,8622.784512,32,2.047868928,What is the value associated with key 6E542FF8E87E? Return only the value.,The value associated with the key [6E542FF8E87E] is not present in the provided list.,8.622784512,MB,2048.0,0.7625049164628829,13888.0,context_0000,147.456,['8E9672E76B51'],62995,58477.0,synthetic_kv_64k,13888.0
2047.868928,,8622.784512,32,2.047868928,What is the value associated with key 832F8E0370CF? Return only the value.,832F8E0370CF is not present in the provided list of key-value pairs.,8.622784512,MB,2048.0,0.7625049164628829,13888.0,context_0000,147.456,['1A7168759545'],62995,58477.0,synthetic_kv_64k,13888.0
2047.868928,,8622.784512,32,2.047868928,What is the value associated with key 16F106B919AA? Return only the value.,974A5885C38A,8.622784512,MB,2048.0,0.7625049164628829,13888.0,context_0000,147.456,['8DE15A9A206A'],62995,58477.0,synthetic_kv_64k,13888.0
2047.868928,,8622.784512,32,2.047868928,What is the value associated with key 98D017D30F32? Return only the value.,The value associated with the key [98D017D30F32] is not present in the provided list.,8.622784512,MB,2048.0,0.7625049164628829,13888.0,context_0000,147.456,['C8D0991965EA'],62995,58477.0,synthetic_kv_64k,13888.0
2047.868928,,8622.784512,32,2.047868928,What is the value associated with key DD1C530DDDA6? Return only the value.,585458545854,8.622784512,MB,2048.0,0.7625049164628829,13888.0,context_0000,147.456,['0328629EF3D8'],62995,58477.0,synthetic_kv_64k,13888.0
2047.868928,,8622.784512,32,2.047868928,What is the value associated with key 69EF4AB6821C? Return only the value.,6685488C344C,8.622784512,MB,2048.0,0.7625049164628829,13888.0,context_0000,147.456,['C7776346D4EF'],62995,58477.0,synthetic_kv_64k,13888.0
2047.868928,,8622.784512,32,2.047868928,What is the value associated with key B98F15AEDE0F? Return only the value.,The value associated with the key [B98F15AEDE0F] is [495685609E8A,8.622784512,MB,2048.0,0.7625049164628829,13888.0,context_0000,147.456,['8F3DE6B0DA0A'],62995,58477.0,synthetic_kv_64k,13888.0
2047.868928,,8622.784512,32,2.047868928,What is the value associated with key FE23E7BBAEFC? Return only the value.,548C3457484C,8.622784512,MB,2048.0,0.7625049164628829,13888.0,context_0000,147.456,['3E24FA698CD2'],62995,58477.0,synthetic_kv_64k,13888.0
2047.868928,,8622.784512,32,2.047868928,What is the value associated with key 8567926BFFA5? Return only the value.,548E68548E68,8.622784512,MB,2048.0,0.7625049164628829,13888.0,context_0000,147.456,['AF702B69C95E'],62995,58477.0,synthetic_kv_64k,13888.0
2047.868928,,8622.784512,32,2.047868928,What is the value associated with key 2B646177A771? Return only the value.,7D7545545454,8.622784512,MB,2048.0,0.7625049164628829,13888.0,context_0000,147.456,['44D7238B05B7'],62995,58477.0,synthetic_kv_64k,13888.0
2047.868928,,8622.784512,32,2.047868928,What is the value associated with key 44B64D16F049? Return only the value.,44291257429E,8.622784512,MB,2048.0,0.7625049164628829,13888.0,context_0000,147.456,['255B7E3D5EE4'],62995,58477.0,synthetic_kv_64k,13888.0
2047.868928,,8622.784512,32,2.047868928,What is the value associated with key 2ACE103246B3? Return only the value.,548C340D884C,8.622784512,MB,2048.0,0.7625049164628829,13888.0,context_0000,147.456,['46A56F46F1B1'],62995,58477.0,synthetic_kv_64k,13888.0
2047.868928,,8622.784512,32,2.047868928,What is the value associated with key 4CBC6BCD5CE7? Return only the value.,548C74577D47,8.622784512,MB,2048.0,0.7625049164628829,13888.0,context_0000,147.456,['C85C7BF69552'],62995,58477.0,synthetic_kv_64k,13888.0
2047.868928,,8622.784512,32,2.047868928,What is the value associated with key 5C7213B11E59? Return only the value.,5C7213B11E59 is not present in the provided list of key-value pairs.,8.622784512,MB,2048.0,0.7625049164628829,13888.0,context_0000,147.456,['F1B8406F64D6'],62995,58477.0,synthetic_kv_64k,13888.0
2047.868928,,8622.784512,32,2.047868928,What is the value associated with key B88C3F2086C2? Return only the value.,The value associated with the key [B88C3F2086C2] is not present in the provided list.,8.622784512,MB,2048.0,0.7625049164628829,13888.0,context_0000,147.456,['7EECA002352A'],62995,58477.0,synthetic_kv_64k,13888.0
2047.868928,,8622.784512,32,2.047868928,What is the value associated with key 9DDE9803B22E? Return only the value.,909E8A38D5AA,8.622784512,MB,2048.0,0.7625049164628829,13888.0,context_0000,147.456,['7536320F72C0'],62995,58477.0,synthetic_kv_64k,13888.0
2047.868928,,8622.784512,32,2.047868928,What is the value associated with key 22AF1B628A9D? Return only the value.,The value associated with the key [22AF1B628A9D] is not present in the provided list.,8.622784512,MB,2048.0,0.7625049164628829,13888.0,context_0000,147.456,['01BB4DFE1117'],62995,58477.0,synthetic_kv_64k,13888.0
2047.868928,,8622.784512,32,2.047868928,What is the value associated with key 654CF2E61828? Return only the value.,The value associated with the key [654CF2E61828] is not present in the provided list.,8.622784512,MB,2048.0,0.7625049164628829,13888.0,context_0000,147.456,['D773550C2FE9'],62995,58477.0,synthetic_kv_64k,13888.0
2047.868928,,8622.784512,32,2.047868928,What is the value associated with key 61409EC4EA48? Return only the value.,The value associated with the key [61409EC4EA48] is not present in the provided list.,8.622784512,MB,2048.0,0.7625049164628829,13888.0,context_0000,147.456,['DCB9CDD7F460'],62995,58477.0,synthetic_kv_64k,13888.0
2047.868928,,8622.784512,32,2.047868928,What is the value associated with key 70B2545CD88D? Return only the value.,734585858585,8.622784512,MB,2048.0,0.7625049164628829,13888.0,context_0000,147.456,['6E3C55B145E4'],62995,58477.0,synthetic_kv_64k,13888.0
2047.868928,,8622.784512,32,2.047868928,What is the value associated with key D2D3D0C30018? Return only the value.,The value associated with the key [D2D3D0C30018] is not present in the provided list.,8.622784512,MB,2048.0,0.7625049164628829,13888.0,context_0000,147.456,['A6AADC08BF29'],62995,58477.0,synthetic_kv_64k,13888.0
2047.868928,,8622.784512,32,2.047868928,What is the value associated with key 982AF966D59F? Return only the value.,The value associated with the key `982AF966D59F` is `44291257429,8.622784512,MB,2048.0,0.7625049164628829,13888.0,context_0000,147.456,['4CE922D90DB3'],62995,58477.0,synthetic_kv_64k,13888.0
2047.868928,,8622.784512,32,2.047868928,What is the value associated with key 9A6C52171C88? Return only the value.,5C650F8A0C2C,8.622784512,MB,2048.0,0.7625049164628829,13888.0,context_0000,147.456,['B1FEF280DF1D'],62995,58477.0,synthetic_kv_64k,13888.0
2047.868928,,8622.784512,32,2.047868928,What is the value associated with key 7AA0336B00CB? Return only the value.,7B8585555555,8.622784512,MB,2048.0,0.7625049164628829,13888.0,context_0000,147.456,['2D79506E50C7'],62995,58477.0,synthetic_kv_64k,13888.0
2047.868928,,8622.784512,32,2.047868928,What is the value associated with key 65F3F6EE5CDB? Return only the value.,66F58D8C3D8C,8.622784512,MB,2048.0,0.7625049164628829,13888.0,context_0000,147.456,['51B3F7FE604F'],62995,58477.0,synthetic_kv_64k,13888.0
2047.868928,,8622.784512,32,2.047868928,What is the value associated with key BC204A9C589E? Return only the value.,548E69C3D88C,8.622784512,MB,2048.0,0.7625049164628829,13888.0,context_0000,147.456,['A205B1E8C09D'],62995,58477.0,synthetic_kv_64k,13888.0
2047.868928,,8622.784512,32,2.047868928,What is the value associated with key F7BF7DB2A7AA? Return only the value.,74588554585A,8.622784512,MB,2048.0,0.7625049164628829,13888.0,context_0000,147.456,['C82F936CD31C'],62995,58477.0,synthetic_kv_64k,13888.0
2047.868928,,8622.784512,32,2.047868928,What is the value associated with key 536D3E0F84CE? Return only the value.,5C448E6D8C3D,8.622784512,MB,2048.0,0.7625049164628829,13888.0,context_0000,147.456,['47C160452909'],62995,58477.0,synthetic_kv_64k,13888.0
2047.868928,,8622.784512,32,2.047868928,What is the value associated with key C92ED105C8D6? Return only the value.,The value associated with the key **C92ED105C8D6** is **1A43523AD44C,8.622784512,MB,2048.0,0.7625049164628829,13888.0,context_0000,147.456,['5D7164976593'],62995,58477.0,synthetic_kv_64k,13888.0
2047.868928,,8622.784512,32,2.047868928,What is the value associated with key EE9B1D27C09A? Return only the value.,548E6885C38A,8.622784512,MB,2048.0,0.7625049164628829,13888.0,context_0000,147.456,['3326905881DF'],62995,58477.0,synthetic_kv_64k,13888.0
2047.868928,,8622.784512,32,2.047868928,What is the value associated with key FF4C979C30CF? Return only the value.,584C3445544C,8.622784512,MB,2048.0,0.7625049164628829,13888.0,context_0000,147.456,['2E0F8BAE591E'],62995,58477.0,synthetic_kv_64k,13888.0
2047.868928,,8622.784512,32,2.047868928,What is the value associated with key C482AE84B81C? Return only the value.,8C354A3C4C3D,8.622784512,MB,2048.0,0.7625049164628829,13888.0,context_0000,147.456,['06E38CD34C62'],62995,58477.0,synthetic_kv_64k,13888.0
2047.868928,,8622.784512,32,2.047868928,What is the value associated with key BA2AF3F81C31? Return only the value.,The value associated with the key [BA2AF3F81C31] is [485D8438E68D,8.622784512,MB,2048.0,0.7625049164628829,13888.0,context_0000,147.456,['F166762CDFBC'],62995,58477.0,synthetic_kv_64k,13888.0
2047.868928,,8622.784512,32,2.047868928,What is the value associated with key 35ABB5578B00? Return only the value.,585448855854,8.622784512,MB,2048.0,0.7625049164628829,13888.0,context_0000,147.456,['CC35703E957F'],62995,58477.0,synthetic_kv_64k,13888.0
2047.868928,,8622.784512,32,2.047868928,What is the value associated with key D4CE4A94AE9F? Return only the value.,A85E688D8C3C,8.622784512,MB,2048.0,0.7625049164628829,13888.0,context_0000,147.456,['11B4B15DA72D'],62995,58477.0,synthetic_kv_64k,13888.0
2047.868928,,8622.784512,32,2.047868928,What is the value associated with key D908D1A7BA20? Return only the value.,5C448E68C34C,8.622784512,MB,2048.0,0.7625049164628829,13888.0,context_0000,147.456,['CB88CBB02A8B'],62995,58477.0,synthetic_kv_64k,13888.0
2047.868928,,8622.784512,32,2.047868928,What is the value associated with key AC4868BD80D7? Return only the value.,8C354A3D8C3C,8.622784512,MB,2048.0,0.7625049164628829,13888.0,context_0000,147.456,['23A17FD255EE'],62995,58477.0,synthetic_kv_64k,13888.0
2047.868928,,8622.784512,32,2.047868928,What is the value associated with key 4D86A2224F96? Return only the value.,40AF3DF51967,8.622784512,MB,2048.0,0.7625049164628829,13888.0,context_0000,147.456,['40AF3DF51967'],62995,58477.0,synthetic_kv_64k,13888.0
2047.868928,,8622.784512,32,2.047868928,What is the value associated with key 2775A89E22F2? Return only the value.,28E28D85858A,8.622784512,MB,2048.0,0.7625049164628829,13888.0,context_0000,147.456,['6C52B719BB68'],62995,58477.0,synthetic_kv_64k,13888.0
2047.868928,,8622.784512,32,2.047868928,What is the value associated with key 6082CA00EF58? Return only the value.,599B4E238751,8.622784512,MB,2048.0,0.7625049164628829,13888.0,context_0000,147.456,['72F612EF6101'],62995,58477.0,synthetic_kv_64k,13888.0
2047.868928,,8622.784512,32,2.047868928,What is the value associated with key 9912FD9E8E20? Return only the value.,The value associated with the key [9912FD9E8E20] is not present in the provided list.,8.622784512,MB,2048.0,0.7625049164628829,13888.0,context_0000,147.456,['950D7AAF2001'],62995,58477.0,synthetic_kv_64k,13888.0
2047.868928,,8622.784512,32,2.047868928,What is the value associated with key 88CC669B29B8? Return only the value.,The value associated with the key [88CC669B29B8] is not present in the provided list.,8.622784512,MB,2048.0,0.7625049164628829,13888.0,context_0000,147.456,['EC6A81B15DB9'],62995,58477.0,synthetic_kv_64k,13888.0
2047.868928,,8622.784512,32,2.047868928,What is the value associated with key DEA0EB9ED274? Return only the value.,774C3885544C,8.622784512,MB,2048.0,0.7625049164628829,13888.0,context_0000,147.456,['6B15B113D50B'],62995,58477.0,synthetic_kv_64k,13888.0
2047.868928,,8622.784512,32,2.047868928,What is the value associated with key 09698B2C550A? Return only the value.,545C345C345C,8.622784512,MB,2048.0,0.7625049164628829,13888.0,context_0000,147.456,['F7EACA6CAF9B'],62995,58477.0,synthetic_kv_64k,13888.0
2047.868928,,8622.784512,32,2.047868928,What is the value associated with key B39E5C0A1FEB? Return only the value.,585458545854,8.622784512,MB,2048.0,0.7625049164628829,13888.0,context_0000,147.456,['CFF2E53F9644'],62995,58477.0,synthetic_kv_64k,13888.0
2047.868928,,8622.784512,32,2.047868928,What is the value associated with key 98048972ABBD? Return only the value.,909E8A38D5AA,8.622784512,MB,2048.0,0.7625049164628829,13888.0,context_0000,147.456,['EA16A35FC9C1'],62995,58477.0,synthetic_kv_64k,13888.0
2047.868928,,8622.784512,32,2.047868928,What is the value associated with key 1BFF15C1604F? Return only the value.,The value associated with the key [1BFF15C1604F] is **5C70FCA45567,8.622784512,MB,2048.0,0.7625049164628829,13888.0,context_0000,147.456,['3F8CC4DA2C2E'],62995,58477.0,synthetic_kv_64k,13888.0
2047.868928,,8622.784512,32,2.047868928,What is the value associated with key AA29A85894DF? Return only the value.,5C348885C38C,8.622784512,MB,2048.0,0.7625049164628829,13888.0,context_0000,147.456,['2A955AE1DBAD'],62995,58477.0,synthetic_kv_64k,13888.0
2047.868928,,8622.784512,32,2.047868928,What is the value associated with key 9CD8A5A1C825? Return only the value.,The value associated with the key [9CD8A5A1C825] is [909E8A38D5AA,8.622784512,MB,2048.0,0.7625049164628829,13888.0,context_0000,147.456,['902F0B570720'],62995,58477.0,synthetic_kv_64k,13888.0
2047.868928,,8622.784512,32,2.047868928,What is the value associated with key A520FBCDBF5E? Return only the value.,7F0313B644C2,8.622784512,MB,2048.0,0.7625049164628829,13888.0,context_0000,147.456,['A590AD6ECC57'],62995,58477.0,synthetic_kv_64k,13888.0
2047.868928,,8622.784512,32,2.047868928,What is the value associated with key F780664D5922? Return only the value.,The value associated with the key [F780664D5922] is not present in the provided list.,8.622784512,MB,2048.0,0.7625049164628829,13888.0,context_0000,147.456,['54E3C0AFD193'],62995,58477.0,synthetic_kv_64k,13888.0
2047.868928,,8622.784512,32,2.047868928,What is the value associated with key CBD5F73936E9? Return only the value.,91947D57E68C,8.622784512,MB,2048.0,0.7625049164628829,13888.0,context_0000,147.456,['1B1F6E3255A8'],62995,58477.0,synthetic_kv_64k,13888.0
2047.868928,,8622.784512,32,2.047868928,What is the value associated with key 193E02B34254? Return only the value.,The value associated with the key [193E02B34254] is not present in the provided list.,8.622784512,MB,2048.0,0.7625049164628829,13888.0,context_0000,147.456,['38D5423CAD9D'],62995,58477.0,synthetic_kv_64k,13888.0
2047.868928,,8622.784512,32,2.047868928,What is the value associated with key BF3182BBAD84? Return only the value.,The value associated with the key [BF3182BBAD84] is not present in the provided list.,8.622784512,MB,2048.0,0.7625049164628829,13888.0,context_0000,147.456,['8ED884CFEE39'],62995,58477.0,synthetic_kv_64k,13888.0
2047.868928,,8622.784512,32,2.047868928,What is the value associated with key B00A949CD8D4? Return only the value.,The value associated with the key **B00A949CD8D4** is **559A8C3D7C2,8.622784512,MB,2048.0,0.7625049164628829,13888.0,context_0000,147.456,['38959342A09F'],62995,58477.0,synthetic_kv_64k,13888.0
2047.868928,,8622.784512,32,2.047868928,What is the value associated with key 5FC6721E8B1F? Return only the value.,5C4432DF8D45,8.622784512,MB,2048.0,0.7625049164628829,13888.0,context_0000,147.456,['768B64215E66'],62995,58477.0,synthetic_kv_64k,13888.0
2047.868928,,8622.784512,32,2.047868928,What is the value associated with key ADF7C5B8386B? Return only the value.,54E1BBA41AE0,8.622784512,MB,2048.0,0.7625049164628829,13888.0,context_0000,147.456,['B0C096ADD4DF'],62995,58477.0,synthetic_kv_64k,13888.0
2047.868928,,8622.784512,32,2.047868928,What is the value associated with key 2697801E8690? Return only the value.,66844885888A,8.622784512,MB,2048.0,0.7625049164628829,13888.0,context_0000,147.456,['FF69584FC85B'],62995,58477.0,synthetic_kv_64k,13888.0
2047.868928,,8622.784512,32,2.047868928,What is the value associated with key 7B960649BCF6? Return only the value.,774C3858858C,8.622784512,MB,2048.0,0.7625049164628829,13888.0,context_0000,147.456,['4BA11AC3BF31'],62995,58477.0,synthetic_kv_64k,13888.0
2047.868928,,8622.784512,32,2.047868928,What is the value associated with key EBA96A7D5D96? Return only the value.,548E6C34588A,8.622784512,MB,2048.0,0.7625049164628829,13888.0,context_0000,147.456,['15FAF633CC2D'],62995,58477.0,synthetic_kv_64k,13888.0
2047.868928,,8622.784512,32,2.047868928,What is the value associated with key D4D11DB6B844? Return only the value.,5C07D71173E4,8.622784512,MB,2048.0,0.7625049164628829,13888.0,context_0000,147.456,['BAEBF0D0270F'],62995,58477.0,synthetic_kv_64k,13888.0
2047.868928,,8622.784512,32,2.047868928,What is the value associated with key 592C2444D301? Return only the value.,5C94D885C38A,8.622784512,MB,2048.0,0.7625049164628829,13888.0,context_0000,147.456,['57D34FD80BBB'],62995,58477.0,synthetic_kv_64k,13888.0
2047.868928,,8622.784512,32,2.047868928,What is the value associated with key C8C57490ADEB? Return only the value.,548C348C348C,8.622784512,MB,2048.0,0.7625049164628829,13888.0,context_0000,147.456,['856734F541C0'],62995,58477.0,synthetic_kv_64k,13888.0
2047.868928,,8622.784512,32,2.047868928,What is the value associated with key 592A7BA109D0? Return only the value.,9F88D88C3E6A,8.622784512,MB,2048.0,0.7625049164628829,13888.0,context_0000,147.456,['18FD79E5C9AA'],62995,58477.0,synthetic_kv_64k,13888.0
2047.868928,,8622.784512,32,2.047868928,What is the value associated with key B8D4702BA49F? Return only the value.,585488855854,8.622784512,MB,2048.0,0.7625049164628829,13888.0,context_0000,147.456,['73D3B25F13DF'],62995,58477.0,synthetic_kv_64k,13888.0
2047.868928,,8622.784512,32,2.047868928,What is the value associated with key 113251A40D2A? Return only the value.,D854DE22DC3F,8.622784512,MB,2048.0,0.7625049164628829,13888.0,context_0000,147.456,['0B704CDE1B6B'],62995,58477.0,synthetic_kv_64k,13888.0
2047.868928,,8622.784512,32,2.047868928,What is the value associated with key B5F5CF685878? Return only the value.,5F134885848A,8.622784512,MB,2048.0,0.7625049164628829,13888.0,context_0000,147.456,['05C81D763A66'],62995,58477.0,synthetic_kv_64k,13888.0
2047.868928,,8622.784512,32,2.047868928,What is the value associated with key 57D3D963DC72? Return only the value.,5854D48C348C,8.622784512,MB,2048.0,0.7625049164628829,13888.0,context_0000,147.456,['1BFFA5E15B55'],62995,58477.0,synthetic_kv_64k,13888.0
2047.868928,,8622.784512,32,2.047868928,What is the value associated with key CCD0AD5900DD? Return only the value.,585458545854,8.622784512,MB,2048.0,0.7625049164628829,13888.0,context_0000,147.456,['EE0F2A131C1F'],62995,58477.0,synthetic_kv_64k,13888.0
2047.868928,,8622.784512,32,2.047868928,What is the value associated with key BD90FBE0E6B8? Return only the value.,The value associated with the key `BD90FBE0E6B8` is not present in the provided list.,8.622784512,MB,2048.0,0.7625049164628829,13888.0,context_0000,147.456,['84183E711433'],62995,58477.0,synthetic_kv_64k,13888.0
2047.868928,,8622.784512,32,2.047868928,What is the value associated with key 8D492CA8F783? Return only the value.,F81F6855D84C,8.622784512,MB,2048.0,0.7625049164628829,13888.0,context_0000,147.456,['54BB28FEA761'],62995,58477.0,synthetic_kv_64k,13888.0
2047.868928,,8622.784512,32,2.047868928,What is the value associated with key 6D268F5242D3? Return only the value.,5F13D885C38C,8.622784512,MB,2048.0,0.7625049164628829,13888.0,context_0000,147.456,['7649F55DCE6D'],62995,58477.0,synthetic_kv_64k,13888.0
2047.868928,,8622.784512,32,2.047868928,What is the value associated with key CC393B5AE288? Return only the value.,548C343D744D,8.622784512,MB,2048.0,0.7625049164628829,13888.0,context_0000,147.456,['A13767B13040'],62995,58477.0,synthetic_kv_64k,13888.0
2047.868928,,8622.784512,32,2.047868928,What is the value associated with key 2FB72F383B43? Return only the value.,The value associated with the key [2FB72F383B43] is not present in the provided list.,8.622784512,MB,2048.0,0.7625049164628829,13888.0,context_0000,147.456,['A845A3F66C61'],62995,58477.0,synthetic_kv_64k,13888.0
2047.868928,,8622.784512,32,2.047868928,What is the value associated with key 65446EA05D13? Return only the value.,5C448E68888C,8.622784512,MB,2048.0,0.7625049164628829,13888.0,context_0000,147.456,['BCC50779250A'],62995,58477.0,synthetic_kv_64k,13888.0
2047.868928,,8622.784512,32,2.047868928,What is the value associated with key E2129D361CB6? Return only the value.,The value associated with the key [E2129D361CB6] is not present in the provided list.,8.622784512,MB,2048.0,0.7625049164628829,13888.0,context_0000,147.456,['73173283DAA4'],62995,58477.0,synthetic_kv_64k,13888.0
2047.868928,,8622.784512,32,2.047868928,What is the value associated with key 6DF7979AA051? Return only the value.,545885555555,8.622784512,MB,2048.0,0.7625049164628829,13888.0,context_0000,147.456,['0123638ABDF6'],62995,58477.0,synthetic_kv_64k,13888.0
2047.868928,,8622.784512,32,2.047868928,What is the value associated with key 36FCB4698DB3? Return only the value.,5485D88C344C,8.622784512,MB,2048.0,0.7625049164628829,13888.0,context_0000,147.456,['474134AE4ABD'],62995,58477.0,synthetic_kv_64k,13888.0
2047.868928,,8622.784512,32,2.047868928,What is the value associated with key B429C0986750? Return only the value.,738485555555,8.622784512,MB,2048.0,0.7625049164628829,13888.0,context_0000,147.456,['CBC7CF08EA54'],62995,58477.0,synthetic_kv_64k,13888.0
2047.868928,,8622.784512,32,2.047868928,What is the value associated with key 93CD10042D82? Return only the value.,The value associated with the key [93CD10042D82] is not present in the provided list.,8.622784512,MB,2048.0,0.7625049164628829,13888.0,context_0000,147.456,['CCAC1A0C6C04'],62995,58477.0,synthetic_kv_64k,13888.0
2047.868928,,8622.784512,32,2.047868928,What is the value associated with key 8971DF3A098A? Return only the value.,8C354A3D888C,8.622784512,MB,2048.0,0.7625049164628829,13888.0,context_0000,147.456,['5DA42FDC9992'],62995,58477.0,synthetic_kv_64k,13888.0
2047.868928,,8622.784512,32,2.047868928,What is the value associated with key 32735373BF4D? Return only the value.,5854D4574E6C,8.622784512,MB,2048.0,0.7625049164628829,13888.0,context_0000,147.456,['1D2C75220646'],62995,58477.0,synthetic_kv_64k,13888.0
2047.868928,,8622.784512,32,2.047868928,What is the value associated with key ABB343299780? Return only the value.,585488855854,8.622784512,MB,2048.0,0.7625049164628829,13888.0,context_0000,147.456,['7D4EDCD5BFAE'],62995,58477.0,synthetic_kv_64k,13888.0
2047.868928,,8622.784512,32,2.047868928,What is the value associated with key F746871854C1? Return only the value.,The value associated with the key [F746871854C1] is not present in the provided list.,8.622784512,MB,2048.0,0.7625049164628829,13888.0,context_0000,147.456,['503BA39C9EC6'],62995,58477.0,synthetic_kv_64k,13888.0
2047.868928,,8622.784512,32,2.047868928,What is the value associated with key 637D98D3148B? Return only the value.,548C3458888A,8.622784512,MB,2048.0,0.7625049164628829,13888.0,context_0000,147.456,['647D9C7EB575'],62995,58477.0,synthetic_kv_64k,13888.0
2047.868928,,8622.784512,32,2.047868928,What is the value associated with key 1D3E9645F0E4? Return only the value.,5F9D8E6C3E6A,8.622784512,MB,2048.0,0.7625049164628829,13888.0,context_0000,147.456,['5A1B591196DC'],62995,58477.0,synthetic_kv_64k,13888.0
2047.868928,,8622.784512,32,2.047868928,What is the value associated with key 7536D873DAD9? Return only the value.,The value associated with the key [7536D873DAD9] is [4C7FA3760C2D,8.622784512,MB,2048.0,0.7625049164628829,13888.0,context_0000,147.456,['2C2A9E0B7B01'],62995,58477.0,synthetic_kv_64k,13888.0
2047.868928,,8622.784512,32,2.047868928,What is the value associated with key AC70D051267F? Return only the value.,639D790B185C,8.622784512,MB,2048.0,0.7625049164628829,13888.0,context_0000,147.456,['CCF4B4BBA73F'],62995,58477.0,synthetic_kv_64k,13888.0
2047.868928,,8622.784512,32,2.047868928,What is the value associated with key EB2E4C255823? Return only the value.,585555555555,8.622784512,MB,2048.0,0.7625049164628829,13888.0,context_0000,147.456,['97159D4EDB71'],62995,58477.0,synthetic_kv_64k,13888.0
2047.868928,,8622.784512,32,2.047868928,What is the value associated with key AC0F15B24E1D? Return only the value.,548E688D8C3A,8.622784512,MB,2048.0,0.7625049164628829,13888.0,context_0000,147.456,['502C224A66A6'],62995,58477.0,synthetic_kv_64k,13888.0
2047.868928,,8622.784512,32,2.047868928,What is the value associated with key 3D131E2C2E7D? Return only the value.,5C29410BFC29,8.622784512,MB,2048.0,0.7625049164628829,13888.0,context_0000,147.456,['1DF04E2D6255'],62995,58477.0,synthetic_kv_64k,13888.0
2047.868928,,8622.784512,32,2.047868928,What is the value associated with key 5F902EDC017E? Return only the value.,51948430488A,8.622784512,MB,2048.0,0.7625049164628829,13888.0,context_0000,147.456,['2430B1850EB8'],62995,58477.0,synthetic_kv_64k,13888.0
2047.868928,,8622.784512,32,2.047868928,What is the value associated with key 637282C56B21? Return only the value.,66F48D7A5C3C,8.622784512,MB,2048.0,0.7625049164628829,13888.0,context_0000,147.456,['98AF6B11B7CB'],62995,58477.0,synthetic_kv_64k,13888.0
2047.868928,,8622.784512,32,2.047868928,What is the value associated with key 9326234B4562? Return only the value.,The value associated with the key [9326234B4562] is not present in the provided list.,8.622784512,MB,2048.0,0.7625049164628829,13888.0,context_0000,147.456,['6C4C623AD0FC'],62995,58477.0,synthetic_kv_64k,13888.0
2047.868928,,8622.784512,32,2.047868928,What is the value associated with key 7C962F8D8DED? Return only the value.,774C700E4D4A,8.622784512,MB,2048.0,0.7625049164628829,13888.0,context_0000,147.456,['8991A2B03C4B'],62995,58477.0,synthetic_kv_64k,13888.0
2047.868928,,8622.784512,32,2.047868928,What is the value associated with key EB4EB184D1FC? Return only the value.,944C34544C2A,8.622784512,MB,2048.0,0.7625049164628829,13888.0,context_0000,147.456,['EE42A52FC3EC'],62995,58477.0,synthetic_kv_64k,13888.0
2047.868928,,8622.784512,32,2.047868928,What is the value associated with key 2C59FFF96ACF? Return only the value.,543D78858C3C,8.622784512,MB,2048.0,0.7625049164628829,13888.0,context_0000,147.456,['2AB78E0EC033'],62995,58477.0,synthetic_kv_64k,13888.0
2047.868928,,8622.784512,32,2.047868928,What is the value associated with key 49F17D592E19? Return only the value.,909E8A38D5AA,8.622784512,MB,2048.0,0.7625049164628829,13888.0,context_0000,147.456,['2FE523EA7956'],62995,58477.0,synthetic_kv_64k,13888.0
2047.868928,,8622.784512,32,2.047868928,What is the value associated with key D78C508850D3? Return only the value.,5F9D8C345C3C,8.622784512,MB,2048.0,0.7625049164628829,13888.0,context_0000,147.456,['9E917374CCBF'],62995,58477.0,synthetic_kv_64k,13888.0
2047.868928,,8622.784512,32,2.047868928,What is the value associated with key DD920DB977A9? Return only the value.,585455545454,8.622784512,MB,2048.0,0.7625049164628829,13888.0,context_0000,147.456,['F3AB5BE9FDB3'],62995,58477.0,synthetic_kv_64k,13888.0
2047.868928,,8622.784512,32,2.047868928,What is the value associated with key 7C0F02740F73? Return only the value.,The value associated with the key [7C0F02740F73] is not present in the provided list.,8.622784512,MB,2048.0,0.7625049164628829,13888.0,context_0000,147.456,['31F322F3F068'],62995,58477.0,synthetic_kv_64k,13888.0
2047.868928,,8622.784512,32,2.047868928,What is the value associated with key 624AD0B1FDE0? Return only the value.,5476D85A5C3A,8.622784512,MB,2048.0,0.7625049164628829,13888.0,context_0000,147.456,['8FC3F6BD80C7'],62995,58477.0,synthetic_kv_64k,13888.0
2047.868928,,8622.784512,32,2.047868928,What is the value associated with key A72F816462CB? Return only the value.,5C448E688C3C,8.622784512,MB,2048.0,0.7625049164628829,13888.0,context_0000,147.456,['68BD7EB6581E'],62995,58477.0,synthetic_kv_64k,13888.0
2047.868928,,8622.784512,32,2.047868928,What is the value associated with key 7DE1AF4847F0? Return only the value.,B5CB6A83D82A,8.622784512,MB,2048.0,0.7625049164628829,13888.0,context_0000,147.456,['B5CB6A66C184'],62995,58477.0,synthetic_kv_64k,13888.0
2047.868928,,8622.784512,32,2.047868928,What is the value associated with key 71A0D703262F? Return only the value.,5C3C345D8C3D,8.622784512,MB,2048.0,0.7625049164628829,13888.0,context_0000,147.456,['2AD17D1B695E'],62995,58477.0,synthetic_kv_64k,13888.0
2047.868928,,8622.784512,32,2.047868928,What is the value associated with key 90BD1529E6F5? Return only the value.,909E8A38D5AA,8.622784512,MB,2048.0,0.7625049164628829,13888.0,context_0000,147.456,['CBBE07E67CB0'],62995,58477.0,synthetic_kv_64k,13888.0
2047.868928,,8622.784512,32,2.047868928,What is the value associated with key 3874C2D49B56? Return only the value.,59E7D85A5D8C,8.622784512,MB,2048.0,0.7625049164628829,13888.0,context_0000,147.456,['085E4AC66780'],62995,58477.0,synthetic_kv_64k,13888.0
2047.868928,,8622.784512,32,2.047868928,What is the value associated with key 398F465CC2CB? Return only the value.,5C650F8A0C2C,8.622784512,MB,2048.0,0.7625049164628829,13888.0,context_0000,147.456,['49E689A0B7EB'],62995,58477.0,synthetic_kv_64k,13888.0
2047.868928,,8622.784512,32,2.047868928,What is the value associated with key C7DE2B0FBE44? Return only the value.,544C34444444,8.622784512,MB,2048.0,0.7625049164628829,13888.0,context_0000,147.456,['90CE751303B9'],62995,58477.0,synthetic_kv_64k,13888.0
2047.868928,,8622.784512,32,2.047868928,What is the value associated with key C5C5BE15AD12? Return only the value.,C7B685555555,8.622784512,MB,2048.0,0.7625049164628829,13888.0,context_0000,147.456,['7ECCC4134DC2'],62995,58477.0,synthetic_kv_64k,13888.0
2047.868928,,8622.784512,32,2.047868928,What is the value associated with key 82C48CBADAE5? Return only the value.,84485855484C,8.622784512,MB,2048.0,0.7625049164628829,13888.0,context_0000,147.456,['929D1CFB655F'],62995,58477.0,synthetic_kv_64k,13888.0
2047.868928,,8622.784512,32,2.047868928,What is the value associated with key 44941D3CA5A4? Return only the value.,44291257429E,8.622784512,MB,2048.0,0.7625049164628829,13888.0,context_0000,147.456,['8B09C66DCEB3'],62995,58477.0,synthetic_kv_64k,13888.0
2047.868928,,8622.784512,32,2.047868928,What is the value associated with key FDABD2C2A960? Return only the value.,548E6885858A,8.622784512,MB,2048.0,0.7625049164628829,13888.0,context_0000,147.456,['8AC35DEAA737'],62995,58477.0,synthetic_kv_64k,13888.0
2047.868928,,8622.784512,32,2.047868928,What is the value associated with key C1BCD296A12D? Return only the value.,A9480BBB2599,8.622784512,MB,2048.0,0.7625049164628829,13888.0,context_0000,147.456,['C28F0AA6FCB9'],62995,58477.0,synthetic_kv_64k,13888.0
2047.868928,,8622.784512,32,2.047868928,What is the value associated with key 70FDB80F16C5? Return only the value.,The value associated with the key `70FDB80F16C5` is `9C3D022B668,8.622784512,MB,2048.0,0.7625049164628829,13888.0,context_0000,147.456,['37F28BDDCEE3'],62995,58477.0,synthetic_kv_64k,13888.0
2047.868928,,8622.784512,32,2.047868928,What is the value associated with key 6CD6FD61F13B? Return only the value.,668548854885,8.622784512,MB,2048.0,0.7625049164628829,13888.0,context_0000,147.456,['BC691A37F6BD'],62995,58477.0,synthetic_kv_64k,13888.0
2047.868928,,8622.784512,32,2.047868928,What is the value associated with key A757D47F83B1? Return only the value.,5C4D8C3D8C3D,8.622784512,MB,2048.0,0.7625049164628829,13888.0,context_0000,147.456,['3F5EC0582DA5'],62995,58477.0,synthetic_kv_64k,13888.0
2047.868928,,8622.784512,32,2.047868928,What is the value associated with key DFF34C36A70C? Return only the value.,548E6885488C,8.622784512,MB,2048.0,0.7625049164628829,13888.0,context_0000,147.456,['0840FFD2F491'],62995,58477.0,synthetic_kv_64k,13888.0
2047.868928,,8622.784512,32,2.047868928,What is the value associated with key 43477321A8B2? Return only the value.,548C34588C3A,8.622784512,MB,2048.0,0.7625049164628829,13888.0,context_0000,147.456,['DCB9593C572B'],62995,58477.0,synthetic_kv_64k,13888.0
2047.868928,,8622.784512,32,2.047868928,What is the value associated with key 1644D1151FFF? Return only the value.,58845D885D8C,8.622784512,MB,2048.0,0.7625049164628829,13888.0,context_0000,147.456,['DD837066E289'],62995,58477.0,synthetic_kv_64k,13888.0
2047.868928,,8622.784512,32,2.047868928,What is the value associated with key 1E0DFE7402CD? Return only the value.,5C448E68888C,8.622784512,MB,2048.0,0.7625049164628829,13888.0,context_0000,147.456,['CFD7C68FCBA5'],62995,58477.0,synthetic_kv_64k,13888.0
2047.868928,,8622.784512,32,2.047868928,What is the value associated with key 35BA3CA87F31? Return only the value.,3D4486D85C3A,8.622784512,MB,2048.0,0.7625049164628829,13888.0,context_0000,147.456,['BCD4CF8A368E'],62995,58477.0,synthetic_kv_64k,13888.0
2047.868928,,8622.784512,32,2.047868928,What is the value associated with key B06B96822E22? Return only the value.,The value associated with the key [B06B96822E22] is not present in the provided list.,8.622784512,MB,2048.0,0.7625049164628829,13888.0,context_0000,147.456,['DC6D59C2F153'],62995,58477.0,synthetic_kv_64k,13888.0
2047.868928,,8622.784512,32,2.047868928,What is the value associated with key 9C3AB5F3F8AA? Return only the value.,909E8A38D5AA,8.622784512,MB,2048.0,0.7625049164628829,13888.0,context_0000,147.456,['6D9CA1FD4187'],62995,58477.0,synthetic_kv_64k,13888.0
2047.868928,,8622.784512,32,2.047868928,What is the value associated with key 9DBC2A7DC57C? Return only the value.,9255ED0940F7,8.622784512,MB,2048.0,0.7625049164628829,13888.0,context_0000,147.456,['C8EB23A4E70E'],62995,58477.0,synthetic_kv_64k,13888.0
2047.868928,,8622.784512,32,2.047868928,What is the value associated with key D04334E50699? Return only the value.,The value associated with the key [D04334E50699] is [77E8BB7EB979,8.622784512,MB,2048.0,0.7625049164628829,13888.0,context_0000,147.456,['CE3134FA32B6'],62995,58477.0,synthetic_kv_64k,13888.0
2047.868928,,8622.784512,32,2.047868928,What is the value associated with key 91F00F321333? Return only the value.,The value associated with the key [91F00F321333] is not present in the provided list.,8.622784512,MB,2048.0,0.7625049164628829,13888.0,context_0000,147.456,['884359CF0B0D'],62995,58477.0,synthetic_kv_64k,13888.0
2047.868928,,8622.784512,32,2.047868928,What is the value associated with key 98CB47F53019? Return only the value.,909E8A38D5AA,8.622784512,MB,2048.0,0.7625049164628829,13888.0,context_0000,147.456,['2B1A89ECBC51'],62995,58477.0,synthetic_kv_64k,13888.0
2047.868928,,8622.784512,32,2.047868928,What is the value associated with key FA9F52DAF681? Return only the value.,The value associated with the key [FA9F52DAF681] is [4048B4F5D84C,8.622784512,MB,2048.0,0.7625049164628829,13888.0,context_0000,147.456,['4AEAB43CDE0A'],62995,58477.0,synthetic_kv_64k,13888.0
2047.868928,,8622.784512,32,2.047868928,What is the value associated with key 929E4A11BE44? Return only the value.,909E8A38D5AA,8.622784512,MB,2048.0,0.7625049164628829,13888.0,context_0000,147.456,['F3D044709848'],62995,58477.0,synthetic_kv_64k,13888.0
2047.868928,,8622.784512,32,2.047868928,What is the value associated with key 83B0DBA6FDF8? Return only the value.,548E68858C3A,8.622784512,MB,2048.0,0.7625049164628829,13888.0,context_0000,147.456,['E670FC48F615'],62995,58477.0,synthetic_kv_64k,13888.0
2047.868928,,8622.784512,32,2.047868928,What is the value associated with key D0AFADE68F51? Return only the value.,57D5A3D84C3A,8.622784512,MB,2048.0,0.7625049164628829,13888.0,context_0000,147.456,['22B51860AD28'],62995,58477.0,synthetic_kv_64k,13888.0
2047.868928,,8622.784512,32,2.047868928,What is the value associated with key C006F67839B2? Return only the value.,The value associated with the key `C006F67839B2` is `9343985A95,8.622784512,MB,2048.0,0.7625049164628829,13888.0,context_0000,147.456,['695EC9230C64'],62995,58477.0,synthetic_kv_64k,13888.0
2047.868928,,8622.784512,32,2.047868928,What is the value associated with key 0F2DEB346D3A? Return only the value.,5C3C3D854C3C,8.622784512,MB,2048.0,0.7625049164628829,13888.0,context_0000,147.456,['46FEFE1393CD'],62995,58477.0,synthetic_kv_64k,13888.0
2047.868928,,8622.784512,32,2.047868928,What is the value associated with key A7E8DDF6D4AC? Return only the value.,A7E8DDF6D4AC: 444855555555,8.622784512,MB,2048.0,0.7625049164628829,13888.0,context_0000,147.456,['B390207BBE21'],62995,58477.0,synthetic_kv_64k,13888.0
2047.868928,,8622.784512,32,2.047868928,What is the value associated with key 21F8DDB7570E? Return only the value.,545C3E68858A,8.622784512,MB,2048.0,0.7625049164628829,13888.0,context_0000,147.456,['25703FEAD90A'],62995,58477.0,synthetic_kv_64k,13888.0
2047.868928,,8622.784512,32,2.047868928,What is the value associated with key 5274B61DF906? Return only the value.,The value associated with the key [5274B61DF906] is [18A41C4760A,8.622784512,MB,2048.0,0.7625049164628829,13888.0,context_0000,147.456,['3F5FD4176230'],62995,58477.0,synthetic_kv_64k,13888.0
2047.868928,,8622.784512,32,2.047868928,What is the value associated with key D7F3C2EFEECB? Return only the value.,720A85888888,8.622784512,MB,2048.0,0.7625049164628829,13888.0,context_0000,147.456,['6488AD1DB537'],62995,58477.0,synthetic_kv_64k,13888.0
2047.868928,,8622.784512,32,2.047868928,What is the value associated with key 24657D4D2ADD? Return only the value.,A1E593D228D4,8.622784512,MB,2048.0,0.7625049164628829,13888.0,context_0000,147.456,['A1E593D228D4'],62995,58477.0,synthetic_kv_64k,13888.0
2047.868928,,8622.784512,32,2.047868928,What is the value associated with key A0B844CAA5A2? Return only the value.,589426A5D44E,8.622784512,MB,2048.0,0.7625049164628829,13888.0,context_0000,147.456,['600B6A0AA7D5'],62995,58477.0,synthetic_kv_64k,13888.0
2047.868928,,8622.784512,32,2.047868928,What is the value associated with key 135573B5BAD5? Return only the value.,CB6AA2356DD4,8.622784512,MB,2048.0,0.7625049164628829,13888.0,context_0000,147.456,['CB6AA2356DD4'],62995,58477.0,synthetic_kv_64k,13888.0
2047.868928,,8622.784512,32,2.047868928,What is the value associated with key C4D5E14FE093? Return only the value.,5C07D71173E4,8.622784512,MB,2048.0,0.7625049164628829,13888.0,context_0000,147.456,['672117D50F59'],62995,58477.0,synthetic_kv_64k,13888.0
2047.868928,,8622.784512,32,2.047868928,What is the value associated with key BFF383FF3E96? Return only the value.,B1644A636AF5,8.622784512,MB,2048.0,0.7625049164628829,13888.0,context_0000,147.456,['B1D84739CC7B'],62995,58477.0,synthetic_kv_64k,13888.0
2047.868928,,8622.784512,32,2.047868928,What is the value associated with key E097EFB3B939? Return only the value.,E6E6E6E6E6E6,8.622784512,MB,2048.0,0.7625049164628829,13888.0,context_0000,147.456,['74665E7B72C8'],62995,58477.0,synthetic_kv_64k,13888.0
2047.868928,,8622.784512,32,2.047868928,What is the value associated with key 7CF0F343D9EB? Return only the value.,96A9DC33E1F9,8.622784512,MB,2048.0,0.7625049164628829,13888.0,context_0000,147.456,['94FB53C93AE7'],62995,58477.0,synthetic_kv_64k,13888.0
2047.868928,,8622.784512,32,2.047868928,What is the value associated with key DE7000A21367? Return only the value.,98DFC62DBAEA,8.622784512,MB,2048.0,0.7625049164628829,13888.0,context_0000,147.456,['D8DFC62DBAEA'],62995,58477.0,synthetic_kv_64k,13888.0
2047.868928,,8622.784512,32,2.047868928,What is the value associated with key 17D8BB93CD40? Return only the value.,564C38854C2A,8.622784512,MB,2048.0,0.7625049164628829,13888.0,context_0000,147.456,['F8DEBB1E5AE8'],62995,58477.0,synthetic_kv_64k,13888.0
2047.868928,,8622.784512,32,2.047868928,What is the value associated with key A284755CEE2A? Return only the value.,5C4432DF8D45,8.622784512,MB,2048.0,0.7625049164628829,13888.0,context_0000,147.456,['B281AA055442'],62995,58477.0,synthetic_kv_64k,13888.0
2047.868928,,8622.784512,32,2.047868928,What is the value associated with key D9A05BB47C18? Return only the value.,D123456789AB,8.622784512,MB,2048.0,0.7625049164628829,13888.0,context_0000,147.456,['CBB11036708D'],62995,58477.0,synthetic_kv_64k,13888.0
2047.868928,,8622.784512,32,2.047868928,What is the value associated with key 65D088D00ABD? Return only the value.,6E18C6DA85F1,8.622784512,MB,2048.0,0.7625049164628829,13888.0,context_0000,147.456,['F7D737C3B3C9'],62995,58477.0,synthetic_kv_64k,13888.0
2047.868928,,8622.784512,32,2.047868928,What is the value associated with key D3296DFD171A? Return only the value.,73949585D48C,8.622784512,MB,2048.0,0.7625049164628829,13888.0,context_0000,147.456,['7EA5363BE5CB'],62995,58477.0,synthetic_kv_64k,13888.0
2047.868928,,8622.784512,32,2.047868928,What is the value associated with key 52A744BED486? Return only the value.,5499D40A53CE,8.622784512,MB,2048.0,0.7625049164628829,13888.0,context_0000,147.456,['4899D40E53CE'],62995,58477.0,synthetic_kv_64k,13888.0
2047.868928,,8622.784512,32,2.047868928,What is the value associated with key 8C1C56771F36? Return only the value.,C41002568389,8.622784512,MB,2048.0,0.7625049164628829,13888.0,context_0000,147.456,['216E93F37596'],62995,58477.0,synthetic_kv_64k,13888.0
2047.868928,,8622.784512,32,2.047868928,What is the value associated with key DA3890EEB067? Return only the value.,548E68858C3A,8.622784512,MB,2048.0,0.7625049164628829,13888.0,context_0000,147.456,['C9CE7C3F1ADD'],62995,58477.0,synthetic_kv_64k,13888.0
2047.868928,,8622.784512,32,2.047868928,What is the value associated with key E4E757FF51D9? Return only the value.,The value associated with the key [E4E757FF51D9] is not present in the provided list.,8.622784512,MB,2048.0,0.7625049164628829,13888.0,context_0000,147.456,['C323AEBBB90E'],62995,58477.0,synthetic_kv_64k,13888.0
2047.868928,,8622.784512,32,2.047868928,What is the value associated with key 0BC20C648CA2? Return only the value.,0C3D44574C2A,8.622784512,MB,2048.0,0.7625049164628829,13888.0,context_0000,147.456,['A04D197DBAE1'],62995,58477.0,synthetic_kv_64k,13888.0
2047.868928,,8622.784512,32,2.047868928,What is the value associated with key D632C8ACFFCF? Return only the value.,93844C648C3A,8.622784512,MB,2048.0,0.7625049164628829,13888.0,context_0000,147.456,['042B75A72686'],62995,58477.0,synthetic_kv_64k,13888.0
2047.868928,,8622.784512,32,2.047868928,What is the value associated with key EDEF1FCE01E3? Return only the value.,54E15854545A,8.622784512,MB,2048.0,0.7625049164628829,13888.0,context_0000,147.456,['2871DB8F0E32'],62995,58477.0,synthetic_kv_64k,13888.0
2047.868928,,8622.784512,32,2.047868928,What is the value associated with key 74DE70F81DBA? Return only the value.,73E7516C3B0A,8.622784512,MB,2048.0,0.7625049164628829,13888.0,context_0000,147.456,['FDE9002C4C22'],62995,58477.0,synthetic_kv_64k,13888.0
2047.868928,,8622.784512,32,2.047868928,What is the value associated with key 6D84F54191EA? Return only the value.,A4A5D485D78A,8.622784512,MB,2048.0,0.7625049164628829,13888.0,context_0000,147.456,['FEE533CB202E'],62995,58477.0,synthetic_kv_64k,13888.0
2047.868928,,8622.784512,32,2.047868928,What is the value associated with key E8CEB0478EA4? Return only the value.,E3B10A3450FC,8.622784512,MB,2048.0,0.7625049164628829,13888.0,context_0000,147.456,['E1D421C50E41'],62995,58477.0,synthetic_kv_64k,13888.0
2047.868928,,8622.784512,32,2.047868928,What is the value associated with key 4D47A6663769? Return only the value.,A44A52CB1AE0,8.622784512,MB,2048.0,0.7625049164628829,13888.0,context_0000,147.456,['DFDA28B2BF21'],62995,58477.0,synthetic_kv_64k,13888.0
2047.868928,,8622.784512,32,2.047868928,What is the value associated with key E068EEC71A30? Return only the value.,E3E6848C344C,8.622784512,MB,2048.0,0.7625049164628829,13888.0,context_0000,147.456,['17E5462623BE'],62995,58477.0,synthetic_kv_64k,13888.0
2047.868928,,8622.784512,32,2.047868928,What is the value associated with key 5C45A79313B8? Return only the value.,3D9C8D8C3E6C,8.622784512,MB,2048.0,0.7625049164628829,13888.0,context_0000,147.456,['151940198303'],62995,58477.0,synthetic_kv_64k,13888.0
2047.868928,,8622.784512,32,2.047868928,What is the value associated with key AA1D5F31273D? Return only the value.,A61FE75F898B,8.622784512,MB,2048.0,0.7625049164628829,13888.0,context_0000,147.456,['A61FE75F745A'],62995,58477.0,synthetic_kv_64k,13888.0
2047.868928,,8622.784512,32,2.047868928,What is the value associated with key 0D412A5FDA18? Return only the value.,C3B9D9C8F4BC,8.622784512,MB,2048.0,0.7625049164628829,13888.0,context_0000,147.456,['A0276576A410'],62995,58477.0,synthetic_kv_64k,13888.0
2047.868928,,8622.784512,32,2.047868928,What is the value associated with key B9DA4E35DA80? Return only the value.,59C3447D4C2D,8.622784512,MB,2048.0,0.7625049164628829,13888.0,context_0000,147.456,['C156B30E96E8'],62995,58477.0,synthetic_kv_64k,13888.0
2047.868928,,8622.784512,32,2.047868928,What is the value associated with key 6DE23BF0D9C1? Return only the value.,1758A7CDE143,8.622784512,MB,2048.0,0.7625049164628829,13888.0,context_0000,147.456,['1758A7CDE143'],62995,58477.0,synthetic_kv_64k,13888.0
2047.868928,,8622.784512,32,2.047868928,What is the value associated with key 185DB4258E19? Return only the value.,The value associated with the key [185DB4258E19] is [4811162534CA,8.622784512,MB,2048.0,0.7625049164628829,13888.0,context_0000,147.456,['36A200473139'],62995,58477.0,synthetic_kv_64k,13888.0
2047.868928,,8622.784512,32,2.047868928,What is the value associated with key 13F37A10013F? Return only the value.,13F37A10013F,8.622784512,MB,2048.0,0.7625049164628829,13888.0,context_0000,147.456,['97FB21F89D06'],62995,58477.0,synthetic_kv_64k,13888.0
2047.868928,,8622.784512,32,2.047868928,What is the value associated with key 84FA39E7A4F1? Return only the value.,5C623A3C563E,8.622784512,MB,2048.0,0.7625049164628829,13888.0,context_0000,147.456,['71EFAE13591E'],62995,58477.0,synthetic_kv_64k,13888.0
2047.868928,,8622.784512,32,2.047868928,What is the value associated with key 02100260A123? Return only the value.,57F4B212A6EE,8.622784512,MB,2048.0,0.7625049164628829,13888.0,context_0000,147.456,['57F4B212A6EE'],62995,58477.0,synthetic_kv_64k,13888.0
2047.868928,,8622.784512,32,2.047868928,What is the value associated with key 1EDFD12E0EB5? Return only the value.,5C4D845D845D,8.622784512,MB,2048.0,0.7625049164628829,13888.0,context_0000,147.456,['DC3FFCF7B842'],62995,58477.0,synthetic_kv_64k,13888.0
2047.868928,,8622.784512,32,2.047868928,What is the value associated with key B1AC6C1CC405? Return only the value.,7A4A21D63B0F,8.622784512,MB,2048.0,0.7625049164628829,13888.0,context_0000,147.456,['7A4A21D63B0F'],62995,58477.0,synthetic_kv_64k,13888.0
2047.868928,,8622.784512,32,2.047868928,What is the value associated with key 3A9C1221CDDF? Return only the value.,5C9BE785E68E,8.622784512,MB,2048.0,0.7625049164628829,13888.0,context_0000,147.456,['16DE6210DEF6'],62995,58477.0,synthetic_kv_64k,13888.0
2047.868928,,8622.784512,32,2.047868928,What is the value associated with key CE53BB134F02? Return only the value.,573B2167C35E,8.622784512,MB,2048.0,0.7625049164628829,13888.0,context_0000,147.456,['1A6B1A38AAD6'],62995,58477.0,synthetic_kv_64k,13888.0
2047.868928,,8622.784512,32,2.047868928,What is the value associated with key 5E185037CD6B? Return only the value.,5C94DE67A88A,8.622784512,MB,2048.0,0.7625049164628829,13888.0,context_0000,147.456,['4C9BE1887EAF'],62995,58477.0,synthetic_kv_64k,13888.0
2047.868928,,8622.784512,32,2.047868928,What is the value associated with key 61FA231AE7C7? Return only the value.,709484735D62,8.622784512,MB,2048.0,0.7625049164628829,13888.0,context_0000,147.456,['D038C601818B'],62995,58477.0,synthetic_kv_64k,13888.0
2047.868928,,8622.784512,32,2.047868928,What is the value associated with key DFDFC0CEF31B? Return only the value.,3F6E6857757A,8.622784512,MB,2048.0,0.7625049164628829,13888.0,context_0000,147.456,['A43E2215DF00'],62995,58477.0,synthetic_kv_64k,13888.0
2047.868928,,8622.784512,32,2.047868928,What is the value associated with key AD58FE31537A? Return only the value.,5C34585C3E6C,8.622784512,MB,2048.0,0.7625049164628829,13888.0,context_0000,147.456,['1183249204C7'],62995,58477.0,synthetic_kv_64k,13888.0
2047.868928,,8622.784512,32,2.047868928,What is the value associated with key 903387CF63FD? Return only the value.,909E8A38D5AA,8.622784512,MB,2048.0,0.7625049164628829,13888.0,context_0000,147.456,['9C3D022B6683'],62995,58477.0,synthetic_kv_64k,13888.0
2047.868928,,8622.784512,32,2.047868928,What is the value associated with key 2A03A667B982? Return only the value.,585458545854,8.622784512,MB,2048.0,0.7625049164628829,13888.0,context_0000,147.456,['59E770AA5B0D'],62995,58477.0,synthetic_kv_64k,13888.0
2047.868928,,8622.784512,32,2.047868928,What is the value associated with key 368AB8F14E3C? Return only the value.,46FBB88D77E0,8.622784512,MB,2048.0,0.7625049164628829,13888.0,context_0000,147.456,['BF8EA0C9DA72'],62995,58477.0,synthetic_kv_64k,13888.0
2047.868928,,8622.784512,32,2.047868928,What is the value associated with key EB7E26C0747E? Return only the value.,784C34888888,8.622784512,MB,2048.0,0.7625049164628829,13888.0,context_0000,147.456,['9DB76965D1D1'],62995,58477.0,synthetic_kv_64k,13888.0
2047.868928,,8622.784512,32,2.047868928,What is the value associated with key 7140AFC2CCFC? Return only the value.,379DDC268108,8.622784512,MB,2048.0,0.7625049164628829,13888.0,context_0000,147.456,['379DDC268108'],62995,58477.0,synthetic_kv_64k,13888.0
2047.868928,,8622.784512,32,2.047868928,What is the value associated with key E58716312FC6? Return only the value.,9255ED0940F7,8.622784512,MB,2048.0,0.7625049164628829,13888.0,context_0000,147.456,['23D719B814FC'],62995,58477.0,synthetic_kv_64k,13888.0
2047.868928,,8622.784512,32,2.047868928,What is the value associated with key 1F87C0A0473A? Return only the value.,444848484848,8.622784512,MB,2048.0,0.7625049164628829,13888.0,context_0000,147.456,['BAE196EE50E5'],62995,58477.0,synthetic_kv_64k,13888.0
2047.868928,,8622.784512,32,2.047868928,What is the value associated with key 59FE624FEA4B? Return only the value.,5894D43D888C,8.622784512,MB,2048.0,0.7625049164628829,13888.0,context_0000,147.456,['6DECF69777A1'],62995,58477.0,synthetic_kv_64k,13888.0
2047.868928,,8622.784512,32,2.047868928,What is the value associated with key CA8450834FEF? Return only the value.,548C340D8C3A,8.622784512,MB,2048.0,0.7625049164628829,13888.0,context_0000,147.456,['3F6E23CBE943'],62995,58477.0,synthetic_kv_64k,13888.0
2047.868928,,8622.784512,32,2.047868928,What is the value associated with key A50546E75A2C? Return only the value.,5C650F8A0C2C,8.622784512,MB,2048.0,0.7625049164628829,13888.0,context_0000,147.456,['3F87159152F2'],62995,58477.0,synthetic_kv_64k,13888.0
2047.868928,,8622.784512,32,2.047868928,What is the value associated with key 99DB8DAB66D3? Return only the value.,9255ED0940F7,8.622784512,MB,2048.0,0.7625049164628829,13888.0,context_0000,147.456,['B89F999A1D86'],62995,58477.0,synthetic_kv_64k,13888.0
2047.868928,,8622.784512,32,2.047868928,What is the value associated with key 48F09B8B38AE? Return only the value.,8C354A3D884C,8.622784512,MB,2048.0,0.7625049164628829,13888.0,context_0000,147.456,['F0F7C76A8E0F'],62995,58477.0,synthetic_kv_64k,13888.0
2047.868928,,8622.784512,32,2.047868928,What is the value associated with key 06DDB0C30A59? Return only the value.,0C3D4557458A,8.622784512,MB,2048.0,0.7625049164628829,13888.0,context_0000,147.456,['D8D9D90F74E9'],62995,58477.0,synthetic_kv_64k,13888.0
2047.868928,,8622.784512,32,2.047868928,What is the value associated with key E036A88D4108? Return only the value.,A858E68C348C,8.622784512,MB,2048.0,0.7625049164628829,13888.0,context_0000,147.456,['34984D38E415'],62995,58477.0,synthetic_kv_64k,13888.0
2047.868928,,8622.784512,32,2.047868928,What is the value associated with key 9B5F848B34F0? Return only the value.,964D93403FAD,8.622784512,MB,2048.0,0.7625049164628829,13888.0,context_0000,147.456,['304B82701238'],62995,58477.0,synthetic_kv_64k,13888.0
2047.868928,,8622.784512,32,2.047868928,What is the value associated with key 6449BF72AE52? Return only the value.,A56B4BA877E0,8.622784512,MB,2048.0,0.7625049164628829,13888.0,context_0000,147.456,['A56B4BA8A4CA'],62995,58477.0,synthetic_kv_64k,13888.0
2047.868928,,8622.784512,32,2.047868928,What is the value associated with key C8A70DF83E12? Return only the value.,A789C3D45678,8.622784512,MB,2048.0,0.7625049164628829,13888.0,context_0000,147.456,['CB35E5DD98F1'],62995,58477.0,synthetic_kv_64k,13888.0
2047.868928,,8622.784512,32,2.047868928,What is the value associated with key 3D45F4655A21? Return only the value.,5C448164588D,8.622784512,MB,2048.0,0.7625049164628829,13888.0,context_0000,147.456,['62C97EB0F62A'],62995,58477.0,synthetic_kv_64k,13888.0
2047.868928,,8622.784512,32,2.047868928,What is the value associated with key 3DB71CDCC4C2? Return only the value.,585458545854,8.622784512,MB,2048.0,0.7625049164628829,13888.0,context_0000,147.456,['A3597FE4A42E'],62995,58477.0,synthetic_kv_64k,13888.0
2047.868928,,8622.784512,32,2.047868928,What is the value associated with key 122D980BC81E? Return only the value.,84945885588A,8.622784512,MB,2048.0,0.7625049164628829,13888.0,context_0000,147.456,['E383873DC8BD'],62995,58477.0,synthetic_kv_64k,13888.0
2047.868928,,8622.784512,32,2.047868928,What is the value associated with key 0316FA4A58EF? Return only the value.,5C70FCA45567,8.622784512,MB,2048.0,0.7625049164628829,13888.0,context_0000,147.456,['5C70FCA45567'],62995,58477.0,synthetic_kv_64k,13888.0
2047.868928,,8622.784512,32,2.047868928,What is the value associated with key 5104EF15AB72? Return only the value.,548E69C3888C,8.622784512,MB,2048.0,0.7625049164628829,13888.0,context_0000,147.456,['630721C9A15D'],62995,58477.0,synthetic_kv_64k,13888.0
2047.868928,,8622.784512,32,2.047868928,What is the value associated with key D6C6DC5E4E78? Return only the value.,5F9D848C3E6A,8.622784512,MB,2048.0,0.7625049164628829,13888.0,context_0000,147.456,['6BBD91816091'],62995,58477.0,synthetic_kv_64k,13888.0
2047.868928,,8622.784512,32,2.047868928,What is the value associated with key 8BDE5D8BABD7? Return only the value.,A648C3D8C38C,8.622784512,MB,2048.0,0.7625049164628829,13888.0,context_0000,147.456,['2C3AAED54A46'],62995,58477.0,synthetic_kv_64k,13888.0
2047.868928,,8622.784512,32,2.047868928,What is the value associated with key 7894C34201DB? Return only the value.,A538D854588C,8.622784512,MB,2048.0,0.7625049164628829,13888.0,context_0000,147.456,['FCC4F45707C6'],62995,58477.0,synthetic_kv_64k,13888.0
2047.868928,,8622.784512,32,2.047868928,What is the value associated with key 12AFC536C66E? Return only the value.,5854D934E4C0,8.622784512,MB,2048.0,0.7625049164628829,13888.0,context_0000,147.456,['965D0445C1A8'],62995,58477.0,synthetic_kv_64k,13888.0
2047.868928,,8622.784512,32,2.047868928,What is the value associated with key 03871149D096? Return only the value.,373A431E930F,8.622784512,MB,2048.0,0.7625049164628829,13888.0,context_0000,147.456,['373A431E930F'],62995,58477.0,synthetic_kv_64k,13888.0
2047.868928,,8622.784512,32,2.047868928,What is the value associated with key EC2E0A3217D2? Return only the value.,548858888888,8.622784512,MB,2048.0,0.7625049164628829,13888.0,context_0000,147.456,['F2DC0F7AE302'],62995,58477.0,synthetic_kv_64k,13888.0
2047.868928,,8622.784512,32,2.047868928,What is the value associated with key 65E1CA0EE8C4? Return only the value.,8C5458E6C38A,8.622784512,MB,2048.0,0.7625049164628829,13888.0,context_0000,147.456,['495781B13B80'],62995,58477.0,synthetic_kv_64k,13888.0
2047.868928,,8622.784512,32,2.047868928,What is the value associated with key B66EA0EA0251? Return only the value.,The value associated with the key [B66EA0EA0251] is not present in the provided list.,8.622784512,MB,2048.0,0.7625049164628829,13888.0,context_0000,147.456,['C4618044BEB2'],62995,58477.0,synthetic_kv_64k,13888.0
2047.868928,,8622.784512,32,2.047868928,What is the value associated with key 6C6F6A59C043? Return only the value.,6E4A52CB1AE0,8.622784512,MB,2048.0,0.7625049164628829,13888.0,context_0000,147.456,['66FBB3A9DCAA'],62995,58477.0,synthetic_kv_64k,13888.0
2047.868928,,8622.784512,32,2.047868928,What is the value associated with key A3FA1519FD38? Return only the value.,9F70417B895E,8.622784512,MB,2048.0,0.7625049164628829,13888.0,context_0000,147.456,['89A3895C4FDE'],62995,58477.0,synthetic_kv_64k,13888.0
2047.868928,,8622.784512,32,2.047868928,What is the value associated with key 27169DB54283? Return only the value.,5893D224588C,8.622784512,MB,2048.0,0.7625049164628829,13888.0,context_0000,147.456,['15664708203B'],62995,58477.0,synthetic_kv_64k,13888.0
2047.868928,,8622.784512,32,2.047868928,What is the value associated with key 143A4F560ED5? Return only the value.,5825EC170298,8.622784512,MB,2048.0,0.7625049164628829,13888.0,context_0000,147.456,['EBC182E4DD4A'],62995,58477.0,synthetic_kv_64k,13888.0
2047.868928,,8622.784512,32,2.047868928,What is the value associated with key F96C3404C02A? Return only the value.,503B2D4C144A,8.622784512,MB,2048.0,0.7625049164628829,13888.0,context_0000,147.456,['27C6CEDD069D'],62995,58477.0,synthetic_kv_64k,13888.0
2047.868928,,8622.784512,32,2.047868928,What is the value associated with key 53A58950DDD6? Return only the value.,543B636CF499,8.622784512,MB,2048.0,0.7625049164628829,13888.0,context_0000,147.456,['96206406FACE'],62995,58477.0,synthetic_kv_64k,13888.0
2047.868928,,8622.784512,32,2.047868928,What is the value associated with key C362A2611B8D? Return only the value.,5893D20F87A1,8.622784512,MB,2048.0,0.7625049164628829,13888.0,context_0000,147.456,['A65BD5A386D9'],62995,58477.0,synthetic_kv_64k,13888.0
2047.868928,,8622.784512,32,2.047868928,What is the value associated with key A4A5AE59AA52? Return only the value.,3F6E23CBE943,8.622784512,MB,2048.0,0.7625049164628829,13888.0,context_0000,147.456,['4F6710ECEB1F'],62995,58477.0,synthetic_kv_64k,13888.0
2047.868928,,8622.784512,32,2.047868928,What is the value associated with key 6FFFB2DC6C34? Return only the value.,89A3895C4FDE,8.622784512,MB,2048.0,0.7625049164628829,13888.0,context_0000,147.456,['F413BADE8D5D'],62995,58477.0,synthetic_kv_64k,13888.0
2047.868928,,8622.784512,32,2.047868928,What is the value associated with key 3D17D8B22277? Return only the value.,3E960ED2EC9D,8.622784512,MB,2048.0,0.7625049164628829,13888.0,context_0000,147.456,['3E960ED2EC9D'],62995,58477.0,synthetic_kv_64k,13888.0
2047.868928,,8622.784512,32,2.047868928,What is the value associated with key ECB416120AA6? Return only the value.,548C34534E6C,8.622784512,MB,2048.0,0.7625049164628829,13888.0,context_0000,147.456,['1DB16F3A5115'],62995,58477.0,synthetic_kv_64k,13888.0
2047.868928,,8622.784512,32,2.047868928,What is the value associated with key 9CBF74102D5D? Return only the value.,909E8A38D5AA,8.622784512,MB,2048.0,0.7625049164628829,13888.0,context_0000,147.456,['0E169BDC70D1'],62995,58477.0,synthetic_kv_64k,13888.0
2047.868928,,8622.784512,32,2.047868928,What is the value associated with key AA844F2DA233? Return only the value.,A876BDDFA03A,8.622784512,MB,2048.0,0.7625049164628829,13888.0,context_0000,147.456,['A876BDDFA03A'],62995,58477.0,synthetic_kv_64k,13888.0
2047.868928,,8622.784512,32,2.047868928,What is the value associated with key 2CF7BD9BC648? Return only the value.,66844885588A,8.622784512,MB,2048.0,0.7625049164628829,13888.0,context_0000,147.456,['033E1E93D127'],62995,58477.0,synthetic_kv_64k,13888.0
2047.868928,,8622.784512,32,2.047868928,What is the value associated with key 2320B538F96C? Return only the value.,5F98A65D848A,8.622784512,MB,2048.0,0.7625049164628829,13888.0,context_0000,147.456,['02E7B3957A98'],62995,58477.0,synthetic_kv_64k,13888.0
2047.868928,,8622.784512,32,2.047868928,What is the value associated with key 7F1429F0EF7C? Return only the value.,7B85D47D847C,8.622784512,MB,2048.0,0.7625049164628829,13888.0,context_0000,147.456,['58C1F3F8DEA4'],62995,58477.0,synthetic_kv_64k,13888.0
2047.868928,,8622.784512,32,2.047868928,What is the value associated with key 846885E3ADE5? Return only the value.,88607485484D,8.622784512,MB,2048.0,0.7625049164628829,13888.0,context_0000,147.456,['D28FC871D7B3'],62995,58477.0,synthetic_kv_64k,13888.0
2047.868928,,8622.784512,32,2.047868928,What is the value associated with key 425EB88416D2? Return only the value.,The value associated with the key [425EB88416D2] is [69865DA3F9CF].,8.622784512,MB,2048.0,0.7625049164628829,13888.0,context_0000,147.456,['5F322ABE1585'],62995,58477.0,synthetic_kv_64k,13888.0
2047.868928,,8622.784512,32,2.047868928,What is the value associated with key BFF1207E863F? Return only the value.,5834443D4A3C,8.622784512,MB,2048.0,0.7625049164628829,13888.0,context_0000,147.456,['DF9BC7F7BDA1'],62995,58477.0,synthetic_kv_64k,13888.0
2047.868928,,8622.784512,32,2.047868928,What is the value associated with key BBA144CDBFDD? Return only the value.,1E38E2EC13F4,8.622784512,MB,2048.0,0.7625049164628829,13888.0,context_0000,147.456,['1E38E2EC13F4'],62995,58477.0,synthetic_kv_64k,13888.0
2047.868928,,8622.784512,32,2.047868928,What is the value associated with key E65FC57C7498? Return only the value.,5899D40E53CE,8.622784512,MB,2048.0,0.7625049164628829,13888.0,context_0000,147.456,['55C30783E43C'],62995,58477.0,synthetic_kv_64k,13888.0
2047.868928,,8622.784512,32,2.047868928,What is the value associated with key 6DE8CE9E9EBD? Return only the value.,4437D4E4C3E4,8.622784512,MB,2048.0,0.7625049164628829,13888.0,context_0000,147.456,['861B45A08539'],62995,58477.0,synthetic_kv_64k,13888.0
2047.868928,,8622.784512,32,2.047868928,What is the value associated with key 43501059EA28? Return only the value.,1D03B862ACC3,8.622784512,MB,2048.0,0.7625049164628829,13888.0,context_0000,147.456,['F99CB65AD0F1'],62995,58477.0,synthetic_kv_64k,13888.0
2047.868928,,8622.784512,32,2.047868928,What is the value associated with key A0A5939F71A2? Return only the value.,D123B7A1267E,8.622784512,MB,2048.0,0.7625049164628829,13888.0,context_0000,147.456,['7F0313BADC91'],62995,58477.0,synthetic_kv_64k,13888.0
2047.868928,,8622.784512,32,2.047868928,What is the value associated with key 82C27487D772? Return only the value.,7A0E958A6477,8.622784512,MB,2048.0,0.7625049164628829,13888.0,context_0000,147.456,['0E315C311464'],62995,58477.0,synthetic_kv_64k,13888.0
2047.868928,,8622.784512,32,2.047868928,What is the value associated with key DBFF7FE670F3? Return only the value.,548E6885488C,8.622784512,MB,2048.0,0.7625049164628829,13888.0,context_0000,147.456,['2AB8911F730B'],62995,58477.0,synthetic_kv_64k,13888.0
2047.868928,,8622.784512,32,2.047868928,What is the value associated with key 28455E20C957? Return only the value.,C5E7847D884C,8.622784512,MB,2048.0,0.7625049164628829,13888.0,context_0000,147.456,['C5F8414F4994'],62995,58477.0,synthetic_kv_64k,13888.0
2047.868928,,8622.784512,32,2.047868928,What is the value associated with key E4EE1A57F9E4? Return only the value.,E39392EBEAB0,8.622784512,MB,2048.0,0.7625049164628829,13888.0,context_0000,147.456,['AC9392EBEAB0'],62995,58477.0,synthetic_kv_64k,13888.0
2047.868928,,8622.784512,32,2.047868928,What is the value associated with key 1D86B90800F3? Return only the value.,BDA33A78B64A,8.622784512,MB,2048.0,0.7625049164628829,13888.0,context_0000,147.456,['BDA33A78B64A'],62995,58477.0,synthetic_kv_64k,13888.0
2047.868928,,8622.784512,32,2.047868928,What is the value associated with key 00A882425912? Return only the value.,DE8EA85C6E4A,8.622784512,MB,2048.0,0.7625049164628829,13888.0,context_0000,147.456,['DBD30B461173'],62995,58477.0,synthetic_kv_64k,13888.0
2047.868928,,8622.784512,32,2.047868928,What is the value associated with key 0325DCE8E1C5? Return only the value.,5C94242A58E8,8.622784512,MB,2048.0,0.7625049164628829,13888.0,context_0000,147.456,['0BC53E9AEC86'],62995,58477.0,synthetic_kv_64k,13888.0
2047.868928,,8622.784512,32,2.047868928,What is the value associated with key 5D2D78C59073? Return only the value.,5854D43D888C,8.622784512,MB,2048.0,0.7625049164628829,13888.0,context_0000,147.456,['EB93620AF158'],62995,58477.0,synthetic_kv_64k,13888.0
2047.868928,,8622.784512,32,2.047868928,What is the value associated with key 2DD0266BF2EA? Return only the value.,81D8EE6081AC,8.622784512,MB,2048.0,0.7625049164628829,13888.0,context_0000,147.456,['F5D8EE6081AC'],62995,58477.0,synthetic_kv_64k,13888.0
2047.868928,,8622.784512,32,2.047868928,What is the value associated with key 090DDB842660? Return only the value.,CD988D888BEB,8.622784512,MB,2048.0,0.7625049164628829,13888.0,context_0000,147.456,['CD988D888BEB'],62995,58477.0,synthetic_kv_64k,13888.0
2047.868928,,8622.784512,32,2.047868928,What is the value associated with key B6CAE9F87970? Return only the value.,A7DC869C4693,8.622784512,MB,2048.0,0.7625049164628829,13888.0,context_0000,147.456,['A7DCBD9C4693'],62995,58477.0,synthetic_kv_64k,13888.0
2047.868928,,8622.784512,32,2.047868928,What is the value associated with key 39796B5BC975? Return only the value.,The value associated with the key [39796B5BC975] is not present in the provided list.,8.622784512,MB,2048.0,0.7625049164628829,13888.0,context_0000,147.456,['3F8E52619DEC'],62995,58477.0,synthetic_kv_64k,13888.0
2047.868928,,8622.784512,32,2.047868928,What is the value associated with key EA756A8FCACB? Return only the value.,548E688C344C,8.622784512,MB,2048.0,0.7625049164628829,13888.0,context_0000,147.456,['51E7B864CA08'],62995,58477.0,synthetic_kv_64k,13888.0
2047.868928,,8622.784512,32,2.047868928,What is the value associated with key D37445712959? Return only the value.,The value associated with the key [D37445712959] is not present in the provided list.,8.622784512,MB,2048.0,0.7625049164628829,13888.0,context_0000,147.456,['925013F06822'],62995,58477.0,synthetic_kv_64k,13888.0
2047.868928,,8622.784512,32,2.047868928,What is the value associated with key 1E915F705B25? Return only the value.,The value associated with the key [1E915F705B25] is not present in the provided list.,8.622784512,MB,2048.0,0.7625049164628829,13888.0,context_0000,147.456,['AC5F8085C147'],62995,58477.0,synthetic_kv_64k,13888.0
2047.868928,,8622.784512,32,2.047868928,What is the value associated with key 0D7BE6E59B32? Return only the value.,585C3455585C,8.622784512,MB,2048.0,0.7625049164628829,13888.0,context_0000,147.456,['39222DE982F8'],62995,58477.0,synthetic_kv_64k,13888.0
2047.868928,,8622.784512,32,2.047868928,What is the value associated with key 8409CDE918B3? Return only the value.,5C07D71173E4,8.622784512,MB,2048.0,0.7625049164628829,13888.0,context_0000,147.456,['0BC1FB3DF063'],62995,58477.0,synthetic_kv_64k,13888.0
2047.868928,,8622.784512,32,2.047868928,What is the value associated with key 66A3F43E8C48? Return only the value.,66A3F43E8C48 is not present in the provided list of key-value pairs.,8.622784512,MB,2048.0,0.7625049164628829,13888.0,context_0000,147.456,['E08211A529B4'],62995,58477.0,synthetic_kv_64k,13888.0
2047.868928,,8622.784512,32,2.047868928,What is the value associated with key DDB477106966? Return only the value.,988748888888,8.622784512,MB,2048.0,0.7625049164628829,13888.0,context_0000,147.456,['C60548454343'],62995,58477.0,synthetic_kv_64k,13888.0
2047.868928,,8622.784512,32,2.047868928,What is the value associated with key 4F89D847DC53? Return only the value.,The value associated with the key [4F89D847DC53] is [1D2C8888888,8.622784512,MB,2048.0,0.7625049164628829,13888.0,context_0000,147.456,['161D53C9FE59'],62995,58477.0,synthetic_kv_64k,13888.0
2047.868928,,8622.784512,32,2.047868928,What is the value associated with key 74ED8D9765C7? Return only the value.,The value associated with the key [74ED8D9765C7] is [4BE30B39DCCF].,8.622784512,MB,2048.0,0.7625049164628829,13888.0,context_0000,147.456,['5E71020A4497'],62995,58477.0,synthetic_kv_64k,13888.0
2047.868928,,8622.784512,32,2.047868928,What is the value associated with key 4AA5335F2F59? Return only the value.,5F13D785D88C,8.622784512,MB,2048.0,0.7625049164628829,13888.0,context_0000,147.456,['C8D59055A36F'],62995,58477.0,synthetic_kv_64k,13888.0
2047.868928,,8622.784512,32,2.047868928,What is the value associated with key BD544DCD0009? Return only the value.,33D0F628E3AC,8.622784512,MB,2048.0,0.7625049164628829,13888.0,context_0000,147.456,['3E199F6A6A65'],62995,58477.0,synthetic_kv_64k,13888.0
2047.868928,,8622.784512,32,2.047868928,What is the value associated with key 5E4776C3E642? Return only the value.,698D818D8E6A,8.622784512,MB,2048.0,0.7625049164628829,13888.0,context_0000,147.456,['F8CB97790E84'],62995,58477.0,synthetic_kv_64k,13888.0
2047.868928,,8622.784512,32,2.047868928,What is the value associated with key FF6E7E4CE29F? Return only the value.,The value associated with the key [FF6E7E4CE29F] is not present in the provided list.,8.622784512,MB,2048.0,0.7625049164628829,13888.0,context_0000,147.456,['C6A0C5C9FB91'],62995,58477.0,synthetic_kv_64k,13888.0
2047.868928,,8622.784512,32,2.047868928,What is the value associated with key BB823207343E? Return only the value.,58544885588A,8.622784512,MB,2048.0,0.7625049164628829,13888.0,context_0000,147.456,['8BEBE68373A3'],62995,58477.0,synthetic_kv_64k,13888.0
2047.868928,,8622.784512,32,2.047868928,What is the value associated with key CBC4C2AEF674? Return only the value.,668B85858585,8.622784512,MB,2048.0,0.7625049164628829,13888.0,context_0000,147.456,['268B3EC0A285'],62995,58477.0,synthetic_kv_64k,13888.0
2047.868928,,8622.784512,32,2.047868928,What is the value associated with key EEB101A1FB0F? Return only the value.,5C4432DF8D45,8.622784512,MB,2048.0,0.7625049164628829,13888.0,context_0000,147.456,['061E68F82063'],62995,58477.0,synthetic_kv_64k,13888.0
2047.868928,,8622.784512,32,2.047868928,What is the value associated with key 8AA23BA5BD76? Return only the value.,885458855885,8.622784512,MB,2048.0,0.7625049164628829,13888.0,context_0000,147.456,['A2CD58AF393C'],62995,58477.0,synthetic_kv_64k,13888.0
2047.868928,,8622.784512,32,2.047868928,What is the value associated with key B186D6EE526B? Return only the value.,A46A98611260,8.622784512,MB,2048.0,0.7625049164628829,13888.0,context_0000,147.456,['0274E09016B6'],62995,58477.0,synthetic_kv_64k,13888.0
2047.868928,,8622.784512,32,2.047868928,What is the value associated with key 55C3F374190D? Return only the value.,548E688D8C3C,8.622784512,MB,2048.0,0.7625049164628829,13888.0,context_0000,147.456,['C249005FD0E6'],62995,58477.0,synthetic_kv_64k,13888.0
2047.868928,,8622.784512,32,2.047868928,What is the value associated with key 6053A84510A1? Return only the value.,The value associated with the key [6053A84510A1] is not present in the provided list.,8.622784512,MB,2048.0,0.7625049164628829,13888.0,context_0000,147.456,['BCF2D95874C2'],62995,58477.0,synthetic_kv_64k,13888.0
2047.868928,,8622.784512,32,2.047868928,What is the value associated with key 4EB9BA2AC3D9? Return only the value.,448718E3C4A3,8.622784512,MB,2048.0,0.7625049164628829,13888.0,context_0000,147.456,['34871A9C672A'],62995,58477.0,synthetic_kv_64k,13888.0
2047.868928,,8622.784512,32,2.047868928,What is the value associated with key FBAD87A1EC02? Return only the value.,The value associated with the key [FBAD87A1EC02] is not present in the provided list.,8.622784512,MB,2048.0,0.7625049164628829,13888.0,context_0000,147.456,['6B793CF88D20'],62995,58477.0,synthetic_kv_64k,13888.0
2047.868928,,8622.784512,32,2.047868928,What is the value associated with key F6107DF59ABF? Return only the value.,54D885885885,8.622784512,MB,2048.0,0.7625049164628829,13888.0,context_0000,147.456,['F8F90F554896'],62995,58477.0,synthetic_kv_64k,13888.0
2047.868928,,8622.784512,32,2.047868928,What is the value associated with key 2472FF38B918? Return only the value.,The value associated with the key [2472FF38B918] is [48858885888,8.622784512,MB,2048.0,0.7625049164628829,13888.0,context_0000,147.456,['47A2B62EDB49'],62995,58477.0,synthetic_kv_64k,13888.0
2047.868928,,8622.784512,32,2.047868928,What is the value associated with key 0B3D17D09810? Return only the value.,A267DDCBF4BC,8.622784512,MB,2048.0,0.7625049164628829,13888.0,context_0000,147.456,['3B41EBD8A3B1'],62995,58477.0,synthetic_kv_64k,13888.0
2047.868928,,8622.784512,32,2.047868928,What is the value associated with key D872E5B4A1AE? Return only the value.,A8545667544C,8.622784512,MB,2048.0,0.7625049164628829,13888.0,context_0000,147.456,['69BE850EF0AD'],62995,58477.0,synthetic_kv_64k,13888.0
2047.868928,,8622.784512,32,2.047868928,What is the value associated with key E544B36AB3ED? Return only the value.,300D78274E80,8.622784512,MB,2048.0,0.7625049164628829,13888.0,context_0000,147.456,['755D5F5BA255'],62995,58477.0,synthetic_kv_64k,13888.0
2047.868928,,8622.784512,32,2.047868928,What is the value associated with key BF76F97C6C3C? Return only the value.,548E688C344C,8.622784512,MB,2048.0,0.7625049164628829,13888.0,context_0000,147.456,['94AD15BC2A3E'],62995,58477.0,synthetic_kv_64k,13888.0
2047.868928,,8622.784512,32,2.047868928,What is the value associated with key 81631877BC06? Return only the value.,893D4C35D48C,8.622784512,MB,2048.0,0.7625049164628829,13888.0,context_0000,147.456,['A320222DF6A4'],62995,58477.0,synthetic_kv_64k,13888.0
2047.868928,,8622.784512,32,2.047868928,What is the value associated with key 64F4D1E91691? Return only the value.,6685D9888888,8.622784512,MB,2048.0,0.7625049164628829,13888.0,context_0000,147.456,['978613281726'],62995,58477.0,synthetic_kv_64k,13888.0
2047.868928,,8622.784512,32,2.047868928,What is the value associated with key 0FF1915CB31B? Return only the value.,544D8554545C,8.622784512,MB,2048.0,0.7625049164628829,13888.0,context_0000,147.456,['A9956F5B09A6'],62995,58477.0,synthetic_kv_64k,13888.0
2047.868928,,8622.784512,32,2.047868928,What is the value associated with key 2176F6D70248? Return only the value.,43D6236EB832,8.622784512,MB,2048.0,0.7625049164628829,13888.0,context_0000,147.456,['4AAB3C9D128A'],62995,58477.0,synthetic_kv_64k,13888.0
2047.868928,,8622.784512,32,2.047868928,What is the value associated with key D9D542D04D55? Return only the value.,58945485588A,8.622784512,MB,2048.0,0.7625049164628829,13888.0,context_0000,147.456,['ED1150A46C85'],62995,58477.0,synthetic_kv_64k,13888.0
2047.868928,,8622.784512,32,2.047868928,What is the value associated with key 6498CD0254DB? Return only the value.,967244C05B0F,8.622784512,MB,2048.0,0.7625049164628829,13888.0,context_0000,147.456,['D4F7B362C0D2'],62995,58477.0,synthetic_kv_64k,13888.0
2047.868928,,8622.784512,32,2.047868928,What is the value associated with key 5385BC4015FA? Return only the value.,73E7516C3B0A,8.622784512,MB,2048.0,0.7625049164628829,13888.0,context_0000,147.456,['73E7516C3B0A'],62995,58477.0,synthetic_kv_64k,13888.0
2047.868928,,8622.784512,32,2.047868928,What is the value associated with key 3BCD459EE674? Return only the value.,6F4A38D57BAC,8.622784512,MB,2048.0,0.7625049164628829,13888.0,context_0000,147.456,['F18C131EB723'],62995,58477.0,synthetic_kv_64k,13888.0
2047.868928,,8622.784512,32,2.047868928,What is the value associated with key 22D833E4F986? Return only the value.,The value associated with the key [22D833E4F986] is [443A4C8548,8.622784512,MB,2048.0,0.7625049164628829,13888.0,context_0000,147.456,['C528C7A9F33C'],62995,58477.0,synthetic_kv_64k,13888.0
2047.868928,,8622.784512,32,2.047868928,What is the value associated with key 1BE595AF6D0C? Return only the value.,58548D88C38C,8.622784512,MB,2048.0,0.7625049164628829,13888.0,context_0000,147.456,['1B0C27C8FC6C'],62995,58477.0,synthetic_kv_64k,13888.0
2047.868928,,8622.784512,32,2.047868928,What is the value associated with key 73162A147A96? Return only the value.,73162A147A96 is not present in the provided list of key-value pairs.,8.622784512,MB,2048.0,0.7625049164628829,13888.0,context_0000,147.456,['5064774F6354'],62995,58477.0,synthetic_kv_64k,13888.0
2047.868928,,8622.784512,32,2.047868928,What is the value associated with key 1EE8681134E2? Return only the value.,The value associated with the key [1EE8681134E2] is not present in the provided list.,8.622784512,MB,2048.0,0.7625049164628829,13888.0,context_0000,147.456,['5BB8893259F3'],62995,58477.0,synthetic_kv_64k,13888.0
2047.868928,,8622.784512,32,2.047868928,What is the value associated with key C534F6F24D1C? Return only the value.,5C448E6D77E0,8.622784512,MB,2048.0,0.7625049164628829,13888.0,context_0000,147.456,['73B03527A5C8'],62995,58477.0,synthetic_kv_64k,13888.0
2047.868928,,8622.784512,32,2.047868928,What is the value associated with key 769D4EED4124? Return only the value.,The value associated with the key [769D4EED4124] is not present in the provided list.,8.622784512,MB,2048.0,0.7625049164628829,13888.0,context_0000,147.456,['DA3C43D78F2B'],62995,58477.0,synthetic_kv_64k,13888.0
2047.868928,,8622.784512,32,2.047868928,What is the value associated with key 17251EB2A7B8? Return only the value.,The value associated with the key [17251EB2A7B8] is not present in the provided list.,8.622784512,MB,2048.0,0.7625049164628829,13888.0,context_0000,147.456,['CEBE28597B34'],62995,58477.0,synthetic_kv_64k,13888.0
2047.868928,,8622.784512,32,2.047868928,What is the value associated with key 4DE1AFA14A55? Return only the value.,B467D38E13E4,8.622784512,MB,2048.0,0.7625049164628829,13888.0,context_0000,147.456,['B467D38E13E4'],62995,58477.0,synthetic_kv_64k,13888.0
2047.868928,,8622.784512,32,2.047868928,What is the value associated with key 9A72B266986C? Return only the value.,909E8A38D5AA,8.622784512,MB,2048.0,0.7625049164628829,13888.0,context_0000,147.456,['370B0A530DF9'],62995,58477.0,synthetic_kv_64k,13888.0
2047.868928,,8622.784512,32,2.047868928,What is the value associated with key DB48D5FF2A1F? Return only the value.,548E6885488A,8.622784512,MB,2048.0,0.7625049164628829,13888.0,context_0000,147.456,['25F853EA4919'],62995,58477.0,synthetic_kv_64k,13888.0
2047.868928,,8622.784512,32,2.047868928,What is the value associated with key B60E1759BA96? Return only the value.,The value associated with the key [B60E1759BA96] is not present in the provided list.,8.622784512,MB,2048.0,0.7625049164628829,13888.0,context_0000,147.456,['F7E93F8B4433'],62995,58477.0,synthetic_kv_64k,13888.0
2047.868928,,8622.784512,32,2.047868928,What is the value associated with key 65705B11F51F? Return only the value.,66F58D8C3E6C,8.622784512,MB,2048.0,0.7625049164628829,13888.0,context_0000,147.456,['0C88837217E0'],62995,58477.0,synthetic_kv_64k,13888.0
2047.868928,,8622.784512,32,2.047868928,What is the value associated with key 4C80AD5BE3C8? Return only the value.,548C340D784D,8.622784512,MB,2048.0,0.7625049164628829,13888.0,context_0000,147.456,['D1F1429A4A7C'],62995,58477.0,synthetic_kv_64k,13888.0
2047.868928,,8622.784512,32,2.047868928,What is the value associated with key 2C82FD9CFBB0? Return only the value.,28482385588A,8.622784512,MB,2048.0,0.7625049164628829,13888.0,context_0000,147.456,['F3BC07F4FEE5'],62995,58477.0,synthetic_kv_64k,13888.0
2047.868928,,8622.784512,32,2.047868928,What is the value associated with key DAC767863FB3? Return only the value.,388558855885,8.622784512,MB,2048.0,0.7625049164628829,13888.0,context_0000,147.456,['8E5273C374A6'],62995,58477.0,synthetic_kv_64k,13888.0
2047.868928,,8622.784512,32,2.047868928,What is the value associated with key 8CD4BF8211BC? Return only the value.,9C3D4485C38C,8.622784512,MB,2048.0,0.7625049164628829,13888.0,context_0000,147.456,['183F3FF6579E'],62995,58477.0,synthetic_kv_64k,13888.0
2047.868928,,8622.784512,32,2.047868928,What is the value associated with key 1A167648776E? Return only the value.,7D4C35545C3C,8.622784512,MB,2048.0,0.7625049164628829,13888.0,context_0000,147.456,['CB37CDCC2D6A'],62995,58477.0,synthetic_kv_64k,13888.0
2047.868928,,8622.784512,32,2.047868928,What is the value associated with key 1F1723C97A1E? Return only the value.,585488855854,8.622784512,MB,2048.0,0.7625049164628829,13888.0,context_0000,147.456,['0FC9030F9BE9'],62995,58477.0,synthetic_kv_64k,13888.0
2047.868928,,8622.784512,32,2.047868928,What is the value associated with key C7ECD49347FC? Return only the value.,96725D84D7A1,8.622784512,MB,2048.0,0.7625049164628829,13888.0,context_0000,147.456,['38E7FB8986C8'],62995,58477.0,synthetic_kv_64k,13888.0
2047.868928,,8622.784512,32,2.047868928,What is the value associated with key 32B821768DD7? Return only the value.,The value associated with the key [32B821768DD7] is not present in the provided list.,8.622784512,MB,2048.0,0.7625049164628829,13888.0,context_0000,147.456,['668CD2DC42C8'],62995,58477.0,synthetic_kv_64k,13888.0
2047.868928,,8622.784512,32,2.047868928,What is the value associated with key AFB05F4B1A97? Return only the value.,A85D8885C38C,8.622784512,MB,2048.0,0.7625049164628829,13888.0,context_0000,147.456,['F004A15B2E18'],62995,58477.0,synthetic_kv_64k,13888.0
2047.868928,,8622.784512,32,2.047868928,What is the value associated with key 1583A50A13DC? Return only the value.,The value associated with the key [1583A50A13DC] is not present in the provided list.,8.622784512,MB,2048.0,0.7625049164628829,13888.0,context_0000,147.456,['960B95132C22'],62995,58477.0,synthetic_kv_64k,13888.0
2047.868928,,8622.784512,32,2.047868928,What is the value associated with key EADC424211E2? Return only the value.,The value associated with the key [EADC424211E2] is not present in the provided list.,8.622784512,MB,2048.0,0.7625049164628829,13888.0,context_0000,147.456,['1332D010318A'],62995,58477.0,synthetic_kv_64k,13888.0
2047.868928,,8622.784512,32,2.047868928,What is the value associated with key FF450594B24F? Return only the value.,63B84885D88C,8.622784512,MB,2048.0,0.7625049164628829,13888.0,context_0000,147.456,['329F10813D45'],62995,58477.0,synthetic_kv_64k,13888.0
2047.868928,,8622.784512,32,2.047868928,What is the value associated with key A55FE709FBA6? Return only the value.,548E69C8A4C3,8.622784512,MB,2048.0,0.7625049164628829,13888.0,context_0000,147.456,['CF2E7184B713'],62995,58477.0,synthetic_kv_64k,13888.0
2047.868928,,8622.784512,32,2.047868928,What is the value associated with key 178B20F87BA2? Return only the value.,745885588585,8.622784512,MB,2048.0,0.7625049164628829,13888.0,context_0000,147.456,['D8E7E7B33085'],62995,58477.0,synthetic_kv_64k,13888.0
2047.868928,,8622.784512,32,2.047868928,What is the value associated with key CF13D450AFA2? Return only the value.,5C650F8A0C2D,8.622784512,MB,2048.0,0.7625049164628829,13888.0,context_0000,147.456,['1F5D54E07431'],62995,58477.0,synthetic_kv_64k,13888.0
2047.868928,,8622.784512,32,2.047868928,What is the value associated with key F1390AEE2557? Return only the value.,The value associated with the key [F1390AEE2557] is not present in the provided list.,8.622784512,MB,2048.0,0.7625049164628829,13888.0,context_0000,147.456,['0CF67603C36C'],62995,58477.0,synthetic_kv_64k,13888.0
2047.868928,,8622.784512,32,2.047868928,What is the value associated with key EC932B015723? Return only the value.,The value associated with the key [EC932B015723] is not present in the provided list.,8.622784512,MB,2048.0,0.7625049164628829,13888.0,context_0000,147.456,['6EE392EA1324'],62995,58477.0,synthetic_kv_64k,13888.0
2047.868928,,8622.784512,32,2.047868928,What is the value associated with key B974D259F960? Return only the value.,The value associated with the key [B974D259F960] is not present in the provided list.,8.622784512,MB,2048.0,0.7625049164628829,13888.0,context_0000,147.456,['7F02651EA252'],62995,58477.0,synthetic_kv_64k,13888.0
2047.868928,,8622.784512,32,2.047868928,What is the value associated with key 61FA078C26CE? Return only the value.,63904D78C88D,8.622784512,MB,2048.0,0.7625049164628829,13888.0,context_0000,147.456,['6D39AEE70AB2'],62995,58477.0,synthetic_kv_64k,13888.0
2047.868928,,8622.784512,32,2.047868928,What is the value associated with key 5A9C2C3D17E2? Return only the value.,5C650F8A0C2C,8.622784512,MB,2048.0,0.7625049164628829,13888.0,context_0000,147.456,['E88636F7A26C'],62995,58477.0,synthetic_kv_64k,13888.0
2047.868928,,8622.784512,32,2.047868928,What is the value associated with key 46652FE922AA? Return only the value.,722D47A48C42,8.622784512,MB,2048.0,0.7625049164628829,13888.0,context_0000,147.456,['722D47A48C42'],62995,58477.0,synthetic_kv_64k,13888.0
2047.868928,,8622.784512,32,2.047868928,What is the value associated with key 260CE2280FE3? Return only the value.,5885488C344C,8.622784512,MB,2048.0,0.7625049164628829,13888.0,context_0000,147.456,['9D3608DEC921'],62995,58477.0,synthetic_kv_64k,13888.0
2047.868928,,8622.784512,32,2.047868928,What is the value associated with key 9DF29E825AAE? Return only the value.,57E8A3D88C3C,8.622784512,MB,2048.0,0.7625049164628829,13888.0,context_0000,147.456,['A5B43EEBC04A'],62995,58477.0,synthetic_kv_64k,13888.0
2047.868928,,8622.784512,32,2.047868928,What is the value associated with key 7FB74B8C031F? Return only the value.,7B8585858585,8.622784512,MB,2048.0,0.7625049164628829,13888.0,context_0000,147.456,['E1FD69785221'],62995,58477.0,synthetic_kv_64k,13888.0
2047.868928,,8622.784512,32,2.047868928,What is the value associated with key 7AA18CF9EEA9? Return only the value.,7B8585555555,8.622784512,MB,2048.0,0.7625049164628829,13888.0,context_0000,147.456,['16740F9C5300'],62995,58477.0,synthetic_kv_64k,13888.0
2047.868928,,8622.784512,32,2.047868928,What is the value associated with key 620D479F6628? Return only the value.,6AA68585C38C,8.622784512,MB,2048.0,0.7625049164628829,13888.0,context_0000,147.456,['6B522321E64E'],62995,58477.0,synthetic_kv_64k,13888.0
2047.868928,,8622.784512,32,2.047868928,What is the value associated with key A484330FAAA3? Return only the value.,A484330FAAA3: 44D1CF0E1567,8.622784512,MB,2048.0,0.7625049164628829,13888.0,context_0000,147.456,['CC15E2789642'],62995,58477.0,synthetic_kv_64k,13888.0
2047.868928,,8622.784512,32,2.047868928,What is the value associated with key 3FC8869BC00F? Return only the value.,348885888888,8.622784512,MB,2048.0,0.7625049164628829,13888.0,context_0000,147.456,['FE7CA1791E93'],62995,58477.0,synthetic_kv_64k,13888.0
2047.868928,,8622.784512,32,2.047868928,What is the value associated with key 8B2DCD5AE324? Return only the value.,A44585555555,8.622784512,MB,2048.0,0.7625049164628829,13888.0,context_0000,147.456,['04FFCB7B0B3A'],62995,58477.0,synthetic_kv_64k,13888.0
2047.868928,,8622.784512,32,2.047868928,What is the value associated with key 61EBFD498E20? Return only the value.,A4A585858585,8.622784512,MB,2048.0,0.7625049164628829,13888.0,context_0000,147.456,['B69FC82BA1BE'],62995,58477.0,synthetic_kv_64k,13888.0
2047.868928,,8622.784512,32,2.047868928,What is the value associated with key 7ACC5BEEC570? Return only the value.,5F904C3D848C,8.622784512,MB,2048.0,0.7625049164628829,13888.0,context_0000,147.456,['C80C8B6584CE'],62995,58477.0,synthetic_kv_64k,13888.0
2047.868928,,8622.784512,32,2.047868928,What is the value associated with key 58127C13F47A? Return only the value.,90CEE9A53368,8.622784512,MB,2048.0,0.7625049164628829,13888.0,context_0000,147.456,['90CEE9A53368'],62995,58477.0,synthetic_kv_64k,13888.0
2047.868928,,8622.784512,32,2.047868928,What is the value associated with key 5254809CD839? Return only the value.,4876D49C3B8A,8.622784512,MB,2048.0,0.7625049164628829,13888.0,context_0000,147.456,['453B636CF499'],62995,58477.0,synthetic_kv_64k,13888.0
2047.868928,,8622.784512,32,2.047868928,What is the value associated with key 06AC2E0869C1? Return only the value.,909E8A38D5AA,8.622784512,MB,2048.0,0.7625049164628829,13888.0,context_0000,147.456,['98DC51A1F5DF'],62995,58477.0,synthetic_kv_64k,13888.0
2047.868928,,8622.784512,32,2.047868928,What is the value associated with key 07803811B519? Return only the value.,584C3485888C,8.622784512,MB,2048.0,0.7625049164628829,13888.0,context_0000,147.456,['CF89E550D736'],62995,58477.0,synthetic_kv_64k,13888.0
2047.868928,,8622.784512,32,2.047868928,What is the value associated with key 47EBC74E48FF? Return only the value.,548C34588C3A,8.622784512,MB,2048.0,0.7625049164628829,13888.0,context_0000,147.456,['CF030EFFD5BD'],62995,58477.0,synthetic_kv_64k,13888.0
2047.868928,,8622.784512,32,2.047868928,What is the value associated with key 78C0FDD4FF21? Return only the value.,774C3454545C,8.622784512,MB,2048.0,0.7625049164628829,13888.0,context_0000,147.456,['5B808788DFED'],62995,58477.0,synthetic_kv_64k,13888.0
2047.868928,,8622.784512,32,2.047868928,What is the value associated with key 9580C44FC4B8? Return only the value.,The value associated with the key [9580C44FC4B8] is not present in the provided list.,8.622784512,MB,2048.0,0.7625049164628829,13888.0,context_0000,147.456,['3B96FFE62994'],62995,58477.0,synthetic_kv_64k,13888.0
2047.868928,,8622.784512,32,2.047868928,What is the value associated with key 28DDF956BE95? Return only the value.,The value associated with the key [28DDF956BE95] is [0B3D17D09810,8.622784512,MB,2048.0,0.7625049164628829,13888.0,context_0000,147.456,['3F7319A2676F'],62995,58477.0,synthetic_kv_64k,13888.0
2047.868928,,8622.784512,32,2.047868928,What is the value associated with key 3DBCA8284442? Return only the value.,444444444444,8.622784512,MB,2048.0,0.7625049164628829,13888.0,context_0000,147.456,['889F443B1D0F'],62995,58477.0,synthetic_kv_64k,13888.0
2047.868928,,8622.784512,32,2.047868928,What is the value associated with key CA8ED0F81063? Return only the value.,5C4432DF8D45,8.622784512,MB,2048.0,0.7625049164628829,13888.0,context_0000,147.456,['BCAFEAD18464'],62995,58477.0,synthetic_kv_64k,13888.0
2047.868928,,8622.784512,32,2.047868928,What is the value associated with key C3980E500785? Return only the value.,5C4432DF8D45,8.622784512,MB,2048.0,0.7625049164628829,13888.0,context_0000,147.456,['F2A3FF138C80'],62995,58477.0,synthetic_kv_64k,13888.0
2047.868928,,8622.784512,32,2.047868928,What is the value associated with key 9360382B5B86? Return only the value.,909E8A38D5AA,8.622784512,MB,2048.0,0.7625049164628829,13888.0,context_0000,147.456,['FB8FD8B48EAD'],62995,58477.0,synthetic_kv_64k,13888.0
2047.868928,,8622.784512,32,2.047868928,What is the value associated with key 636FCC21CBDB? Return only the value.,6685488C344C,8.622784512,MB,2048.0,0.7625049164628829,13888.0,context_0000,147.456,['EF695AD479EF'],62995,58477.0,synthetic_kv_64k,13888.0
2047.868928,,8622.784512,32,2.047868928,What is the value associated with key FDD5D6D744FD? Return only the value.,The value associated with the key [FDD5D6D744FD] is not present in the provided list.,8.622784512,MB,2048.0,0.7625049164628829,13888.0,context_0000,147.456,['2C78D86065A2'],62995,58477.0,synthetic_kv_64k,13888.0
2047.868928,,8622.784512,32,2.047868928,What is the value associated with key 3C8E2D14E9F4? Return only the value.,444D85555555,8.622784512,MB,2048.0,0.7625049164628829,13888.0,context_0000,147.456,['516897AF5BDE'],62995,58477.0,synthetic_kv_64k,13888.0
2047.868928,,8622.784512,32,2.047868928,What is the value associated with key BCF4CE63CB1A? Return only the value.,544C3445544C,8.622784512,MB,2048.0,0.7625049164628829,13888.0,context_0000,147.456,['5BD9B297A782'],62995,58477.0,synthetic_kv_64k,13888.0
2047.868928,,8622.784512,32,2.047868928,What is the value associated with key 9770E9FA97E2? Return only the value.,909E8A38D5AA,8.622784512,MB,2048.0,0.7625049164628829,13888.0,context_0000,147.456,['B41507388BA4'],62995,58477.0,synthetic_kv_64k,13888.0
2047.868928,,8622.784512,32,2.047868928,What is the value associated with key 5A07B357F3F9? Return only the value.,52748855488A,8.622784512,MB,2048.0,0.7625049164628829,13888.0,context_0000,147.456,['9151F2933585'],62995,58477.0,synthetic_kv_64k,13888.0
2047.868928,,8622.784512,32,2.047868928,What is the value associated with key 2460904883C1? Return only the value.,5C94D88D8C3A,8.622784512,MB,2048.0,0.7625049164628829,13888.0,context_0000,147.456,['F2C89027E770'],62995,58477.0,synthetic_kv_64k,13888.0
2047.868928,,8622.784512,32,2.047868928,What is the value associated with key D631303014D0? Return only the value.,The value associated with the key [D631303014D0] is not present in the provided list.,8.622784512,MB,2048.0,0.7625049164628829,13888.0,context_0000,147.456,['CF76FCEDF994'],62995,58477.0,synthetic_kv_64k,13888.0
2047.868928,,8622.784512,32,2.047868928,What is the value associated with key F86BE1B243CC? Return only the value.,548C3485444C,8.622784512,MB,2048.0,0.7625049164628829,13888.0,context_0000,147.456,['8AC87E02921D'],62995,58477.0,synthetic_kv_64k,13888.0
2047.868928,,8622.784512,32,2.047868928,What is the value associated with key 2CF14F1E1A37? Return only the value.,The value associated with the key [2CF14F1E1A37] is [00000000000,8.622784512,MB,2048.0,0.7625049164628829,13888.0,context_0000,147.456,['09B77D8D3DDD'],62995,58477.0,synthetic_kv_64k,13888.0
2047.868928,,8622.784512,32,2.047868928,What is the value associated with key 0E61171B1B80? Return only the value.,0E8F285A5C3D,8.622784512,MB,2048.0,0.7625049164628829,13888.0,context_0000,147.456,['9A063B8D3447'],62995,58477.0,synthetic_kv_64k,13888.0
2047.868928,,8622.784512,32,2.047868928,What is the value associated with key 051A3803DCEE? Return only the value.,5C70FCA45567,8.622784512,MB,2048.0,0.7625049164628829,13888.0,context_0000,147.456,['7A5D86C5547C'],62995,58477.0,synthetic_kv_64k,13888.0
2047.868928,,8622.784512,32,2.047868928,What is the value associated with key 54EC002CCB25? Return only the value.,5899D40E53CE,8.622784512,MB,2048.0,0.7625049164628829,13888.0,context_0000,147.456,['9D37EAFB3E90'],62995,58477.0,synthetic_kv_64k,13888.0
2047.868928,,8622.784512,32,2.047868928,What is the value associated with key CE7333932B6C? Return only the value.,585D843D888C,8.622784512,MB,2048.0,0.7625049164628829,13888.0,context_0000,147.456,['573B2167C35E'],62995,58477.0,synthetic_kv_64k,13888.0
2047.868928,,8622.784512,32,2.047868928,What is the value associated with key 2D6EB7893986? Return only the value.,The value associated with the key [2D6EB7893986] is not present in the provided list.,8.622784512,MB,2048.0,0.7625049164628829,13888.0,context_0000,147.456,['CD6BEB3537A0'],62995,58477.0,synthetic_kv_64k,13888.0
2047.868928,,8622.784512,32,2.047868928,What is the value associated with key DE43D8230076? Return only the value.,5C7285E620AB,8.622784512,MB,2048.0,0.7625049164628829,13888.0,context_0000,147.456,['0F3F52D6B779'],62995,58477.0,synthetic_kv_64k,13888.0
2047.868928,,8622.784512,32,2.047868928,What is the value associated with key 25D0059C1574? Return only the value.,5C29410BFC29,8.622784512,MB,2048.0,0.7625049164628829,13888.0,context_0000,147.456,['B466962C04DD'],62995,58477.0,synthetic_kv_64k,13888.0
2047.868928,,8622.784512,32,2.047868928,What is the value associated with key 2443EACF33A9? Return only the value.,5C4432DF8D45,8.622784512,MB,2048.0,0.7625049164628829,13888.0,context_0000,147.456,['1C65C63CE21D'],62995,58477.0,synthetic_kv_64k,13888.0
2047.868928,,8622.784512,32,2.047868928,What is the value associated with key 86BBD8B2F8B6? Return only the value.,8C354A37544C,8.622784512,MB,2048.0,0.7625049164628829,13888.0,context_0000,147.456,['5D69DC54D59B'],62995,58477.0,synthetic_kv_64k,13888.0
2047.868928,,8622.784512,32,2.047868928,What is the value associated with key 1291F5E72DAF? Return only the value.,D32E83BC9478,8.622784512,MB,2048.0,0.7625049164628829,13888.0,context_0000,147.456,['B45C5FA3A531'],62995,58477.0,synthetic_kv_64k,13888.0
2047.868928,,8622.784512,32,2.047868928,What is the value associated with key A981F121E129? Return only the value.,The value associated with the key [A981F121E129] is [485D8438D8,8.622784512,MB,2048.0,0.7625049164628829,13888.0,context_0000,147.456,['96056545C030'],62995,58477.0,synthetic_kv_64k,13888.0
2047.868928,,8622.784512,32,2.047868928,What is the value associated with key 562819DD3E8C? Return only the value.,C9213F05557C,8.622784512,MB,2048.0,0.7625049164628829,13888.0,context_0000,147.456,['52964D407B28'],62995,58477.0,synthetic_kv_64k,13888.0
2047.868928,,8622.784512,32,2.047868928,What is the value associated with key F9D222EE7F07? Return only the value.,77E8BB7383D4,8.622784512,MB,2048.0,0.7625049164628829,13888.0,context_0000,147.456,['BB7B28522CA2'],62995,58477.0,synthetic_kv_64k,13888.0
2047.868928,,8622.784512,32,2.047868928,What is the value associated with key 6FD6F2DD9456? Return only the value.,964C34548C3C,8.622784512,MB,2048.0,0.7625049164628829,13888.0,context_0000,147.456,['A3A6CAB63107'],62995,58477.0,synthetic_kv_64k,13888.0
2047.868928,,8622.784512,32,2.047868928,What is the value associated with key 7CB9F5EDF382? Return only the value.,7B858485848A,8.622784512,MB,2048.0,0.7625049164628829,13888.0,context_0000,147.456,['5139A630AD9D'],62995,58477.0,synthetic_kv_64k,13888.0
2047.868928,,8622.784512,32,2.047868928,What is the value associated with key B5092C988BCA? Return only the value.,8C354A3D888C,8.622784512,MB,2048.0,0.7625049164628829,13888.0,context_0000,147.456,['8FDDF7FF88D4'],62995,58477.0,synthetic_kv_64k,13888.0
2047.868928,,8622.784512,32,2.047868928,What is the value associated with key E3BCB18D2C8C? Return only the value.,544C3885444C,8.622784512,MB,2048.0,0.7625049164628829,13888.0,context_0000,147.456,['9D1CEDC8CCA8'],62995,58477.0,synthetic_kv_64k,13888.0
2047.868928,,8622.784512,32,2.047868928,What is the value associated with key 5B58C9784B52? Return only the value.,The value associated with the key [5B58C9784B52] is not present in the provided list.,8.622784512,MB,2048.0,0.7625049164628829,13888.0,context_0000,147.456,['AA60392612E9'],62995,58477.0,synthetic_kv_64k,13888.0
2047.868928,,8622.784512,32,2.047868928,What is the value associated with key D08096C56FE7? Return only the value.,548E69C3488A,8.622784512,MB,2048.0,0.7625049164628829,13888.0,context_0000,147.456,['60DD2CE3D822'],62995,58477.0,synthetic_kv_64k,13888.0
2047.868928,,8622.784512,32,2.047868928,What is the value associated with key BBE74E8BF78A? Return only the value.,585D9C34588A,8.622784512,MB,2048.0,0.7625049164628829,13888.0,context_0000,147.456,['4B65B0416F19'],62995,58477.0,synthetic_kv_64k,13888.0
2047.868928,,8622.784512,32,2.047868928,What is the value associated with key 2D7E2099E71F? Return only the value.,734588858885,8.622784512,MB,2048.0,0.7625049164628829,13888.0,context_0000,147.456,['0075BA94AA66'],62995,58477.0,synthetic_kv_64k,13888.0
2047.868928,,8622.784512,32,2.047868928,What is the value associated with key B3B6F2E3C6F0? Return only the value.,The value associated with the key [B3B6F2E3C6F0] is [4444444444,8.622784512,MB,2048.0,0.7625049164628829,13888.0,context_0000,147.456,['92A5F2DDE1F5'],62995,58477.0,synthetic_kv_64k,13888.0
2047.868928,,8622.784512,32,2.047868928,What is the value associated with key D9CB643FFDAE? Return only the value.,96724385788A,8.622784512,MB,2048.0,0.7625049164628829,13888.0,context_0000,147.456,['C555FE8956C8'],62995,58477.0,synthetic_kv_64k,13888.0
2047.868928,,8622.784512,32,2.047868928,What is the value associated with key 9146F7164B73? Return only the value.,9255ED0940F7,8.622784512,MB,2048.0,0.7625049164628829,13888.0,context_0000,147.456,['2E9C084A3C4B'],62995,58477.0,synthetic_kv_64k,13888.0
2047.868928,,8622.784512,32,2.047868928,What is the value associated with key 51769A3624D6? Return only the value.,909E8A38D5AA,8.622784512,MB,2048.0,0.7625049164628829,13888.0,context_0000,147.456,['CF0DEBC92914'],62995,58477.0,synthetic_kv_64k,13888.0
2047.868928,,8622.784512,32,2.047868928,What is the value associated with key 9C83F7B02805? Return only the value.,The value associated with the key `9C83F7B02805` is not present in the provided list of key-value pairs.,8.622784512,MB,2048.0,0.7625049164628829,13888.0,context_0000,147.456,['A3BF388C9751'],62995,58477.0,synthetic_kv_64k,13888.0
2047.868928,,8622.784512,32,2.047868928,What is the value associated with key 1AA690C7E6AC? Return only the value.,685C3E68858C,8.622784512,MB,2048.0,0.7625049164628829,13888.0,context_0000,147.456,['7F05EFCAC577'],62995,58477.0,synthetic_kv_64k,13888.0
2047.868928,,8622.784512,32,2.047868928,What is the value associated with key 54C72401342A? Return only the value.,C249005FD0E6,8.622784512,MB,2048.0,0.7625049164628829,13888.0,context_0000,147.456,['13EBBECED21A'],62995,58477.0,synthetic_kv_64k,13888.0
2047.868928,,8622.784512,32,2.047868928,What is the value associated with key 58C83CED4D1F? Return only the value.,54485885588A,8.622784512,MB,2048.0,0.7625049164628829,13888.0,context_0000,147.456,['51CBFB7D3BA1'],62995,58477.0,synthetic_kv_64k,13888.0
2047.868928,,8622.784512,32,2.047868928,What is the value associated with key A2DD2AFAAB7B? Return only the value.,493608DEC921,8.622784512,MB,2048.0,0.7625049164628829,13888.0,context_0000,147.456,['F68CE2A45909'],62995,58477.0,synthetic_kv_64k,13888.0
2047.868928,,8622.784512,32,2.047868928,What is the value associated with key D25816B6BF61? Return only the value.,548E6854588A,8.622784512,MB,2048.0,0.7625049164628829,13888.0,context_0000,147.456,['AB86B57EC883'],62995,58477.0,synthetic_kv_64k,13888.0
2047.868928,,8622.784512,32,2.047868928,What is the value associated with key BAB2A39C3BD5? Return only the value.,548E6885458A,8.622784512,MB,2048.0,0.7625049164628829,13888.0,context_0000,147.456,['55F3E2FBB984'],62995,58477.0,synthetic_kv_64k,13888.0
2047.868928,,8622.784512,32,2.047868928,What is the value associated with key 02EA725656E3? Return only the value.,The value associated with the key [02EA725656E3] is [5C4432DF8D45,8.622784512,MB,2048.0,0.7625049164628829,13888.0,context_0000,147.456,['35AD43E4F668'],62995,58477.0,synthetic_kv_64k,13888.0
2047.868928,,8622.784512,32,2.047868928,What is the value associated with key B1733FE1E8F3? Return only the value.,The value associated with the key [B1733FE1E8F3] is not present in the provided list.,8.622784512,MB,2048.0,0.7625049164628829,13888.0,context_0000,147.456,['59B9115AFFAC'],62995,58477.0,synthetic_kv_64k,13888.0
2047.868928,,8622.784512,32,2.047868928,What is the value associated with key C97A41B455B8? Return only the value.,548C34588C3A,8.622784512,MB,2048.0,0.7625049164628829,13888.0,context_0000,147.456,['B86D1BA827C6'],62995,58477.0,synthetic_kv_64k,13888.0
2047.868928,,8622.784512,32,2.047868928,What is the value associated with key 0C530053F649? Return only the value.,5C4D848D8C3C,8.622784512,MB,2048.0,0.7625049164628829,13888.0,context_0000,147.456,['702F62CCC604'],62995,58477.0,synthetic_kv_64k,13888.0
2047.868928,,8622.784512,32,2.047868928,What is the value associated with key 6B6EBB8AA843? Return only the value.,8C354554884C,8.622784512,MB,2048.0,0.7625049164628829,13888.0,context_0000,147.456,['2A95F8170EBF'],62995,58477.0,synthetic_kv_64k,13888.0
2047.868928,,8622.784512,32,2.047868928,What is the value associated with key 69FDE271FFF9? Return only the value.,A603D4635C3C,8.622784512,MB,2048.0,0.7625049164628829,13888.0,context_0000,147.456,['E1BB7E3A9F07'],62995,58477.0,synthetic_kv_64k,13888.0
2047.868928,,8622.784512,32,2.047868928,What is the value associated with key 59EA60F34EBC? Return only the value.,548E69C3D88C,8.622784512,MB,2048.0,0.7625049164628829,13888.0,context_0000,147.456,['60168BC83A02'],62995,58477.0,synthetic_kv_64k,13888.0
2047.868928,,8622.784512,32,2.047868928,What is the value associated with key D42C19F738CB? Return only the value.,4899D40E53CE,8.622784512,MB,2048.0,0.7625049164628829,13888.0,context_0000,147.456,['C9EA7ABFCEBF'],62995,58477.0,synthetic_kv_64k,13888.0
2047.868928,,8622.784512,32,2.047868928,What is the value associated with key 93FBDD326D9C? Return only the value.,9255ED0940F7,8.622784512,MB,2048.0,0.7625049164628829,13888.0,context_0000,147.456,['C21CA6A5F0FF'],62995,58477.0,synthetic_kv_64k,13888.0
2047.868928,,8622.784512,32,2.047868928,What is the value associated with key 39BFAFE9BE90? Return only the value.,3B23B9A4DE2B,8.622784512,MB,2048.0,0.7625049164628829,13888.0,context_0000,147.456,['738729A3DB6D'],62995,58477.0,synthetic_kv_64k,13888.0
2047.868928,,8622.784512,32,2.047868928,What is the value associated with key CC9812DE9E5A? Return only the value.,967285A5C38A,8.622784512,MB,2048.0,0.7625049164628829,13888.0,context_0000,147.456,['088DD883E3F8'],62995,58477.0,synthetic_kv_64k,13888.0
2047.868928,,8622.784512,32,2.047868928,What is the value associated with key 05234B7F2183? Return only the value.,582B9D8A5C3A,8.622784512,MB,2048.0,0.7625049164628829,13888.0,context_0000,147.456,['42D951976E75'],62995,58477.0,synthetic_kv_64k,13888.0
2047.868928,,8622.784512,32,2.047868928,What is the value associated with key 1ACFF3A02120? Return only the value.,A013DEDA4E16,8.622784512,MB,2048.0,0.7625049164628829,13888.0,context_0000,147.456,['578012FECC2B'],62995,58477.0,synthetic_kv_64k,13888.0
2047.868928,,8622.784512,32,2.047868928,What is the value associated with key E34F2B8C03BF? Return only the value.,3F87159152F2,8.622784512,MB,2048.0,0.7625049164628829,13888.0,context_0000,147.456,['2931601E0211'],62995,58477.0,synthetic_kv_64k,13888.0
2047.868928,,8622.784512,32,2.047868928,What is the value associated with key 1333BB635FF5? Return only the value.,543B64533D8A,8.622784512,MB,2048.0,0.7625049164628829,13888.0,context_0000,147.456,['F11C8C0B393A'],62995,58477.0,synthetic_kv_64k,13888.0
2047.868928,,8622.784512,32,2.047868928,What is the value associated with key FA60E5EB772D? Return only the value.,The value associated with the key [FA60E5EB772D] is not present in the provided list.,8.622784512,MB,2048.0,0.7625049164628829,13888.0,context_0000,147.456,['568317D5B563'],62995,58477.0,synthetic_kv_64k,13888.0
2047.868928,,8622.784512,32,2.047868928,What is the value associated with key FC3B981262AC? Return only the value.,5C44855B6C5B,8.622784512,MB,2048.0,0.7625049164628829,13888.0,context_0000,147.456,['E4AA9D17D218'],62995,58477.0,synthetic_kv_64k,13888.0
2047.868928,,8622.784512,32,2.047868928,What is the value associated with key B45A7B94A34D? Return only the value.,The value associated with the key [B45A7B94A34D] is [8F1C700000,8.622784512,MB,2048.0,0.7625049164628829,13888.0,context_0000,147.456,['6E6B07EF2BA8'],62995,58477.0,synthetic_kv_64k,13888.0
2047.868928,,8622.784512,32,2.047868928,What is the value associated with key A754F143E545? Return only the value.,The value associated with the key [A754F143E545] is [9E4524D385,8.622784512,MB,2048.0,0.7625049164628829,13888.0,context_0000,147.456,['9B792A3D418D'],62995,58477.0,synthetic_kv_64k,13888.0
2047.868928,,8622.784512,32,2.047868928,What is the value associated with key 6F27E3C6DEDB? Return only the value.,894524D38751,8.622784512,MB,2048.0,0.7625049164628829,13888.0,context_0000,147.456,['0DB52837F418'],62995,58477.0,synthetic_kv_64k,13888.0
2047.868928,,8622.784512,32,2.047868928,What is the value associated with key 54C219EC0829? Return only the value.,54C219EC0829,8.622784512,MB,2048.0,0.7625049164628829,13888.0,context_0000,147.456,['F972349EF4A9'],62995,58477.0,synthetic_kv_64k,13888.0
2047.868928,,8622.784512,32,2.047868928,What is the value associated with key 68C630A2CEE8? Return only the value.,8C4A5C35C3D7,8.622784512,MB,2048.0,0.7625049164628829,13888.0,context_0000,147.456,['8DDAB27B7BB4'],62995,58477.0,synthetic_kv_64k,13888.0
2047.868928,,8622.784512,32,2.047868928,What is the value associated with key ECF2B8D77D2F? Return only the value.,584C3D8A5C3C,8.622784512,MB,2048.0,0.7625049164628829,13888.0,context_0000,147.456,['8A45BADF9397'],62995,58477.0,synthetic_kv_64k,13888.0
2047.868928,,8622.784512,32,2.047868928,What is the value associated with key A91C43E8644B? Return only the value.,The value associated with the key [A91C43E8644B] is [909E8A38D5,8.622784512,MB,2048.0,0.7625049164628829,13888.0,context_0000,147.456,['4C224811E562'],62995,58477.0,synthetic_kv_64k,13888.0
2047.868928,,8622.784512,32,2.047868928,What is the value associated with key 188D3CCFF6EB? Return only the value.,8C530C9FA6E6,8.622784512,MB,2048.0,0.7625049164628829,13888.0,context_0000,147.456,['64950CB4E891'],62995,58477.0,synthetic_kv_64k,13888.0
2047.868928,,8622.784512,32,2.047868928,What is the value associated with key 8CB6925F8199? Return only the value.,8C354A37688E,8.622784512,MB,2048.0,0.7625049164628829,13888.0,context_0000,147.456,['7DAED700B461'],62995,58477.0,synthetic_kv_64k,13888.0
2047.868928,,8622.784512,32,2.047868928,What is the value associated with key 0DF42751AB86? Return only the value.,589484858485,8.622784512,MB,2048.0,0.7625049164628829,13888.0,context_0000,147.456,['00FA5C5F48D4'],62995,58477.0,synthetic_kv_64k,13888.0
2047.868928,,8622.784512,32,2.047868928,What is the value associated with key 166E6D779595? Return only the value.,548885555555,8.622784512,MB,2048.0,0.7625049164628829,13888.0,context_0000,147.456,['D2EA4B6797A1'],62995,58477.0,synthetic_kv_64k,13888.0
2047.868928,,8622.784512,32,2.047868928,What is the value associated with key A005A97A2846? Return only the value.,The value associated with the key [A005A97A2846] is not present in the provided list.,8.622784512,MB,2048.0,0.7625049164628829,13888.0,context_0000,147.456,['7AF699A7B99B'],62995,58477.0,synthetic_kv_64k,13888.0
2047.868928,,8622.784512,32,2.047868928,What is the value associated with key 18D4331DE35C? Return only the value.,5C4432DF8D45,8.622784512,MB,2048.0,0.7625049164628829,13888.0,context_0000,147.456,['34FA06969D48'],62995,58477.0,synthetic_kv_64k,13888.0
2047.868928,,8622.784512,32,2.047868928,What is the value associated with key A3602BBBA89D? Return only the value.,A8C8D9C3D88C,8.622784512,MB,2048.0,0.7625049164628829,13888.0,context_0000,147.456,['FA204AB427E3'],62995,58477.0,synthetic_kv_64k,13888.0
2047.868928,,8622.784512,32,2.047868928,What is the value associated with key 793B14F9C394? Return only the value.,58F4591CC524,8.622784512,MB,2048.0,0.7625049164628829,13888.0,context_0000,147.456,['1D91D8014004'],62995,58477.0,synthetic_kv_64k,13888.0
2047.868928,,8622.784512,32,2.047868928,What is the value associated with key C8ED4EF03F80? Return only the value.,BA2ED6AA5382,8.622784512,MB,2048.0,0.7625049164628829,13888.0,context_0000,147.456,['788F65C06B93'],62995,58477.0,synthetic_kv_64k,13888.0
2047.868928,,8622.784512,32,2.047868928,What is the value associated with key E5167D3572CC? Return only the value.,967259874683,8.622784512,MB,2048.0,0.7625049164628829,13888.0,context_0000,147.456,['43D7A939EBD1'],62995,58477.0,synthetic_kv_64k,13888.0
2047.868928,,8622.784512,32,2.047868928,What is the value associated with key A4511754BF08? Return only the value.,63348B4BD7E7,8.622784512,MB,2048.0,0.7625049164628829,13888.0,context_0000,147.456,['63348B4BD7E7'],62995,58477.0,synthetic_kv_64k,13888.0
2047.868928,,8622.784512,32,2.047868928,What is the value associated with key 5EFB2F546033? Return only the value.,54B53DAB1614,8.622784512,MB,2048.0,0.7625049164628829,13888.0,context_0000,147.456,['61A6E2AFA629'],62995,58477.0,synthetic_kv_64k,13888.0
2047.868928,,8622.784512,32,2.047868928,What is the value associated with key 2FC35E911B91? Return only the value.,The value associated with the key [2FC35E911B91] is [0B6C721E541,8.622784512,MB,2048.0,0.7625049164628829,13888.0,context_0000,147.456,['0B6C721E5419'],62995,58477.0,synthetic_kv_64k,13888.0
2047.868928,,8622.784512,32,2.047868928,What is the value associated with key 709243675D58? Return only the value.,The value associated with the key [709243675D58] is not present in the provided list.,8.622784512,MB,2048.0,0.7625049164628829,13888.0,context_0000,147.456,['436E770E09DB'],62995,58477.0,synthetic_kv_64k,13888.0
2047.868928,,8622.784512,32,2.047868928,What is the value associated with key D64A39EB038A? Return only the value.,54C68D848C3A,8.622784512,MB,2048.0,0.7625049164628829,13888.0,context_0000,147.456,['907244C07A9A'],62995,58477.0,synthetic_kv_64k,13888.0
2047.868928,,8622.784512,32,2.047868928,What is the value associated with key 26B00FC79913? Return only the value.,6885D88C388A,8.622784512,MB,2048.0,0.7625049164628829,13888.0,context_0000,147.456,['B24BC0927B74'],62995,58477.0,synthetic_kv_64k,13888.0
2047.868928,,8622.784512,32,2.047868928,What is the value associated with key 18C1AADF3692? Return only the value.,A46A98611260,8.622784512,MB,2048.0,0.7625049164628829,13888.0,context_0000,147.456,['AB0B15F0EA19'],62995,58477.0,synthetic_kv_64k,13888.0
2047.868928,,8622.784512,32,2.047868928,What is the value associated with key CEE45802B640? Return only the value.,A46A98611260,8.622784512,MB,2048.0,0.7625049164628829,13888.0,context_0000,147.456,['69FB8A9C66F7'],62995,58477.0,synthetic_kv_64k,13888.0
2047.868928,,8622.784512,32,2.047868928,What is the value associated with key C1A7F8802878? Return only the value.,8C354A37C48C,8.622784512,MB,2048.0,0.7625049164628829,13888.0,context_0000,147.456,['3A3E96F84FF7'],62995,58477.0,synthetic_kv_64k,13888.0
2047.868928,,8622.784512,32,2.047868928,What is the value associated with key 0F9C8DB8DADF? Return only the value.,39679485544C,8.622784512,MB,2048.0,0.7625049164628829,13888.0,context_0000,147.456,['6319D73E7BB9'],62995,58477.0,synthetic_kv_64k,13888.0
2047.868928,,8622.784512,32,2.047868928,What is the value associated with key 85C7D183010F? Return only the value.,5C448E688C3C,8.622784512,MB,2048.0,0.7625049164628829,13888.0,context_0000,147.456,['F7336B2B78B9'],62995,58477.0,synthetic_kv_64k,13888.0
2047.868928,,8622.784512,32,2.047868928,What is the value associated with key AFE3891778E8? Return only the value.,A85D88E6D88C,8.622784512,MB,2048.0,0.7625049164628829,13888.0,context_0000,147.456,['EFB5DDECC40B'],62995,58477.0,synthetic_kv_64k,13888.0
2047.868928,,8622.784512,32,2.047868928,What is the value associated with key 929D798E175F? Return only the value.,7B6D8554588A,8.622784512,MB,2048.0,0.7625049164628829,13888.0,context_0000,147.456,['3C53E1B41171'],62995,58477.0,synthetic_kv_64k,13888.0
2047.868928,,8622.784512,32,2.047868928,What is the value associated with key 4C8179EC533C? Return only the value.,4F9A4D950273,8.622784512,MB,2048.0,0.7625049164628829,13888.0,context_0000,147.456,['6511143665F5'],62995,58477.0,synthetic_kv_64k,13888.0
2047.868928,,8622.784512,32,2.047868928,What is the value associated with key DA9BE71C681A? Return only the value.,73E7516C3B0A,8.622784512,MB,2048.0,0.7625049164628829,13888.0,context_0000,147.456,['08E3B6DCBD05'],62995,58477.0,synthetic_kv_64k,13888.0
2047.868928,,8622.784512,32,2.047868928,What is the value associated with key 923B8089B8C5? Return only the value.,909E8A38D5AA,8.622784512,MB,2048.0,0.7625049164628829,13888.0,context_0000,147.456,['844EE684390C'],62995,58477.0,synthetic_kv_64k,13888.0
2047.868928,,8622.784512,32,2.047868928,What is the value associated with key 924CCCEA5031? Return only the value.,9053C467090C,8.622784512,MB,2048.0,0.7625049164628829,13888.0,context_0000,147.456,['FB95AD72ED05'],62995,58477.0,synthetic_kv_64k,13888.0
2047.868928,,8622.784512,32,2.047868928,What is the value associated with key 25BF9ECA381B? Return only the value.,5855D885D885,8.622784512,MB,2048.0,0.7625049164628829,13888.0,context_0000,147.456,['F3021ECACAE9'],62995,58477.0,synthetic_kv_64k,13888.0
2047.868928,,8622.784512,32,2.047868928,What is the value associated with key 72F4C1D71F4A? Return only the value.,5854885A5C3D,8.622784512,MB,2048.0,0.7625049164628829,13888.0,context_0000,147.456,['F2F52C41CBD3'],62995,58477.0,synthetic_kv_64k,13888.0
2047.868928,,8622.784512,32,2.047868928,What is the value associated with key 2ACBFBFF8A7D? Return only the value.,894858858585,8.622784512,MB,2048.0,0.7625049164628829,13888.0,context_0000,147.456,['363EF8DFCC3A'],62995,58477.0,synthetic_kv_64k,13888.0
2047.868928,,8622.784512,32,2.047868928,What is the value associated with key 3156CEF74829? Return only the value.,35C64E003D55,8.622784512,MB,2048.0,0.7625049164628829,13888.0,context_0000,147.456,['0AEC204DB9DA'],62995,58477.0,synthetic_kv_64k,13888.0
2047.868928,,8622.784512,32,2.047868928,What is the value associated with key 140F6C624C2C? Return only the value.,929D0149A2AF,8.622784512,MB,2048.0,0.7625049164628829,13888.0,context_0000,147.456,['AEE1FCFFE9E3'],62995,58477.0,synthetic_kv_64k,13888.0
2047.868928,,8622.784512,32,2.047868928,What is the value associated with key 33B06F75EE8A? Return only the value.,5C4432DF8D45,8.622784512,MB,2048.0,0.7625049164628829,13888.0,context_0000,147.456,['D293FF4D0930'],62995,58477.0,synthetic_kv_64k,13888.0
2047.868928,,8622.784512,32,2.047868928,What is the value associated with key 25DBA091E5B4? Return only the value.,The value associated with the key [25DBA091E5B4] is not present in the provided list.,8.622784512,MB,2048.0,0.7625049164628829,13888.0,context_0000,147.456,['9855D5881C1C'],62995,58477.0,synthetic_kv_64k,13888.0
2047.868928,,8622.784512,32,2.047868928,What is the value associated with key 51DB4204D733? Return only the value.,5854D884585C,8.622784512,MB,2048.0,0.7625049164628829,13888.0,context_0000,147.456,['BA23E92A7B97'],62995,58477.0,synthetic_kv_64k,13888.0
2047.868928,,8622.784512,32,2.047868928,What is the value associated with key CEAEEA074D80? Return only the value.,548885888888,8.622784512,MB,2048.0,0.7625049164628829,13888.0,context_0000,147.456,['16471127B207'],62995,58477.0,synthetic_kv_64k,13888.0
2047.868928,,8622.784512,32,2.047868928,What is the value associated with key 8E6D635A775D? Return only the value.,5C448D858C3C,8.622784512,MB,2048.0,0.7625049164628829,13888.0,context_0000,147.456,['8D5365B90E94'],62995,58477.0,synthetic_kv_64k,13888.0
2047.868928,,8622.784512,32,2.047868928,What is the value associated with key DB4B537D0BD1? Return only the value.,585458545854,8.622784512,MB,2048.0,0.7625049164628829,13888.0,context_0000,147.456,['850A46B518DE'],62995,58477.0,synthetic_kv_64k,13888.0
2047.868928,,8622.784512,32,2.047868928,What is the value associated with key EACB7549C9F9? Return only the value.,A85D8B7D8C3D,8.622784512,MB,2048.0,0.7625049164628829,13888.0,context_0000,147.456,['032ADF9B7C1F'],62995,58477.0,synthetic_kv_64k,13888.0
2047.868928,,8622.784512,32,2.047868928,What is the value associated with key B34EC95B61F8? Return only the value.,548C3D8A5C3C,8.622784512,MB,2048.0,0.7625049164628829,13888.0,context_0000,147.456,['966B9F80B96B'],62995,58477.0,synthetic_kv_64k,13888.0
2047.868928,,8622.784512,32,2.047868928,What is the value associated with key C81C85C69FBF? Return only the value.,8C354ABF6F5C,8.622784512,MB,2048.0,0.7625049164628829,13888.0,context_0000,147.456,['1CCE6B6A8061'],62995,58477.0,synthetic_kv_64k,13888.0
2047.868928,,8622.784512,32,2.047868928,What is the value associated with key 264E6A18E5AF? Return only the value.,5C448E68588A,8.622784512,MB,2048.0,0.7625049164628829,13888.0,context_0000,147.456,['910C25F06B0A'],62995,58477.0,synthetic_kv_64k,13888.0
2047.868928,,8622.784512,32,2.047868928,What is the value associated with key 952A9682D9FF? Return only the value.,909E8A38D5AA,8.622784512,MB,2048.0,0.7625049164628829,13888.0,context_0000,147.456,['F6FFC2250530'],62995,58477.0,synthetic_kv_64k,13888.0
2047.868928,,8622.784512,32,2.047868928,What is the value associated with key 19A6F08CE6C2? Return only the value.,685A8B749245,8.622784512,MB,2048.0,0.7625049164628829,13888.0,context_0000,147.456,['1B0AECC817A6'],62995,58477.0,synthetic_kv_64k,13888.0
2047.868928,,8622.784512,32,2.047868928,What is the value associated with key C790900C0AF7? Return only the value.,3AE04185300D,8.622784512,MB,2048.0,0.7625049164628829,13888.0,context_0000,147.456,['C92619DA8262'],62995,58477.0,synthetic_kv_64k,13888.0
2047.868928,,8622.784512,32,2.047868928,What is the value associated with key DE12493D6196? Return only the value.,C6A259915B5D,8.622784512,MB,2048.0,0.7625049164628829,13888.0,context_0000,147.456,['E150891F4683'],62995,58477.0,synthetic_kv_64k,13888.0
2047.868928,,8622.784512,32,2.047868928,What is the value associated with key E0BD5807CF74? Return only the value.,C9E546C937E0,8.622784512,MB,2048.0,0.7625049164628829,13888.0,context_0000,147.456,['439E693016EA'],62995,58477.0,synthetic_kv_64k,13888.0
2047.868928,,8622.784512,32,2.047868928,What is the value associated with key A7A0620F230B? Return only the value.,92707C4F48E4,8.622784512,MB,2048.0,0.7625049164628829,13888.0,context_0000,147.456,['92707C4F48E4'],62995,58477.0,synthetic_kv_64k,13888.0
2047.868928,,8622.784512,32,2.047868928,What is the value associated with key 79199BE4F19F? Return only the value.,543B63CF4D99,8.622784512,MB,2048.0,0.7625049164628829,13888.0,context_0000,147.456,['2C15099759A3'],62995,58477.0,synthetic_kv_64k,13888.0
2047.868928,,8622.784512,32,2.047868928,What is the value associated with key 672946818A88? Return only the value.,8C178D3C4499,8.622784512,MB,2048.0,0.7625049164628829,13888.0,context_0000,147.456,['9E4524D38751'],62995,58477.0,synthetic_kv_64k,13888.0
2047.868928,,8622.784512,32,2.047868928,What is the value associated with key AE499BD0D4C7? Return only the value.,509426A524E3,8.622784512,MB,2048.0,0.7625049164628829,13888.0,context_0000,147.456,['66D7B193C8B8'],62995,58477.0,synthetic_kv_64k,13888.0
2047.868928,,8622.784512,32,2.047868928,What is the value associated with key 655209EDA6F5? Return only the value.,C9213F05557C,8.622784512,MB,2048.0,0.7625049164628829,13888.0,context_0000,147.456,['E103E3BB22AE'],62995,58477.0,synthetic_kv_64k,13888.0
2047.868928,,8622.784512,32,2.047868928,What is the value associated with key B0C554DCCBA5? Return only the value.,96A97A9398BB,8.622784512,MB,2048.0,0.7625049164628829,13888.0,context_0000,147.456,['0C9E3CD1FF3F'],62995,58477.0,synthetic_kv_64k,13888.0
2047.868928,,8622.784512,32,2.047868928,What is the value associated with key 79A7BEE975DA? Return only the value.,7B875854588A,8.622784512,MB,2048.0,0.7625049164628829,13888.0,context_0000,147.456,['44C1EBBBD763'],62995,58477.0,synthetic_kv_64k,13888.0
2047.868928,,8622.784512,32,2.047868928,What is the value associated with key 5F58E5A3D8E9? Return only the value.,50BF9EE4105D,8.622784512,MB,2048.0,0.7625049164628829,13888.0,context_0000,147.456,['567E052DFB9A'],62995,58477.0,synthetic_kv_64k,13888.0
2047.868928,,8622.784512,32,2.047868928,What is the value associated with key CB2CD1403430? Return only the value.,5869C377A782,8.622784512,MB,2048.0,0.7625049164628829,13888.0,context_0000,147.456,['4F9A4D950273'],62995,58477.0,synthetic_kv_64k,13888.0
2047.868928,,8622.784512,32,2.047868928,What is the value associated with key D7C447C4CC51? Return only the value.,7B9046B5275A,8.622784512,MB,2048.0,0.7625049164628829,13888.0,context_0000,147.456,['DBB57DDAC1B6'],62995,58477.0,synthetic_kv_64k,13888.0
2047.868928,,8622.784512,32,2.047868928,What is the value associated with key AF52B23909F4? Return only the value.,913ACCB68571,8.622784512,MB,2048.0,0.7625049164628829,13888.0,context_0000,147.456,['F8F51924C644'],62995,58477.0,synthetic_kv_64k,13888.0
2047.868928,,8622.784512,32,2.047868928,What is the value associated with key 3A5BDE703B72? Return only the value.,58F4591CC524,8.622784512,MB,2048.0,0.7625049164628829,13888.0,context_0000,147.456,['4CEC226716E3'],62995,58477.0,synthetic_kv_64k,13888.0
2047.868928,,8622.784512,32,2.047868928,What is the value associated with key BE64F96671A5? Return only the value.,5C17093B4D72,8.622784512,MB,2048.0,0.7625049164628829,13888.0,context_0000,147.456,['C626716FB276'],62995,58477.0,synthetic_kv_64k,13888.0
2047.868928,,8622.784512,32,2.047868928,What is the value associated with key 5224D3692867? Return only the value.,8EB78F73198E,8.622784512,MB,2048.0,0.7625049164628829,13888.0,context_0000,147.456,['BA9244F8B53C'],62995,58477.0,synthetic_kv_64k,13888.0
2047.868928,,8622.784512,32,2.047868928,What is the value associated with key 9ADF6AB19E15? Return only the value.,C24C84C86D1A,8.622784512,MB,2048.0,0.7625049164628829,13888.0,context_0000,147.456,['16DBA543148E'],62995,58477.0,synthetic_kv_64k,13888.0
2047.868928,,8622.784512,32,2.047868928,What is the value associated with key 7114301C8DB3? Return only the value.,92B2CD1F75A3,8.622784512,MB,2048.0,0.7625049164628829,13888.0,context_0000,147.456,['E9D6361DB014'],62995,58477.0,synthetic_kv_64k,13888.0
2047.868928,,8622.784512,32,2.047868928,What is the value associated with key 683CD2EFA93B? Return only the value.,8B39D8C89C4D,8.622784512,MB,2048.0,0.7625049164628829,13888.0,context_0000,147.456,['7C05BDAE8EFF'],62995,58477.0,synthetic_kv_64k,13888.0
2047.868928,,8622.784512,32,2.047868928,What is the value associated with key 8439C26E2706? Return only the value.,505CDC57546D,8.622784512,MB,2048.0,0.7625049164628829,13888.0,context_0000,147.456,['5FB8DE0018AA'],62995,58477.0,synthetic_kv_64k,13888.0
2047.868928,,8622.784512,32,2.047868928,What is the value associated with key 0E63D22E3226? Return only the value.,93E44E67A278,8.622784512,MB,2048.0,0.7625049164628829,13888.0,context_0000,147.456,['CA9F83E8B700'],62995,58477.0,synthetic_kv_64k,13888.0
2047.868928,,8622.784512,32,2.047868928,What is the value associated with key 10CC28B26B1B? Return only the value.,1417EB91762A,8.622784512,MB,2048.0,0.7625049164628829,13888.0,context_0000,147.456,['B5A64FA5C35E'],62995,58477.0,synthetic_kv_64k,13888.0
2047.868928,,8622.784512,32,2.047868928,What is the value associated with key 674481BD55D5? Return only the value.,443B698F04F8,8.622784512,MB,2048.0,0.7625049164628829,13888.0,context_0000,147.456,['C7CF22B9F24C'],62995,58477.0,synthetic_kv_64k,13888.0
2047.868928,,8622.784512,32,2.047868928,What is the value associated with key 8637D9EE7DC9? Return only the value.,668DDAB51D55,8.622784512,MB,2048.0,0.7625049164628829,13888.0,context_0000,147.456,['9194E11BF0D4'],62995,58477.0,synthetic_kv_64k,13888.0
2047.868928,,8622.784512,32,2.047868928,What is the value associated with key 2C7A07692583? Return only the value.,8F1C700B8E3F,8.622784512,MB,2048.0,0.7625049164628829,13888.0,context_0000,147.456,['E00B3158F1FB'],62995,58477.0,synthetic_kv_64k,13888.0
2047.868928,,8622.784512,32,2.047868928,What is the value associated with key 3362D53AE57F? Return only the value.,50BF9EE4105D,8.622784512,MB,2048.0,0.7625049164628829,13888.0,context_0000,147.456,['0EC0D6441A9D'],62995,58477.0,synthetic_kv_64k,13888.0
2047.868928,,8622.784512,32,2.047868928,What is the value associated with key 08773FDE9814? Return only the value.,57F3D856D88A,8.622784512,MB,2048.0,0.7625049164628829,13888.0,context_0000,147.456,['0CF174D9D1F5'],62995,58477.0,synthetic_kv_64k,13888.0
2047.868928,,8622.784512,32,2.047868928,What is the value associated with key 5C41EB04159C? Return only the value.,44F78F73198E,8.622784512,MB,2048.0,0.7625049164628829,13888.0,context_0000,147.456,['32F8B462E3E8'],62995,58477.0,synthetic_kv_64k,13888.0
2047.868928,,8622.784512,32,2.047868928,What is the value associated with key 5E4C462363A9? Return only the value.,6E415FF595EA,8.622784512,MB,2048.0,0.7625049164628829,13888.0,context_0000,147.456,['76D7D2D14EF5'],62995,58477.0,synthetic_kv_64k,13888.0
2047.868928,,8622.784512,32,2.047868928,What is the value associated with key 659E814FF657? Return only the value.,8B0F8D8A5B02,8.622784512,MB,2048.0,0.7625049164628829,13888.0,context_0000,147.456,['EC4EA2AA378C'],62995,58477.0,synthetic_kv_64k,13888.0
2047.868928,,8622.784512,32,2.047868928,What is the value associated with key AE611FB621AE? Return only the value.,3F55D88C3E6D,8.622784512,MB,2048.0,0.7625049164628829,13888.0,context_0000,147.456,['3DEF07D2FD4D'],62995,58477.0,synthetic_kv_64k,13888.0
2047.868928,,8622.784512,32,2.047868928,What is the value associated with key 7D215F59FB4D? Return only the value.,909E8A38D5AA,8.622784512,MB,2048.0,0.7625049164628829,13888.0,context_0000,147.456,['723398133DA1'],62995,58477.0,synthetic_kv_64k,13888.0
2047.868928,,8622.784512,32,2.047868928,What is the value associated with key F5E42D761FFA? Return only the value.,9D40CD3566EF,8.622784512,MB,2048.0,0.7625049164628829,13888.0,context_0000,147.456,['797EDED7D3EF'],62995,58477.0,synthetic_kv_64k,13888.0
2047.868928,,8622.784512,32,2.047868928,What is the value associated with key 8D24963DC8BF? Return only the value.,4811162534CA,8.622784512,MB,2048.0,0.7625049164628829,13888.0,context_0000,147.456,['58205989DD6C'],62995,58477.0,synthetic_kv_64k,13888.0
2047.868928,,8622.784512,32,2.047868928,What is the value associated with key D67029DC073E? Return only the value.,7EFA8FA91214,8.622784512,MB,2048.0,0.7625049164628829,13888.0,context_0000,147.456,['4237E4FD6C34'],62995,58477.0,synthetic_kv_64k,13888.0
2047.868928,,8622.784512,32,2.047868928,What is the value associated with key D4B3BFBBEAB3? Return only the value.,581941F9994A,8.622784512,MB,2048.0,0.7625049164628829,13888.0,context_0000,147.456,['1723B0588256'],62995,58477.0,synthetic_kv_64k,13888.0
2047.868928,,8622.784512,32,2.047868928,What is the value associated with key 070648FA4E98? Return only the value.,0C36915D9A63,8.622784512,MB,2048.0,0.7625049164628829,13888.0,context_0000,147.456,['0CB562F5F7C2'],62995,58477.0,synthetic_kv_64k,13888.0
2047.868928,,8622.784512,32,2.047868928,What is the value associated with key DA9429B44CB1? Return only the value.,B0D5C891D55D,8.622784512,MB,2048.0,0.7625049164628829,13888.0,context_0000,147.456,['C7A2927F8103'],62995,58477.0,synthetic_kv_64k,13888.0
2047.868928,,8622.784512,32,2.047868928,What is the value associated with key 36DDF704D72F? Return only the value.,61AFED2E1BCD,8.622784512,MB,2048.0,0.7625049164628829,13888.0,context_0000,147.456,['38AADB6BA39B'],62995,58477.0,synthetic_kv_64k,13888.0
2047.868928,,8622.784512,32,2.047868928,What is the value associated with key 39A0A5BAB050? Return only the value.,5C07D71173E4,8.622784512,MB,2048.0,0.7625049164628829,13888.0,context_0000,147.456,['34ECAD7D6F81'],62995,58477.0,synthetic_kv_64k,13888.0
2047.868928,,8622.784512,32,2.047868928,What is the value associated with key A6CE44E2A94B? Return only the value.,A6CE44E2A94B: 909E8A38D5AA,8.622784512,MB,2048.0,0.7625049164628829,13888.0,context_0000,147.456,['836668D576B8'],62995,58477.0,synthetic_kv_64k,13888.0
2047.868928,,8622.784512,32,2.047868928,What is the value associated with key DD58052226B9? Return only the value.,5854DE22DC3F,8.622784512,MB,2048.0,0.7625049164628829,13888.0,context_0000,147.456,['F796C7C1FB1B'],62995,58477.0,synthetic_kv_64k,13888.0
2047.868928,,8622.784512,32,2.047868928,What is the value associated with key AEA4C47FA57E? Return only the value.,58F4591CC524,8.622784512,MB,2048.0,0.7625049164628829,13888.0,context_0000,147.456,['795E02472360'],62995,58477.0,synthetic_kv_64k,13888.0
2047.868928,,8622.784512,32,2.047868928,What is the value associated with key 21DFE959137F? Return only the value.,50243748967F,8.622784512,MB,2048.0,0.7625049164628829,13888.0,context_0000,147.456,['2C56A5BA2472'],62995,58477.0,synthetic_kv_64k,13888.0
2047.868928,,8622.784512,32,2.047868928,What is the value associated with key CD0599E4704C? Return only the value.,77E8BB7EB979,8.622784512,MB,2048.0,0.7625049164628829,13888.0,context_0000,147.456,['3948022AADDA'],62995,58477.0,synthetic_kv_64k,13888.0
2047.868928,,8622.784512,32,2.047868928,What is the value associated with key 9BBC409CA8F2? Return only the value.,902F0B57D55D,8.622784512,MB,2048.0,0.7625049164628829,13888.0,context_0000,147.456,['F168CE1A1669'],62995,58477.0,synthetic_kv_64k,13888.0
2047.868928,,8622.784512,32,2.047868928,What is the value associated with key B6764E329B4B? Return only the value.,5854D9C89D8A,8.622784512,MB,2048.0,0.7625049164628829,13888.0,context_0000,147.456,['B599F78EE9E8'],62995,58477.0,synthetic_kv_64k,13888.0
2047.868928,,8622.784512,32,2.047868928,What is the value associated with key 467FA48AA108? Return only the value.,543D88885888,8.622784512,MB,2048.0,0.7625049164628829,13888.0,context_0000,147.456,['E53E6C7E9A2C'],62995,58477.0,synthetic_kv_64k,13888.0
2047.868928,,8622.784512,32,2.047868928,What is the value associated with key DA016060B1EB? Return only the value.,A85456673E49,8.622784512,MB,2048.0,0.7625049164628829,13888.0,context_0000,147.456,['758059450186'],62995,58477.0,synthetic_kv_64k,13888.0
2047.868928,,8622.784512,32,2.047868928,What is the value associated with key 37DC4082FCDA? Return only the value.,4654DE67A278,8.622784512,MB,2048.0,0.7625049164628829,13888.0,context_0000,147.456,['4D597779857F'],62995,58477.0,synthetic_kv_64k,13888.0
2047.868928,,8622.784512,32,2.047868928,What is the value associated with key 8548AD5CBA24? Return only the value.,The value associated with the key [8548AD5CBA24] is not present in the provided list.,8.622784512,MB,2048.0,0.7625049164628829,13888.0,context_0000,147.456,['9FA4D30608BE'],62995,58477.0,synthetic_kv_64k,13888.0
2047.868928,,8622.784512,32,2.047868928,What is the value associated with key 95A065ABC9FF? Return only the value.,909E8A38D5AA,8.622784512,MB,2048.0,0.7625049164628829,13888.0,context_0000,147.456,['01E11A312044'],62995,58477.0,synthetic_kv_64k,13888.0
2047.868928,,8622.784512,32,2.047868928,What is the value associated with key FFDA82F29004? Return only the value.,54C45845584A,8.622784512,MB,2048.0,0.7625049164628829,13888.0,context_0000,147.456,['F76BA9902071'],62995,58477.0,synthetic_kv_64k,13888.0
2047.868928,,8622.784512,32,2.047868928,What is the value associated with key D6E1D7E174E6? Return only the value.,The value associated with the key [D6E1D7E174E6] is [B768547888,8.622784512,MB,2048.0,0.7625049164628829,13888.0,context_0000,147.456,['8FBB5FCD859E'],62995,58477.0,synthetic_kv_64k,13888.0
2047.868928,,8622.784512,32,2.047868928,What is the value associated with key 9801A5B83693? Return only the value.,925D9BEA5B8E,8.622784512,MB,2048.0,0.7625049164628829,13888.0,context_0000,147.456,['485D9BEAB529'],62995,58477.0,synthetic_kv_64k,13888.0
2047.868928,,8622.784512,32,2.047868928,What is the value associated with key AF354C68EB17? Return only the value.,548E69C3D88A,8.622784512,MB,2048.0,0.7625049164628829,13888.0,context_0000,147.456,['7B531BACBD0D'],62995,58477.0,synthetic_kv_64k,13888.0
2047.868928,,8622.784512,32,2.047868928,What is the value associated with key 56161057A002? Return only the value.,A6EAD21E688D,8.622784512,MB,2048.0,0.7625049164628829,13888.0,context_0000,147.456,['46C7FD053963'],62995,58477.0,synthetic_kv_64k,13888.0
2047.868928,,8622.784512,32,2.047868928,What is the value associated with key 533CA3FE0479? Return only the value.,5C4432DF8D45,8.622784512,MB,2048.0,0.7625049164628829,13888.0,context_0000,147.456,['46E1DC8AB6A7'],62995,58477.0,synthetic_kv_64k,13888.0
2047.868928,,8622.784512,32,2.047868928,What is the value associated with key A7F742DA8609? Return only the value.,A7F742DA8609: 4439D056782D,8.622784512,MB,2048.0,0.7625049164628829,13888.0,context_0000,147.456,['F3C2B60A3DCC'],62995,58477.0,synthetic_kv_64k,13888.0
2047.868928,,8622.784512,32,2.047868928,What is the value associated with key A6C6E4729BE5? Return only the value.,967D858C3E6C,8.622784512,MB,2048.0,0.7625049164628829,13888.0,context_0000,147.456,['30384C7D9313'],62995,58477.0,synthetic_kv_64k,13888.0
2047.868928,,8622.784512,32,2.047868928,What is the value associated with key 846D2661C426? Return only the value.,5FB8DE03D84C,8.622784512,MB,2048.0,0.7625049164628829,13888.0,context_0000,147.456,['3D84C3F62136'],62995,58477.0,synthetic_kv_64k,13888.0
2047.868928,,8622.784512,32,2.047868928,What is the value associated with key 0E88E651E3E1? Return only the value.,5F9D85E6858A,8.622784512,MB,2048.0,0.7625049164628829,13888.0,context_0000,147.456,['DB79CE30A61D'],62995,58477.0,synthetic_kv_64k,13888.0
2047.868928,,8622.784512,32,2.047868928,What is the value associated with key CF5ECD67B5DF? Return only the value.,585458545854,8.622784512,MB,2048.0,0.7625049164628829,13888.0,context_0000,147.456,['6772999BC859'],62995,58477.0,synthetic_kv_64k,13888.0
2047.868928,,8622.784512,32,2.047868928,What is the value associated with key 51D0A91883FC? Return only the value.,A585D88C388C,8.622784512,MB,2048.0,0.7625049164628829,13888.0,context_0000,147.456,['23D2AE46024D'],62995,58477.0,synthetic_kv_64k,13888.0
2047.868928,,8622.784512,32,2.047868928,What is the value associated with key 0684B8A60402? Return only the value.,0C3D4C35D88C,8.622784512,MB,2048.0,0.7625049164628829,13888.0,context_0000,147.456,['7F53A7C854E4'],62995,58477.0,synthetic_kv_64k,13888.0
2047.868928,,8622.784512,32,2.047868928,What is the value associated with key 4BACFF5A229E? Return only the value.,284858858885,8.622784512,MB,2048.0,0.7625049164628829,13888.0,context_0000,147.456,['E82B4269C28C'],62995,58477.0,synthetic_kv_64k,13888.0
2047.868928,,8622.784512,32,2.047868928,What is the value associated with key 67936B271EFF? Return only the value.,A4A584E6C38A,8.622784512,MB,2048.0,0.7625049164628829,13888.0,context_0000,147.456,['BC9A6365FC2A'],62995,58477.0,synthetic_kv_64k,13888.0
2047.868928,,8622.784512,32,2.047868928,What is the value associated with key 9541090AAA93? Return only the value.,909E8A38D5AA,8.622784512,MB,2048.0,0.7625049164628829,13888.0,context_0000,147.456,['FEA8B54401CB'],62995,58477.0,synthetic_kv_64k,13888.0
2047.868928,,8622.784512,32,2.047868928,What is the value associated with key D0E692715F6E? Return only the value.,The value associated with the key [D0E692715F6E] is not present in the provided list.,8.622784512,MB,2048.0,0.7625049164628829,13888.0,context_0000,147.456,['57D9309E47BA'],62995,58477.0,synthetic_kv_64k,13888.0
2047.868928,,8622.784512,32,2.047868928,What is the value associated with key B69FB9FF2C29? Return only the value.,9F4A385D8C3C,8.622784512,MB,2048.0,0.7625049164628829,13888.0,context_0000,147.456,['AFB238ECCB4D'],62995,58477.0,synthetic_kv_64k,13888.0
2047.868928,,8622.784512,32,2.047868928,What is the value associated with key A36888DDD880? Return only the value.,8C1788888888,8.622784512,MB,2048.0,0.7625049164628829,13888.0,context_0000,147.456,['79C9C8EF0377'],62995,58477.0,synthetic_kv_64k,13888.0
2047.868928,,8622.784512,32,2.047868928,What is the value associated with key F0CFE8121EF0? Return only the value.,The value associated with the key [F0CFE8121EF0] is not present in the provided list.,8.622784512,MB,2048.0,0.7625049164628829,13888.0,context_0000,147.456,['5BC6ABFF9286'],62995,58477.0,synthetic_kv_64k,13888.0
2047.868928,,8622.784512,32,2.047868928,What is the value associated with key 4CD981DF62F4? Return only the value.,5C408D354C2C,8.622784512,MB,2048.0,0.7625049164628829,13888.0,context_0000,147.456,['2B84D86D655D'],62995,58477.0,synthetic_kv_64k,13888.0
2047.868928,,8622.784512,32,2.047868928,What is the value associated with key A859D73418FE? Return only the value.,8C354A3D888C,8.622784512,MB,2048.0,0.7625049164628829,13888.0,context_0000,147.456,['8EE9E061F65F'],62995,58477.0,synthetic_kv_64k,13888.0
2047.868928,,8622.784512,32,2.047868928,What is the value associated with key 4B352E5EEB6A? Return only the value.,EB945885888C,8.622784512,MB,2048.0,0.7625049164628829,13888.0,context_0000,147.456,['788518FC83B7'],62995,58477.0,synthetic_kv_64k,13888.0
2047.868928,,8622.784512,32,2.047868928,What is the value associated with key BDAC20C0F275? Return only the value.,548E6885456A,8.622784512,MB,2048.0,0.7625049164628829,13888.0,context_0000,147.456,['B9A5423701F1'],62995,58477.0,synthetic_kv_64k,13888.0
2047.868928,,8622.784512,32,2.047868928,What is the value associated with key 8F1CCEEF9FA8? Return only the value.,885D8C3D8C3D,8.622784512,MB,2048.0,0.7625049164628829,13888.0,context_0000,147.456,['E9A1C34E9BAF'],62995,58477.0,synthetic_kv_64k,13888.0
2047.868928,,8622.784512,32,2.047868928,What is the value associated with key F2692EDD9141? Return only the value.,The value associated with the key [F2692EDD9141] is not present in the provided list.,8.622784512,MB,2048.0,0.7625049164628829,13888.0,context_0000,147.456,['E64BAE01A122'],62995,58477.0,synthetic_kv_64k,13888.0
2047.868928,,8622.784512,32,2.047868928,What is the value associated with key A78955EC024A? Return only the value.,5C44855B6C5B,8.622784512,MB,2048.0,0.7625049164628829,13888.0,context_0000,147.456,['38E516DC5A6E'],62995,58477.0,synthetic_kv_64k,13888.0
2047.868928,,8622.784512,32,2.047868928,What is the value associated with key 392C5AF3DA5A? Return only the value.,548E69C3888A,8.622784512,MB,2048.0,0.7625049164628829,13888.0,context_0000,147.456,['DF16BE848AA2'],62995,58477.0,synthetic_kv_64k,13888.0
2047.868928,,8622.784512,32,2.047868928,What is the value associated with key 6BA44E9D23E9? Return only the value.,5F98A65D888A,8.622784512,MB,2048.0,0.7625049164628829,13888.0,context_0000,147.456,['E308C9C04B7D'],62995,58477.0,synthetic_kv_64k,13888.0
2047.868928,,8622.784512,32,2.047868928,What is the value associated with key 5F2654D1332A? Return only the value.,50BF9EE4105D,8.622784512,MB,2048.0,0.7625049164628829,13888.0,context_0000,147.456,['95E742B40281'],62995,58477.0,synthetic_kv_64k,13888.0
2047.868928,,8622.784512,32,2.047868928,What is the value associated with key 76B94B46EF33? Return only the value.,774555555555,8.622784512,MB,2048.0,0.7625049164628829,13888.0,context_0000,147.456,['1E26D9E92758'],62995,58477.0,synthetic_kv_64k,13888.0
2047.868928,,8622.784512,32,2.047868928,What is the value associated with key 0DBD787515B9? Return only the value.,The value associated with the key [0DBD787515B9] is not present in the provided list.,8.622784512,MB,2048.0,0.7625049164628829,13888.0,context_0000,147.456,['A267DDCBF4BC'],62995,58477.0,synthetic_kv_64k,13888.0
2047.868928,,8622.784512,32,2.047868928,What is the value associated with key 948F9565257B? Return only the value.,The value associated with the key [948F9565257B] is not present in the provided list.,8.622784512,MB,2048.0,0.7625049164628829,13888.0,context_0000,147.456,['9EE3F1BDB598'],62995,58477.0,synthetic_kv_64k,13888.0
2047.868928,,8622.784512,32,2.047868928,What is the value associated with key 78E3123B31CF? Return only the value.,The value associated with the key [78E3123B31CF] is not present in the provided list.,8.622784512,MB,2048.0,0.7625049164628829,13888.0,context_0000,147.456,['31CDE3B16D36'],62995,58477.0,synthetic_kv_64k,13888.0
2047.868928,,8622.784512,32,2.047868928,What is the value associated with key 1EAC801F4909? Return only the value.,The value associated with the key [1EAC801F4909] is not present in the provided list.,8.622784512,MB,2048.0,0.7625049164628829,13888.0,context_0000,147.456,['AE42DE14553B'],62995,58477.0,synthetic_kv_64k,13888.0
2047.868928,,8622.784512,32,2.047868928,What is the value associated with key 87A361B512ED? Return only the value.,545C355C355C,8.622784512,MB,2048.0,0.7625049164628829,13888.0,context_0000,147.456,['69C14C610AE8'],62995,58477.0,synthetic_kv_64k,13888.0
2047.868928,,8622.784512,32,2.047868928,What is the value associated with key DEEF0DD70158? Return only the value.,585858585858,8.622784512,MB,2048.0,0.7625049164628829,13888.0,context_0000,147.456,['2699DAAF7529'],62995,58477.0,synthetic_kv_64k,13888.0
2047.868928,,8622.784512,32,2.047868928,What is the value associated with key FE0A232A5E82? Return only the value.,The value associated with the key [FE0A232A5E82] is not present in the provided list.,8.622784512,MB,2048.0,0.7625049164628829,13888.0,context_0000,147.456,['57B93346A332'],62995,58477.0,synthetic_kv_64k,13888.0
2047.868928,,8622.784512,32,2.047868928,What is the value associated with key FCB868C0CBEF? Return only the value.,854554545454,8.622784512,MB,2048.0,0.7625049164628829,13888.0,context_0000,147.456,['E49191C46EFC'],62995,58477.0,synthetic_kv_64k,13888.0
2047.868928,,8622.784512,32,2.047868928,What is the value associated with key FC95E8184F34? Return only the value.,548C3485444C,8.622784512,MB,2048.0,0.7625049164628829,13888.0,context_0000,147.456,['24AA752366CE'],62995,58477.0,synthetic_kv_64k,13888.0
2047.868928,,8622.784512,32,2.047868928,What is the value associated with key DCC550FE8199? Return only the value.,548E6885488A,8.622784512,MB,2048.0,0.7625049164628829,13888.0,context_0000,147.456,['2E2BB7360C4F'],62995,58477.0,synthetic_kv_64k,13888.0
2047.868928,,8622.784512,32,2.047868928,What is the value associated with key 14B0C768B07F? Return only the value.,73D88585C38C,8.622784512,MB,2048.0,0.7625049164628829,13888.0,context_0000,147.456,['55277CD2192F'],62995,58477.0,synthetic_kv_64k,13888.0
2047.868928,,8622.784512,32,2.047868928,What is the value associated with key FC94A18B5D15? Return only the value.,545454545454,8.622784512,MB,2048.0,0.7625049164628829,13888.0,context_0000,147.456,['503B2D445AF8'],62995,58477.0,synthetic_kv_64k,13888.0
2047.868928,,8622.784512,32,2.047868928,What is the value associated with key 0ED9A26E865B? Return only the value.,5C448E6D8C3C,8.622784512,MB,2048.0,0.7625049164628829,13888.0,context_0000,147.456,['73B90134E76B'],62995,58477.0,synthetic_kv_64k,13888.0
2047.868928,,8622.784512,32,2.047868928,What is the value associated with key 359A4605EC0E? Return only the value.,5C4432DF8D45,8.622784512,MB,2048.0,0.7625049164628829,13888.0,context_0000,147.456,['C606C2DD901D'],62995,58477.0,synthetic_kv_64k,13888.0
2047.868928,,8622.784512,32,2.047868928,What is the value associated with key 93872B29BF36? Return only the value.,909E8A38D5AA,8.622784512,MB,2048.0,0.7625049164628829,13888.0,context_0000,147.456,['288FC3B534DB'],62995,58477.0,synthetic_kv_64k,13888.0
2047.868928,,8622.784512,32,2.047868928,What is the value associated with key C9037D54EC82? Return only the value.,The value associated with the key [C9037D54EC82] is not present in the provided list.,8.622784512,MB,2048.0,0.7625049164628829,13888.0,context_0000,147.456,['C79DC37944C1'],62995,58477.0,synthetic_kv_64k,13888.0
2047.868928,,8622.784512,32,2.047868928,What is the value associated with key 21201689E0B8? Return only the value.,8C354A3D8C3C,8.622784512,MB,2048.0,0.7625049164628829,13888.0,context_0000,147.456,['6F079D4E8B5D'],62995,58477.0,synthetic_kv_64k,13888.0
2047.868928,,8622.784512,32,2.047868928,What is the value associated with key 6DEDA22C3D4F? Return only the value.,5F904D8C344C,8.622784512,MB,2048.0,0.7625049164628829,13888.0,context_0000,147.456,['6DD46744CB9E'],62995,58477.0,synthetic_kv_64k,13888.0
2047.868928,,8622.784512,32,2.047868928,What is the value associated with key 7A36F71FB9A6? Return only the value.,7B8585548585,8.622784512,MB,2048.0,0.7625049164628829,13888.0,context_0000,147.456,['013162210670'],62995,58477.0,synthetic_kv_64k,13888.0
2047.868928,,8622.784512,32,2.047868928,What is the value associated with key 88A509A85DC5? Return only the value.,5C4432DF8D45,8.622784512,MB,2048.0,0.7625049164628829,13888.0,context_0000,147.456,['BB0C330CCFF5'],62995,58477.0,synthetic_kv_64k,13888.0
2047.868928,,8622.784512,32,2.047868928,What is the value associated with key F3375F8392D5? Return only the value.,544C38858C3A,8.622784512,MB,2048.0,0.7625049164628829,13888.0,context_0000,147.456,['E45A039A8ED5'],62995,58477.0,synthetic_kv_64k,13888.0
2047.868928,,8622.784512,32,2.047868928,What is the value associated with key C1C0527C8F50? Return only the value.,C7F482221AD3,8.622784512,MB,2048.0,0.7625049164628829,13888.0,context_0000,147.456,['87F1D54E7948'],62995,58477.0,synthetic_kv_64k,13888.0
2047.868928,,8622.784512,32,2.047868928,What is the value associated with key 049630C9A2BE? Return only the value.,A67D85E6D88C,8.622784512,MB,2048.0,0.7625049164628829,13888.0,context_0000,147.456,['010EAD3F5DD4'],62995,58477.0,synthetic_kv_64k,13888.0
2047.868928,,8622.784512,32,2.047868928,What is the value associated with key BBCDA06E8DE5? Return only the value.,544554455445,8.622784512,MB,2048.0,0.7625049164628829,13888.0,context_0000,147.456,['39EC3FB2DF47'],62995,58477.0,synthetic_kv_64k,13888.0
2047.868928,,8622.784512,32,2.047868928,What is the value associated with key E082B18AD67D? Return only the value.,745885555555,8.622784512,MB,2048.0,0.7625049164628829,13888.0,context_0000,147.456,['4FE558274E80'],62995,58477.0,synthetic_kv_64k,13888.0
2047.868928,,8622.784512,32,2.047868928,What is the value associated with key 1A4B21019BFF? Return only the value.,The value associated with the key [1A4B21019BFF] is not present in the provided list.,8.622784512,MB,2048.0,0.7625049164628829,13888.0,context_0000,147.456,['80DA62305D27'],62995,58477.0,synthetic_kv_64k,13888.0
2047.868928,,8622.784512,32,2.047868928,What is the value associated with key 4E5D96B31F4A? Return only the value.,5C4432DF8D45,8.622784512,MB,2048.0,0.7625049164628829,13888.0,context_0000,147.456,['10B62AC1D5CA'],62995,58477.0,synthetic_kv_64k,13888.0
2047.868928,,8622.784512,32,2.047868928,What is the value associated with key 0BB4D2E76DEB? Return only the value.,589D90019ED4,8.622784512,MB,2048.0,0.7625049164628829,13888.0,context_0000,147.456,['F2CE4C56FB8F'],62995,58477.0,synthetic_kv_64k,13888.0
2047.868928,,8622.784512,32,2.047868928,What is the value associated with key 74B74A73B0BF? Return only the value.,The value associated with the key [74B74A73B0BF] is not present in the provided list.,8.622784512,MB,2048.0,0.7625049164628829,13888.0,context_0000,147.456,['8531BA533122'],62995,58477.0,synthetic_kv_64k,13888.0
2047.868928,,8622.784512,32,2.047868928,What is the value associated with key 862C98ABB2E7? Return only the value.,83E6A3B8C38D,8.622784512,MB,2048.0,0.7625049164628829,13888.0,context_0000,147.456,['6F04567C5D44'],62995,58477.0,synthetic_kv_64k,13888.0
2047.868928,,8622.784512,32,2.047868928,What is the value associated with key AFD0E3524444? Return only the value.,The value associated with the key [AFD0E3524444] is not present in the provided list.,8.622784512,MB,2048.0,0.7625049164628829,13888.0,context_0000,147.456,['2240FED747BE'],62995,58477.0,synthetic_kv_64k,13888.0
2047.868928,,8622.784512,32,2.047868928,What is the value associated with key FF0257BD56C9? Return only the value.,6D7CE6C11650,8.622784512,MB,2048.0,0.7625049164628829,13888.0,context_0000,147.456,['7D7CE6C11650'],62995,58477.0,synthetic_kv_64k,13888.0
2047.868928,,8622.784512,32,2.047868928,What is the value associated with key C0075BF7DDA1? Return only the value.,A368D885C38A,8.622784512,MB,2048.0,0.7625049164628829,13888.0,context_0000,147.456,['2A35303CB04B'],62995,58477.0,synthetic_kv_64k,13888.0
2047.868928,,8622.784512,32,2.047868928,What is the value associated with key E82AF2B5A7EA? Return only the value.,548E695A8C3D,8.622784512,MB,2048.0,0.7625049164628829,13888.0,context_0000,147.456,['CFDFEB0F827C'],62995,58477.0,synthetic_kv_64k,13888.0
2047.868928,,8622.784512,32,2.047868928,What is the value associated with key 04E56744ACD4? Return only the value.,The value associated with the key [04E56744ACD4] is not present in the provided list.,8.622784512,MB,2048.0,0.7625049164628829,13888.0,context_0000,147.456,['396D3A799EFA'],62995,58477.0,synthetic_kv_64k,13888.0
2047.868928,,8622.784512,32,2.047868928,What is the value associated with key FC21BA27BC64? Return only the value.,The value associated with the key [FC21BA27BC64] is not present in the provided list.,8.622784512,MB,2048.0,0.7625049164628829,13888.0,context_0000,147.456,['36102196B3B5'],62995,58477.0,synthetic_kv_64k,13888.0
2047.868928,,8622.784512,32,2.047868928,What is the value associated with key 059CBBEC721D? Return only the value.,58275D45D58C,8.622784512,MB,2048.0,0.7625049164628829,13888.0,context_0000,147.456,['812F96F61C09'],62995,58477.0,synthetic_kv_64k,13888.0
2047.868928,,8622.784512,32,2.047868928,What is the value associated with key 1F872B429596? Return only the value.,The value associated with the key [1F872B429596] is not present in the provided list.,8.622784512,MB,2048.0,0.7625049164628829,13888.0,context_0000,147.456,['B60B5DD8EFFC'],62995,58477.0,synthetic_kv_64k,13888.0
2047.868928,,8622.784512,32,2.047868928,What is the value associated with key CAC8A689D07F? Return only the value.,7B8585858585,8.622784512,MB,2048.0,0.7625049164628829,13888.0,context_0000,147.456,['600C0990A647'],62995,58477.0,synthetic_kv_64k,13888.0
2047.868928,,8622.784512,32,2.047868928,What is the value associated with key A3ECE0653245? Return only the value.,The value associated with the key [A3ECE0653245] is not present in the provided list.,8.622784512,MB,2048.0,0.7625049164628829,13888.0,context_0000,147.456,['C570417B6634'],62995,58477.0,synthetic_kv_64k,13888.0
2047.868928,,8622.784512,32,2.047868928,What is the value associated with key 9F8588E44A48? Return only the value.,The value associated with the key [9F8588E44A48] is not present in the provided list.,8.622784512,MB,2048.0,0.7625049164628829,13888.0,context_0000,147.456,['980B0C7031EB'],62995,58477.0,synthetic_kv_64k,13888.0
2047.868928,,8622.784512,32,2.047868928,What is the value associated with key 0C47FEA35D37? Return only the value.,5F545D858C3A,8.622784512,MB,2048.0,0.7625049164628829,13888.0,context_0000,147.456,['1BADA976DC4D'],62995,58477.0,synthetic_kv_64k,13888.0
2047.868928,,8622.784512,32,2.047868928,What is the value associated with key D60BA750350E? Return only the value.,548E6858E68E,8.622784512,MB,2048.0,0.7625049164628829,13888.0,context_0000,147.456,['0C59050DCBFE'],62995,58477.0,synthetic_kv_64k,13888.0
2047.868928,,8622.784512,32,2.047868928,What is the value associated with key 1DA4B0937085? Return only the value.,The value associated with the key [1DA4B0937085] is not present in the provided list.,8.622784512,MB,2048.0,0.7625049164628829,13888.0,context_0000,147.456,['71BE6AB1CDB6'],62995,58477.0,synthetic_kv_64k,13888.0
2047.868928,,8622.784512,32,2.047868928,What is the value associated with key 1FA361584F88? Return only the value.,The value associated with the key [1FA361584F88] is not present in the provided list.,8.622784512,MB,2048.0,0.7625049164628829,13888.0,context_0000,147.456,['40B38C1AB2C7'],62995,58477.0,synthetic_kv_64k,13888.0
2047.868928,,8622.784512,32,2.047868928,What is the value associated with key B3AD797209C0? Return only the value.,The value associated with the key [B3AD797209C0] is [44291257429,8.622784512,MB,2048.0,0.7625049164628829,13888.0,context_0000,147.456,['349B27335670'],62995,58477.0,synthetic_kv_64k,13888.0
2047.868928,,8622.784512,32,2.047868928,What is the value associated with key AF8CB1F81AD9? Return only the value.,The value associated with the key [AF8CB1F81AD9] is not present in the provided list.,8.622784512,MB,2048.0,0.7625049164628829,13888.0,context_0000,147.456,['0261A15C159A'],62995,58477.0,synthetic_kv_64k,13888.0
2047.868928,,8622.784512,32,2.047868928,What is the value associated with key 6BBE4D15F7D8? Return only the value.,The value associated with the key [6BBE4D15F7D8] is not present in the provided list.,8.622784512,MB,2048.0,0.7625049164628829,13888.0,context_0000,147.456,['19D9A962D996'],62995,58477.0,synthetic_kv_64k,13888.0
2047.868928,,8622.784512,32,2.047868928,What is the value associated with key 8532A9987BDF? Return only the value.,The value associated with the key [8532A9987BDF] is [C9481174035,8.622784512,MB,2048.0,0.7625049164628829,13888.0,context_0000,147.456,['9F6F451D38FE'],62995,58477.0,synthetic_kv_64k,13888.0
2047.868928,,8622.784512,32,2.047868928,What is the value associated with key B3629B0ADA0B? Return only the value.,548E6885488A,8.622784512,MB,2048.0,0.7625049164628829,13888.0,context_0000,147.456,['6B38231D260B'],62995,58477.0,synthetic_kv_64k,13888.0
2047.868928,,8622.784512,32,2.047868928,What is the value associated with key E60CD4A5A81E? Return only the value.,A685D885D885,8.622784512,MB,2048.0,0.7625049164628829,13888.0,context_0000,147.456,['82F71ADBA8CF'],62995,58477.0,synthetic_kv_64k,13888.0
2047.868928,,8622.784512,32,2.047868928,What is the value associated with key 9E21B8011026? Return only the value.,The value associated with the key [9E21B8011026] is not present in the provided list.,8.622784512,MB,2048.0,0.7625049164628829,13888.0,context_0000,147.456,['485F1E23DA4B'],62995,58477.0,synthetic_kv_64k,13888.0
2047.868928,,8622.784512,32,2.047868928,What is the value associated with key C8E61D2FED2A? Return only the value.,A4A5D48C344A,8.622784512,MB,2048.0,0.7625049164628829,13888.0,context_0000,147.456,['7F6B1B341937'],62995,58477.0,synthetic_kv_64k,13888.0
2047.868928,,8622.784512,32,2.047868928,What is the value associated with key 9BE732DA81F0? Return only the value.,9943D4D353A6,8.622784512,MB,2048.0,0.7625049164628829,13888.0,context_0000,147.456,['C7283322C68B'],62995,58477.0,synthetic_kv_64k,13888.0
2047.868928,,8622.784512,32,2.047868928,What is the value associated with key D4DD435391B2? Return only the value.,5C07D71173E4,8.622784512,MB,2048.0,0.7625049164628829,13888.0,context_0000,147.456,['F91E85ECE729'],62995,58477.0,synthetic_kv_64k,13888.0
2047.868928,,8622.784512,32,2.047868928,What is the value associated with key 5BA033A0DAA7? Return only the value.,D588A85D888C,8.622784512,MB,2048.0,0.7625049164628829,13888.0,context_0000,147.456,['68E5B4146E4A'],62995,58477.0,synthetic_kv_64k,13888.0
2047.868928,,8622.784512,32,2.047868928,What is the value associated with key 290E4B9C22F4? Return only the value.,5F9A84C348E6,8.622784512,MB,2048.0,0.7625049164628829,13888.0,context_0000,147.456,['8C520A167E18'],62995,58477.0,synthetic_kv_64k,13888.0
2047.868928,,8622.784512,32,2.047868928,What is the value associated with key E90D7F111A36? Return only the value.,5854D9C348E6,8.622784512,MB,2048.0,0.7625049164628829,13888.0,context_0000,147.456,['B02E352B6EC8'],62995,58477.0,synthetic_kv_64k,13888.0
2047.868928,,8622.784512,32,2.047868928,What is the value associated with key 7B0CEEE13CAE? Return only the value.,774C3854888C,8.622784512,MB,2048.0,0.7625049164628829,13888.0,context_0000,147.456,['3C0854A27051'],62995,58477.0,synthetic_kv_64k,13888.0
2047.868928,,8622.784512,32,2.047868928,What is the value associated with key 034300B3700F? Return only the value.,0C9E8A7D744D,8.622784512,MB,2048.0,0.7625049164628829,13888.0,context_0000,147.456,['16C8ABF0263E'],62995,58477.0,synthetic_kv_64k,13888.0
2047.868928,,8622.784512,32,2.047868928,What is the value associated with key 1C45E8294A67? Return only the value.,A8545667888A,8.622784512,MB,2048.0,0.7625049164628829,13888.0,context_0000,147.456,['92FBD5D1C669'],62995,58477.0,synthetic_kv_64k,13888.0
2047.868928,,8622.784512,32,2.047868928,What is the value associated with key 7E7DAB450578? Return only the value.,585458545854,8.622784512,MB,2048.0,0.7625049164628829,13888.0,context_0000,147.456,['F30E262E5559'],62995,58477.0,synthetic_kv_64k,13888.0
2047.868928,,8622.784512,32,2.047868928,What is the value associated with key C78F170FA87B? Return only the value.,8C354A354C3A,8.622784512,MB,2048.0,0.7625049164628829,13888.0,context_0000,147.456,['133682FF1F2E'],62995,58477.0,synthetic_kv_64k,13888.0
2047.868928,,8622.784512,32,2.047868928,What is the value associated with key B93CB93B770C? Return only the value.,905D936DD1A8,8.622784512,MB,2048.0,0.7625049164628829,13888.0,context_0000,147.456,['E79F19EE2C3B'],62995,58477.0,synthetic_kv_64k,13888.0
2047.868928,,8622.784512,32,2.047868928,What is the value associated with key A4F341822509? Return only the value.,5417CAAA5BBE,8.622784512,MB,2048.0,0.7625049164628829,13888.0,context_0000,147.456,['74ED3B2D520B'],62995,58477.0,synthetic_kv_64k,13888.0
2047.868928,,8622.784512,32,2.047868928,What is the value associated with key FA2FFD1935CC? Return only the value.,548E694D4C2D,8.622784512,MB,2048.0,0.7625049164628829,13888.0,context_0000,147.456,['439D4BC81C16'],62995,58477.0,synthetic_kv_64k,13888.0
2047.868928,,8622.784512,32,2.047868928,What is the value associated with key 0CD276DAE194? Return only the value.,57F3843D4C4A,8.622784512,MB,2048.0,0.7625049164628829,13888.0,context_0000,147.456,['D02C198D13A4'],62995,58477.0,synthetic_kv_64k,13888.0
2047.868928,,8622.784512,32,2.047868928,What is the value associated with key DFC72CB941FC? Return only the value.,43D7A939EBD1,8.622784512,MB,2048.0,0.7625049164628829,13888.0,context_0000,147.456,['DA2C0A190939'],62995,58477.0,synthetic_kv_64k,13888.0
2047.868928,,8622.784512,32,2.047868928,What is the value associated with key 5C374A629C5E? Return only the value.,96A9DC37AFAE,8.622784512,MB,2048.0,0.7625049164628829,13888.0,context_0000,147.456,['AD40CD3566EF'],62995,58477.0,synthetic_kv_64k,13888.0
2047.868928,,8622.784512,32,2.047868928,What is the value associated with key 6D0E500D92A7? Return only the value.,AF4A52CB1AE0,8.622784512,MB,2048.0,0.7625049164628829,13888.0,context_0000,147.456,['1DABBD10F87C'],62995,58477.0,synthetic_kv_64k,13888.0
2047.868928,,8622.784512,32,2.047868928,What is the value associated with key D9EB1851D1CF? Return only the value.,97A492D00319,8.622784512,MB,2048.0,0.7625049164628829,13888.0,context_0000,147.456,['E3EAC219A845'],62995,58477.0,synthetic_kv_64k,13888.0
2047.868928,,8622.784512,32,2.047868928,What is the value associated with key 02790BBF6334? Return only the value.,66843D85848C,8.622784512,MB,2048.0,0.7625049164628829,13888.0,context_0000,147.456,['236DDA1C96AE'],62995,58477.0,synthetic_kv_64k,13888.0
2047.868928,,8622.784512,32,2.047868928,What is the value associated with key A5AEA9D1A28E? Return only the value.,A5AEA9D1A28E: 5C650F8A0C2C,8.622784512,MB,2048.0,0.7625049164628829,13888.0,context_0000,147.456,['54232BA6B158'],62995,58477.0,synthetic_kv_64k,13888.0
2047.868928,,8622.784512,32,2.047868928,What is the value associated with key E4FF5B86EA69? Return only the value.,E3E6848C348C,8.622784512,MB,2048.0,0.7625049164628829,13888.0,context_0000,147.456,['F480700E0EFC'],62995,58477.0,synthetic_kv_64k,13888.0
2047.868928,,8622.784512,32,2.047868928,What is the value associated with key 44AF9F2EBEFC? Return only the value.,548E695A8C3D,8.622784512,MB,2048.0,0.7625049164628829,13888.0,context_0000,147.456,['BBAAE0E3C5CE'],62995,58477.0,synthetic_kv_64k,13888.0
2047.868928,,8622.784512,32,2.047868928,What is the value associated with key 5F6417CBA85D? Return only the value.,58545D888888,8.622784512,MB,2048.0,0.7625049164628829,13888.0,context_0000,147.456,['57BCD0A17FE8'],62995,58477.0,synthetic_kv_64k,13888.0
2047.868928,,8622.784512,32,2.047868928,What is the value associated with key 1D242ED087D4? Return only the value.,8C3545E6C38C,8.622784512,MB,2048.0,0.7625049164628829,13888.0,context_0000,147.456,['667666995AF5'],62995,58477.0,synthetic_kv_64k,13888.0
2047.868928,,8622.784512,32,2.047868928,What is the value associated with key 74DFF659F188? Return only the value.,D5F04596DA75,8.622784512,MB,2048.0,0.7625049164628829,13888.0,context_0000,147.456,['D5F04596DA75'],62995,58477.0,synthetic_kv_64k,13888.0
2047.868928,,8622.784512,32,2.047868928,What is the value associated with key B09D62BE4009? Return only the value.,B9D7E74ED0B3,8.622784512,MB,2048.0,0.7625049164628829,13888.0,context_0000,147.456,['7A6ED9C59CD9'],62995,58477.0,synthetic_kv_64k,13888.0
2047.868928,,8622.784512,32,2.047868928,What is the value associated with key 6BF7CCC62FED? Return only the value.,C79DC37944C1,8.622784512,MB,2048.0,0.7625049164628829,13888.0,context_0000,147.456,['E2D9A61ACD8E'],62995,58477.0,synthetic_kv_64k,13888.0
2047.868928,,8622.784512,32,2.047868928,What is the value associated with key 2AB2CC0243C6? Return only the value.,28482FD90CE1,8.622784512,MB,2048.0,0.7625049164628829,13888.0,context_0000,147.456,['21EC1CF14654'],62995,58477.0,synthetic_kv_64k,13888.0
2047.868928,,8622.784512,32,2.047868928,What is the value associated with key B9F6B2383056? Return only the value.,The value associated with the key [B9F6B2383056] is not present in the provided list.,8.622784512,MB,2048.0,0.7625049164628829,13888.0,context_0000,147.456,['FB480F037337'],62995,58477.0,synthetic_kv_64k,13888.0
2047.868928,,8622.784512,32,2.047868928,What is the value associated with key D827F1458426? Return only the value.,5C07D71173E4,8.622784512,MB,2048.0,0.7625049164628829,13888.0,context_0000,147.456,['1A8C28CE231E'],62995,58477.0,synthetic_kv_64k,13888.0
2047.868928,,8622.784512,32,2.047868928,What is the value associated with key E9466A80CAC2? Return only the value.,A858E68C3E6C,8.622784512,MB,2048.0,0.7625049164628829,13888.0,context_0000,147.456,['7B90973B6977'],62995,58477.0,synthetic_kv_64k,13888.0
2047.868928,,8622.784512,32,2.047868928,What is the value associated with key 91A6CD613988? Return only the value.,909E8A38D5AA,8.622784512,MB,2048.0,0.7625049164628829,13888.0,context_0000,147.456,['702BADAB2C2F'],62995,58477.0,synthetic_kv_64k,13888.0
2047.868928,,8622.784512,32,2.047868928,What is the value associated with key 9C7F2E671784? Return only the value.,909E8A38D5AA,8.622784512,MB,2048.0,0.7625049164628829,13888.0,context_0000,147.456,['C777613758C3'],62995,58477.0,synthetic_kv_64k,13888.0
2047.868928,,8622.784512,32,2.047868928,What is the value associated with key 9C815BCD236C? Return only the value.,909E8A38D5AA,8.622784512,MB,2048.0,0.7625049164628829,13888.0,context_0000,147.456,['DCD10760801F'],62995,58477.0,synthetic_kv_64k,13888.0
2047.868928,,8622.784512,32,2.047868928,What is the value associated with key E144AF390A9D? Return only the value.,A85456673E49,8.622784512,MB,2048.0,0.7625049164628829,13888.0,context_0000,147.456,['BA2ED6AA5382'],62995,58477.0,synthetic_kv_64k,13888.0
2047.868928,,8622.784512,32,2.047868928,What is the value associated with key E44AF933A9FA? Return only the value.,44F73CB526D7,8.622784512,MB,2048.0,0.7625049164628829,13888.0,context_0000,147.456,['7BAB2172A0AA'],62995,58477.0,synthetic_kv_64k,13888.0
2047.868928,,8622.784512,32,2.047868928,What is the value associated with key 7CF5EB9F33CB? Return only the value.,9254D3B0444D,8.622784512,MB,2048.0,0.7625049164628829,13888.0,context_0000,147.456,['E3391CE97871'],62995,58477.0,synthetic_kv_64k,13888.0
2047.868928,,8622.784512,32,2.047868928,What is the value associated with key 70D06949ECE5? Return only the value.,774C85D3C38C,8.622784512,MB,2048.0,0.7625049164628829,13888.0,context_0000,147.456,['10360BC4D7BA'],62995,58477.0,synthetic_kv_64k,13888.0
2047.868928,,8622.784512,32,2.047868928,What is the value associated with key A7AC42F90F92? Return only the value.,A7AC42F90F92: 548A58585854,8.622784512,MB,2048.0,0.7625049164628829,13888.0,context_0000,147.456,['032A5071E5F0'],62995,58477.0,synthetic_kv_64k,13888.0
2047.868928,,8622.784512,32,2.047868928,What is the value associated with key DE4BB45E9463? Return only the value.,5854D4C8E393,8.622784512,MB,2048.0,0.7625049164628829,13888.0,context_0000,147.456,['865AAD8CBFEA'],62995,58477.0,synthetic_kv_64k,13888.0
2047.868928,,8622.784512,32,2.047868928,What is the value associated with key BE5EC47CC30B? Return only the value.,585D8485D84C,8.622784512,MB,2048.0,0.7625049164628829,13888.0,context_0000,147.456,['B949939F44EB'],62995,58477.0,synthetic_kv_64k,13888.0
2047.868928,,8622.784512,32,2.047868928,What is the value associated with key 395790A4A421? Return only the value.,5C4432DF8D45,8.622784512,MB,2048.0,0.7625049164628829,13888.0,context_0000,147.456,['F4ACFA575CEA'],62995,58477.0,synthetic_kv_64k,13888.0
2047.868928,,8622.784512,32,2.047868928,What is the value associated with key DF86AB7AEB66? Return only the value.,548E6885488A,8.622784512,MB,2048.0,0.7625049164628829,13888.0,context_0000,147.456,['84E3569ADEF0'],62995,58477.0,synthetic_kv_64k,13888.0
2047.868928,,8622.784512,32,2.047868928,What is the value associated with key B03085EA16E0? Return only the value.,The value associated with the key **B03085EA16E0** is **1B7ECA9D8831,8.622784512,MB,2048.0,0.7625049164628829,13888.0,context_0000,147.456,['9E44B359390E'],62995,58477.0,synthetic_kv_64k,13888.0
2047.868928,,8622.784512,32,2.047868928,What is the value associated with key 6ECF1861C9F3? Return only the value.,A8B3582A583C,8.622784512,MB,2048.0,0.7625049164628829,13888.0,context_0000,147.456,['BA05A9660A5A'],62995,58477.0,synthetic_kv_64k,13888.0
2047.868928,,8622.784512,32,2.047868928,What is the value associated with key 7B5F3FA2BDE0? Return only the value.,5C17093B4D72,8.622784512,MB,2048.0,0.7625049164628829,13888.0,context_0000,147.456,['A9E8588309DE'],62995,58477.0,synthetic_kv_64k,13888.0
2047.868928,,8622.784512,32,2.047868928,What is the value associated with key A433AD21B4CC? Return only the value.,892084399ED9,8.622784512,MB,2048.0,0.7625049164628829,13888.0,context_0000,147.456,['260E62874624'],62995,58477.0,synthetic_kv_64k,13888.0
2047.868928,,8622.784512,32,2.047868928,What is the value associated with key D391D6CADE2C? Return only the value.,1C404A22EAE9,8.622784512,MB,2048.0,0.7625049164628829,13888.0,context_0000,147.456,['E45E8EEFA5DD'],62995,58477.0,synthetic_kv_64k,13888.0
2047.868928,,8622.784512,32,2.047868928,What is the value associated with key 9CE7FCDFE961? Return only the value.,909E8A38D5AA,8.622784512,MB,2048.0,0.7625049164628829,13888.0,context_0000,147.456,['02FB0DF80B89'],62995,58477.0,synthetic_kv_64k,13888.0
2047.868928,,8622.784512,32,2.047868928,What is the value associated with key EF32A4B5C723? Return only the value.,The value associated with the key [EF32A4B5C723] is not present in the provided list.,8.622784512,MB,2048.0,0.7625049164628829,13888.0,context_0000,147.456,['816C282C6470'],62995,58477.0,synthetic_kv_64k,13888.0
2047.868928,,8622.784512,32,2.047868928,What is the value associated with key 7823D94DF188? Return only the value.,9255ED0940F7,8.622784512,MB,2048.0,0.7625049164628829,13888.0,context_0000,147.456,['7EEFDA143A47'],62995,58477.0,synthetic_kv_64k,13888.0
2047.868928,,8622.784512,32,2.047868928,What is the value associated with key 2A57DE9205EA? Return only the value.,5C650F8A0C2C,8.622784512,MB,2048.0,0.7625049164628829,13888.0,context_0000,147.456,['C05D132A5E58'],62995,58477.0,synthetic_kv_64k,13888.0
2047.868928,,8622.784512,32,2.047868928,What is the value associated with key 52157DDCA413? Return only the value.,1037B893B08A,8.622784512,MB,2048.0,0.7625049164628829,13888.0,context_0000,147.456,['54B53DAB1614'],62995,58477.0,synthetic_kv_64k,13888.0
2047.868928,,8622.784512,32,2.047868928,What is the value associated with key 4735F85B6D0A? Return only the value.,A4A5D9C3D8C8,8.622784512,MB,2048.0,0.7625049164628829,13888.0,context_0000,147.456,['81C60CE3C8C8'],62995,58477.0,synthetic_kv_64k,13888.0
2047.868928,,8622.784512,32,2.047868928,What is the value associated with key 8CED39034B65? Return only the value.,60EEA4B0718E,8.622784512,MB,2048.0,0.7625049164628829,13888.0,context_0000,147.456,['60EEA4B0718E'],62995,58477.0,synthetic_kv_64k,13888.0
2047.868928,,8622.784512,32,2.047868928,What is the value associated with key D12D673D2920? Return only the value.,The value associated with the key **D12D673D2920** is **77E8BB7EB979,8.622784512,MB,2048.0,0.7625049164628829,13888.0,context_0000,147.456,['142E3C28F5DC'],62995,58477.0,synthetic_kv_64k,13888.0
2047.868928,,8622.784512,32,2.047868928,What is the value associated with key 71B675873920? Return only the value.,774C700B8B43,8.622784512,MB,2048.0,0.7625049164628829,13888.0,context_0000,147.456,['92B2CD1F75A3'],62995,58477.0,synthetic_kv_64k,13888.0
2047.868928,,8622.784512,32,2.047868928,What is the value associated with key 168872B696CA? Return only the value.,57F72978CC73,8.622784512,MB,2048.0,0.7625049164628829,13888.0,context_0000,147.456,['7F9ADB496E6D'],62995,58477.0,synthetic_kv_64k,13888.0
2047.868928,,8622.784512,32,2.047868928,What is the value associated with key 50E972730E7B? Return only the value.,C9213F05557C,8.622784512,MB,2048.0,0.7625049164628829,13888.0,context_0000,147.456,['FB0D1E639261'],62995,58477.0,synthetic_kv_64k,13888.0
2047.868928,,8622.784512,32,2.047868928,What is the value associated with key BEC77F53DC0A? Return only the value.,583D8A3C4D8A,8.622784512,MB,2048.0,0.7625049164628829,13888.0,context_0000,147.456,['048CA7437402'],62995,58477.0,synthetic_kv_64k,13888.0
2047.868928,,8622.784512,32,2.047868928,What is the value associated with key 67471A46D536? Return only the value.,5F13D785541C,8.622784512,MB,2048.0,0.7625049164628829,13888.0,context_0000,147.456,['092C698F04F8'],62995,58477.0,synthetic_kv_64k,13888.0
2047.868928,,8622.784512,32,2.047868928,What is the value associated with key 8C918EA02346? Return only the value.,C4EA67B6E467,8.622784512,MB,2048.0,0.7625049164628829,13888.0,context_0000,147.456,['D36E000B1F5E'],62995,58477.0,synthetic_kv_64k,13888.0
2047.868928,,8622.784512,32,2.047868928,What is the value associated with key CAB21744EE3F? Return only the value.,93454485544C,8.622784512,MB,2048.0,0.7625049164628829,13888.0,context_0000,147.456,['F6929AAD10CE'],62995,58477.0,synthetic_kv_64k,13888.0
2047.868928,,8622.784512,32,2.047868928,What is the value associated with key A3359E7B1E95? Return only the value.,C44A7B63588A,8.622784512,MB,2048.0,0.7625049164628829,13888.0,context_0000,147.456,['E3DE4DFA21BE'],62995,58477.0,synthetic_kv_64k,13888.0
2047.868928,,8622.784512,32,2.047868928,What is the value associated with key 8FF582226C16? Return only the value.,85C593F6F723,8.622784512,MB,2048.0,0.7625049164628829,13888.0,context_0000,147.456,['A79334F43404'],62995,58477.0,synthetic_kv_64k,13888.0
2047.868928,,8622.784512,32,2.047868928,What is the value associated with key 74CAABE5BE96? Return only the value.,5742F34A7949,8.622784512,MB,2048.0,0.7625049164628829,13888.0,context_0000,147.456,['5742F34A7949'],62995,58477.0,synthetic_kv_64k,13888.0
2047.868928,,8622.784512,32,2.047868928,What is the value associated with key D3475D04032D? Return only the value.,5854DE22DC3F,8.622784512,MB,2048.0,0.7625049164628829,13888.0,context_0000,147.456,['D10B0DE4FAF4'],62995,58477.0,synthetic_kv_64k,13888.0
2047.868928,,8622.784512,32,2.047868928,What is the value associated with key D82539112943? Return only the value.,533959377777,8.622784512,MB,2048.0,0.7625049164628829,13888.0,context_0000,147.456,['54FC74577D47'],62995,58477.0,synthetic_kv_64k,13888.0
2047.868928,,8622.784512,32,2.047868928,What is the value associated with key C4758F660BBD? Return only the value.,3FAC16E827B0,8.622784512,MB,2048.0,0.7625049164628829,13888.0,context_0000,147.456,['99969EA87552'],62995,58477.0,synthetic_kv_64k,13888.0
2047.868928,,8622.784512,32,2.047868928,What is the value associated with key B776791F49F6? Return only the value.,9F284783888A,8.622784512,MB,2048.0,0.7625049164628829,13888.0,context_0000,147.456,['5D00A83C1C2B'],62995,58477.0,synthetic_kv_64k,13888.0
2047.868928,,8622.784512,32,2.047868928,What is the value associated with key 73D9B7461B72? Return only the value.,5F13FF7A884D,8.622784512,MB,2048.0,0.7625049164628829,13888.0,context_0000,147.456,['18F11D30A290'],62995,58477.0,synthetic_kv_64k,13888.0
2047.868928,,8622.784512,32,2.047868928,What is the value associated with key A8AEC262CAD0? Return only the value.,54943E7A2552,8.622784512,MB,2048.0,0.7625049164628829,13888.0,context_0000,147.456,['008F38C46B38'],62995,58477.0,synthetic_kv_64k,13888.0
2047.868928,,8622.784512,32,2.047868928,What is the value associated with key 5AEA57632E1E? Return only the value.,5C650F8A0C2C,8.622784512,MB,2048.0,0.7625049164628829,13888.0,context_0000,147.456,['A237D4734534'],62995,58477.0,synthetic_kv_64k,13888.0
2047.868928,,8622.784512,32,2.047868928,What is the value associated with key CCC7F6E5203C? Return only the value.,8C354ABF6F5C,8.622784512,MB,2048.0,0.7625049164628829,13888.0,context_0000,147.456,['8C354ABF6F5C'],62995,58477.0,synthetic_kv_64k,13888.0
2047.868928,,8622.784512,32,2.047868928,What is the value associated with key 5FB785A0D089? Return only the value.,D582058E389E,8.622784512,MB,2048.0,0.7625049164628829,13888.0,context_0000,147.456,['1B37B3BC912F'],62995,58477.0,synthetic_kv_64k,13888.0
2047.868928,,8622.784512,32,2.047868928,What is the value associated with key E5990BB81D38? Return only the value.,D54CCE9F9E1A,8.622784512,MB,2048.0,0.7625049164628829,13888.0,context_0000,147.456,['7E0F2A061609'],62995,58477.0,synthetic_kv_64k,13888.0
2047.868928,,8622.784512,32,2.047868928,What is the value associated with key D26423F47A55? Return only the value.,668DD473386E,8.622784512,MB,2048.0,0.7625049164628829,13888.0,context_0000,147.456,['BE15B783E1D5'],62995,58477.0,synthetic_kv_64k,13888.0
2047.868928,,8622.784512,32,2.047868928,What is the value associated with key 68C2B8B818CF? Return only the value.,41191B61D453,8.622784512,MB,2048.0,0.7625049164628829,13888.0,context_0000,147.456,['41191B61D453'],62995,58477.0,synthetic_kv_64k,13888.0
2047.868928,,8622.784512,32,2.047868928,What is the value associated with key 32279C60C81B? Return only the value.,65337CE4770E,8.622784512,MB,2048.0,0.7625049164628829,13888.0,context_0000,147.456,['1EE93002D831'],62995,58477.0,synthetic_kv_64k,13888.0
2047.868928,,8622.784512,32,2.047868928,What is the value associated with key DA29EE22A70B? Return only the value.,548E69C34C3C,8.622784512,MB,2048.0,0.7625049164628829,13888.0,context_0000,147.456,['37306494DD5C'],62995,58477.0,synthetic_kv_64k,13888.0
2047.868928,,8622.784512,32,2.047868928,What is the value associated with key D3157500F785? Return only the value.,924D8585D48C,8.622784512,MB,2048.0,0.7625049164628829,13888.0,context_0000,147.456,['30C9C80B2AF7'],62995,58477.0,synthetic_kv_64k,13888.0
2047.868928,,8622.784512,32,2.047868928,What is the value associated with key 5682B77F69B9? Return only the value.,909E8A38D5AA,8.622784512,MB,2048.0,0.7625049164628829,13888.0,context_0000,147.456,['C1D41B968925'],62995,58477.0,synthetic_kv_64k,13888.0
2047.868928,,8622.784512,32,2.047868928,What is the value associated with key 0BE76A1ABA9D? Return only the value.,A21CED376567,8.622784512,MB,2048.0,0.7625049164628829,13888.0,context_0000,147.456,['A21CED376567'],62995,58477.0,synthetic_kv_64k,13888.0
2047.868928,,8622.784512,32,2.047868928,What is the value associated with key AC11D6642FE8? Return only the value.,309E8A38D5AA,8.622784512,MB,2048.0,0.7625049164628829,13888.0,context_0000,147.456,['1F8B96BC532D'],62995,58477.0,synthetic_kv_64k,13888.0
2047.868928,,8622.784512,32,2.047868928,What is the value associated with key E44AC5AB4E57? Return only the value.,E39084399ED2,8.622784512,MB,2048.0,0.7625049164628829,13888.0,context_0000,147.456,['7517735444FB'],62995,58477.0,synthetic_kv_64k,13888.0
2047.868928,,8622.784512,32,2.047868928,What is the value associated with key 96DDA8909E31? Return only the value.,909E8A38D5AA,8.622784512,MB,2048.0,0.7625049164628829,13888.0,context_0000,147.456,['8113F4C8E393'],62995,58477.0,synthetic_kv_64k,13888.0
2047.868928,,8622.784512,32,2.047868928,What is the value associated with key F6BF22778161? Return only the value.,The value associated with the key [F6BF22778161] is not present in the provided list.,8.622784512,MB,2048.0,0.7625049164628829,13888.0,context_0000,147.456,['011C7FB33BE5'],62995,58477.0,synthetic_kv_64k,13888.0
2047.868928,,8622.784512,32,2.047868928,What is the value associated with key BC7887C5F526? Return only the value.,5F134854588C,8.622784512,MB,2048.0,0.7625049164628829,13888.0,context_0000,147.456,['8DA00C6F3051'],62995,58477.0,synthetic_kv_64k,13888.0
2047.868928,,8622.784512,32,2.047868928,What is the value associated with key 6ECCEF705D01? Return only the value.,0A5C86BCA712,8.622784512,MB,2048.0,0.7625049164628829,13888.0,context_0000,147.456,['95CAD6BCA712'],62995,58477.0,synthetic_kv_64k,13888.0
2047.868928,,8622.784512,32,2.047868928,What is the value associated with key ECA37BA16DD7? Return only the value.,548E69C3888A,8.622784512,MB,2048.0,0.7625049164628829,13888.0,context_0000,147.456,['C7F482221AD3'],62995,58477.0,synthetic_kv_64k,13888.0
2047.868928,,8622.784512,32,2.047868928,What is the value associated with key E901EBD14B0C? Return only the value.,A46A98611260,8.622784512,MB,2048.0,0.7625049164628829,13888.0,context_0000,147.456,['B11A2D5D2395'],62995,58477.0,synthetic_kv_64k,13888.0
2047.868928,,8622.784512,32,2.047868928,What is the value associated with key 2C74941C23FA? Return only the value.,647A5DA64A3A,8.622784512,MB,2048.0,0.7625049164628829,13888.0,context_0000,147.456,['D0B3BB01B2A5'],62995,58477.0,synthetic_kv_64k,13888.0
2047.868928,,8622.784512,32,2.047868928,What is the value associated with key 1A8220DDA0FF? Return only the value.,A0156C17E150,8.622784512,MB,2048.0,0.7625049164628829,13888.0,context_0000,147.456,['A853632D0302'],62995,58477.0,synthetic_kv_64k,13888.0
2047.868928,,8622.784512,32,2.047868928,What is the value associated with key 9B2D99BD6240? Return only the value.,909E8A38D5AA,8.622784512,MB,2048.0,0.7625049164628829,13888.0,context_0000,147.456,['5264E1F85B33'],62995,58477.0,synthetic_kv_64k,13888.0
2047.868928,,8622.784512,32,2.047868928,What is the value associated with key E1A2810D5C57? Return only the value.,5C4436C3888C,8.622784512,MB,2048.0,0.7625049164628829,13888.0,context_0000,147.456,['6B2D6279403C'],62995,58477.0,synthetic_kv_64k,13888.0
2047.868928,,8622.784512,32,2.047868928,What is the value associated with key 9BE7FAC08FC4? Return only the value.,B148EA7917E1,8.622784512,MB,2048.0,0.7625049164628829,13888.0,context_0000,147.456,['B148EA7917E1'],62995,58477.0,synthetic_kv_64k,13888.0
2047.868928,,8622.784512,32,2.047868928,What is the value associated with key 3F8CC32AFC4A? Return only the value.,38D55456884D,8.622784512,MB,2048.0,0.7625049164628829,13888.0,context_0000,147.456,['65DA460A6125'],62995,58477.0,synthetic_kv_64k,13888.0
2047.868928,,8622.784512,32,2.047868928,What is the value associated with key 57C5F6AE10E8? Return only the value.,The value associated with the key [57C5F6AE10E8] is not present in the provided list.,8.622784512,MB,2048.0,0.7625049164628829,13888.0,context_0000,147.456,['4B4EF8722413'],62995,58477.0,synthetic_kv_64k,13888.0
2047.868928,,8622.784512,32,2.047868928,What is the value associated with key CE0773EDB223? Return only the value.,585448855854,8.622784512,MB,2048.0,0.7625049164628829,13888.0,context_0000,147.456,['235F2224A806'],62995,58477.0,synthetic_kv_64k,13888.0
2047.868928,,8622.784512,32,2.047868928,What is the value associated with key 9A3F69A9AFF9? Return only the value.,925D93D8D55D,8.622784512,MB,2048.0,0.7625049164628829,13888.0,context_0000,147.456,['E2EDB33422CB'],62995,58477.0,synthetic_kv_64k,13888.0
2047.868928,,8622.784512,32,2.047868928,What is the value associated with key 8325BF98E734? Return only the value.,The value associated with the key [8325BF98E734] is [47E68585858,8.622784512,MB,2048.0,0.7625049164628829,13888.0,context_0000,147.456,['D7D34C859233'],62995,58477.0,synthetic_kv_64k,13888.0
2047.868928,,8622.784512,32,2.047868928,What is the value associated with key 8C3DB3952193? Return only the value.,8C3545545454,8.622784512,MB,2048.0,0.7625049164628829,13888.0,context_0000,147.456,['505CDC57546D'],62995,58477.0,synthetic_kv_64k,13888.0
2047.868928,,8622.784512,32,2.047868928,What is the value associated with key BCA0B63D65D5? Return only the value.,545885555555,8.622784512,MB,2048.0,0.7625049164628829,13888.0,context_0000,147.456,['8DB7EF7DB821'],62995,58477.0,synthetic_kv_64k,13888.0
2047.868928,,8622.784512,32,2.047868928,What is the value associated with key 37A3A1F0FA7A? Return only the value.,548E69C3D48A,8.622784512,MB,2048.0,0.7625049164628829,13888.0,context_0000,147.456,['35AF336D7786'],62995,58477.0,synthetic_kv_64k,13888.0
2047.868928,,8622.784512,32,2.047868928,What is the value associated with key B6E19FC97264? Return only the value.,9F878D8C348A,8.622784512,MB,2048.0,0.7625049164628829,13888.0,context_0000,147.456,['AFC54A636AF5'],62995,58477.0,synthetic_kv_64k,13888.0
2047.868928,,8622.784512,32,2.047868928,What is the value associated with key EBD3586528E6? Return only the value.,The value associated with the key [EBD3586528E6] is not present in the provided list.,8.622784512,MB,2048.0,0.7625049164628829,13888.0,context_0000,147.456,['21F6AC20AF11'],62995,58477.0,synthetic_kv_64k,13888.0
2047.868928,,8622.784512,32,2.047868928,What is the value associated with key B5DCFB38CD91? Return only the value.,585456585456,8.622784512,MB,2048.0,0.7625049164628829,13888.0,context_0000,147.456,['F9A5A66C0FA1'],62995,58477.0,synthetic_kv_64k,13888.0
2047.868928,,8622.784512,32,2.047868928,What is the value associated with key 2D85F554E1F8? Return only the value.,The value associated with the key [2D85F554E1F8] is not present in the provided list.,8.622784512,MB,2048.0,0.7625049164628829,13888.0,context_0000,147.456,['8AE080FF2909'],62995,58477.0,synthetic_kv_64k,13888.0
2047.868928,,8622.784512,32,2.047868928,What is the value associated with key A30AB1BE6DF2? Return only the value.,637D8FAF6D4A,8.622784512,MB,2048.0,0.7625049164628829,13888.0,context_0000,147.456,['B5D95287964D'],62995,58477.0,synthetic_kv_64k,13888.0
2047.868928,,8622.784512,32,2.047868928,What is the value associated with key C2C21D8B32D9? Return only the value.,5462F49C3C3C,8.622784512,MB,2048.0,0.7625049164628829,13888.0,context_0000,147.456,['8FF15A2C41BC'],62995,58477.0,synthetic_kv_64k,13888.0
2047.868928,,8622.784512,32,2.047868928,What is the value associated with key 95327AF985FF? Return only the value.,909E8A38D5AA,8.622784512,MB,2048.0,0.7625049164628829,13888.0,context_0000,147.456,['F1539215583A'],62995,58477.0,synthetic_kv_64k,13888.0
2047.868928,,8622.784512,32,2.047868928,What is the value associated with key B5CAAACAD101? Return only the value.,5C29410BFC29,8.622784512,MB,2048.0,0.7625049164628829,13888.0,context_0000,147.456,['AC9B6ADFD568'],62995,58477.0,synthetic_kv_64k,13888.0
2047.868928,,8622.784512,32,2.047868928,What is the value associated with key E4D4BF74531C? Return only the value.,59BB6198B718,8.622784512,MB,2048.0,0.7625049164628829,13888.0,context_0000,147.456,['88ADD7654A18'],62995,58477.0,synthetic_kv_64k,13888.0
2047.868928,,8622.784512,32,2.047868928,What is the value associated with key E0A24932936E? Return only the value.,929D0149A2AF,8.622784512,MB,2048.0,0.7625049164628829,13888.0,context_0000,147.456,['6C21D8E8B97C'],62995,58477.0,synthetic_kv_64k,13888.0
2047.868928,,8622.784512,32,2.047868928,What is the value associated with key 0344CEED0FFC? Return only the value.,1B4185D1A1EF,8.622784512,MB,2048.0,0.7625049164628829,13888.0,context_0000,147.456,['1B4185D1A1EF'],62995,58477.0,synthetic_kv_64k,13888.0
2047.868928,,8622.784512,32,2.047868928,What is the value associated with key 618006783C34? Return only the value.,C9E5A237A8C1,8.622784512,MB,2048.0,0.7625049164628829,13888.0,context_0000,147.456,['0D95253421BC'],62995,58477.0,synthetic_kv_64k,13888.0
2047.868928,,8622.784512,32,2.047868928,What is the value associated with key 0E7DAB95C72F? Return only the value.,7A0E9582F88D,8.622784512,MB,2048.0,0.7625049164628829,13888.0,context_0000,147.456,['4458332CCE0A'],62995,58477.0,synthetic_kv_64k,13888.0
2047.868928,,8622.784512,32,2.047868928,What is the value associated with key C918C00C200C? Return only the value.,C918C00C200C,8.622784512,MB,2048.0,0.7625049164628829,13888.0,context_0000,147.456,['FBC829330FC4'],62995,58477.0,synthetic_kv_64k,13888.0
2047.868928,,8622.784512,32,2.047868928,What is the value associated with key AEF2495FA2FC? Return only the value.,544854485448,8.622784512,MB,2048.0,0.7625049164628829,13888.0,context_0000,147.456,['257C4024C424'],62995,58477.0,synthetic_kv_64k,13888.0
2047.868928,,8622.784512,32,2.047868928,What is the value associated with key 0FE1D6E1BA00? Return only the value.,0C353B9D4C4D,8.622784512,MB,2048.0,0.7625049164628829,13888.0,context_0000,147.456,['C8CBB0CAD2EB'],62995,58477.0,synthetic_kv_64k,13888.0
2047.868928,,8622.784512,32,2.047868928,What is the value associated with key 34394B8E5509? Return only the value.,5C4432DF8D45,8.622784512,MB,2048.0,0.7625049164628829,13888.0,context_0000,147.456,['8A8AC0EB8875'],62995,58477.0,synthetic_kv_64k,13888.0
2047.868928,,8622.784512,32,2.047868928,What is the value associated with key 5BD208453B2F? Return only the value.,3D9F9BC0FA93,8.622784512,MB,2048.0,0.7625049164628829,13888.0,context_0000,147.456,['73DDD06405A8'],62995,58477.0,synthetic_kv_64k,13888.0
2047.868928,,8622.784512,32,2.047868928,What is the value associated with key 9DB91A3C2131? Return only the value.,909E8A38D5AA,8.622784512,MB,2048.0,0.7625049164628829,13888.0,context_0000,147.456,['ACEFDE3790FB'],62995,58477.0,synthetic_kv_64k,13888.0
2047.868928,,8622.784512,32,2.047868928,What is the value associated with key 8FD7BD4F6118? Return only the value.,396CDD664071,8.622784512,MB,2048.0,0.7625049164628829,13888.0,context_0000,147.456,['396CDD664071'],62995,58477.0,synthetic_kv_64k,13888.0
2047.868928,,8622.784512,32,2.047868928,What is the value associated with key A5A9BE0EC2DA? Return only the value.,5417CAAA5BBE,8.622784512,MB,2048.0,0.7625049164628829,13888.0,context_0000,147.456,['638E8FAF6D4A'],62995,58477.0,synthetic_kv_64k,13888.0
2047.868928,,8622.784512,32,2.047868928,What is the value associated with key 82CB3CD30E99? Return only the value.,8C54D9C3447C,8.622784512,MB,2048.0,0.7625049164628829,13888.0,context_0000,147.456,['CBFDC8C85AD6'],62995,58477.0,synthetic_kv_64k,13888.0
2047.868928,,8622.784512,32,2.047868928,What is the value associated with key B235CC7F9517? Return only the value.,The value associated with the key [B235CC7F9517] is not present in the provided list.,8.622784512,MB,2048.0,0.7625049164628829,13888.0,context_0000,147.456,['B16449A2AFDE'],62995,58477.0,synthetic_kv_64k,13888.0
2047.868928,,8622.784512,32,2.047868928,What is the value associated with key 0C06AA1C4023? Return only the value.,The value associated with the key [0C06AA1C4023] is not present in the provided list.,8.622784512,MB,2048.0,0.7625049164628829,13888.0,context_0000,147.456,['61AFED2E1BCD'],62995,58477.0,synthetic_kv_64k,13888.0
2047.868928,,8622.784512,32,2.047868928,What is the value associated with key 6AA46336C815? Return only the value.,668545854585,8.622784512,MB,2048.0,0.7625049164628829,13888.0,context_0000,147.456,['C9C1F4EA6B97'],62995,58477.0,synthetic_kv_64k,13888.0
2047.868928,,8622.784512,32,2.047868928,What is the value associated with key AF65F9CF8499? Return only the value.,548E693D884C,8.622784512,MB,2048.0,0.7625049164628829,13888.0,context_0000,147.456,['F740500A174E'],62995,58477.0,synthetic_kv_64k,13888.0
2047.868928,,8622.784512,32,2.047868928,What is the value associated with key 0DC58D5809B7? Return only the value.,The value associated with the key [0DC58D5809B7] is not present in the provided list.,8.622784512,MB,2048.0,0.7625049164628829,13888.0,context_0000,147.456,['BE610351B09D'],62995,58477.0,synthetic_kv_64k,13888.0
2047.868928,,8622.784512,32,2.047868928,What is the value associated with key 33FD4057E470? Return only the value.,The value associated with the key [33FD4057E470] is [5C4432DF8D45,8.622784512,MB,2048.0,0.7625049164628829,13888.0,context_0000,147.456,['DE6C9EDD2182'],62995,58477.0,synthetic_kv_64k,13888.0
2047.868928,,8622.784512,32,2.047868928,What is the value associated with key DC46C7EAB19B? Return only the value.,548E688C344C,8.622784512,MB,2048.0,0.7625049164628829,13888.0,context_0000,147.456,['716CDEC00F3A'],62995,58477.0,synthetic_kv_64k,13888.0
2047.868928,,8622.784512,32,2.047868928,What is the value associated with key 39BDD479CC36? Return only the value.,9254DE67A278,8.622784512,MB,2048.0,0.7625049164628829,13888.0,context_0000,147.456,['A23FE9572BC2'],62995,58477.0,synthetic_kv_64k,13888.0
2047.868928,,8622.784512,32,2.047868928,What is the value associated with key B5A4B4629214? Return only the value.,5C94D89D7C3A,8.622784512,MB,2048.0,0.7625049164628829,13888.0,context_0000,147.456,['5E24A5CB3C6E'],62995,58477.0,synthetic_kv_64k,13888.0
2047.868928,,8622.784512,32,2.047868928,What is the value associated with key 96A0C14EBD10? Return only the value.,909E8A38D5AA,8.622784512,MB,2048.0,0.7625049164628829,13888.0,context_0000,147.456,['BD0B8BEEF83F'],62995,58477.0,synthetic_kv_64k,13888.0
2047.868928,,8622.784512,32,2.047868928,What is the value associated with key 324B9A7791A2? Return only the value.,503B2A174E8A,8.622784512,MB,2048.0,0.7625049164628829,13888.0,context_0000,147.456,['B993C6B18D94'],62995,58477.0,synthetic_kv_64k,13888.0
2047.868928,,8622.784512,32,2.047868928,What is the value associated with key 3189F6DBB2B6? Return only the value.,3B23B9A4DE2B,8.622784512,MB,2048.0,0.7625049164628829,13888.0,context_0000,147.456,['72E54B4F3B2E'],62995,58477.0,synthetic_kv_64k,13888.0
2047.868928,,8622.784512,32,2.047868928,What is the value associated with key FBC32D6BC882? Return only the value.,The value associated with the key [FBC32D6BC882] is not present in the provided list.,8.622784512,MB,2048.0,0.7625049164628829,13888.0,context_0000,147.456,['1310AEC2BB19'],62995,58477.0,synthetic_kv_64k,13888.0
2047.868928,,8622.784512,32,2.047868928,What is the value associated with key F6642FDDB26A? Return only the value.,The value associated with the key [F6642FDDB26A] is not present in the provided list.,8.622784512,MB,2048.0,0.7625049164628829,13888.0,context_0000,147.456,['BC2E2C7DD667'],62995,58477.0,synthetic_kv_64k,13888.0
2047.868928,,8622.784512,32,2.047868928,What is the value associated with key 1E8D838B77AD? Return only the value.,5C3585858585,8.622784512,MB,2048.0,0.7625049164628829,13888.0,context_0000,147.456,['0A676090103C'],62995,58477.0,synthetic_kv_64k,13888.0
2047.868928,,8622.784512,32,2.047868928,What is the value associated with key 47736DB2B020? Return only the value.,444444444444,8.622784512,MB,2048.0,0.7625049164628829,13888.0,context_0000,147.456,['43A58E7D3F5A'],62995,58477.0,synthetic_kv_64k,13888.0
2047.868928,,8622.784512,32,2.047868928,What is the value associated with key 2932214C0A4D? Return only the value.,3E684557484C,8.622784512,MB,2048.0,0.7625049164628829,13888.0,context_0000,147.456,['D89495801C3A'],62995,58477.0,synthetic_kv_64k,13888.0
2047.868928,,8622.784512,32,2.047868928,What is the value associated with key 01714148BD11? Return only the value.,57F3D457488A,8.622784512,MB,2048.0,0.7625049164628829,13888.0,context_0000,147.456,['7761549FC34C'],62995,58477.0,synthetic_kv_64k,13888.0
2047.868928,,8622.784512,32,2.047868928,What is the value associated with key EFFFB5AE329D? Return only the value.,57F3B584C27A,8.622784512,MB,2048.0,0.7625049164628829,13888.0,context_0000,147.456,['0A3927A158A0'],62995,58477.0,synthetic_kv_64k,13888.0
2047.868928,,8622.784512,32,2.047868928,What is the value associated with key EDBA27591AD4? Return only the value.,544858485848,8.622784512,MB,2048.0,0.7625049164628829,13888.0,context_0000,147.456,['98CD5297E1AD'],62995,58477.0,synthetic_kv_64k,13888.0
2047.868928,,8622.784512,32,2.047868928,What is the value associated with key C60E0D04DCB6? Return only the value.,5C29410BFC29,8.622784512,MB,2048.0,0.7625049164628829,13888.0,context_0000,147.456,['A018EEB093FE'],62995,58477.0,synthetic_kv_64k,13888.0
2047.868928,,8622.784512,32,2.047868928,What is the value associated with key D7D89D9887BC? Return only the value.,77E8BB7383D4,8.622784512,MB,2048.0,0.7625049164628829,13888.0,context_0000,147.456,['4D18A971A31F'],62995,58477.0,synthetic_kv_64k,13888.0
2047.868928,,8622.784512,32,2.047868928,What is the value associated with key CA377D94BF10? Return only the value.,34984D39A2AF,8.622784512,MB,2048.0,0.7625049164628829,13888.0,context_0000,147.456,['8CD7929AF586'],62995,58477.0,synthetic_kv_64k,13888.0
2047.868928,,8622.784512,32,2.047868928,What is the value associated with key 12A85BAB7F4A? Return only the value.,7B8D84858C3A,8.622784512,MB,2048.0,0.7625049164628829,13888.0,context_0000,147.456,['B52AC8B648E0'],62995,58477.0,synthetic_kv_64k,13888.0
2047.868928,,8622.784512,32,2.047868928,What is the value associated with key 8680515F352C? Return only the value.,5C17093B4D72,8.622784512,MB,2048.0,0.7625049164628829,13888.0,context_0000,147.456,['F4FD384F6E3B'],62995,58477.0,synthetic_kv_64k,13888.0
2047.868928,,8622.784512,32,2.047868928,What is the value associated with key 85462F120B9E? Return only the value.,8C354A3D8C3C,8.622784512,MB,2048.0,0.7625049164628829,13888.0,context_0000,147.456,['C94811740357'],62995,58477.0,synthetic_kv_64k,13888.0
2047.868928,,8622.784512,32,2.047868928,What is the value associated with key 28CC8150E0C9? Return only the value.,8C530C9FA6E6,8.622784512,MB,2048.0,0.7625049164628829,13888.0,context_0000,147.456,['8B076A7A7841'],62995,58477.0,synthetic_kv_64k,13888.0
2047.868928,,8622.784512,32,2.047868928,What is the value associated with key 6746897B303D? Return only the value.,A46A98611260,8.622784512,MB,2048.0,0.7625049164628829,13888.0,context_0000,147.456,['59721789BE63'],62995,58477.0,synthetic_kv_64k,13888.0
2047.868928,,8622.784512,32,2.047868928,What is the value associated with key E22638A06FFE? Return only the value.,8A0E9A7D509D,8.622784512,MB,2048.0,0.7625049164628829,13888.0,context_0000,147.456,['A9D0369E5AF8'],62995,58477.0,synthetic_kv_64k,13888.0
2047.868928,,8622.784512,32,2.047868928,What is the value associated with key 54C054F6516E? Return only the value.,58275D489502,8.622784512,MB,2048.0,0.7625049164628829,13888.0,context_0000,147.456,['4B275C5D3F1B'],62995,58477.0,synthetic_kv_64k,13888.0
2047.868928,,8622.784512,32,2.047868928,What is the value associated with key F34737EC07A6? Return only the value.,5F902D7C3E6C,8.622784512,MB,2048.0,0.7625049164628829,13888.0,context_0000,147.456,['9E47C0AE0B1A'],62995,58477.0,synthetic_kv_64k,13888.0
2047.868928,,8622.784512,32,2.047868928,What is the value associated with key 799087CEC69D? Return only the value.,7B8785858585,8.622784512,MB,2048.0,0.7625049164628829,13888.0,context_0000,147.456,['8FB3FF2336E9'],62995,58477.0,synthetic_kv_64k,13888.0
2047.868928,,8622.784512,32,2.047868928,What is the value associated with key C08BD2DD3E26? Return only the value.,548854885488,8.622784512,MB,2048.0,0.7625049164628829,13888.0,context_0000,147.456,['A638FB2B8B80'],62995,58477.0,synthetic_kv_64k,13888.0
2047.868928,,8622.784512,32,2.047868928,What is the value associated with key 1D5E0240F59A? Return only the value.,51AB8F73044D,8.622784512,MB,2048.0,0.7625049164628829,13888.0,context_0000,147.456,['5893AB3F8D22'],62995,58477.0,synthetic_kv_64k,13888.0
2047.868928,,8622.784512,32,2.047868928,What is the value associated with key 3D8772173FA3? Return only the value.,39D7D885D88C,8.622784512,MB,2048.0,0.7625049164628829,13888.0,context_0000,147.456,['A46BE78D147C'],62995,58477.0,synthetic_kv_64k,13888.0
2047.868928,,8622.784512,32,2.047868928,What is the value associated with key EB299D1B83DF? Return only the value.,A34584858485,8.622784512,MB,2048.0,0.7625049164628829,13888.0,context_0000,147.456,['3E6B9F027CBF'],62995,58477.0,synthetic_kv_64k,13888.0
2047.868928,,8622.784512,32,2.047868928,What is the value associated with key 0A35F57A431E? Return only the value.,A09E8A38D5AA,8.622784512,MB,2048.0,0.7625049164628829,13888.0,context_0000,147.456,['E2BAAEBBAF9C'],62995,58477.0,synthetic_kv_64k,13888.0
2047.868928,,8622.784512,32,2.047868928,What is the value associated with key 61A15228ED8D? Return only the value.,C9E5A237A8C1,8.622784512,MB,2048.0,0.7625049164628829,13888.0,context_0000,147.456,['CBD4EA7A8C21'],62995,58477.0,synthetic_kv_64k,13888.0
2047.868928,,8622.784512,32,2.047868928,What is the value associated with key 1D06F1EAB64A? Return only the value.,5854D8854C2A,8.622784512,MB,2048.0,0.7625049164628829,13888.0,context_0000,147.456,['41AF62C8C3F4'],62995,58477.0,synthetic_kv_64k,13888.0
2047.868928,,8622.784512,32,2.047868928,What is the value associated with key B9568A4CFE1F? Return only the value.,5854DE3B496F,8.622784512,MB,2048.0,0.7625049164628829,13888.0,context_0000,147.456,['065348677B30'],62995,58477.0,synthetic_kv_64k,13888.0
2047.868928,,8622.784512,32,2.047868928,What is the value associated with key 8451E94D4FBE? Return only the value.,C53FD275BD43,8.622784512,MB,2048.0,0.7625049164628829,13888.0,context_0000,147.456,['C53FD275BD43'],62995,58477.0,synthetic_kv_64k,13888.0
2047.868928,,8622.784512,32,2.047868928,What is the value associated with key 83A95FFD4015? Return only the value.,548E69574C8D,8.622784512,MB,2048.0,0.7625049164628829,13888.0,context_0000,147.456,['823CCD8565CE'],62995,58477.0,synthetic_kv_64k,13888.0
2047.868928,,8622.784512,32,2.047868928,What is the value associated with key 7C9F7210045A? Return only the value.,5F13D885C38A,8.622784512,MB,2048.0,0.7625049164628829,13888.0,context_0000,147.456,['4BE30B39DCCF'],62995,58477.0,synthetic_kv_64k,13888.0
2047.868928,,8622.784512,32,2.047868928,What is the value associated with key A6CAE5F5C891? Return only the value.,A6CAE5F5C891: 44291257429E,8.622784512,MB,2048.0,0.7625049164628829,13888.0,context_0000,147.456,['520031487DF8'],62995,58477.0,synthetic_kv_64k,13888.0
2047.868928,,8622.784512,32,2.047868928,What is the value associated with key 1514838E9A61? Return only the value.,909E8A38D5AA,8.622784512,MB,2048.0,0.7625049164628829,13888.0,context_0000,147.456,['1890F2BE029F'],62995,58477.0,synthetic_kv_64k,13888.0
2047.868928,,8622.784512,32,2.047868928,What is the value associated with key F8BC2ADA62CE? Return only the value.,6885A8C3488A,8.622784512,MB,2048.0,0.7625049164628829,13888.0,context_0000,147.456,['C5F8F4CE8477'],62995,58477.0,synthetic_kv_64k,13888.0
2047.868928,,8622.784512,32,2.047868928,What is the value associated with key 888089B8B7EE? Return only the value.,8448D785D88C,8.622784512,MB,2048.0,0.7625049164628829,13888.0,context_0000,147.456,['A07E01E06AD8'],62995,58477.0,synthetic_kv_64k,13888.0
2047.868928,,8622.784512,32,2.047868928,What is the value associated with key 35F510C2C2E5? Return only the value.,585458545854,8.622784512,MB,2048.0,0.7625049164628829,13888.0,context_0000,147.456,['A127AB9B153D'],62995,58477.0,synthetic_kv_64k,13888.0
2047.868928,,8622.784512,32,2.047868928,What is the value associated with key 3692C6097CD8? Return only the value.,56E1843D6441,8.622784512,MB,2048.0,0.7625049164628829,13888.0,context_0000,147.456,['AF76DD6D6B41'],62995,58477.0,synthetic_kv_64k,13888.0
2047.868928,,8622.784512,32,2.047868928,What is the value associated with key D5EE6C98FD9B? Return only the value.,548E6D8C774A,8.622784512,MB,2048.0,0.7625049164628829,13888.0,context_0000,147.456,['34A01A9AF29E'],62995,58477.0,synthetic_kv_64k,13888.0
2047.868928,,8622.784512,32,2.047868928,What is the value associated with key D42889AA4293? Return only the value.,5C07D71173E4,8.622784512,MB,2048.0,0.7625049164628829,13888.0,context_0000,147.456,['E0EEB3E6F4C6'],62995,58477.0,synthetic_kv_64k,13888.0
2047.868928,,8622.784512,32,2.047868928,What is the value associated with key BDCAF9E9CF93? Return only the value.,57805884583A,8.622784512,MB,2048.0,0.7625049164628829,13888.0,context_0000,147.456,['6F6BC673F2E0'],62995,58477.0,synthetic_kv_64k,13888.0
2047.868928,,8622.784512,32,2.047868928,What is the value associated with key D116A5850828? Return only the value.,The value associated with the key [D116A5850828] is not present in the provided list.,8.622784512,MB,2048.0,0.7625049164628829,13888.0,context_0000,147.456,['1276F0938776'],62995,58477.0,synthetic_kv_64k,13888.0
2047.868928,,8622.784512,32,2.047868928,What is the value associated with key AFA0BF343CA7? Return only the value.,520031487DF8,8.622784512,MB,2048.0,0.7625049164628829,13888.0,context_0000,147.456,['0614275C75DC'],62995,58477.0,synthetic_kv_64k,13888.0
2047.868928,,8622.784512,32,2.047868928,What is the value associated with key B784758FC8FA? Return only the value.,4C7FA3760C2D,8.622784512,MB,2048.0,0.7625049164628829,13888.0,context_0000,147.456,['09B254EB4C91'],62995,58477.0,synthetic_kv_64k,13888.0
2047.868928,,8622.784512,32,2.047868928,What is the value associated with key 12C01667C518? Return only the value.,585D9C3D4C2D,8.622784512,MB,2048.0,0.7625049164628829,13888.0,context_0000,147.456,['2D900DE4833E'],62995,58477.0,synthetic_kv_64k,13888.0
2047.868928,,8622.784512,32,2.047868928,What is the value associated with key 407DCB51A911? Return only the value.,44874855588C,8.622784512,MB,2048.0,0.7625049164628829,13888.0,context_0000,147.456,['12088EDE9B46'],62995,58477.0,synthetic_kv_64k,13888.0
2047.868928,,8622.784512,32,2.047868928,What is the value associated with key D2559330BA83? Return only the value.,A67285858585,8.622784512,MB,2048.0,0.7625049164628829,13888.0,context_0000,147.456,['E9363A46FBE3'],62995,58477.0,synthetic_kv_64k,13888.0
2047.868928,,8622.784512,32,2.047868928,What is the value associated with key 685A4236C0BF? Return only the value.,A4A58279A88E,8.622784512,MB,2048.0,0.7625049164628829,13888.0,context_0000,147.456,['737C63561ADD'],62995,58477.0,synthetic_kv_64k,13888.0
2047.868928,,8622.784512,32,2.047868928,What is the value associated with key 6789A155EB2C? Return only the value.,50FF6EDABA8C,8.622784512,MB,2048.0,0.7625049164628829,13888.0,context_0000,147.456,['50FF6EDABA8C'],62995,58477.0,synthetic_kv_64k,13888.0
2047.868928,,8622.784512,32,2.047868928,What is the value associated with key 63B60452F779? Return only the value.,1E49AC5D4E57,8.622784512,MB,2048.0,0.7625049164628829,13888.0,context_0000,147.456,['1E49AC5D4E57'],62995,58477.0,synthetic_kv_64k,13888.0
2047.868928,,8622.784512,32,2.047868928,What is the value associated with key 018288EAE7D4? Return only the value.,5747D86A646C,8.622784512,MB,2048.0,0.7625049164628829,13888.0,context_0000,147.456,['B864A43447FB'],62995,58477.0,synthetic_kv_64k,13888.0
2047.868928,,8622.784512,32,2.047868928,What is the value associated with key 10309E4C24DD? Return only the value.,The value associated with the key [10309E4C24DD] is [BEF6C186A221,8.622784512,MB,2048.0,0.7625049164628829,13888.0,context_0000,147.456,['BEF6C186A221'],62995,58477.0,synthetic_kv_64k,13888.0
2047.868928,,8622.784512,32,2.047868928,What is the value associated with key 0BA695EA6825? Return only the value.,8C354A3D888C,8.622784512,MB,2048.0,0.7625049164628829,13888.0,context_0000,147.456,['D926B36D0121'],62995,58477.0,synthetic_kv_64k,13888.0
2047.868928,,8622.784512,32,2.047868928,What is the value associated with key 5B92129538DF? Return only the value.,8E67D86A6460,8.622784512,MB,2048.0,0.7625049164628829,13888.0,context_0000,147.456,['80B9ED94898B'],62995,58477.0,synthetic_kv_64k,13888.0
2047.868928,,8622.784512,32,2.047868928,What is the value associated with key 4A321B2BB2EC? Return only the value.,69865DA3F9CF,8.622784512,MB,2048.0,0.7625049164628829,13888.0,context_0000,147.456,['AF95C971BF51'],62995,58477.0,synthetic_kv_64k,13888.0
2047.868928,,8622.784512,32,2.047868928,What is the value associated with key 9B474D2551EB? Return only the value.,4654DE67A278,8.622784512,MB,2048.0,0.7625049164628829,13888.0,context_0000,147.456,['4811162534CA'],62995,58477.0,synthetic_kv_64k,13888.0
2047.868928,,8622.784512,32,2.047868928,What is the value associated with key ED3BC3E90323? Return only the value.,46B849599BED,8.622784512,MB,2048.0,0.7625049164628829,13888.0,context_0000,147.456,['61A4700B8B43'],62995,58477.0,synthetic_kv_64k,13888.0
2047.868928,,8622.784512,32,2.047868928,What is the value associated with key D27665262474? Return only the value.,A612E44C1B18,8.622784512,MB,2048.0,0.7625049164628829,13888.0,context_0000,147.456,['07E3A9252745'],62995,58477.0,synthetic_kv_64k,13888.0
2047.868928,,8622.784512,32,2.047868928,What is the value associated with key 2804795741BB? Return only the value.,8B076A7A57FD,8.622784512,MB,2048.0,0.7625049164628829,13888.0,context_0000,147.456,['3849889157FD'],62995,58477.0,synthetic_kv_64k,13888.0
2047.868928,,8622.784512,32,2.047868928,What is the value associated with key BF2B22E9E527? Return only the value.,C949641816B7,8.622784512,MB,2048.0,0.7625049164628829,13888.0,context_0000,147.456,['CBF9641816B7'],62995,58477.0,synthetic_kv_64k,13888.0
2047.868928,,8622.784512,32,2.047868928,What is the value associated with key D976CC27F386? Return only the value.,D1AD89A4DE2B,8.622784512,MB,2048.0,0.7625049164628829,13888.0,context_0000,147.456,['4B838BB4995A'],62995,58477.0,synthetic_kv_64k,13888.0
2047.868928,,8622.784512,32,2.047868928,What is the value associated with key A250F5CB5BE4? Return only the value.,A1D7C704E80E,8.622784512,MB,2048.0,0.7625049164628829,13888.0,context_0000,147.456,['4C4D24E2226C'],62995,58477.0,synthetic_kv_64k,13888.0
2047.868928,,8622.784512,32,2.047868928,What is the value associated with key E310AD62D094? Return only the value.,50BF9EE4105D,8.622784512,MB,2048.0,0.7625049164628829,13888.0,context_0000,147.456,['F722EA06F94B'],62995,58477.0,synthetic_kv_64k,13888.0
2047.868928,,8622.784512,32,2.047868928,What is the value associated with key DDFCCB863DEA? Return only the value.,A5DFBAB503FB,8.622784512,MB,2048.0,0.7625049164628829,13888.0,context_0000,147.456,['A5DFBAB503FB'],62995,58477.0,synthetic_kv_64k,13888.0
2047.868928,,8622.784512,32,2.047868928,What is the value associated with key F5175F857B21? Return only the value.,D9170AD1C18C,8.622784512,MB,2048.0,0.7625049164628829,13888.0,context_0000,147.456,['02DAF3102525'],62995,58477.0,synthetic_kv_64k,13888.0
2047.868928,,8622.784512,32,2.047868928,What is the value associated with key DFF08DB3C2C1? Return only the value.,24318E190D07,8.622784512,MB,2048.0,0.7625049164628829,13888.0,context_0000,147.456,['24318E190D07'],62995,58477.0,synthetic_kv_64k,13888.0
2047.868928,,8622.784512,32,2.047868928,What is the value associated with key 0AB11F8C56E0? Return only the value.,929D0149A2AF,8.622784512,MB,2048.0,0.7625049164628829,13888.0,context_0000,147.456,['929D0149A2AF'],62995,58477.0,synthetic_kv_64k,13888.0
2047.868928,,8622.784512,32,2.047868928,What is the value associated with key 64E298BE5FF0? Return only the value.,8C2A8982CBF8,8.622784512,MB,2048.0,0.7625049164628829,13888.0,context_0000,147.456,['8C2A8982CBF8'],62995,58477.0,synthetic_kv_64k,13888.0
2047.868928,,8622.784512,32,2.047868928,What is the value associated with key 15CAF26D3DD3? Return only the value.,35C64E003D55,8.622784512,MB,2048.0,0.7625049164628829,13888.0,context_0000,147.456,['35C64E003D55'],62995,58477.0,synthetic_kv_64k,13888.0
2047.868928,,8622.784512,32,2.047868928,What is the value associated with key BDCEBF905D6A? Return only the value.,B9D7E74ED0B3,8.622784512,MB,2048.0,0.7625049164628829,13888.0,context_0000,147.456,['B9D7E74ED0B3'],62995,58477.0,synthetic_kv_64k,13888.0
2047.868928,,8622.784512,32,2.047868928,What is the value associated with key 36345806A961? Return only the value.,E7D769A3B991,8.622784512,MB,2048.0,0.7625049164628829,13888.0,context_0000,147.456,['E7D769A3B991'],62995,58477.0,synthetic_kv_64k,13888.0
2047.868928,,8622.784512,32,2.047868928,What is the value associated with key D9F9A55BC44F? Return only the value.,C4E5C8915B0F,8.622784512,MB,2048.0,0.7625049164628829,13888.0,context_0000,147.456,['24778336A758'],62995,58477.0,synthetic_kv_64k,13888.0
2047.868928,,8622.784512,32,2.047868928,What is the value associated with key 2F1A29344E15? Return only the value.,6C877FAF6458,8.622784512,MB,2048.0,0.7625049164628829,13888.0,context_0000,147.456,['9DEC38858F7E'],62995,58477.0,synthetic_kv_64k,13888.0
2047.868928,,8622.784512,32,2.047868928,What is the value associated with key 40B3D5B211A9? Return only the value.,593B64F3C9CF,8.622784512,MB,2048.0,0.7625049164628829,13888.0,context_0000,147.456,['1D5731BF5CF6'],62995,58477.0,synthetic_kv_64k,13888.0
2047.868928,,8622.784512,32,2.047868928,What is the value associated with key ABC52E6D7A04? Return only the value.,5C53D885C34C,8.622784512,MB,2048.0,0.7625049164628829,13888.0,context_0000,147.456,['913ACCB68571'],62995,58477.0,synthetic_kv_64k,13888.0
2047.868928,,8622.784512,32,2.047868928,What is the value associated with key 0DECDA2D2156? Return only the value.,5C44D9F48BBD,8.622784512,MB,2048.0,0.7625049164628829,13888.0,context_0000,147.456,['C044D9F48BBD'],62995,58477.0,synthetic_kv_64k,13888.0
2047.868928,,8622.784512,32,2.047868928,What is the value associated with key FD75EEAFCA83? Return only the value.,8C81FE8B4CCB,8.622784512,MB,2048.0,0.7625049164628829,13888.0,context_0000,147.456,['8C81FE8B4CCB'],62995,58477.0,synthetic_kv_64k,13888.0
2047.868928,,8622.784512,32,2.047868928,What is the value associated with key A509761579E7? Return only the value.,The value associated with the key **A509761579E7** is **12B98CB6D1F,8.622784512,MB,2048.0,0.7625049164628829,13888.0,context_0000,147.456,['12B98CB6D1F0'],62995,58477.0,synthetic_kv_64k,13888.0
2047.868928,,8622.784512,32,2.047868928,What is the value associated with key ABF34A68369C? Return only the value.,5C174A3D8C3A,8.622784512,MB,2048.0,0.7625049164628829,13888.0,context_0000,147.456,['402D113EAF84'],62995,58477.0,synthetic_kv_64k,13888.0
2047.868928,,8622.784512,32,2.047868928,What is the value associated with key 32891923CAFC? Return only the value.,C025D7F2A678,8.622784512,MB,2048.0,0.7625049164628829,13888.0,context_0000,147.456,['94A1B9C037AA'],62995,58477.0,synthetic_kv_64k,13888.0
2047.868928,,8622.784512,32,2.047868928,What is the value associated with key F3987CB882A0? Return only the value.,5B6D54B2A582,8.622784512,MB,2048.0,0.7625049164628829,13888.0,context_0000,147.456,['5B6D54B2A582'],62995,58477.0,synthetic_kv_64k,13888.0
2047.868928,,8622.784512,32,2.047868928,What is the value associated with key ABDA20D2B528? Return only the value.,5C6507D8C38A,8.622784512,MB,2048.0,0.7625049164628829,13888.0,context_0000,147.456,['3C0AA7CD13CB'],62995,58477.0,synthetic_kv_64k,13888.0
2047.868928,,8622.784512,32,2.047868928,What is the value associated with key 48FE199C8D94? Return only the value.,8C2A8982CBF8,8.622784512,MB,2048.0,0.7625049164628829,13888.0,context_0000,147.456,['11DE9E98961D'],62995,58477.0,synthetic_kv_64k,13888.0
2047.868928,,8622.784512,32,2.047868928,What is the value associated with key 3189E66E2C11? Return only the value.,7C61515A6B43,8.622784512,MB,2048.0,0.7625049164628829,13888.0,context_0000,147.456,['7C61515A6B43'],62995,58477.0,synthetic_kv_64k,13888.0
2047.868928,,8622.784512,32,2.047868928,What is the value associated with key 540E735D88F3? Return only the value.,A8CF9DC89E1A,8.622784512,MB,2048.0,0.7625049164628829,13888.0,context_0000,147.456,['A8CF9DC89E1A'],62995,58477.0,synthetic_kv_64k,13888.0
2047.868928,,8622.784512,32,2.047868928,What is the value associated with key B1864E40BFBA? Return only the value.,A46A98611260,8.622784512,MB,2048.0,0.7625049164628829,13888.0,context_0000,147.456,['2703958C2936'],62995,58477.0,synthetic_kv_64k,13888.0
2047.868928,,8622.784512,32,2.047868928,What is the value associated with key 911D90C80420? Return only the value.,909E8A38D5AA,8.622784512,MB,2048.0,0.7625049164628829,13888.0,context_0000,147.456,['CEC55D4F7107'],62995,58477.0,synthetic_kv_64k,13888.0
2047.868928,,8622.784512,32,2.047868928,What is the value associated with key F56A50FB35B0? Return only the value.,3F5FD4176230,8.622784512,MB,2048.0,0.7625049164628829,13888.0,context_0000,147.456,['2B2B6DA58DAD'],62995,58477.0,synthetic_kv_64k,13888.0
2047.868928,,8622.784512,32,2.047868928,What is the value associated with key 502E013CA998? Return only the value.,C9213F05557C,8.622784512,MB,2048.0,0.7625049164628829,13888.0,context_0000,147.456,['C9213F05557C'],62995,58477.0,synthetic_kv_64k,13888.0
2047.868928,,8622.784512,32,2.047868928,What is the value associated with key B65238B5E89A? Return only the value.,8C530C9FA6E6,8.622784512,MB,2048.0,0.7625049164628829,13888.0,context_0000,147.456,['A40DBD64987E'],62995,58477.0,synthetic_kv_64k,13888.0
2047.868928,,8622.784512,32,2.047868928,What is the value associated with key 46D46FA5D3B0? Return only the value.,5C07D71173E4,8.622784512,MB,2048.0,0.7625049164628829,13888.0,context_0000,147.456,['5C07D71173E4'],62995,58477.0,synthetic_kv_64k,13888.0
2047.868928,,8622.784512,32,2.047868928,What is the value associated with key ADF82261DDEF? Return only the value.,54E1BBA41AE0,8.622784512,MB,2048.0,0.7625049164628829,13888.0,context_0000,147.456,['54E1BBA41AE0'],62995,58477.0,synthetic_kv_64k,13888.0
2047.868928,,8622.784512,32,2.047868928,What is the value associated with key 7ADEE0BD202C? Return only the value.,585C345C4C3C,8.622784512,MB,2048.0,0.7625049164628829,13888.0,context_0000,147.456,['7202767D3B27'],62995,58477.0,synthetic_kv_64k,13888.0
2047.868928,,8622.784512,32,2.047868928,What is the value associated with key C6575BD67D4D? Return only the value.,A4A5D48C344A,8.622784512,MB,2048.0,0.7625049164628829,13888.0,context_0000,147.456,['7CAA4E336644'],62995,58477.0,synthetic_kv_64k,13888.0
2047.868928,,8622.784512,32,2.047868928,What is the value associated with key 1BDC8D3A5D76? Return only the value.,The value associated with the key [1BDC8D3A5D76] is not present in the provided list.,8.622784512,MB,2048.0,0.7625049164628829,13888.0,context_0000,147.456,['A5422CFF45F8'],62995,58477.0,synthetic_kv_64k,13888.0
2047.868928,,8622.784512,32,2.047868928,What is the value associated with key 14FC9B4BF377? Return only the value.,371D8572888D,8.622784512,MB,2048.0,0.7625049164628829,13888.0,context_0000,147.456,['47D6D77FBEEB'],62995,58477.0,synthetic_kv_64k,13888.0
2047.868928,,8622.784512,32,2.047868928,What is the value associated with key D391DBD4A86D? Return only the value.,5C4432DF8D45,8.622784512,MB,2048.0,0.7625049164628829,13888.0,context_0000,147.456,['E42C23D7263D'],62995,58477.0,synthetic_kv_64k,13888.0
2047.868928,,8622.784512,32,2.047868928,What is the value associated with key 324989E2DF24? Return only the value.,575D443C5A3D,8.622784512,MB,2048.0,0.7625049164628829,13888.0,context_0000,147.456,['BBC94363589C'],62995,58477.0,synthetic_kv_64k,13888.0
2047.868928,,8622.784512,32,2.047868928,What is the value associated with key A06AE2E6E7A6? Return only the value.,A06AE2E6E7A6: 909E8A38D5AA,8.622784512,MB,2048.0,0.7625049164628829,13888.0,context_0000,147.456,['BA38139309D1'],62995,58477.0,synthetic_kv_64k,13888.0
2047.868928,,8622.784512,32,2.047868928,What is the value associated with key E461134D695A? Return only the value.,A8C3D785C84E,8.622784512,MB,2048.0,0.7625049164628829,13888.0,context_0000,147.456,['D97E04C4F46A'],62995,58477.0,synthetic_kv_64k,13888.0
2047.868928,,8622.784512,32,2.047868928,What is the value associated with key A1B281D67019? Return only the value.,A8588C35588C,8.622784512,MB,2048.0,0.7625049164628829,13888.0,context_0000,147.456,['D00907FC584E'],62995,58477.0,synthetic_kv_64k,13888.0
2047.868928,,8622.784512,32,2.047868928,What is the value associated with key 943294F6C67A? Return only the value.,909E8A38D5AA,8.622784512,MB,2048.0,0.7625049164628829,13888.0,context_0000,147.456,['C4EA67B6E467'],62995,58477.0,synthetic_kv_64k,13888.0
2047.868928,,8622.784512,32,2.047868928,What is the value associated with key 3677970C9EB4? Return only the value.,66A384796444,8.622784512,MB,2048.0,0.7625049164628829,13888.0,context_0000,147.456,['0962E80382EB'],62995,58477.0,synthetic_kv_64k,13888.0
2047.868928,,8622.784512,32,2.047868928,What is the value associated with key 42B78D3543BE? Return only the value.,444A5C35444A,8.622784512,MB,2048.0,0.7625049164628829,13888.0,context_0000,147.456,['E4DC8B20CE3E'],62995,58477.0,synthetic_kv_64k,13888.0
2047.868928,,8622.784512,32,2.047868928,What is the value associated with key 8A28FFACA645? Return only the value.,8C354854545A,8.622784512,MB,2048.0,0.7625049164628829,13888.0,context_0000,147.456,['A76678DBCDE3'],62995,58477.0,synthetic_kv_64k,13888.0
2047.868928,,8622.784512,32,2.047868928,What is the value associated with key 260CC6735380? Return only the value.,647A58338770,8.622784512,MB,2048.0,0.7625049164628829,13888.0,context_0000,147.456,['647A5DA64A3A'],62995,58477.0,synthetic_kv_64k,13888.0
2047.868928,,8622.784512,32,2.047868928,What is the value associated with key E435392A9FC4? Return only the value.,96F0C5AB48DA,8.622784512,MB,2048.0,0.7625049164628829,13888.0,context_0000,147.456,['96F0C5AB48DA'],62995,58477.0,synthetic_kv_64k,13888.0
2047.868928,,8622.784512,32,2.047868928,What is the value associated with key DB6FBBB4C0CE? Return only the value.,9255ED0940F7,8.622784512,MB,2048.0,0.7625049164628829,13888.0,context_0000,147.456,['22464A7EEBC2'],62995,58477.0,synthetic_kv_64k,13888.0
2047.868928,,8622.784512,32,2.047868928,What is the value associated with key 804976F6A778? Return only the value.,The value associated with the key [804976F6A778] is not present in the provided list.,8.622784512,MB,2048.0,0.7625049164628829,13888.0,context_0000,147.456,['172E82AA5C46'],62995,58477.0,synthetic_kv_64k,13888.0
2047.868928,,8622.784512,32,2.047868928,What is the value associated with key 5D266593B659? Return only the value.,9FBC869C3A8E,8.622784512,MB,2048.0,0.7625049164628829,13888.0,context_0000,147.456,['02B6808E08D2'],62995,58477.0,synthetic_kv_64k,13888.0
2047.868928,,8622.784512,32,2.047868928,What is the value associated with key 3D27A9A54C24? Return only the value.,5F9A3D854C2A,8.622784512,MB,2048.0,0.7625049164628829,13888.0,context_0000,147.456,['F6C8D9155664'],62995,58477.0,synthetic_kv_64k,13888.0
2047.868928,,8622.784512,32,2.047868928,What is the value associated with key FB5ACE7968B7? Return only the value.,8C3548548C3A,8.622784512,MB,2048.0,0.7625049164628829,13888.0,context_0000,147.456,['AF259D31762A'],62995,58477.0,synthetic_kv_64k,13888.0
2047.868928,,8622.784512,32,2.047868928,What is the value associated with key C1D82A74B90C? Return only the value.,A34580C3888C,8.622784512,MB,2048.0,0.7625049164628829,13888.0,context_0000,147.456,['23EF839E7623'],62995,58477.0,synthetic_kv_64k,13888.0
2047.868928,,8622.784512,32,2.047868928,What is the value associated with key 28C2723B80D4? Return only the value.,548C3458888A,8.622784512,MB,2048.0,0.7625049164628829,13888.0,context_0000,147.456,['90FC2DDC756B'],62995,58477.0,synthetic_kv_64k,13888.0
2047.868928,,8622.784512,32,2.047868928,What is the value associated with key 90D9F2DEC75C? Return only the value.,92A8B98C744D,8.622784512,MB,2048.0,0.7625049164628829,13888.0,context_0000,147.456,['DF48A8CF4F62'],62995,58477.0,synthetic_kv_64k,13888.0
2047.868928,,8622.784512,32,2.047868928,What is the value associated with key 256DF7BD8499? Return only the value.,The value associated with the key [256DF7BD8499] is not present in the provided list.,8.622784512,MB,2048.0,0.7625049164628829,13888.0,context_0000,147.456,['BB64BC653D94'],62995,58477.0,synthetic_kv_64k,13888.0
2047.868928,,8622.784512,32,2.047868928,What is the value associated with key F06D7BC6E121? Return only the value.,585458545854,8.622784512,MB,2048.0,0.7625049164628829,13888.0,context_0000,147.456,['0A585BDA0655'],62995,58477.0,synthetic_kv_64k,13888.0
2047.868928,,8622.784512,32,2.047868928,What is the value associated with key C2EF38048786? Return only the value.,73948437588A,8.622784512,MB,2048.0,0.7625049164628829,13888.0,context_0000,147.456,['3B537CD61DA4'],62995,58477.0,synthetic_kv_64k,13888.0
2047.868928,,8622.784512,32,2.047868928,What is the value associated with key 43AC1017AB44? Return only the value.,44F73CB526D7,8.622784512,MB,2048.0,0.7625049164628829,13888.0,context_0000,147.456,['3BE85E934DE0'],62995,58477.0,synthetic_kv_64k,13888.0
2047.868928,,8622.784512,32,2.047868928,What is the value associated with key AB280AF57E60? Return only the value.,5C3485E68C3C,8.622784512,MB,2048.0,0.7625049164628829,13888.0,context_0000,147.456,['849434EF2552'],62995,58477.0,synthetic_kv_64k,13888.0
2047.868928,,8622.784512,32,2.047868928,What is the value associated with key CA9DE860BCB1? Return only the value.,849436C3E83D,8.622784512,MB,2048.0,0.7625049164628829,13888.0,context_0000,147.456,['635A5C7AF83D'],62995,58477.0,synthetic_kv_64k,13888.0
2047.868928,,8622.784512,32,2.047868928,What is the value associated with key EAFB783C91EB? Return only the value.,30A5C885C38C,8.622784512,MB,2048.0,0.7625049164628829,13888.0,context_0000,147.456,['E1AD7463835E'],62995,58477.0,synthetic_kv_64k,13888.0
2047.868928,,8622.784512,32,2.047868928,What is the value associated with key 0A370BE3534A? Return only the value.,E1CC8078636D,8.622784512,MB,2048.0,0.7625049164628829,13888.0,context_0000,147.456,['A605FB07EE93'],62995,58477.0,synthetic_kv_64k,13888.0
2047.868928,,8622.784512,32,2.047868928,What is the value associated with key 1A6C52F6531F? Return only the value.,5F905858888C,8.622784512,MB,2048.0,0.7625049164628829,13888.0,context_0000,147.456,['F7EBB4280F0D'],62995,58477.0,synthetic_kv_64k,13888.0
2047.868928,,8622.784512,32,2.047868928,What is the value associated with key A2318578B1C6? Return only the value.,A46A98611260,8.622784512,MB,2048.0,0.7625049164628829,13888.0,context_0000,147.456,['4603D463C183'],62995,58477.0,synthetic_kv_64k,13888.0
2047.868928,,8622.784512,32,2.047868928,What is the value associated with key BDEDD5BA304C? Return only the value.,585D8585D858,8.622784512,MB,2048.0,0.7625049164628829,13888.0,context_0000,147.456,['94214368AE93'],62995,58477.0,synthetic_kv_64k,13888.0
2047.868928,,8622.784512,32,2.047868928,What is the value associated with key 91F68B5A8683? Return only the value.,The value associated with the key [91F68B5A8683] is not present in the provided list.,8.622784512,MB,2048.0,0.7625049164628829,13888.0,context_0000,147.456,['606C2C816BF0'],62995,58477.0,synthetic_kv_64k,13888.0
2047.868928,,8622.784512,32,2.047868928,What is the value associated with key 60E6A75743F9? Return only the value.,909E8A38D5AA,8.622784512,MB,2048.0,0.7625049164628829,13888.0,context_0000,147.456,['96725D8416E0'],62995,58477.0,synthetic_kv_64k,13888.0
2047.868928,,8622.784512,32,2.047868928,What is the value associated with key E5F2A741104B? Return only the value.,A685D88C388A,8.622784512,MB,2048.0,0.7625049164628829,13888.0,context_0000,147.456,['13EDD5E14D1F'],62995,58477.0,synthetic_kv_64k,13888.0
2047.868928,,8622.784512,32,2.047868928,What is the value associated with key 406784440504? Return only the value.,The value associated with the key [406784440504] is not present in the provided list.,8.622784512,MB,2048.0,0.7625049164628829,13888.0,context_0000,147.456,['F9016057153A'],62995,58477.0,synthetic_kv_64k,13888.0
2047.868928,,8622.784512,32,2.047868928,What is the value associated with key 390FE8410A39? Return only the value.,5C448E6D8C3C,8.622784512,MB,2048.0,0.7625049164628829,13888.0,context_0000,147.456,['67E58430F0FA'],62995,58477.0,synthetic_kv_64k,13888.0
2047.868928,,8622.784512,32,2.047868928,What is the value associated with key D1365A578607? Return only the value.,The value associated with the key [D1365A578607] is not present in the provided list.,8.622784512,MB,2048.0,0.7625049164628829,13888.0,context_0000,147.456,['5854DE22DC3F'],62995,58477.0,synthetic_kv_64k,13888.0
2047.868928,,8622.784512,32,2.047868928,What is the value associated with key CAEB7CA2F582? Return only the value.,5C4436C3FE85,8.622784512,MB,2048.0,0.7625049164628829,13888.0,context_0000,147.456,['E31D7B6B911E'],62995,58477.0,synthetic_kv_64k,13888.0
2047.868928,,8622.784512,32,2.047868928,What is the value associated with key 01B09AAD9234? Return only the value.,The value associated with the key [01B09AAD9234] is not present in the provided list.,8.622784512,MB,2048.0,0.7625049164628829,13888.0,context_0000,147.456,['E1CC8078636D'],62995,58477.0,synthetic_kv_64k,13888.0
2047.868928,,8622.784512,32,2.047868928,What is the value associated with key 709D23936D45? Return only the value.,The value associated with the key [709D23936D45] is not present in the provided list.,8.622784512,MB,2048.0,0.7625049164628829,13888.0,context_0000,147.456,['3AE02A6524AF'],62995,58477.0,synthetic_kv_64k,13888.0
2047.868928,,8622.784512,32,2.047868928,What is the value associated with key 83B813BC0DC6? Return only the value.,The value associated with the key [83B813BC0DC6] is not present in the provided list.,8.622784512,MB,2048.0,0.7625049164628829,13888.0,context_0000,147.456,['47E3A4BAE8BF'],62995,58477.0,synthetic_kv_64k,13888.0
2047.868928,,8622.784512,32,2.047868928,What is the value associated with key 26763625FC20? Return only the value.,The value associated with the key [26763625FC20] is not present in the provided list.,8.622784512,MB,2048.0,0.7625049164628829,13888.0,context_0000,147.456,['28482FD90CE1'],62995,58477.0,synthetic_kv_64k,13888.0
2047.868928,,8622.784512,32,2.047868928,What is the value associated with key 9A1E5CBAA496? Return only the value.,9255ED0940F7,8.622784512,MB,2048.0,0.7625049164628829,13888.0,context_0000,147.456,['D123B7A1267E'],62995,58477.0,synthetic_kv_64k,13888.0
2047.868928,,8622.784512,32,2.047868928,What is the value associated with key A93E1E4AE3A7? Return only the value.,A93E1E4AE3A7: 7B8548548548,8.622784512,MB,2048.0,0.7625049164628829,13888.0,context_0000,147.456,['6A243AF7FA21'],62995,58477.0,synthetic_kv_64k,13888.0
2047.868928,,8622.784512,32,2.047868928,What is the value associated with key 5489CFA9026B? Return only the value.,9EC5C891D55D,8.622784512,MB,2048.0,0.7625049164628829,13888.0,context_0000,147.456,['1D03B862ACC3'],62995,58477.0,synthetic_kv_64k,13888.0
2047.868928,,8622.784512,32,2.047868928,What is the value associated with key ACDB7B44ACD0? Return only the value.,5C17093B4D72,8.622784512,MB,2048.0,0.7625049164628829,13888.0,context_0000,147.456,['7AA17A9398BB'],62995,58477.0,synthetic_kv_64k,13888.0
2047.868928,,8622.784512,32,2.047868928,What is the value associated with key 973E35F0B1BE? Return only the value.,964D8858888C,8.622784512,MB,2048.0,0.7625049164628829,13888.0,context_0000,147.456,['A5B229476F54'],62995,58477.0,synthetic_kv_64k,13888.0
2047.868928,,8622.784512,32,2.047868928,What is the value associated with key 6930D5576899? Return only the value.,6685D95A8C3C,8.622784512,MB,2048.0,0.7625049164628829,13888.0,context_0000,147.456,['3E6105BF0618'],62995,58477.0,synthetic_kv_64k,13888.0
2047.868928,,8622.784512,32,2.047868928,What is the value associated with key 20BD0B0B81DE? Return only the value.,548D85858585,8.622784512,MB,2048.0,0.7625049164628829,13888.0,context_0000,147.456,['97A492D00319'],62995,58477.0,synthetic_kv_64k,13888.0
2047.868928,,8622.784512,32,2.047868928,What is the value associated with key 227D293FC266? Return only the value.,The value associated with the key [227D293FC266] is not present in the provided list.,8.622784512,MB,2048.0,0.7625049164628829,13888.0,context_0000,147.456,['833CA1298FA2'],62995,58477.0,synthetic_kv_64k,13888.0
2047.868928,,8622.784512,32,2.047868928,What is the value associated with key E40B0A086989? Return only the value.,A8C385D68C8C,8.622784512,MB,2048.0,0.7625049164628829,13888.0,context_0000,147.456,['259892803DA2'],62995,58477.0,synthetic_kv_64k,13888.0
2047.868928,,8622.784512,32,2.047868928,What is the value associated with key 2A950E503FD8? Return only the value.,5D42692E07B6,8.622784512,MB,2048.0,0.7625049164628829,13888.0,context_0000,147.456,['EC25421D4DCA'],62995,58477.0,synthetic_kv_64k,13888.0
2047.868928,,8622.784512,32,2.047868928,What is the value associated with key 84422E16F0B6? Return only the value.,8B07F683F9C3,8.622784512,MB,2048.0,0.7625049164628829,13888.0,context_0000,147.456,['67CBF54F1B92'],62995,58477.0,synthetic_kv_64k,13888.0
2047.868928,,8622.784512,32,2.047868928,What is the value associated with key F820996F7E88? Return only the value.,The value associated with the key [F820996F7E88] is not present in the provided list.,8.622784512,MB,2048.0,0.7625049164628829,13888.0,context_0000,147.456,['A33B904865C6'],62995,58477.0,synthetic_kv_64k,13888.0
2047.868928,,8622.784512,32,2.047868928,What is the value associated with key E0E504C44853? Return only the value.,The value associated with the key **E0E504C44853** is **96725D8416,8.622784512,MB,2048.0,0.7625049164628829,13888.0,context_0000,147.456,['BA5CB8344070'],62995,58477.0,synthetic_kv_64k,13888.0
2047.868928,,8622.784512,32,2.047868928,What is the value associated with key D240A9681FC1? Return only the value.,5C3C345C3C3C,8.622784512,MB,2048.0,0.7625049164628829,13888.0,context_0000,147.456,['F27F48907B6D'],62995,58477.0,synthetic_kv_64k,13888.0
2047.868928,,8622.784512,32,2.047868928,What is the value associated with key 377215F39D39? Return only the value.,9B4572FEFDC2,8.622784512,MB,2048.0,0.7625049164628829,13888.0,context_0000,147.456,['9B4572FEFDC2'],62995,58477.0,synthetic_kv_64k,13888.0
2047.868928,,8622.784512,32,2.047868928,What is the value associated with key 78AEFE268E77? Return only the value.,774858858885,8.622784512,MB,2048.0,0.7625049164628829,13888.0,context_0000,147.456,['7B4EDE0787B1'],62995,58477.0,synthetic_kv_64k,13888.0
2047.868928,,8622.784512,32,2.047868928,What is the value associated with key 38282BAA43C9? Return only the value.,B7C49B1FC6D1,8.622784512,MB,2048.0,0.7625049164628829,13888.0,context_0000,147.456,['6928D492B51A'],62995,58477.0,synthetic_kv_64k,13888.0
2047.868928,,8622.784512,32,2.047868928,What is the value associated with key 248899D090FD? Return only the value.,9F4A5C3D888C,8.622784512,MB,2048.0,0.7625049164628829,13888.0,context_0000,147.456,['9528CB6BF562'],62995,58477.0,synthetic_kv_64k,13888.0
2047.868928,,8622.784512,32,2.047868928,What is the value associated with key C47AD209383B? Return only the value.,9F8A2E8FF5A8,8.622784512,MB,2048.0,0.7625049164628829,13888.0,context_0000,147.456,['9F8A2E8FF5A8'],62995,58477.0,synthetic_kv_64k,13888.0
2047.868928,,8622.784512,32,2.047868928,What is the value associated with key 82C4A8DEBD88? Return only the value.,444D948E68D2,8.622784512,MB,2048.0,0.7625049164628829,13888.0,context_0000,147.456,['2AEF43B7A0EF'],62995,58477.0,synthetic_kv_64k,13888.0
2047.868928,,8622.784512,32,2.047868928,What is the value associated with key AF82B9644E4F? Return only the value.,5C4432DF8D45,8.622784512,MB,2048.0,0.7625049164628829,13888.0,context_0000,147.456,['EC1F57B94DFB'],62995,58477.0,synthetic_kv_64k,13888.0
2047.868928,,8622.784512,32,2.047868928,What is the value associated with key 98B674169E82? Return only the value.,9255ED0940F7,8.622784512,MB,2048.0,0.7625049164628829,13888.0,context_0000,147.456,['119F97314C91'],62995,58477.0,synthetic_kv_64k,13888.0
2047.868928,,8622.784512,32,2.047868928,What is the value associated with key 60D23AD51382? Return only the value.,96725BB0DD76,8.622784512,MB,2048.0,0.7625049164628829,13888.0,context_0000,147.456,['21D862ADA157'],62995,58477.0,synthetic_kv_64k,13888.0
2047.868928,,8622.784512,32,2.047868928,What is the value associated with key 043D1BCB404C? Return only the value.,A72B54399ED9,8.622784512,MB,2048.0,0.7625049164628829,13888.0,context_0000,147.456,['85D033CD1D56'],62995,58477.0,synthetic_kv_64k,13888.0
2047.868928,,8622.784512,32,2.047868928,What is the value associated with key E8CADC0E3375? Return only the value.,E8CADC0E3375: 9255ED0940F7,8.622784512,MB,2048.0,0.7625049164628829,13888.0,context_0000,147.456,['AF32811DB4AF'],62995,58477.0,synthetic_kv_64k,13888.0
2047.868928,,8622.784512,32,2.047868928,What is the value associated with key D3966B77AF9E? Return only the value.,77E8BB7EB979,8.622784512,MB,2048.0,0.7625049164628829,13888.0,context_0000,147.456,['9B022649A478'],62995,58477.0,synthetic_kv_64k,13888.0
2047.868928,,8622.784512,32,2.047868928,What is the value associated with key 2D6B18A70609? Return only the value.,9FBC869C3A8E,8.622784512,MB,2048.0,0.7625049164628829,13888.0,context_0000,147.456,['E6CF79D29001'],62995,58477.0,synthetic_kv_64k,13888.0
2047.868928,,8622.784512,32,2.047868928,What is the value associated with key 998D9D6022C5? Return only the value.,905D936DD1A8,8.622784512,MB,2048.0,0.7625049164628829,13888.0,context_0000,147.456,['E0B409FE4CDD'],62995,58477.0,synthetic_kv_64k,13888.0
2047.868928,,8622.784512,32,2.047868928,What is the value associated with key 880BC8AB96AC? Return only the value.,5B59A9DE5B26,8.622784512,MB,2048.0,0.7625049164628829,13888.0,context_0000,147.456,['C09C80DA2ED7'],62995,58477.0,synthetic_kv_64k,13888.0
2047.868928,,8622.784512,32,2.047868928,What is the value associated with key 17DB1E158E2F? Return only the value.,66B849599BED,8.622784512,MB,2048.0,0.7625049164628829,13888.0,context_0000,147.456,['A8CD7B742440'],62995,58477.0,synthetic_kv_64k,13888.0
2047.868928,,8622.784512,32,2.047868928,What is the value associated with key E6E8215D3B1F? Return only the value.,8C6D45BCF3BA,8.622784512,MB,2048.0,0.7625049164628829,13888.0,context_0000,147.456,['8A0E9A7D509D'],62995,58477.0,synthetic_kv_64k,13888.0
2047.868928,,8622.784512,32,2.047868928,What is the value associated with key 004ED3D877A8? Return only the value.,F00FE59FC1C2,8.622784512,MB,2048.0,0.7625049164628829,13888.0,context_0000,147.456,['F00FE59FC1C2'],62995,58477.0,synthetic_kv_64k,13888.0
2047.868928,,8622.784512,32,2.047868928,What is the value associated with key ADB6C65DE86E? Return only the value.,6E76A6340D1A,8.622784512,MB,2048.0,0.7625049164628829,13888.0,context_0000,147.456,['6E76A6340D1A'],62995,58477.0,synthetic_kv_64k,13888.0
2047.868928,,8622.784512,32,2.047868928,What is the value associated with key 6BB185A4B0CB? Return only the value.,D9725BB0DD76,8.622784512,MB,2048.0,0.7625049164628829,13888.0,context_0000,147.456,['DFF45ED10E7F'],62995,58477.0,synthetic_kv_64k,13888.0
2047.868928,,8622.784512,32,2.047868928,What is the value associated with key B2980B1EC578? Return only the value.,6DD087A20E22,8.622784512,MB,2048.0,0.7625049164628829,13888.0,context_0000,147.456,['6DD087A20E22'],62995,58477.0,synthetic_kv_64k,13888.0
2047.868928,,8622.784512,32,2.047868928,What is the value associated with key F03C3ABF9C65? Return only the value.,2DBB2138E2E6,8.622784512,MB,2048.0,0.7625049164628829,13888.0,context_0000,147.456,['7B6CCD638BA8'],62995,58477.0,synthetic_kv_64k,13888.0
2047.868928,,8622.784512,32,2.047868928,What is the value associated with key C4C7CA20508D? Return only the value.,59BB6198B718,8.622784512,MB,2048.0,0.7625049164628829,13888.0,context_0000,147.456,['59BB6198B718'],62995,58477.0,synthetic_kv_64k,13888.0
2047.868928,,8622.784512,32,2.047868928,What is the value associated with key CDFB96CBDAFB? Return only the value.,3FAC16E827B0,8.622784512,MB,2048.0,0.7625049164628829,13888.0,context_0000,147.456,['E869BDCBFFFC'],62995,58477.0,synthetic_kv_64k,13888.0
2047.868928,,8622.784512,32,2.047868928,What is the value associated with key D652C2F43C10? Return only the value.,937CB25B6DE7,8.622784512,MB,2048.0,0.7625049164628829,13888.0,context_0000,147.456,['937CB25B6DE7'],62995,58477.0,synthetic_kv_64k,13888.0
2047.868928,,8622.784512,32,2.047868928,What is the value associated with key 6CEC1903F9B3? Return only the value.,3D9F9BC0FA93,8.622784512,MB,2048.0,0.7625049164628829,13888.0,context_0000,147.456,['4128224629CD'],62995,58477.0,synthetic_kv_64k,13888.0
2047.868928,,8622.784512,32,2.047868928,What is the value associated with key C40F7A25ED81? Return only the value.,E8FB3B85F6E1,8.622784512,MB,2048.0,0.7625049164628829,13888.0,context_0000,147.456,['E8FB3B85F6E1'],62995,58477.0,synthetic_kv_64k,13888.0
2047.868928,,8622.784512,32,2.047868928,What is the value associated with key 1575DBEAE9F8? Return only the value.,9EC5C6A90598,8.622784512,MB,2048.0,0.7625049164628829,13888.0,context_0000,147.456,['992948842A14'],62995,58477.0,synthetic_kv_64k,13888.0
2047.868928,,8622.784512,32,2.047868928,What is the value associated with key 8B31E073C1D0? Return only the value.,41FF689D1205,8.622784512,MB,2048.0,0.7625049164628829,13888.0,context_0000,147.456,['41FF689D1205'],62995,58477.0,synthetic_kv_64k,13888.0
2047.868928,,8622.784512,32,2.047868928,What is the value associated with key 01663063AE7F? Return only the value.,609E8A38D5AA,8.622784512,MB,2048.0,0.7625049164628829,13888.0,context_0000,147.456,['BE5FB58AC738'],62995,58477.0,synthetic_kv_64k,13888.0
2047.868928,,8622.784512,32,2.047868928,What is the value associated with key 01D2CA179780? Return only the value.,The value associated with the key `01D2CA179780` is `5C705C355C3,8.622784512,MB,2048.0,0.7625049164628829,13888.0,context_0000,147.456,['85C593F6F723'],62995,58477.0,synthetic_kv_64k,13888.0
2047.868928,,8622.784512,32,2.047868928,What is the value associated with key 850F1E2A03F1? Return only the value.,The value associated with the key [850F1E2A03F1] is not present in the provided list.,8.622784512,MB,2048.0,0.7625049164628829,13888.0,context_0000,147.456,['600101D77831'],62995,58477.0,synthetic_kv_64k,13888.0
2047.868928,,8622.784512,32,2.047868928,What is the value associated with key 3496A79055B0? Return only the value.,5C9D843C3E8A,8.622784512,MB,2048.0,0.7625049164628829,13888.0,context_0000,147.456,['CDE5B0117B0A'],62995,58477.0,synthetic_kv_64k,13888.0
2047.868928,,8622.784512,32,2.047868928,What is the value associated with key 68AA50DEEF43? Return only the value.,EF89D885E68A,8.622784512,MB,2048.0,0.7625049164628829,13888.0,context_0000,147.456,['1B495CBDB682'],62995,58477.0,synthetic_kv_64k,13888.0
2047.868928,,8622.784512,32,2.047868928,What is the value associated with key 6D13279F91AB? Return only the value.,A4A584E6C38A,8.622784512,MB,2048.0,0.7625049164628829,13888.0,context_0000,147.456,['95DAA6CDAE3C'],62995,58477.0,synthetic_kv_64k,13888.0
2047.868928,,8622.784512,32,2.047868928,What is the value associated with key 42E440EE131D? Return only the value.,The value associated with the key [42E440EE131D] is not present in the provided list.,8.622784512,MB,2048.0,0.7625049164628829,13888.0,context_0000,147.456,['893EDADFC499'],62995,58477.0,synthetic_kv_64k,13888.0
2047.868928,,8622.784512,32,2.047868928,What is the value associated with key 908E6C6E8796? Return only the value.,The value associated with the key [908E6C6E8796] is not present in the provided list.,8.622784512,MB,2048.0,0.7625049164628829,13888.0,context_0000,147.456,['9CA45D9AD9F1'],62995,58477.0,synthetic_kv_64k,13888.0
2047.868928,,8622.784512,32,2.047868928,What is the value associated with key FDE6468B22AF? Return only the value.,548C34574C8A,8.622784512,MB,2048.0,0.7625049164628829,13888.0,context_0000,147.456,['65BFAE3C2CE6'],62995,58477.0,synthetic_kv_64k,13888.0
2047.868928,,8622.784512,32,2.047868928,What is the value associated with key 3425C145D6BA? Return only the value.,57BCD0A1762F,8.622784512,MB,2048.0,0.7625049164628829,13888.0,context_0000,147.456,['8D5669C9520F'],62995,58477.0,synthetic_kv_64k,13888.0
2047.868928,,8622.784512,32,2.047868928,What is the value associated with key 8EBCC8A65B85? Return only the value.,8C354A3D888C,8.622784512,MB,2048.0,0.7625049164628829,13888.0,context_0000,147.456,['2DC07B8301CF'],62995,58477.0,synthetic_kv_64k,13888.0
2047.868928,,8622.784512,32,2.047868928,What is the value associated with key 8F205EC646EB? Return only the value.,5C3D4C354C3C,8.622784512,MB,2048.0,0.7625049164628829,13888.0,context_0000,147.456,['7BD78E0EABB7'],62995,58477.0,synthetic_kv_64k,13888.0
2047.868928,,8622.784512,32,2.047868928,What is the value associated with key FD0E40F7924B? Return only the value.,57E8D38C3E6C,8.622784512,MB,2048.0,0.7625049164628829,13888.0,context_0000,147.456,['93E04E80D10B'],62995,58477.0,synthetic_kv_64k,13888.0
2047.868928,,8622.784512,32,2.047868928,What is the value associated with key C6315827BC1D? Return only the value.,909E8A38D5AA,8.622784512,MB,2048.0,0.7625049164628829,13888.0,context_0000,147.456,['65EBB49B4B72'],62995,58477.0,synthetic_kv_64k,13888.0
2047.868928,,8622.784512,32,2.047868928,What is the value associated with key 2358BC5C3CD8? Return only the value.,57E3B89D644D,8.622784512,MB,2048.0,0.7625049164628829,13888.0,context_0000,147.456,['DD23DAE13586'],62995,58477.0,synthetic_kv_64k,13888.0
2047.868928,,8622.784512,32,2.047868928,What is the value associated with key 1E7CA8C6C2DF? Return only the value.,7B23B9A4DE2B,8.622784512,MB,2048.0,0.7625049164628829,13888.0,context_0000,147.456,['3AD2BF70C042'],62995,58477.0,synthetic_kv_64k,13888.0
2047.868928,,8622.784512,32,2.047868928,What is the value associated with key C87972540AB7? Return only the value.,AF4A52CB1AE0,8.622784512,MB,2048.0,0.7625049164628829,13888.0,context_0000,147.456,['F301B3061300'],62995,58477.0,synthetic_kv_64k,13888.0
2047.868928,,8622.784512,32,2.047868928,What is the value associated with key 19AB296B67BF? Return only the value.,7B8785D8858A,8.622784512,MB,2048.0,0.7625049164628829,13888.0,context_0000,147.456,['822236E6BA85'],62995,58477.0,synthetic_kv_64k,13888.0
2047.868928,,8622.784512,32,2.047868928,What is the value associated with key C93C668B28DA? Return only the value.,909E8A38D5AA,8.622784512,MB,2048.0,0.7625049164628829,13888.0,context_0000,147.456,['CD0456A3DCCC'],62995,58477.0,synthetic_kv_64k,13888.0
2047.868928,,8622.784512,32,2.047868928,What is the value associated with key 9D308CF29000? Return only the value.,909E8A38D5AA,8.622784512,MB,2048.0,0.7625049164628829,13888.0,context_0000,147.456,['AF3FB2725AA7'],62995,58477.0,synthetic_kv_64k,13888.0
2047.868928,,8622.784512,32,2.047868928,What is the value associated with key 0D53B4F02F6F? Return only the value.,5F1358888888,8.622784512,MB,2048.0,0.7625049164628829,13888.0,context_0000,147.456,['639C2926205D'],62995,58477.0,synthetic_kv_64k,13888.0
2047.868928,,8622.784512,32,2.047868928,What is the value associated with key A2C8F6EE137D? Return only the value.,5C3D488D8C3C,8.622784512,MB,2048.0,0.7625049164628829,13888.0,context_0000,147.456,['CDEB015ABA1D'],62995,58477.0,synthetic_kv_64k,13888.0
2047.868928,,8622.784512,32,2.047868928,What is the value associated with key D2C0175194D7? Return only the value.,5F1348E0C38A,8.622784512,MB,2048.0,0.7625049164628829,13888.0,context_0000,147.456,['78BF25343E85'],62995,58477.0,synthetic_kv_64k,13888.0
2047.868928,,8622.784512,32,2.047868928,What is the value associated with key 99A9ED054732? Return only the value.,The value associated with the key [99A9ED054732] is not present in the provided list.,8.622784512,MB,2048.0,0.7625049164628829,13888.0,context_0000,147.456,['16906F74E55D'],62995,58477.0,synthetic_kv_64k,13888.0
2047.868928,,8622.784512,32,2.047868928,What is the value associated with key 4359106793B6? Return only the value.,8C531EA15B0F,8.622784512,MB,2048.0,0.7625049164628829,13888.0,context_0000,147.456,['5EEF38C5EF5E'],62995,58477.0,synthetic_kv_64k,13888.0
2047.868928,,8622.784512,32,2.047868928,What is the value associated with key 9BE9147D7BFC? Return only the value.,B97809AA5570,8.622784512,MB,2048.0,0.7625049164628829,13888.0,context_0000,147.456,['B97809AA5570'],62995,58477.0,synthetic_kv_64k,13888.0
2047.868928,,8622.784512,32,2.047868928,What is the value associated with key EE416263307C? Return only the value.,600436C3FE85,8.622784512,MB,2048.0,0.7625049164628829,13888.0,context_0000,147.456,['6690FC04CA7A'],62995,58477.0,synthetic_kv_64k,13888.0
2047.868928,,8622.784512,32,2.047868928,What is the value associated with key A7FB9D2CD944? Return only the value.,A7FB9D2CD944 is not present in the provided list of key-value pairs.,8.622784512,MB,2048.0,0.7625049164628829,13888.0,context_0000,147.456,['495685609E8A'],62995,58477.0,synthetic_kv_64k,13888.0
2047.868928,,8622.784512,32,2.047868928,What is the value associated with key F6A9B62BCCB1? Return only the value.,The value associated with the key [F6A9B62BCCB1] is not present in the provided list.,8.622784512,MB,2048.0,0.7625049164628829,13888.0,context_0000,147.456,['0EB598F3F640'],62995,58477.0,synthetic_kv_64k,13888.0
2047.868928,,8622.784512,32,2.047868928,What is the value associated with key C60BF21A6F38? Return only the value.,9343985A9548,8.622784512,MB,2048.0,0.7625049164628829,13888.0,context_0000,147.456,['2CDED1FA82A6'],62995,58477.0,synthetic_kv_64k,13888.0
2047.868928,,8622.784512,32,2.047868928,What is the value associated with key 7E8EA3EA21A2? Return only the value.,A4A5B8615D8A,8.622784512,MB,2048.0,0.7625049164628829,13888.0,context_0000,147.456,['02BD706078EB'],62995,58477.0,synthetic_kv_64k,13888.0
2047.868928,,8622.784512,32,2.047868928,What is the value associated with key D9BE33A315F3? Return only the value.,D37E6E3B0507,8.622784512,MB,2048.0,0.7625049164628829,13888.0,context_0000,147.456,['EE46A829907C'],62995,58477.0,synthetic_kv_64k,13888.0
2047.868928,,8622.784512,32,2.047868928,What is the value associated with key 84A5CDCD0A34? Return only the value.,A85456673E49,8.622784512,MB,2048.0,0.7625049164628829,13888.0,context_0000,147.456,['31DA4937B90F'],62995,58477.0,synthetic_kv_64k,13888.0
2047.868928,,8622.784512,32,2.047868928,What is the value associated with key C8B1089A9F4F? Return only the value.,9F4E685D884C,8.622784512,MB,2048.0,0.7625049164628829,13888.0,context_0000,147.456,['82B39979CF26'],62995,58477.0,synthetic_kv_64k,13888.0
2047.868928,,8622.784512,32,2.047868928,What is the value associated with key B2CD840C5CB0? Return only the value.,5A28CB8383F2,8.622784512,MB,2048.0,0.7625049164628829,13888.0,context_0000,147.456,['9D7D3B4EC9F5'],62995,58477.0,synthetic_kv_64k,13888.0
2047.868928,,8622.784512,32,2.047868928,What is the value associated with key AC8C2B633B18? Return only the value.,5C17093B4D72,8.622784512,MB,2048.0,0.7625049164628829,13888.0,context_0000,147.456,['5C17093B4D72'],62995,58477.0,synthetic_kv_64k,13888.0
2047.868928,,8622.784512,32,2.047868928,What is the value associated with key A7AF3D3FEC1B? Return only the value.,54E18B4D777D,8.622784512,MB,2048.0,0.7625049164628829,13888.0,context_0000,147.456,['F9C30012D399'],62995,58477.0,synthetic_kv_64k,13888.0
2047.868928,,8622.784512,32,2.047868928,What is the value associated with key 163B284E4CD4? Return only the value.,The value associated with the key [163B284E4CD4] is not present in the provided list.,8.622784512,MB,2048.0,0.7625049164628829,13888.0,context_0000,147.456,['46A3FF2F6883'],62995,58477.0,synthetic_kv_64k,13888.0
2047.868928,,8622.784512,32,2.047868928,What is the value associated with key 6641C798A445? Return only the value.,The value associated with the key [6641C798A445] is not present in the provided list.,8.622784512,MB,2048.0,0.7625049164628829,13888.0,context_0000,147.456,['AB6E5A669316'],62995,58477.0,synthetic_kv_64k,13888.0
2047.868928,,8622.784512,32,2.047868928,What is the value associated with key 67CB65281970? Return only the value.,668D85D85C3C,8.622784512,MB,2048.0,0.7625049164628829,13888.0,context_0000,147.456,['33479609598E'],62995,58477.0,synthetic_kv_64k,13888.0
2047.868928,,8622.784512,32,2.047868928,What is the value associated with key 03EF848AC924? Return only the value.,The value associated with the key [03EF848AC924] is [373541843B03,8.622784512,MB,2048.0,0.7625049164628829,13888.0,context_0000,147.456,['B420BCA726EB'],62995,58477.0,synthetic_kv_64k,13888.0
2047.868928,,8622.784512,32,2.047868928,What is the value associated with key EB4F1190E515? Return only the value.,The value associated with the key [EB4F1190E515] is [4C7FA3760C2D,8.622784512,MB,2048.0,0.7625049164628829,13888.0,context_0000,147.456,['8CB217151C03'],62995,58477.0,synthetic_kv_64k,13888.0
2047.868928,,8622.784512,32,2.047868928,What is the value associated with key B9E448D495A4? Return only the value.,A44A5C35488A,8.622784512,MB,2048.0,0.7625049164628829,13888.0,context_0000,147.456,['8F22D46B7756'],62995,58477.0,synthetic_kv_64k,13888.0
2047.868928,,8622.784512,32,2.047868928,What is the value associated with key 953BEA3E072A? Return only the value.,5C3C34555C3C,8.622784512,MB,2048.0,0.7625049164628829,13888.0,context_0000,147.456,['58F4591CC524'],62995,58477.0,synthetic_kv_64k,13888.0
2047.868928,,8622.784512,32,2.047868928,What is the value associated with key D0C5F69A0539? Return only the value.,548E6885C38C,8.622784512,MB,2048.0,0.7625049164628829,13888.0,context_0000,147.456,['39EE46C937E0'],62995,58477.0,synthetic_kv_64k,13888.0
2047.868928,,8622.784512,32,2.047868928,What is the value associated with key F68A9B3AA1D1? Return only the value.,The value associated with the key [F68A9B3AA1D1] is not present in the provided list.,8.622784512,MB,2048.0,0.7625049164628829,13888.0,context_0000,147.456,['746B31CC6738'],62995,58477.0,synthetic_kv_64k,13888.0
2047.868928,,8622.784512,32,2.047868928,What is the value associated with key 6769EE01B9E0? Return only the value.,9F4D88E6C38A,8.622784512,MB,2048.0,0.7625049164628829,13888.0,context_0000,147.456,['0130932D1648'],62995,58477.0,synthetic_kv_64k,13888.0
2047.868928,,8622.784512,32,2.047868928,What is the value associated with key 2CCF42D7F112? Return only the value.,81986839F98F,8.622784512,MB,2048.0,0.7625049164628829,13888.0,context_0000,147.456,['81986839F98F'],62995,58477.0,synthetic_kv_64k,13888.0
2047.868928,,8622.784512,32,2.047868928,What is the value associated with key 8F021B414999? Return only the value.,The value associated with the key [8F021B414999] is not present in the provided list.,8.622784512,MB,2048.0,0.7625049164628829,13888.0,context_0000,147.456,['80CF1287E313'],62995,58477.0,synthetic_kv_64k,13888.0
2047.868928,,8622.784512,32,2.047868928,What is the value associated with key 57084B541670? Return only the value.,5C4432DF8D45,8.622784512,MB,2048.0,0.7625049164628829,13888.0,context_0000,147.456,['1DF4F26F9B19'],62995,58477.0,synthetic_kv_64k,13888.0
2047.868928,,8622.784512,32,2.047868928,What is the value associated with key 8366CD8D9F75? Return only the value.,885A8C3D8C3C,8.622784512,MB,2048.0,0.7625049164628829,13888.0,context_0000,147.456,['41F8F4EAE769'],62995,58477.0,synthetic_kv_64k,13888.0
2047.868928,,8622.784512,32,2.047868928,What is the value associated with key 89B4E048F1DE? Return only the value.,The value associated with the key [89B4E048F1DE] is [44855455545,8.622784512,MB,2048.0,0.7625049164628829,13888.0,context_0000,147.456,['CB1BD02A6CBB'],62995,58477.0,synthetic_kv_64k,13888.0
2047.868928,,8622.784512,32,2.047868928,What is the value associated with key 4009932C3EC9? Return only the value.,The value associated with the key [4009932C3EC9] is not present in the provided list.,8.622784512,MB,2048.0,0.7625049164628829,13888.0,context_0000,147.456,['7159B1B68ECD'],62995,58477.0,synthetic_kv_64k,13888.0
2047.868928,,8622.784512,32,2.047868928,What is the value associated with key 6088F74F6900? Return only the value.,7BCF902BD154,8.622784512,MB,2048.0,0.7625049164628829,13888.0,context_0000,147.456,['7BCF902BD154'],62995,58477.0,synthetic_kv_64k,13888.0
2047.868928,,8622.784512,32,2.047868928,What is the value associated with key 3E47C51C91F4? Return only the value.,56F4C1E9C4FA,8.622784512,MB,2048.0,0.7625049164628829,13888.0,context_0000,147.456,['56F4C1E9C4FA'],62995,58477.0,synthetic_kv_64k,13888.0
2047.868928,,8622.784512,32,2.047868928,What is the value associated with key C68DF613BDA0? Return only the value.,AE7C75771730,8.622784512,MB,2048.0,0.7625049164628829,13888.0,context_0000,147.456,['AE7C75771730'],62995,58477.0,synthetic_kv_64k,13888.0
2047.868928,,8622.784512,32,2.047868928,What is the value associated with key E58275F1C654? Return only the value.,54E85A3D884A,8.622784512,MB,2048.0,0.7625049164628829,13888.0,context_0000,147.456,['DCAD963A4333'],62995,58477.0,synthetic_kv_64k,13888.0
2047.868928,,8622.784512,32,2.047868928,What is the value associated with key 7B620700749A? Return only the value.,42001DC3C26E,8.622784512,MB,2048.0,0.7625049164628829,13888.0,context_0000,147.456,['42001DC3C26E'],62995,58477.0,synthetic_kv_64k,13888.0
2047.868928,,8622.784512,32,2.047868928,What is the value associated with key 61F6114B3C79? Return only the value.,C9E5A237A8C1,8.622784512,MB,2048.0,0.7625049164628829,13888.0,context_0000,147.456,['C9E5A237A8C1'],62995,58477.0,synthetic_kv_64k,13888.0
2047.868928,,8622.784512,32,2.047868928,What is the value associated with key 386AFE83C32A? Return only the value.,50BF9EE4105D,8.622784512,MB,2048.0,0.7625049164628829,13888.0,context_0000,147.456,['B380AD4A2B3C'],62995,58477.0,synthetic_kv_64k,13888.0
2047.868928,,8622.784512,32,2.047868928,What is the value associated with key CCD73ADCB38C? Return only the value.,699450D3BA03,8.622784512,MB,2048.0,0.7625049164628829,13888.0,context_0000,147.456,['699450D3BA03'],62995,58477.0,synthetic_kv_64k,13888.0
2047.868928,,8622.784512,32,2.047868928,What is the value associated with key 5A64F49816AD? Return only the value.,644A809D6444,8.622784512,MB,2048.0,0.7625049164628829,13888.0,context_0000,147.456,['892084399ED9'],62995,58477.0,synthetic_kv_64k,13888.0
2047.868928,,8622.784512,32,2.047868928,What is the value associated with key B368027D3808? Return only the value.,44290C9D8E07,8.622784512,MB,2048.0,0.7625049164628829,13888.0,context_0000,147.456,['436AD5098E07'],62995,58477.0,synthetic_kv_64k,13888.0
2047.868928,,8622.784512,32,2.047868928,What is the value associated with key 498B3F8DCF96? Return only the value.,1D5731BF5CF6,8.622784512,MB,2048.0,0.7625049164628829,13888.0,context_0000,147.456,['662017CF775F'],62995,58477.0,synthetic_kv_64k,13888.0
2047.868928,,8622.784512,32,2.047868928,What is the value associated with key BFB0AC777762? Return only the value.,The value associated with the key [BFB0AC777762] is [44291257429E,8.622784512,MB,2048.0,0.7625049164628829,13888.0,context_0000,147.456,['578CD231F372'],62995,58477.0,synthetic_kv_64k,13888.0
2047.868928,,8622.784512,32,2.047868928,What is the value associated with key 8DF713769FF9? Return only the value.,97778E0E1C3F,8.622784512,MB,2048.0,0.7625049164628829,13888.0,context_0000,147.456,['2DB1EE6FFBEA'],62995,58477.0,synthetic_kv_64k,13888.0
2047.868928,,8622.784512,32,2.047868928,What is the value associated with key 505979FF89D9? Return only the value.,50BF9EE4105D,8.622784512,MB,2048.0,0.7625049164628829,13888.0,context_0000,147.456,['37F35A81762A'],62995,58477.0,synthetic_kv_64k,13888.0
2047.868928,,8622.784512,32,2.047868928,What is the value associated with key 92DEE4F1E8E8? Return only the value.,2ECA44E22691,8.622784512,MB,2048.0,0.7625049164628829,13888.0,context_0000,147.456,['2ECA44E22691'],62995,58477.0,synthetic_kv_64k,13888.0
2047.868928,,8622.784512,32,2.047868928,What is the value associated with key BF04F2765513? Return only the value.,5F148D8C3E6A,8.622784512,MB,2048.0,0.7625049164628829,13888.0,context_0000,147.456,['EE25AEE01EC9'],62995,58477.0,synthetic_kv_64k,13888.0
2047.868928,,8622.784512,32,2.047868928,What is the value associated with key 30AEE8F10194? Return only the value.,3D9F9BC0FA93,8.622784512,MB,2048.0,0.7625049164628829,13888.0,context_0000,147.456,['BCB37FBE6BB3'],62995,58477.0,synthetic_kv_64k,13888.0
2047.868928,,8622.784512,32,2.047868928,What is the value associated with key 3C1F331D58BB? Return only the value.,The value associated with the key [3C1F331D58BB] is not present in the provided list.,8.622784512,MB,2048.0,0.7625049164628829,13888.0,context_0000,147.456,['3DF7BC45144A'],62995,58477.0,synthetic_kv_64k,13888.0
2047.868928,,8622.784512,32,2.047868928,What is the value associated with key 43F1DF6C0D60? Return only the value.,44291257429E,8.622784512,MB,2048.0,0.7625049164628829,13888.0,context_0000,147.456,['3AAD34EF71DF'],62995,58477.0,synthetic_kv_64k,13888.0
2047.868928,,8622.784512,32,2.047868928,What is the value associated with key D5BE33E88249? Return only the value.,D61A3FEC0A37,8.622784512,MB,2048.0,0.7625049164628829,13888.0,context_0000,147.456,['D61A3FEC0A37'],62995,58477.0,synthetic_kv_64k,13888.0
2047.868928,,8622.784512,32,2.047868928,What is the value associated with key 5B249E5C5DCD? Return only the value.,5854D43D888D,8.622784512,MB,2048.0,0.7625049164628829,13888.0,context_0000,147.456,['C76827EF5357'],62995,58477.0,synthetic_kv_64k,13888.0
2047.868928,,8622.784512,32,2.047868928,What is the value associated with key 1EB01B4FFD5F? Return only the value.,The value associated with the key [1EB01B4FFD5F] is not present in the provided list.,8.622784512,MB,2048.0,0.7625049164628829,13888.0,context_0000,147.456,['1417EB91731A'],62995,58477.0,synthetic_kv_64k,13888.0
2047.868928,,8622.784512,32,2.047868928,What is the value associated with key F4ADAD0205F5? Return only the value.,583458345834,8.622784512,MB,2048.0,0.7625049164628829,13888.0,context_0000,147.456,['7E1FA9D6290D'],62995,58477.0,synthetic_kv_64k,13888.0
2047.868928,,8622.784512,32,2.047868928,What is the value associated with key 01B29D23C3CF? Return only the value.,The value associated with the key [01B29D23C3CF] is not present in the provided list.,8.622784512,MB,2048.0,0.7625049164628829,13888.0,context_0000,147.456,['DB6AC3A58237'],62995,58477.0,synthetic_kv_64k,13888.0
2047.868928,,8622.784512,32,2.047868928,What is the value associated with key F53F8A9E0964? Return only the value.,D9170AD1C18C,8.622784512,MB,2048.0,0.7625049164628829,13888.0,context_0000,147.456,['D9170AD1C18C'],62995,58477.0,synthetic_kv_64k,13888.0
2047.868928,,8622.784512,32,2.047868928,What is the value associated with key 5F067B777E71? Return only the value.,C582058E389E,8.622784512,MB,2048.0,0.7625049164628829,13888.0,context_0000,147.456,['50BF9EE4105D'],62995,58477.0,synthetic_kv_64k,13888.0
2047.868928,,8622.784512,32,2.047868928,What is the value associated with key E5EB7E0A04C2? Return only the value.,E188FC40A3D4,8.622784512,MB,2048.0,0.7625049164628829,13888.0,context_0000,147.456,['E188FC40A3D4'],62995,58477.0,synthetic_kv_64k,13888.0
2047.868928,,8622.784512,32,2.047868928,What is the value associated with key 9313E5A1C6E4? Return only the value.,909E8A38D5AA,8.622784512,MB,2048.0,0.7625049164628829,13888.0,context_0000,147.456,['4654DE67A278'],62995,58477.0,synthetic_kv_64k,13888.0
2047.868928,,8622.784512,32,2.047868928,What is the value associated with key 2ED07DA56B6E? Return only the value.,585458545854,8.622784512,MB,2048.0,0.7625049164628829,13888.0,context_0000,147.456,['C3A6FC014A22'],62995,58477.0,synthetic_kv_64k,13888.0
2047.868928,,8622.784512,32,2.047868928,What is the value associated with key 82D9EA7F6C7D? Return only the value.,The value associated with the key [82D9EA7F6C7D] is [929C48F14E6,8.622784512,MB,2048.0,0.7625049164628829,13888.0,context_0000,147.456,['65DB47BF8DB7'],62995,58477.0,synthetic_kv_64k,13888.0
2047.868928,,8622.784512,32,2.047868928,What is the value associated with key C00B38DB128D? Return only the value.,A9480285D44D,8.622784512,MB,2048.0,0.7625049164628829,13888.0,context_0000,147.456,['20D493A05478'],62995,58477.0,synthetic_kv_64k,13888.0
2047.868928,,8622.784512,32,2.047868928,What is the value associated with key 86960DDCA788? Return only the value.,8C4585548585,8.622784512,MB,2048.0,0.7625049164628829,13888.0,context_0000,147.456,['6C55CC9CF41C'],62995,58477.0,synthetic_kv_64k,13888.0
2047.868928,,8622.784512,32,2.047868928,What is the value associated with key F08D7A732F35? Return only the value.,F8568A6FC4B3,8.622784512,MB,2048.0,0.7625049164628829,13888.0,context_0000,147.456,['08568A6FC4B3'],62995,58477.0,synthetic_kv_64k,13888.0
2047.868928,,8622.784512,32,2.047868928,What is the value associated with key 58E780A23721? Return only the value.,The value associated with the key [58E780A23721] is not present in the provided list.,8.622784512,MB,2048.0,0.7625049164628829,13888.0,context_0000,147.456,['DC4364CAA1C7'],62995,58477.0,synthetic_kv_64k,13888.0
2047.868928,,8622.784512,32,2.047868928,What is the value associated with key C6A1AFB3E3AD? Return only the value.,39D385D8C38C,8.622784512,MB,2048.0,0.7625049164628829,13888.0,context_0000,147.456,['750A2CBFB769'],62995,58477.0,synthetic_kv_64k,13888.0
2047.868928,,8622.784512,32,2.047868928,What is the value associated with key 1ED0F9FC6034? Return only the value.,The value associated with the key [1ED0F9FC6034] is not present in the provided list.,8.622784512,MB,2048.0,0.7625049164628829,13888.0,context_0000,147.456,['84A9B2C027E8'],62995,58477.0,synthetic_kv_64k,13888.0
2047.868928,,8622.784512,32,2.047868928,What is the value associated with key 50CE75C72FB6? Return only the value.,77E8BB73888A,8.622784512,MB,2048.0,0.7625049164628829,13888.0,context_0000,147.456,['0227B0701A53'],62995,58477.0,synthetic_kv_64k,13888.0
2047.868928,,8622.784512,32,2.047868928,What is the value associated with key AC920306A258? Return only the value.,A8545667888A,8.622784512,MB,2048.0,0.7625049164628829,13888.0,context_0000,147.456,['612235F3DE4A'],62995,58477.0,synthetic_kv_64k,13888.0
2047.868928,,8622.784512,32,2.047868928,What is the value associated with key 19CA94BCF47A? Return only the value.,548E69C3D58A,8.622784512,MB,2048.0,0.7625049164628829,13888.0,context_0000,147.456,['5C91534FC96D'],62995,58477.0,synthetic_kv_64k,13888.0
2047.868928,,8622.784512,32,2.047868928,What is the value associated with key DCA19CDF0664? Return only the value.,55F3E9C3C38C,8.622784512,MB,2048.0,0.7625049164628829,13888.0,context_0000,147.456,['2FE9427BBFFB'],62995,58477.0,synthetic_kv_64k,13888.0
2047.868928,,8622.784512,32,2.047868928,What is the value associated with key 434A8C6EA6AD? Return only the value.,444A55555555,8.622784512,MB,2048.0,0.7625049164628829,13888.0,context_0000,147.456,['44F73CB526D7'],62995,58477.0,synthetic_kv_64k,13888.0
2047.868928,,8622.784512,32,2.047868928,What is the value associated with key F56278AA16EA? Return only the value.,668D85A3C48A,8.622784512,MB,2048.0,0.7625049164628829,13888.0,context_0000,147.456,['57D59CF3137E'],62995,58477.0,synthetic_kv_64k,13888.0
2047.868928,,8622.784512,32,2.047868928,What is the value associated with key 2F145DAD348E? Return only the value.,The value associated with the key [2F145DAD348E] is not present in the provided list.,8.622784512,MB,2048.0,0.7625049164628829,13888.0,context_0000,147.456,['6C877FAF6458'],62995,58477.0,synthetic_kv_64k,13888.0
2047.868928,,8622.784512,32,2.047868928,What is the value associated with key 6B4935E574E0? Return only the value.,5C448E6D8C3C,8.622784512,MB,2048.0,0.7625049164628829,13888.0,context_0000,147.456,['C08FB361E70A'],62995,58477.0,synthetic_kv_64k,13888.0
2047.868928,,8622.784512,32,2.047868928,What is the value associated with key 5D755F4FAF10? Return only the value.,5C4432DF8D45,8.622784512,MB,2048.0,0.7625049164628829,13888.0,context_0000,147.456,['668DDAB51D55'],62995,58477.0,synthetic_kv_64k,13888.0
2047.868928,,8622.784512,32,2.047868928,What is the value associated with key 73624795CD1D? Return only the value.,5F13D7C3D88C,8.622784512,MB,2048.0,0.7625049164628829,13888.0,context_0000,147.456,['92472E0D3860'],62995,58477.0,synthetic_kv_64k,13888.0
2047.868928,,8622.784512,32,2.047868928,What is the value associated with key FAB121925613? Return only the value.,544858855854,8.622784512,MB,2048.0,0.7625049164628829,13888.0,context_0000,147.456,['AF9E936DB4A7'],62995,58477.0,synthetic_kv_64k,13888.0
2047.868928,,8622.784512,32,2.047868928,What is the value associated with key D06E3A8359B6? Return only the value.,907244C07A9A,8.622784512,MB,2048.0,0.7625049164628829,13888.0,context_0000,147.456,['B8871991103F'],62995,58477.0,synthetic_kv_64k,13888.0
2047.868928,,8622.784512,32,2.047868928,What is the value associated with key CDD8451B6267? Return only the value.,7B8D75D7C47D,8.622784512,MB,2048.0,0.7625049164628829,13888.0,context_0000,147.456,['8E2A3C5DBA42'],62995,58477.0,synthetic_kv_64k,13888.0
2047.868928,,8622.784512,32,2.047868928,What is the value associated with key DB376EA5E341? Return only the value.,559A8C3D7C3A,8.622784512,MB,2048.0,0.7625049164628829,13888.0,context_0000,147.456,['3231618192DE'],62995,58477.0,synthetic_kv_64k,13888.0
2047.868928,,8622.784512,32,2.047868928,What is the value associated with key CCCF255603D4? Return only the value.,581941F9994A,8.622784512,MB,2048.0,0.7625049164628829,13888.0,context_0000,147.456,['BD11F58AB7C7'],62995,58477.0,synthetic_kv_64k,13888.0
2047.868928,,8622.784512,32,2.047868928,What is the value associated with key 79152648C819? Return only the value.,3C08F29D883A,8.622784512,MB,2048.0,0.7625049164628829,13888.0,context_0000,147.456,['027ECE40483B'],62995,58477.0,synthetic_kv_64k,13888.0
2047.868928,,8622.784512,32,2.047868928,What is the value associated with key 6BE82D36226C? Return only the value.,6AA685C3C38C,8.622784512,MB,2048.0,0.7625049164628829,13888.0,context_0000,147.456,['226C7FE5A4B6'],62995,58477.0,synthetic_kv_64k,13888.0
2047.868928,,8622.784512,32,2.047868928,What is the value associated with key E4ADFEDD22D9? Return only the value.,439F928C5C3E,8.622784512,MB,2048.0,0.7625049164628829,13888.0,context_0000,147.456,['A172D9719E00'],62995,58477.0,synthetic_kv_64k,13888.0
2047.868928,,8622.784512,32,2.047868928,What is the value associated with key 88B3845A91B8? Return only the value.,50D3B876A455,8.622784512,MB,2048.0,0.7625049164628829,13888.0,context_0000,147.456,['50D3B876A455'],62995,58477.0,synthetic_kv_64k,13888.0
2047.868928,,8622.784512,32,2.047868928,What is the value associated with key 7C93C90B9454? Return only the value.,403F4CCF0A4B,8.622784512,MB,2048.0,0.7625049164628829,13888.0,context_0000,147.456,['403F4CCF0A4B'],62995,58477.0,synthetic_kv_64k,13888.0
2047.868928,,8622.784512,32,2.047868928,What is the value associated with key DBC68FE84E20? Return only the value.,8C5701D909B4,8.622784512,MB,2048.0,0.7625049164628829,13888.0,context_0000,147.456,['0C36915D9A63'],62995,58477.0,synthetic_kv_64k,13888.0
2047.868928,,8622.784512,32,2.047868928,What is the value associated with key 195665FDAADB? Return only the value.,5855D688D55D,8.622784512,MB,2048.0,0.7625049164628829,13888.0,context_0000,147.456,['29D0B0C77002'],62995,58477.0,synthetic_kv_64k,13888.0
2047.868928,,8622.784512,32,2.047868928,What is the value associated with key 37280F5E8B47? Return only the value.,58F4591CC524,8.622784512,MB,2048.0,0.7625049164628829,13888.0,context_0000,147.456,['4119D0566199'],62995,58477.0,synthetic_kv_64k,13888.0
2047.868928,,8622.784512,32,2.047868928,What is the value associated with key D6C679FE7CCC? Return only the value.,18A7A13EA66D,8.622784512,MB,2048.0,0.7625049164628829,13888.0,context_0000,147.456,['18A7A13EA66D'],62995,58477.0,synthetic_kv_64k,13888.0
2047.868928,,8622.784512,32,2.047868928,What is the value associated with key BE9D7329AF6E? Return only the value.,A09E8A38D5AA,8.622784512,MB,2048.0,0.7625049164628829,13888.0,context_0000,147.456,['428055AC0D06'],62995,58477.0,synthetic_kv_64k,13888.0
2047.868928,,8622.784512,32,2.047868928,What is the value associated with key 5C3D5C6801D6? Return only the value.,8EB78F73198E,8.622784512,MB,2048.0,0.7625049164628829,13888.0,context_0000,147.456,['8EB78F73198E'],62995,58477.0,synthetic_kv_64k,13888.0
2047.868928,,8622.784512,32,2.047868928,What is the value associated with key CF5DEE8D5DAA? Return only the value.,909E8A38D5AA,8.622784512,MB,2048.0,0.7625049164628829,13888.0,context_0000,147.456,['581941F9994A'],62995,58477.0,synthetic_kv_64k,13888.0
2047.868928,,8622.784512,32,2.047868928,What is the value associated with key 69690513EDA8? Return only the value.,59E11F096B9D,8.622784512,MB,2048.0,0.7625049164628829,13888.0,context_0000,147.456,['59E11F096B9D'],62995,58477.0,synthetic_kv_64k,13888.0
2047.868928,,8622.784512,32,2.047868928,What is the value associated with key ADF9DE0BDE18? Return only the value.,9B07F68ECE81,8.622784512,MB,2048.0,0.7625049164628829,13888.0,context_0000,147.456,['9B07F68ECE81'],62995,58477.0,synthetic_kv_64k,13888.0
2047.868928,,8622.784512,32,2.047868928,What is the value associated with key 93AC32EEEB38? Return only the value.,EBF6858A5C3D,8.622784512,MB,2048.0,0.7625049164628829,13888.0,context_0000,147.456,['A65D936DD1A8'],62995,58477.0,synthetic_kv_64k,13888.0
2047.868928,,8622.784512,32,2.047868928,What is the value associated with key 89D7A62D7221? Return only the value.,5854D43D884D,8.622784512,MB,2048.0,0.7625049164628829,13888.0,context_0000,147.456,['FAB82CAE93A2'],62995,58477.0,synthetic_kv_64k,13888.0
2047.868928,,8622.784512,32,2.047868928,What is the value associated with key 48DCC7C2564A? Return only the value.,585D843D884C,8.622784512,MB,2048.0,0.7625049164628829,13888.0,context_0000,147.456,['53395AE86D18'],62995,58477.0,synthetic_kv_64k,13888.0
2047.868928,,8622.784512,32,2.047868928,What is the value associated with key 82ACAC565DA6? Return only the value.,5C174D788C3D,8.622784512,MB,2048.0,0.7625049164628829,13888.0,context_0000,147.456,['C6557CCC63DE'],62995,58477.0,synthetic_kv_64k,13888.0
2047.868928,,8622.784512,32,2.047868928,What is the value associated with key 726ABC8CFA8F? Return only the value.,4C7FA3760C2D,8.622784512,MB,2048.0,0.7625049164628829,13888.0,context_0000,147.456,['1412E3BEF3D6'],62995,58477.0,synthetic_kv_64k,13888.0
2047.868928,,8622.784512,32,2.047868928,What is the value associated with key 9D19618DDE71? Return only the value.,DE462514C7CE,8.622784512,MB,2048.0,0.7625049164628829,13888.0,context_0000,147.456,['76B849599BED'],62995,58477.0,synthetic_kv_64k,13888.0
2047.868928,,8622.784512,32,2.047868928,What is the value associated with key F4E3A1B7E3D8? Return only the value.,D284B0916FB7,8.622784512,MB,2048.0,0.7625049164628829,13888.0,context_0000,147.456,['DE462514C7CE'],62995,58477.0,synthetic_kv_64k,13888.0
2047.868928,,8622.784512,32,2.047868928,What is the value associated with key A3FD2AE63AF6? Return only the value.,5C650F8A0C2C,8.622784512,MB,2048.0,0.7625049164628829,13888.0,context_0000,147.456,['EDB6CEC68CFE'],62995,58477.0,synthetic_kv_64k,13888.0
2047.868928,,8622.784512,32,2.047868928,What is the value associated with key 6BFC565F1491? Return only the value.,9CC0A19B224A,8.622784512,MB,2048.0,0.7625049164628829,13888.0,context_0000,147.456,['9CC0A19B224A'],62995,58477.0,synthetic_kv_64k,13888.0
2047.868928,,8622.784512,32,2.047868928,What is the value associated with key 679F9256D707? Return only the value.,A3B446198F98,8.622784512,MB,2048.0,0.7625049164628829,13888.0,context_0000,147.456,['E835D9518F98'],62995,58477.0,synthetic_kv_64k,13888.0
2047.868928,,8622.784512,32,2.047868928,What is the value associated with key 144012439B0F? Return only the value.,57F72978CC73,8.622784512,MB,2048.0,0.7625049164628829,13888.0,context_0000,147.456,['57F72978CC73'],62995,58477.0,synthetic_kv_64k,13888.0
2047.868928,,8622.784512,32,2.047868928,What is the value associated with key 50403A6C7DA6? Return only the value.,C9213F05557C,8.622784512,MB,2048.0,0.7625049164628829,13888.0,context_0000,147.456,['A72B511EEEB8'],62995,58477.0,synthetic_kv_64k,13888.0
2047.868928,,8622.784512,32,2.047868928,What is the value associated with key B5DE4A965478? Return only the value.,5854D43D884D,8.622784512,MB,2048.0,0.7625049164628829,13888.0,context_0000,147.456,['9AFA44791214'],62995,58477.0,synthetic_kv_64k,13888.0
2047.868928,,8622.784512,32,2.047868928,What is the value associated with key 653CA5076897? Return only the value.,F83BEE4C1B18,8.622784512,MB,2048.0,0.7625049164628829,13888.0,context_0000,147.456,['E33F457083E4'],62995,58477.0,synthetic_kv_64k,13888.0
2047.868928,,8622.784512,32,2.047868928,What is the value associated with key C7ED71E4DC42? Return only the value.,E053DCE0E2BB,8.622784512,MB,2048.0,0.7625049164628829,13888.0,context_0000,147.456,['F053DCE0E2BB'],62995,58477.0,synthetic_kv_64k,13888.0
2047.868928,,8622.784512,32,2.047868928,What is the value associated with key BF765CF85EEB? Return only the value.,8C6D45BCF3BA,8.622784512,MB,2048.0,0.7625049164628829,13888.0,context_0000,147.456,['855C96405FCD'],62995,58477.0,synthetic_kv_64k,13888.0
2047.868928,,8622.784512,32,2.047868928,What is the value associated with key 7346F72CB6C8? Return only the value.,E626D3616B3A,8.622784512,MB,2048.0,0.7625049164628829,13888.0,context_0000,147.456,['2AD569FB2FE6'],62995,58477.0,synthetic_kv_64k,13888.0
2047.868928,,8622.784512,32,2.047868928,What is the value associated with key DAAD2F132A6D? Return only the value.,58544A3D8C3A,8.622784512,MB,2048.0,0.7625049164628829,13888.0,context_0000,147.456,['200205E9F407'],62995,58477.0,synthetic_kv_64k,13888.0
2047.868928,,8622.784512,32,2.047868928,What is the value associated with key 3C10BA4F4B03? Return only the value.,406BA97A4F4E,8.622784512,MB,2048.0,0.7625049164628829,13888.0,context_0000,147.456,['406BA97A4F4E'],62995,58477.0,synthetic_kv_64k,13888.0
2047.868928,,8622.784512,32,2.047868928,What is the value associated with key BE6EF0C0804B? Return only the value.,8C530C9FA6E6,8.622784512,MB,2048.0,0.7625049164628829,13888.0,context_0000,147.456,['BFEEB360DFAA'],62995,58477.0,synthetic_kv_64k,13888.0
2047.868928,,8622.784512,32,2.047868928,What is the value associated with key 35E8147F1F67? Return only the value.,65A42AF90352,8.622784512,MB,2048.0,0.7625049164628829,13888.0,context_0000,147.456,['65A42ABAA4F9'],62995,58477.0,synthetic_kv_64k,13888.0
2047.868928,,8622.784512,32,2.047868928,What is the value associated with key 18761A5ED196? Return only the value.,8FA832339053,8.622784512,MB,2048.0,0.7625049164628829,13888.0,context_0000,147.456,['EFD11054B2D5'],62995,58477.0,synthetic_kv_64k,13888.0
2047.868928,,8622.784512,32,2.047868928,What is the value associated with key 7922E0F1E44C? Return only the value.,5F13D885C38C,8.622784512,MB,2048.0,0.7625049164628829,13888.0,context_0000,147.456,['0DC78C662766'],62995,58477.0,synthetic_kv_64k,13888.0
2047.868928,,8622.784512,32,2.047868928,What is the value associated with key C55B06BFD9C4? Return only the value.,909E8A38D5AA,8.622784512,MB,2048.0,0.7625049164628829,13888.0,context_0000,147.456,['862365A29CC8'],62995,58477.0,synthetic_kv_64k,13888.0
2047.868928,,8622.784512,32,2.047868928,What is the value associated with key FEFAC3D6CD54? Return only the value.,545854585458,8.622784512,MB,2048.0,0.7625049164628829,13888.0,context_0000,147.456,['1A9B154FF37D'],62995,58477.0,synthetic_kv_64k,13888.0
2047.868928,,8622.784512,32,2.047868928,What is the value associated with key 9E3B4330125C? Return only the value.,909E8A38D5AA,8.622784512,MB,2048.0,0.7625049164628829,13888.0,context_0000,147.456,['159527C00F89'],62995,58477.0,synthetic_kv_64k,13888.0
2047.868928,,8622.784512,32,2.047868928,What is the value associated with key EE7CA7A31D25? Return only the value.,585585555555,8.622784512,MB,2048.0,0.7625049164628829,13888.0,context_0000,147.456,['63CCE2AE3F87'],62995,58477.0,synthetic_kv_64k,13888.0
2047.868928,,8622.784512,32,2.047868928,What is the value associated with key 3AB74F32EA54? Return only the value.,3B858430F0FA,8.622784512,MB,2048.0,0.7625049164628829,13888.0,context_0000,147.456,['BCD23F5560CD'],62995,58477.0,synthetic_kv_64k,13888.0
2047.868928,,8622.784512,32,2.047868928,What is the value associated with key 717248BFB602? Return only the value.,The value associated with the key [717248BFB602] is not present in the provided list.,8.622784512,MB,2048.0,0.7625049164628829,13888.0,context_0000,147.456,['205CA06109DB'],62995,58477.0,synthetic_kv_64k,13888.0
2047.868928,,8622.784512,32,2.047868928,What is the value associated with key 86D8219B606D? Return only the value.,545C345C345C,8.622784512,MB,2048.0,0.7625049164628829,13888.0,context_0000,147.456,['2BACD6A919E8'],62995,58477.0,synthetic_kv_64k,13888.0
2047.868928,,8622.784512,32,2.047868928,What is the value associated with key 08FF075072D6? Return only the value.,5B59A9DE5B26,8.622784512,MB,2048.0,0.7625049164628829,13888.0,context_0000,147.456,['5B59A9DE5B26'],62995,58477.0,synthetic_kv_64k,13888.0
2047.868928,,8622.784512,32,2.047868928,What is the value associated with key EA4FDC412176? Return only the value.,7B8584858485,8.622784512,MB,2048.0,0.7625049164628829,13888.0,context_0000,147.456,['DD3E534064B0'],62995,58477.0,synthetic_kv_64k,13888.0
2047.868928,,8622.784512,32,2.047868928,What is the value associated with key 779979E546E7? Return only the value.,779979E546E7,8.622784512,MB,2048.0,0.7625049164628829,13888.0,context_0000,147.456,['DEF3F99863F2'],62995,58477.0,synthetic_kv_64k,13888.0
2047.868928,,8622.784512,32,2.047868928,What is the value associated with key EF528A63B93C? Return only the value.,583D8C3A5C3C,8.622784512,MB,2048.0,0.7625049164628829,13888.0,context_0000,147.456,['8C6D45BCF3BA'],62995,58477.0,synthetic_kv_64k,13888.0
2047.868928,,8622.784512,32,2.047868928,What is the value associated with key 229671E15B9F? Return only the value.,The value associated with the key [229671E15B9F] is not present in the provided list.,8.622784512,MB,2048.0,0.7625049164628829,13888.0,context_0000,147.456,['F2CFF833EBFB'],62995,58477.0,synthetic_kv_64k,13888.0
2047.868928,,8622.784512,32,2.047868928,What is the value associated with key 8A0EB29769B2? Return only the value.,945855555555,8.622784512,MB,2048.0,0.7625049164628829,13888.0,context_0000,147.456,['97402D5245F4'],62995,58477.0,synthetic_kv_64k,13888.0
2047.868928,,8622.784512,32,2.047868928,What is the value associated with key 74E098FB4727? Return only the value.,79D11521AD35,8.622784512,MB,2048.0,0.7625049164628829,13888.0,context_0000,147.456,['BFB8A18C5492'],62995,58477.0,synthetic_kv_64k,13888.0
2047.868928,,8622.784512,32,2.047868928,What is the value associated with key E096A2C723D4? Return only the value.,A9D385D8C34C,8.622784512,MB,2048.0,0.7625049164628829,13888.0,context_0000,147.456,['6F5A9061498F'],62995,58477.0,synthetic_kv_64k,13888.0
2047.868928,,8622.784512,32,2.047868928,What is the value associated with key A3C986017633? Return only the value.,A3C986017633,8.622784512,MB,2048.0,0.7625049164628829,13888.0,context_0000,147.456,['88A6A3B81F92'],62995,58477.0,synthetic_kv_64k,13888.0
2047.868928,,8622.784512,32,2.047868928,What is the value associated with key E8AF4F45F6F7? Return only the value.,The value associated with the key [E8AF4F45F6F7] is [7B4D58E0058,8.622784512,MB,2048.0,0.7625049164628829,13888.0,context_0000,147.456,['7B4D58E0058F'],62995,58477.0,synthetic_kv_64k,13888.0
2047.868928,,8622.784512,32,2.047868928,What is the value associated with key 3A258A27B0B0? Return only the value.,5C3C3D85444C,8.622784512,MB,2048.0,0.7625049164628829,13888.0,context_0000,147.456,['16EDCE015413'],62995,58477.0,synthetic_kv_64k,13888.0
2047.868928,,8622.784512,32,2.047868928,What is the value associated with key 4ED0711DC1DD? Return only the value.,444444444444,8.622784512,MB,2048.0,0.7625049164628829,13888.0,context_0000,147.456,['69865DA3F9CF'],62995,58477.0,synthetic_kv_64k,13888.0
2047.868928,,8622.784512,32,2.047868928,What is the value associated with key 27DD4282B6E4? Return only the value.,The value associated with the key [27DD4282B6E4] is not present in the provided list.,8.622784512,MB,2048.0,0.7625049164628829,13888.0,context_0000,147.456,['02B34DB6F475'],62995,58477.0,synthetic_kv_64k,13888.0
2047.868928,,8622.784512,32,2.047868928,What is the value associated with key 85F800060D5A? Return only the value.,8C3542D8C38C,8.622784512,MB,2048.0,0.7625049164628829,13888.0,context_0000,147.456,['C21FD0BCBAD5'],62995,58477.0,synthetic_kv_64k,13888.0
2047.868928,,8622.784512,32,2.047868928,What is the value associated with key 22E4D913057D? Return only the value.,5F9085E6848C,8.622784512,MB,2048.0,0.7625049164628829,13888.0,context_0000,147.456,['49695808D790'],62995,58477.0,synthetic_kv_64k,13888.0
2047.868928,,8622.784512,32,2.047868928,What is the value associated with key 88FC781D5B6C? Return only the value.,B011022111E5,8.622784512,MB,2048.0,0.7625049164628829,13888.0,context_0000,147.456,['B011022111E5'],62995,58477.0,synthetic_kv_64k,13888.0
2047.868928,,8622.784512,32,2.047868928,What is the value associated with key 7DEFEC0DFC3A? Return only the value.,7B66F26BCEBF,8.622784512,MB,2048.0,0.7625049164628829,13888.0,context_0000,147.456,['C166F26BCEBF'],62995,58477.0,synthetic_kv_64k,13888.0
2047.868928,,8622.784512,32,2.047868928,What is the value associated with key 4CB37A211151? Return only the value.,C41002568389,8.622784512,MB,2048.0,0.7625049164628829,13888.0,context_0000,147.456,['C41002568389'],62995,58477.0,synthetic_kv_64k,13888.0
2047.868928,,8622.784512,32,2.047868928,What is the value associated with key CC476E310234? Return only the value.,A85456673E49,8.622784512,MB,2048.0,0.7625049164628829,13888.0,context_0000,147.456,['98D54AFCF9E8'],62995,58477.0,synthetic_kv_64k,13888.0
2047.868928,,8622.784512,32,2.047868928,What is the value associated with key CBF83B30EE97? Return only the value.,5F13FF7A884D,8.622784512,MB,2048.0,0.7625049164628829,13888.0,context_0000,147.456,['8C5701D909B4'],62995,58477.0,synthetic_kv_64k,13888.0
2047.868928,,8622.784512,32,2.047868928,What is the value associated with key 30465FA72012? Return only the value.,C582058E389E,8.622784512,MB,2048.0,0.7625049164628829,13888.0,context_0000,147.456,['E1D569678586'],62995,58477.0,synthetic_kv_64k,13888.0
2047.868928,,8622.784512,32,2.047868928,What is the value associated with key 6FE68F807D8B? Return only the value.,3FF9650E78E4,8.622784512,MB,2048.0,0.7625049164628829,13888.0,context_0000,147.456,['3FF9650E78E4'],62995,58477.0,synthetic_kv_64k,13888.0
2047.868928,,8622.784512,32,2.047868928,What is the value associated with key B70629CC0789? Return only the value.,A55FBCB3C168,8.622784512,MB,2048.0,0.7625049164628829,13888.0,context_0000,147.456,['A55FBCB3C168'],62995,58477.0,synthetic_kv_64k,13888.0
2047.868928,,8622.784512,32,2.047868928,What is the value associated with key D41363C4E76D? Return only the value.,B0D5C891D55D,8.622784512,MB,2048.0,0.7625049164628829,13888.0,context_0000,147.456,['387860DC12EB'],62995,58477.0,synthetic_kv_64k,13888.0
2047.868928,,8622.784512,32,2.047868928,What is the value associated with key 14474352ACEA? Return only the value.,A0156C17E150,8.622784512,MB,2048.0,0.7625049164628829,13888.0,context_0000,147.456,['A0156C17E150'],62995,58477.0,synthetic_kv_64k,13888.0
2047.868928,,8622.784512,32,2.047868928,What is the value associated with key 84403D53EC43? Return only the value.,CCAC3B8C800F,8.622784512,MB,2048.0,0.7625049164628829,13888.0,context_0000,147.456,['CCCAC3B8C80F'],62995,58477.0,synthetic_kv_64k,13888.0
2047.868928,,8622.784512,32,2.047868928,What is the value associated with key 9CFBE8F2C584? Return only the value.,B1A5CEBD3B2B,8.622784512,MB,2048.0,0.7625049164628829,13888.0,context_0000,147.456,['B1A5CEBD3B2B'],62995,58477.0,synthetic_kv_64k,13888.0
2047.868928,,8622.784512,32,2.047868928,What is the value associated with key 4598AF449605? Return only the value.,A60148E09502,8.622784512,MB,2048.0,0.7625049164628829,13888.0,context_0000,147.456,['A60148E09502'],62995,58477.0,synthetic_kv_64k,13888.0
2047.868928,,8622.784512,32,2.047868928,What is the value associated with key 882DBE3074F8? Return only the value.,44D1CF0E1567,8.622784512,MB,2048.0,0.7625049164628829,13888.0,context_0000,147.456,['44D1CF0E1567'],62995,58477.0,synthetic_kv_64k,13888.0
2047.868928,,8622.784512,32,2.047868928,What is the value associated with key 302069B41194? Return only the value.,1B6733BB7382,8.622784512,MB,2048.0,0.7625049164628829,13888.0,context_0000,147.456,['1186DA7DCC53'],62995,58477.0,synthetic_kv_64k,13888.0
2047.868928,,8622.784512,32,2.047868928,What is the value associated with key 22F92EB23CA3? Return only the value.,548E69C3444C,8.622784512,MB,2048.0,0.7625049164628829,13888.0,context_0000,147.456,['1C404A22EAE9'],62995,58477.0,synthetic_kv_64k,13888.0
2047.868928,,8622.784512,32,2.047868928,What is the value associated with key 7491A30B669C? Return only the value.,5C3C345C3C3C,8.622784512,MB,2048.0,0.7625049164628829,13888.0,context_0000,147.456,['73E89E2383D0'],62995,58477.0,synthetic_kv_64k,13888.0
2047.868928,,8622.784512,32,2.047868928,What is the value associated with key B35245AA9503? Return only the value.,4C7FA3760C2D,8.622784512,MB,2048.0,0.7625049164628829,13888.0,context_0000,147.456,['7DF39F6CCAB4'],62995,58477.0,synthetic_kv_64k,13888.0
2047.868928,,8622.784512,32,2.047868928,What is the value associated with key 52153012F819? Return only the value.,77E8BB7EB979,8.622784512,MB,2048.0,0.7625049164628829,13888.0,context_0000,147.456,['26F304F718C8'],62995,58477.0,synthetic_kv_64k,13888.0
2047.868928,,8622.784512,32,2.047868928,What is the value associated with key F83F0CB4AFE1? Return only the value.,05AA88F3D7EA,8.622784512,MB,2048.0,0.7625049164628829,13888.0,context_0000,147.456,['05AA88F3D7EA'],62995,58477.0,synthetic_kv_64k,13888.0
2047.868928,,8622.784512,32,2.047868928,What is the value associated with key F8EA2F999B2A? Return only the value.,D1AD89F40DE9,8.622784512,MB,2048.0,0.7625049164628829,13888.0,context_0000,147.456,['48381A2E9864'],62995,58477.0,synthetic_kv_64k,13888.0
2047.868928,,8622.784512,32,2.047868928,What is the value associated with key 200244E9F8FB? Return only the value.,703CB71714CD,8.622784512,MB,2048.0,0.7625049164628829,13888.0,context_0000,147.456,['703CB71714CD'],62995,58477.0,synthetic_kv_64k,13888.0
2047.868928,,8622.784512,32,2.047868928,What is the value associated with key 0219BA23B07A? Return only the value.,The value associated with the key [0219BA23B07A] is [17173B99781,8.622784512,MB,2048.0,0.7625049164628829,13888.0,context_0000,147.456,['17173B997815'],62995,58477.0,synthetic_kv_64k,13888.0
2047.868928,,8622.784512,32,2.047868928,What is the value associated with key 03C5269334EF? Return only the value.,37997E5B3AC9,8.622784512,MB,2048.0,0.7625049164628829,13888.0,context_0000,147.456,['37997E5B3AC9'],62995,58477.0,synthetic_kv_64k,13888.0
2047.868928,,8622.784512,32,2.047868928,What is the value associated with key 6B95578799D9? Return only the value.,A44A58E0D58A,8.622784512,MB,2048.0,0.7625049164628829,13888.0,context_0000,147.456,['C9254FC37D4E'],62995,58477.0,synthetic_kv_64k,13888.0
2047.868928,,8622.784512,32,2.047868928,What is the value associated with key 7F96CCA99089? Return only the value.,9F4A52CB1AE0,8.622784512,MB,2048.0,0.7625049164628829,13888.0,context_0000,147.456,['5F13FF7A884D'],62995,58477.0,synthetic_kv_64k,13888.0
2047.868928,,8622.784512,32,2.047868928,What is the value associated with key B26A76B40672? Return only the value.,5C448E6D8C3D,8.622784512,MB,2048.0,0.7625049164628829,13888.0,context_0000,147.456,['081FCA9ACF77'],62995,58477.0,synthetic_kv_64k,13888.0
2047.868928,,8622.784512,32,2.047868928,What is the value associated with key 1489548B2CE3? Return only the value.,444D888D888D,8.622784512,MB,2048.0,0.7625049164628829,13888.0,context_0000,147.456,['C025D7F2A678'],62995,58477.0,synthetic_kv_64k,13888.0
2047.868928,,8622.784512,32,2.047868928,What is the value associated with key 2566F39EF1BE? Return only the value.,585488555854,8.622784512,MB,2048.0,0.7625049164628829,13888.0,context_0000,147.456,['44390E588770'],62995,58477.0,synthetic_kv_64k,13888.0
2047.868928,,8622.784512,32,2.047868928,What is the value associated with key 6475C6913069? Return only the value.,967244F9954A,8.622784512,MB,2048.0,0.7625049164628829,13888.0,context_0000,147.456,['8B0E12464474'],62995,58477.0,synthetic_kv_64k,13888.0
2047.868928,,8622.784512,32,2.047868928,What is the value associated with key 2E7D785B8A07? Return only the value.,8C530C9FA6E6,8.622784512,MB,2048.0,0.7625049164628829,13888.0,context_0000,147.456,['E54C3133839E'],62995,58477.0,synthetic_kv_64k,13888.0
2047.868928,,8622.784512,32,2.047868928,What is the value associated with key 4005D76F1E65? Return only the value.,E82B4295EA96,8.622784512,MB,2048.0,0.7625049164628829,13888.0,context_0000,147.456,['61AFD13757E1'],62995,58477.0,synthetic_kv_64k,13888.0
2047.868928,,8622.784512,32,2.047868928,What is the value associated with key 033AD4085391? Return only the value.,CB5D2AD820CA,8.622784512,MB,2048.0,0.7625049164628829,13888.0,context_0000,147.456,['F97F1F38DF55'],62995,58477.0,synthetic_kv_64k,13888.0
2047.868928,,8622.784512,32,2.047868928,What is the value associated with key B6F5C4A531CD? Return only the value.,5C650F8A0C2C,8.622784512,MB,2048.0,0.7625049164628829,13888.0,context_0000,147.456,['62823FBBFF57'],62995,58477.0,synthetic_kv_64k,13888.0
2047.868928,,8622.784512,32,2.047868928,What is the value associated with key F997C56F05E6? Return only the value.,5C650F8A0C2C,8.622784512,MB,2048.0,0.7625049164628829,13888.0,context_0000,147.456,['3F467165E36B'],62995,58477.0,synthetic_kv_64k,13888.0
2047.868928,,8622.784512,32,2.047868928,What is the value associated with key FE99BCD49975? Return only the value.,9255ED0940F7,8.622784512,MB,2048.0,0.7625049164628829,13888.0,context_0000,147.456,['32FD08942176'],62995,58477.0,synthetic_kv_64k,13888.0
2047.868928,,8622.784512,32,2.047868928,What is the value associated with key BC3E75F94230? Return only the value.,5F13FF7A884D,8.622784512,MB,2048.0,0.7625049164628829,13888.0,context_0000,147.456,['180DC55FFDE8'],62995,58477.0,synthetic_kv_64k,13888.0
2047.868928,,8622.784512,32,2.047868928,What is the value associated with key AA7F85695F97? Return only the value.,5C17093B4D72,8.622784512,MB,2048.0,0.7625049164628829,13888.0,context_0000,147.456,['355CFB6BF1DC'],62995,58477.0,synthetic_kv_64k,13888.0
2047.868928,,8622.784512,32,2.047868928,What is the value associated with key 639D790B185C? Return only the value.,C612AE7300EB,8.622784512,MB,2048.0,0.7625049164628829,13888.0,context_0000,147.456,['F612AE7300EB'],62995,58477.0,synthetic_kv_64k,13888.0
2047.868928,,8622.784512,32,2.047868928,What is the value associated with key EFAB4FE66636? Return only the value.,8C6D45BCF3BA,8.622784512,MB,2048.0,0.7625049164628829,13888.0,context_0000,147.456,['289A52B444E8'],62995,58477.0,synthetic_kv_64k,13888.0
2047.868928,,8622.784512,32,2.047868928,What is the value associated with key BA6DA110E887? Return only the value.,BEA60ACCB23C,8.622784512,MB,2048.0,0.7625049164628829,13888.0,context_0000,147.456,['BEA60ACCB23C'],62995,58477.0,synthetic_kv_64k,13888.0
2047.868928,,8622.784512,32,2.047868928,What is the value associated with key 8CB1EFFAD15B? Return only the value.,A85456673E49,8.622784512,MB,2048.0,0.7625049164628829,13888.0,context_0000,147.456,['1F44855B6C5B'],62995,58477.0,synthetic_kv_64k,13888.0
2047.868928,,8622.784512,32,2.047868928,What is the value associated with key 7B3140D91A8E? Return only the value.,4C7FA3760C2D,8.622784512,MB,2048.0,0.7625049164628829,13888.0,context_0000,147.456,['4C7FA3760C2D'],62995,58477.0,synthetic_kv_64k,13888.0
2047.868928,,8622.784512,32,2.047868928,What is the value associated with key 5C4432DF8D45? Return only the value.,9FBC869C3A8E,8.622784512,MB,2048.0,0.7625049164628829,13888.0,context_0000,147.456,['0D55E3347BAC'],62995,58477.0,synthetic_kv_64k,13888.0
2047.868928,,8622.784512,32,2.047868928,What is the value associated with key AAACDD18AB28? Return only the value.,5C4432DF8D45,8.622784512,MB,2048.0,0.7625049164628829,13888.0,context_0000,147.456,['F92837C0F87A'],62995,58477.0,synthetic_kv_64k,13888.0
2047.868928,,8622.784512,32,2.047868928,What is the value associated with key 3C681CE8E12F? Return only the value.,6F25A206527C,8.622784512,MB,2048.0,0.7625049164628829,13888.0,context_0000,147.456,['6F25A206527C'],62995,58477.0,synthetic_kv_64k,13888.0
2047.868928,,8622.784512,32,2.047868928,What is the value associated with key 03DB531350E0? Return only the value.,F97F1F38DF55,8.622784512,MB,2048.0,0.7625049164628829,13888.0,context_0000,147.456,['CB5D2AD820CA'],62995,58477.0,synthetic_kv_64k,13888.0
2047.868928,,8622.784512,32,2.047868928,What is the value associated with key 95AE46AE7E06? Return only the value.,909E8A38D5AA,8.622784512,MB,2048.0,0.7625049164628829,13888.0,context_0000,147.456,['65531EA15B0F'],62995,58477.0,synthetic_kv_64k,13888.0
2047.868928,,8622.784512,32,2.047868928,What is the value associated with key 3E3BCA0553A2? Return only the value.,F80502493A09,8.622784512,MB,2048.0,0.7625049164628829,13888.0,context_0000,147.456,['F80502493A09'],62995,58477.0,synthetic_kv_64k,13888.0
2047.868928,,8622.784512,32,2.047868928,What is the value associated with key 94C10AC013D5? Return only the value.,1B6733BB7382,8.622784512,MB,2048.0,0.7625049164628829,13888.0,context_0000,147.456,['B0D5C891D55D'],62995,58477.0,synthetic_kv_64k,13888.0
2047.868928,,8622.784512,32,2.047868928,What is the value associated with key B03B79AB56D1? Return only the value.,27AD98A15E4F,8.622784512,MB,2048.0,0.7625049164628829,13888.0,context_0000,147.456,['27AD98A15E4F'],62995,58477.0,synthetic_kv_64k,13888.0
2047.868928,,8622.784512,32,2.047868928,What is the value associated with key C5525F13FB98? Return only the value.,C9213F05557C,8.622784512,MB,2048.0,0.7625049164628829,13888.0,context_0000,147.456,['3FAC16E827B0'],62995,58477.0,synthetic_kv_64k,13888.0
2047.868928,,8622.784512,32,2.047868928,What is the value associated with key 7FFA285EED0A? Return only the value.,EDC545E6C38C,8.622784512,MB,2048.0,0.7625049164628829,13888.0,context_0000,147.456,['AF9A17661795'],62995,58477.0,synthetic_kv_64k,13888.0
2047.868928,,8622.784512,32,2.047868928,What is the value associated with key 56A29E5F8273? Return only the value.,B2A0809D6444,8.622784512,MB,2048.0,0.7625049164628829,13888.0,context_0000,147.456,['F83BEE4C1B18'],62995,58477.0,synthetic_kv_64k,13888.0
2047.868928,,8622.784512,32,2.047868928,What is the value associated with key C272FF39A117? Return only the value.,The value associated with the key [C272FF39A117] is not present in the provided list.,8.622784512,MB,2048.0,0.7625049164628829,13888.0,context_0000,147.456,['0F5FA008AC20'],62995,58477.0,synthetic_kv_64k,13888.0
2047.868928,,8622.784512,32,2.047868928,What is the value associated with key 5B030F4D6C40? Return only the value.,5C4432DF8D45,8.622784512,MB,2048.0,0.7625049164628829,13888.0,context_0000,147.456,['2767A502DC4B'],62995,58477.0,synthetic_kv_64k,13888.0
2047.868928,,8622.784512,32,2.047868928,What is the value associated with key 894EB38A3DB1? Return only the value.,82E5C89D8831,8.622784512,MB,2048.0,0.7625049164628829,13888.0,context_0000,147.456,['1B7ECA9D8831'],62995,58477.0,synthetic_kv_64k,13888.0
2047.868928,,8622.784512,32,2.047868928,What is the value associated with key 7CE320363A73? Return only the value.,51153B90908E,8.622784512,MB,2048.0,0.7625049164628829,13888.0,context_0000,147.456,['51153B90908E'],62995,58477.0,synthetic_kv_64k,13888.0
2047.868928,,8622.784512,32,2.047868928,What is the value associated with key 8EF0FB4F1972? Return only the value.,A507C9DF301E,8.622784512,MB,2048.0,0.7625049164628829,13888.0,context_0000,147.456,['A507C9DF301E'],62995,58477.0,synthetic_kv_64k,13888.0
2047.868928,,8622.784512,32,2.047868928,What is the value associated with key 58E9C1B6EDD4? Return only the value.,E44CCE36E92A,8.622784512,MB,2048.0,0.7625049164628829,13888.0,context_0000,147.456,['E44CCE36E92A'],62995,58477.0,synthetic_kv_64k,13888.0
2047.868928,,8622.784512,32,2.047868928,What is the value associated with key BBB2704FE1A8? Return only the value.,77D214780C9D,8.622784512,MB,2048.0,0.7625049164628829,13888.0,context_0000,147.456,['057731662C94'],62995,58477.0,synthetic_kv_64k,13888.0
2047.868928,,8622.784512,32,2.047868928,What is the value associated with key 60B5B072AFC8? Return only the value.,A9725BB0DD76,8.622784512,MB,2048.0,0.7625049164628829,13888.0,context_0000,147.456,['B9725BB0DD76'],62995,58477.0,synthetic_kv_64k,13888.0
2047.868928,,8622.784512,32,2.047868928,What is the value associated with key 402D227DCECC? Return only the value.,0A1BE60EC813,8.622784512,MB,2048.0,0.7625049164628829,13888.0,context_0000,147.456,['0A1BE60EC813'],62995,58477.0,synthetic_kv_64k,13888.0
2047.868928,,8622.784512,32,2.047868928,What is the value associated with key B4E57C3CC2BC? Return only the value.,8F1C70000009,8.622784512,MB,2048.0,0.7625049164628829,13888.0,context_0000,147.456,['8F1C70000009'],62995,58477.0,synthetic_kv_64k,13888.0
2047.868928,,8622.784512,32,2.047868928,What is the value associated with key 8AF04B726A7C? Return only the value.,A85456673E49,8.622784512,MB,2048.0,0.7625049164628829,13888.0,context_0000,147.456,['7D76B271115B'],62995,58477.0,synthetic_kv_64k,13888.0
2047.868928,,8622.784512,32,2.047868928,What is the value associated with key 911330952621? Return only the value.,8B2A2FC6C4E6,8.622784512,MB,2048.0,0.7625049164628829,13888.0,context_0000,147.456,['8B2A2FC6C4E6'],62995,58477.0,synthetic_kv_64k,13888.0
2047.868928,,8622.784512,32,2.047868928,What is the value associated with key 52DC59008D65? Return only the value.,77E8BB7EB979,8.622784512,MB,2048.0,0.7625049164628829,13888.0,context_0000,147.456,['77E8BB7EB979'],62995,58477.0,synthetic_kv_64k,13888.0
2047.868928,,8622.784512,32,2.047868928,What is the value associated with key DE1F467BA9E5? Return only the value.,9943D4D353A5,8.622784512,MB,2048.0,0.7625049164628829,13888.0,context_0000,147.456,['9943D4D353A5'],62995,58477.0,synthetic_kv_64k,13888.0
2047.868928,,8622.784512,32,2.047868928,What is the value associated with key DC4DEA1AF7D2? Return only the value.,544858855854,8.622784512,MB,2048.0,0.7625049164628829,13888.0,context_0000,147.456,['290C8DF50B01'],62995,58477.0,synthetic_kv_64k,13888.0
2047.868928,,8622.784512,32,2.047868928,What is the value associated with key 87F811A1E557? Return only the value.,The value associated with the key [87F811A1E557] is not present in the provided list.,8.622784512,MB,2048.0,0.7625049164628829,13888.0,context_0000,147.456,['730A27AFBFF9'],62995,58477.0,synthetic_kv_64k,13888.0
2047.868928,,8622.784512,32,2.047868928,What is the value associated with key D1C54BB13407? Return only the value.,BAA6436ADB9D,8.622784512,MB,2048.0,0.7625049164628829,13888.0,context_0000,147.456,['8AA6436ADB9D'],62995,58477.0,synthetic_kv_64k,13888.0
2047.868928,,8622.784512,32,2.047868928,What is the value associated with key 743E5DFB1922? Return only the value.,C6A2002F2CA4,8.622784512,MB,2048.0,0.7625049164628829,13888.0,context_0000,147.456,['C6A2002F2CA4'],62995,58477.0,synthetic_kv_64k,13888.0
2047.868928,,8622.784512,32,2.047868928,What is the value associated with key 8186A355AD05? Return only the value.,A85456673E49,8.622784512,MB,2048.0,0.7625049164628829,13888.0,context_0000,147.456,['BBD06108FFCC'],62995,58477.0,synthetic_kv_64k,13888.0
2047.868928,,8622.784512,32,2.047868928,What is the value associated with key E2072F7F2CD7? Return only the value.,9EA604CAD30A,8.622784512,MB,2048.0,0.7625049164628829,13888.0,context_0000,147.456,['9EA604CAD30A'],62995,58477.0,synthetic_kv_64k,13888.0
2047.868928,,8622.784512,32,2.047868928,What is the value associated with key 5D34DB592A19? Return only the value.,A60148E09502,8.622784512,MB,2048.0,0.7625049164628829,13888.0,context_0000,147.456,['9EC5C6A90598'],62995,58477.0,synthetic_kv_64k,13888.0
2047.868928,,8622.784512,32,2.047868928,What is the value associated with key 52193D211DAF? Return only the value.,1037B893B08A,8.622784512,MB,2048.0,0.7625049164628829,13888.0,context_0000,147.456,['1037B893B08A'],62995,58477.0,synthetic_kv_64k,13888.0
2047.868928,,8622.784512,32,2.047868928,What is the value associated with key F798A885A7B4? Return only the value.,7B8D85E6C34C,8.622784512,MB,2048.0,0.7625049164628829,13888.0,context_0000,147.456,['D1AD89F90DE9'],62995,58477.0,synthetic_kv_64k,13888.0
2047.868928,,8622.784512,32,2.047868928,What is the value associated with key 309B63329992? Return only the value.,8F154F40C22F,8.622784512,MB,2048.0,0.7625049164628829,13888.0,context_0000,147.456,['AEE786296FBE'],62995,58477.0,synthetic_kv_64k,13888.0
2047.868928,,8622.784512,32,2.047868928,What is the value associated with key C4077F5F61AA? Return only the value.,27758D2CFE83,8.622784512,MB,2048.0,0.7625049164628829,13888.0,context_0000,147.456,['27758D2CFE83'],62995,58477.0,synthetic_kv_64k,13888.0
2047.868928,,8622.784512,32,2.047868928,What is the value associated with key 487B9CF023DD? Return only the value.,4CE0CFA28FB8,8.622784512,MB,2048.0,0.7625049164628829,13888.0,context_0000,147.456,['68E85295EA96'],62995,58477.0,synthetic_kv_64k,13888.0
2047.868928,,8622.784512,32,2.047868928,What is the value associated with key 5270A41247A2? Return only the value.,3FF695082801,8.622784512,MB,2048.0,0.7625049164628829,13888.0,context_0000,147.456,['18A41C4760A5'],62995,58477.0,synthetic_kv_64k,13888.0
2047.868928,,8622.784512,32,2.047868928,What is the value associated with key A8AD85F0786A? Return only the value.,0B341111EE29,8.622784512,MB,2048.0,0.7625049164628829,13888.0,context_0000,147.456,['0B341111EE29'],62995,58477.0,synthetic_kv_64k,13888.0
2047.868928,,8622.784512,32,2.047868928,What is the value associated with key F013D5CF3B4C? Return only the value.,D284B0916FB7,8.622784512,MB,2048.0,0.7625049164628829,13888.0,context_0000,147.456,['2DBB2138E2E6'],62995,58477.0,synthetic_kv_64k,13888.0
2047.868928,,8622.784512,32,2.047868928,What is the value associated with key 0801DF9D3910? Return only the value.,1B6733BB7382,8.622784512,MB,2048.0,0.7625049164628829,13888.0,context_0000,147.456,['1B6733BB7382'],62995,58477.0,synthetic_kv_64k,13888.0
2047.868928,,8622.784512,32,2.047868928,What is the value associated with key 310D7C413A2A? Return only the value.,08251947EA42,8.622784512,MB,2048.0,0.7625049164628829,13888.0,context_0000,147.456,['08251947EA42'],62995,58477.0,synthetic_kv_64k,13888.0
2047.868928,,8622.784512,32,2.047868928,What is the value associated with key A449922DDAB6? Return only the value.,637BD617B9C0,8.622784512,MB,2048.0,0.7625049164628829,13888.0,context_0000,147.456,['637BD617B9C0'],62995,58477.0,synthetic_kv_64k,13888.0
2047.868928,,8622.784512,32,2.047868928,What is the value associated with key 7D6AA86D8706? Return only the value.,7B8D848E644D,8.622784512,MB,2048.0,0.7625049164628829,13888.0,context_0000,147.456,['9FBC869C3A8E'],62995,58477.0,synthetic_kv_64k,13888.0
2047.868928,,8622.784512,32,2.047868928,What is the value associated with key 971DB38950CE? Return only the value.,909E8A38D5AA,8.622784512,MB,2048.0,0.7625049164628829,13888.0,context_0000,147.456,['0C904185300D'],62995,58477.0,synthetic_kv_64k,13888.0
2047.868928,,8622.784512,32,2.047868928,What is the value associated with key 38815DC96097? Return only the value.,The value associated with the key [38815DC96097] is not present in the provided list.,8.622784512,MB,2048.0,0.7625049164628829,13888.0,context_0000,147.456,['B7C49B1FC6D1'],62995,58477.0,synthetic_kv_64k,13888.0
2047.868928,,8622.784512,32,2.047868928,What is the value associated with key 03591224CBD2? Return only the value.,EBC8EE224F70,8.622784512,MB,2048.0,0.7625049164628829,13888.0,context_0000,147.456,['EBC8EE224F70'],62995,58477.0,synthetic_kv_64k,13888.0
2047.868928,,8622.784512,32,2.047868928,What is the value associated with key A7DF356FDC0A? Return only the value.,AF4A52CB1AE0,8.622784512,MB,2048.0,0.7625049164628829,13888.0,context_0000,147.456,['EDAB7DCCC026'],62995,58477.0,synthetic_kv_64k,13888.0
2047.868928,,8622.784512,32,2.047868928,What is the value associated with key D503E3C7CA9A? Return only the value.,A85456674D4C,8.622784512,MB,2048.0,0.7625049164628829,13888.0,context_0000,147.456,['77D214780C9D'],62995,58477.0,synthetic_kv_64k,13888.0
2047.868928,,8622.784512,32,2.047868928,What is the value associated with key A390CD0FA4A6? Return only the value.,A85456673E49,8.622784512,MB,2048.0,0.7625049164628829,13888.0,context_0000,147.456,['5C650F8A0C2C'],62995,58477.0,synthetic_kv_64k,13888.0
2047.868928,,8622.784512,32,2.047868928,What is the value associated with key BE548EDA6433? Return only the value.,698F5F290290,8.622784512,MB,2048.0,0.7625049164628829,13888.0,context_0000,147.456,['E3F3F030BFD4'],62995,58477.0,synthetic_kv_64k,13888.0
2047.868928,,8622.784512,32,2.047868928,What is the value associated with key D2706A7BE8B1? Return only the value.,CB535E7B4866,8.622784512,MB,2048.0,0.7625049164628829,13888.0,context_0000,147.456,['CB535E7B4866'],62995,58477.0,synthetic_kv_64k,13888.0
2047.868928,,8622.784512,32,2.047868928,What is the value associated with key 0EECB55BEAAA? Return only the value.,9DEFD2DA43EC,8.622784512,MB,2048.0,0.7625049164628829,13888.0,context_0000,147.456,['9DEFD2DA43EC'],62995,58477.0,synthetic_kv_64k,13888.0
2047.868928,,8622.784512,32,2.047868928,What is the value associated with key 876D440C7E5B? Return only the value.,BBFB0A683EB8,8.622784512,MB,2048.0,0.7625049164628829,13888.0,context_0000,147.456,['BBFB0A683EB8'],62995,58477.0,synthetic_kv_64k,13888.0
2047.868928,,8622.784512,32,2.047868928,What is the value associated with key D59E1204F4D6? Return only the value.,13F34DCCB05D,8.622784512,MB,2048.0,0.7625049164628829,13888.0,context_0000,147.456,['13F34DCCB05D'],62995,58477.0,synthetic_kv_64k,13888.0
2047.868928,,8622.784512,32,2.047868928,What is the value associated with key 3745F1D188B9? Return only the value.,7B87CAFBC4FE,8.622784512,MB,2048.0,0.7625049164628829,13888.0,context_0000,147.456,['84FCF5E90352'],62995,58477.0,synthetic_kv_64k,13888.0
2047.868928,,8622.784512,32,2.047868928,What is the value associated with key 19E918DCCEB6? Return only the value.,909E8A38D5AA,8.622784512,MB,2048.0,0.7625049164628829,13888.0,context_0000,147.456,['3B23B9A4DE2B'],62995,58477.0,synthetic_kv_64k,13888.0
2047.868928,,8622.784512,32,2.047868928,What is the value associated with key 62A5881AF04F? Return only the value.,A4A5C38A5C3C,8.622784512,MB,2048.0,0.7625049164628829,13888.0,context_0000,147.456,['317030807A5D'],62995,58477.0,synthetic_kv_64k,13888.0
2047.868928,,8622.784512,32,2.047868928,What is the value associated with key A82986B4852C? Return only the value.,54E6846E688D,8.622784512,MB,2048.0,0.7625049164628829,13888.0,context_0000,147.456,['91ED3FAEEF01'],62995,58477.0,synthetic_kv_64k,13888.0
2047.868928,,8622.784512,32,2.047868928,What is the value associated with key F28FA0154D65? Return only the value.,D384B0916FB7,8.622784512,MB,2048.0,0.7625049164628829,13888.0,context_0000,147.456,['8EF42DCC4095'],62995,58477.0,synthetic_kv_64k,13888.0
2047.868928,,8622.784512,32,2.047868928,What is the value associated with key 8EE2BFCB3388? Return only the value.,BF006A4989A6,8.622784512,MB,2048.0,0.7625049164628829,13888.0,context_0000,147.456,['BF006A4989A6'],62995,58477.0,synthetic_kv_64k,13888.0
2047.868928,,8622.784512,32,2.047868928,What is the value associated with key C42B1B02FA24? Return only the value.,FA2C45554C2C,8.622784512,MB,2048.0,0.7625049164628829,13888.0,context_0000,147.456,['9399A37CE1C5'],62995,58477.0,synthetic_kv_64k,13888.0
2047.868928,,8622.784512,32,2.047868928,What is the value associated with key ACAB5BA37CB5? Return only the value.,7B854854544D,8.622784512,MB,2048.0,0.7625049164628829,13888.0,context_0000,147.456,['B3DA756EB67D'],62995,58477.0,synthetic_kv_64k,13888.0
2047.868928,,8622.784512,32,2.047868928,What is the value associated with key 6D54AA4D52A8? Return only the value.,5C4432DF8D45,8.622784512,MB,2048.0,0.7625049164628829,13888.0,context_0000,147.456,['1AA6E200C157'],62995,58477.0,synthetic_kv_64k,13888.0
2047.868928,,8622.784512,32,2.047868928,What is the value associated with key CADE2AB403F6? Return only the value.,3D9F9D8A5C3A,8.622784512,MB,2048.0,0.7625049164628829,13888.0,context_0000,147.456,['8CCA2E2E77A4'],62995,58477.0,synthetic_kv_64k,13888.0
2047.868928,,8622.784512,32,2.047868928,What is the value associated with key 813366CC7376? Return only the value.,A85456673E49,8.622784512,MB,2048.0,0.7625049164628829,13888.0,context_0000,147.456,['A85456673E49'],62995,58477.0,synthetic_kv_64k,13888.0
2047.868928,,8622.784512,32,2.047868928,What is the value associated with key 88AD287E4086? Return only the value.,9FBC869C3A8E,8.622784512,MB,2048.0,0.7625049164628829,13888.0,context_0000,147.456,['9994FF9957A8'],62995,58477.0,synthetic_kv_64k,13888.0
2047.868928,,8622.784512,32,2.047868928,What is the value associated with key EEFB71693ED5? Return only the value.,E7095A31E916,8.622784512,MB,2048.0,0.7625049164628829,13888.0,context_0000,147.456,['E7095A31E916'],62995,58477.0,synthetic_kv_64k,13888.0
2047.868928,,8622.784512,32,2.047868928,What is the value associated with key 8CD250ADFF63? Return only the value.,9343985A9548,8.622784512,MB,2048.0,0.7625049164628829,13888.0,context_0000,147.456,['FF31FDD084A1'],62995,58477.0,synthetic_kv_64k,13888.0
2047.868928,,8622.784512,32,2.047868928,What is the value associated with key D848531C8812? Return only the value.,8FA832339053,8.622784512,MB,2048.0,0.7625049164628829,13888.0,context_0000,147.456,['698F5F290290'],62995,58477.0,synthetic_kv_64k,13888.0
2047.868928,,8622.784512,32,2.047868928,What is the value associated with key A21CC3A1962D? Return only the value.,D37E6E3B0507,8.622784512,MB,2048.0,0.7625049164628829,13888.0,context_0000,147.456,['D37E6E3B0507'],62995,58477.0,synthetic_kv_64k,13888.0
2047.868928,,8622.784512,32,2.047868928,What is the value associated with key 52CDB9D276F4? Return only the value.,3D9F9BC0FA93,8.622784512,MB,2048.0,0.7625049164628829,13888.0,context_0000,147.456,['3D9F9BC0FA93'],62995,58477.0,synthetic_kv_64k,13888.0
2047.868928,,8622.784512,32,2.047868928,What is the value associated with key 8BAE902A405C? Return only the value.,600436C3FE85,8.622784512,MB,2048.0,0.7625049164628829,13888.0,context_0000,147.456,['600436C3FE85'],62995,58477.0,synthetic_kv_64k,13888.0
2047.868928,,8622.784512,32,2.047868928,What is the value associated with key 8CDCC4057420? Return only the value.,BE9CED17F6E9,8.622784512,MB,2048.0,0.7625049164628829,13888.0,context_0000,147.456,['BE9CED17F6E9'],62995,58477.0,synthetic_kv_64k,13888.0
2047.868928,,8622.784512,32,2.047868928,What is the value associated with key 5C29410BFC29? Return only the value.,73D0F62ECF88,8.622784512,MB,2048.0,0.7625049164628829,13888.0,context_0000,147.456,['73D0F62ECF88'],62995,58477.0,synthetic_kv_64k,13888.0
2047.868928,,8622.784512,32,2.047868928,What is the value associated with key F5B7728F5897? Return only the value.,The value associated with the key [F5B7728F5897] is not present in the provided list.,8.622784512,MB,2048.0,0.7625049164628829,13888.0,context_0000,147.456,['000C65A7BA30'],62995,58477.0,synthetic_kv_64k,13888.0
2047.868928,,8622.784512,32,2.047868928,What is the value associated with key 08DFB9EFAAD6? Return only the value.,48D3FBA3091F,8.622784512,MB,2048.0,0.7625049164628829,13888.0,context_0000,147.456,['48D3FBA3091F'],62995,58477.0,synthetic_kv_64k,13888.0
2047.868928,,8622.784512,32,2.047868928,What is the value associated with key 042C9883E9B1? Return only the value.,229484820C08,8.622784512,MB,2048.0,0.7625049164628829,13888.0,context_0000,147.456,['229484820C08'],62995,58477.0,synthetic_kv_64k,13888.0
2047.868928,,8622.784512,32,2.047868928,What is the value associated with key E3ECFE503FDC? Return only the value.,6F2ED13032DB,8.622784512,MB,2048.0,0.7625049164628829,13888.0,context_0000,147.456,['01AE4D457EA5'],62995,58477.0,synthetic_kv_64k,13888.0
2047.868928,,8622.784512,32,2.047868928,What is the value associated with key FC014CE2AFA2? Return only the value.,36FE38CD9122,8.622784512,MB,2048.0,0.7625049164628829,13888.0,context_0000,147.456,['36FE38CD9122'],62995,58477.0,synthetic_kv_64k,13888.0
2047.868928,,8622.784512,32,2.047868928,What is the value associated with key 509DDB107E7F? Return only the value.,C582058E389E,8.622784512,MB,2048.0,0.7625049164628829,13888.0,context_0000,147.456,['C582058E389E'],62995,58477.0,synthetic_kv_64k,13888.0
2047.868928,,8622.784512,32,2.047868928,What is the value associated with key F17FD26AA790? Return only the value.,D284B0916FB7,8.622784512,MB,2048.0,0.7625049164628829,13888.0,context_0000,147.456,['D284B0916FB7'],62995,58477.0,synthetic_kv_64k,13888.0
2047.868928,,8622.784512,32,2.047868928,What is the value associated with key EB4A46A52064? Return only the value.,A4A5D483844A,8.622784512,MB,2048.0,0.7625049164628829,13888.0,context_0000,147.456,['82E28DBCDE5A'],62995,58477.0,synthetic_kv_64k,13888.0
2047.868928,,8622.784512,32,2.047868928,What is the value associated with key 92178E6B3085? Return only the value.,91AE66592D83,8.622784512,MB,2048.0,0.7625049164628829,13888.0,context_0000,147.456,['9255ED0940F7'],62995,58477.0,synthetic_kv_64k,13888.0
2047.868928,,8622.784512,32,2.047868928,What is the value associated with key 1823279B637C? Return only the value.,75DA09A9161A,8.622784512,MB,2048.0,0.7625049164628829,13888.0,context_0000,147.456,['75DA09A9161A'],62995,58477.0,synthetic_kv_64k,13888.0
2047.868928,,8622.784512,32,2.047868928,What is the value associated with key 27F65B0C4170? Return only the value.,43D6236EB832,8.622784512,MB,2048.0,0.7625049164628829,13888.0,context_0000,147.456,['43D6236EB832'],62995,58477.0,synthetic_kv_64k,13888.0
2047.868928,,8622.784512,32,2.047868928,What is the value associated with key E3BE5DF924FB? Return only the value.,3FF695082801,8.622784512,MB,2048.0,0.7625049164628829,13888.0,context_0000,147.456,['3FF695082801'],62995,58477.0,synthetic_kv_64k,13888.0
2047.868928,,8622.784512,32,2.047868928,What is the value associated with key 41993BA58126? Return only the value.,4CE0CFA28FB8,8.622784512,MB,2048.0,0.7625049164628829,13888.0,context_0000,147.456,['4CE0CFA28FB8'],62995,58477.0,synthetic_kv_64k,13888.0
2047.868928,,8622.784512,32,2.047868928,What is the value associated with key 920B17871810? Return only the value.,91AE66592D83,8.622784512,MB,2048.0,0.7625049164628829,13888.0,context_0000,147.456,['91AE66592D83'],62995,58477.0,synthetic_kv_64k,13888.0
2047.868928,,8622.784512,32,2.047868928,What is the value associated with key 37A9EAFA4D5B? Return only the value.,13C3BBF8DA91,8.622784512,MB,2048.0,0.7625049164628829,13888.0,context_0000,147.456,['13C3BBF8DA91'],62995,58477.0,synthetic_kv_64k,13888.0
2047.868928,,8622.784512,32,2.047868928,What is the value associated with key 531FB93C92D5? Return only the value.,The value associated with the key [531FB93C92D5] is [7B87CAFBC4FE].,8.622784512,MB,2048.0,0.7625049164628829,13888.0,context_0000,147.456,['7B87CAFBC4FE'],62995,58477.0,synthetic_kv_64k,13888.0
2047.868928,,8622.784512,32,2.047868928,What is the value associated with key 7CFF2C435667? Return only the value.,E626D3616B3A,8.622784512,MB,2048.0,0.7625049164628829,13888.0,context_0000,147.456,['E626D3616B3A'],62995,58477.0,synthetic_kv_64k,13888.0
2047.868928,,8622.784512,32,2.047868928,What is the value associated with key B3EDB0894DE4? Return only the value.,D1CB9383F86D,8.622784512,MB,2048.0,0.7625049164628829,13888.0,context_0000,147.456,['D1CB9383F86D'],62995,58477.0,synthetic_kv_64k,13888.0
2047.868928,,8622.784512,32,2.047868928,What is the value associated with key 1869E85C1EC9? Return only the value.,A46A98611260,8.622784512,MB,2048.0,0.7625049164628829,13888.0,context_0000,147.456,['A46A98611260'],62995,58477.0,synthetic_kv_64k,13888.0
2047.868928,,8622.784512,32,2.047868928,What is the value associated with key 09914CE6928B? Return only the value.,CEEFBB1502EA,8.622784512,MB,2048.0,0.7625049164628829,13888.0,context_0000,147.456,['CEEFBB1502EA'],62995,58477.0,synthetic_kv_64k,13888.0
2047.868928,,8622.784512,32,2.047868928,What is the value associated with key 61AD93875413? Return only the value.,C7B61417182A,8.622784512,MB,2048.0,0.7625049164628829,13888.0,context_0000,147.456,['C7B61417182A'],62995,58477.0,synthetic_kv_64k,13888.0
2047.868928,,8622.784512,32,2.047868928,What is the value associated with key EBFF0E50F355? Return only the value.,559A8C54B8C1,8.622784512,MB,2048.0,0.7625049164628829,13888.0,context_0000,147.456,['559AC559CD0F'],62995,58477.0,synthetic_kv_64k,13888.0
2047.868928,,8622.784512,32,2.047868928,What is the value associated with key E13A5911F42E? Return only the value.,6F2ED13032DB,8.622784512,MB,2048.0,0.7625049164628829,13888.0,context_0000,147.456,['6F2ED13032DB'],62995,58477.0,synthetic_kv_64k,13888.0
2047.868928,,8622.784512,32,2.047868928,What is the value associated with key EE246AA12ABD? Return only the value.,1EDBDE2A2DDF,8.622784512,MB,2048.0,0.7625049164628829,13888.0,context_0000,147.456,['1EDBDE2A2DDF'],62995,58477.0,synthetic_kv_64k,13888.0
2047.868928,,8622.784512,32,2.047868928,What is the value associated with key C538DEAA543E? Return only the value.,7B1D2286E3F8,8.622784512,MB,2048.0,0.7625049164628829,13888.0,context_0000,147.456,['BF673A0A2B59'],62995,58477.0,synthetic_kv_64k,13888.0
2047.868928,,8622.784512,32,2.047868928,What is the value associated with key D977A71C8948? Return only the value.,E3EAC219A845,8.622784512,MB,2048.0,0.7625049164628829,13888.0,context_0000,147.456,['EDBC9A307096'],62995,58477.0,synthetic_kv_64k,13888.0
2047.868928,,8622.784512,32,2.047868928,What is the value associated with key A24602ED5D15? Return only the value.,A24602ED5D15: 7B8785858585,8.622784512,MB,2048.0,0.7625049164628829,13888.0,context_0000,147.456,['A1D7C704E80E'],62995,58477.0,synthetic_kv_64k,13888.0
2047.868928,,8622.784512,32,2.047868928,What is the value associated with key 0DDB61EAAA65? Return only the value.,863D4E0648D0,8.622784512,MB,2048.0,0.7625049164628829,13888.0,context_0000,147.456,['863D4E0648D0'],62995,58477.0,synthetic_kv_64k,13888.0
2047.868928,,8622.784512,32,2.047868928,What is the value associated with key 51BE0A8AEB94? Return only the value.,909E8A38D5AA,8.622784512,MB,2048.0,0.7625049164628829,13888.0,context_0000,147.456,['909E8A38D5AA'],62995,58477.0,synthetic_kv_64k,13888.0
2047.868928,,8622.784512,32,2.047868928,What is the value associated with key 53AB264AE04F? Return only the value.,B2A0809D6444,8.622784512,MB,2048.0,0.7625049164628829,13888.0,context_0000,147.456,['B2A0809D6444'],62995,58477.0,synthetic_kv_64k,13888.0
2047.868928,,8622.784512,32,2.047868928,What is the value associated with key 2737388629FF? Return only the value.,AC730CEEDDC2,8.622784512,MB,2048.0,0.7625049164628829,13888.0,context_0000,147.456,['AC730CEEDDC2'],62995,58477.0,synthetic_kv_64k,13888.0
2047.868928,,8622.784512,32,2.047868928,What is the value associated with key FF53BB48BBBA? Return only the value.,F8966493F5EF,8.622784512,MB,2048.0,0.7625049164628829,13888.0,context_0000,147.456,['F8966493F5EF'],62995,58477.0,synthetic_kv_64k,13888.0
2047.868928,,8622.784512,32,2.047868928,What is the value associated with key C0BA7213E7CC? Return only the value.,9343985A9548,8.622784512,MB,2048.0,0.7625049164628829,13888.0,context_0000,147.456,['9343985A9548'],62995,58477.0,synthetic_kv_64k,13888.0
2047.868928,,8622.784512,32,2.047868928,What is the value associated with key 170F8135F15A? Return only the value.,6E9338DA9A90,8.622784512,MB,2048.0,0.7625049164628829,13888.0,context_0000,147.456,['6E9338DA9A90'],62995,58477.0,synthetic_kv_64k,13888.0
2047.868928,,8622.784512,32,2.047868928,What is the value associated with key C94F4A2F3876? Return only the value.,25E464F2502E,8.622784512,MB,2048.0,0.7625049164628829,13888.0,context_0000,147.456,['25E464F2502E'],62995,58477.0,synthetic_kv_64k,13888.0
2047.868928,,8622.784512,32,2.047868928,What is the value associated with key 560F21D72432? Return only the value.,79D11521AD35,8.622784512,MB,2048.0,0.7625049164628829,13888.0,context_0000,147.456,['79D11521AD35'],62995,58477.0,synthetic_kv_64k,13888.0
2047.868928,,8622.784512,32,2.047868928,What is the value associated with key BECC9249EE3A? Return only the value.,8C530C9FA6E6,8.622784512,MB,2048.0,0.7625049164628829,13888.0,context_0000,147.456,['8C530C9FA6E6'],62995,58477.0,synthetic_kv_64k,13888.0
2047.868928,,8622.784512,32,2.047868928,What is the value associated with key 4336663166A7? Return only the value.,660515C7BC83,8.622784512,MB,2048.0,0.7625049164628829,13888.0,context_0000,147.456,['660515C7BC83'],62995,58477.0,synthetic_kv_64k,13888.0
2047.868928,,8622.784512,32,2.047868928,What is the value associated with key 6F3A80777AC5? Return only the value.,B2A7C6196773,8.622784512,MB,2048.0,0.7625049164628829,13888.0,context_0000,147.456,['B2A7C6196773'],62995,58477.0,synthetic_kv_64k,13888.0
2047.868928,,8622.784512,32,2.047868928,What is the value associated with key C3142160446E? Return only the value.,7B1D2286E3F8,8.622784512,MB,2048.0,0.7625049164628829,13888.0,context_0000,147.456,['7B1D2286E3F8'],62995,58477.0,synthetic_kv_64k,13888.0
2047.868928,,8622.784512,32,2.047868928,What is the value associated with key 32B78F2E08D3? Return only the value.,65337CE4770E,8.622784512,MB,2048.0,0.7625049164628829,13888.0,context_0000,147.456,['65337CE4770E'],62995,58477.0,synthetic_kv_64k,13888.0
2047.868928,,8622.784512,32,2.047868928,What is the value associated with key 9242A6F9C0E1? Return only the value.,8FA832339053,8.622784512,MB,2048.0,0.7625049164628829,13888.0,context_0000,147.456,['8FA832339053'],62995,58477.0,synthetic_kv_64k,13888.0
2047.868928,,8622.784512,32,2.047868928,What is the value associated with key FF409DB1F7F9? Return only the value.,8635BC54B8C1,8.622784512,MB,2048.0,0.7625049164628829,13888.0,context_0000,147.456,['8635BC54B8C1'],62995,58477.0,synthetic_kv_64k,13888.0
2047.868928,,8622.784512,32,2.047868928,What is the value associated with key 3E083F09F7A6? Return only the value.,44291257429E,8.622784512,MB,2048.0,0.7625049164628829,13888.0,context_0000,147.456,['44291257429E'],62995,58477.0,synthetic_kv_64k,13888.0
2047.868928,,8622.784512,32,2.047868928,What is the value associated with key 6E18C6DA85F1? Return only the value.,AF4A52CB1AE0,8.622784512,MB,2048.0,0.7625049164628829,13888.0,context_0000,147.456,['AF4A52CB1AE0'],62995,58477.0,synthetic_kv_64k,13888.0
