question,retained_kv_memory_gb,answer,memory_budget_unit,context_tokens,token_budget,context_length,max_new_tokens,uncompressed_kv_memory_mb,task,retained_kv_memory_mb,context_id,compression_ratio,predicted_answer,retained_context_tokens,answer_prefix,uncompressed_kv_memory_gb,kv_memory_per_token_kb,memory_budget
"Query KEY: K_3900A3B1799D
Return only its VALUE.",0.511967232,['V_7D6246685257'],MB,62985.0,3472.0,62982,32,9287.51616,synthetic_kv_64k,511.967232,context_0000,0.9448757640708105, V_7D6246685257,3472.0,Answer: ,9.28751616,147.456,512.0
"Query KEY: K_4771392456DE
Return only its VALUE.",0.511967232,['V_347ABC8960A9'],MB,62985.0,3472.0,62982,32,9287.51616,synthetic_kv_64k,511.967232,context_0000,0.9448757640708105,197812345678,3472.0,Answer: ,9.28751616,147.456,512.0
"Query KEY: K_10456C031199
Return only its VALUE.",0.511967232,['V_2FF807A0CA6E'],MB,62985.0,3472.0,62982,32,9287.51616,synthetic_kv_64k,511.967232,context_0000,0.9448757640708105,2FF807A0CA6E,3472.0,Answer: ,9.28751616,147.456,512.0
"Query KEY: K_771F37F8A88B
Return only its VALUE.",0.511967232,['V_D6CB8B8148F6'],MB,62985.0,3472.0,62982,32,9287.51616,synthetic_kv_64k,511.967232,context_0000,0.9448757640708105,7D6246685257,3472.0,Answer: ,9.28751616,147.456,512.0
"Query KEY: K_E5FE386ECBE0
Return only its VALUE.",0.511967232,['V_8E6F96DA1DAC'],MB,62985.0,3472.0,62982,32,9287.51616,synthetic_kv_64k,511.967232,context_0000,0.9448757640708105,8E6F96DA1DAC,3472.0,Answer: ,9.28751616,147.456,512.0
"Query KEY: K_51BECE4A2BBD
Return only its VALUE.",0.511967232,['V_D860B2B9437A'],MB,62985.0,3472.0,62982,32,9287.51616,synthetic_kv_64k,511.967232,context_0000,0.9448757640708105,163FCE9FF57F,3472.0,Answer: ,9.28751616,147.456,512.0
"Query KEY: K_8E45571AA876
Return only its VALUE.",0.511967232,['V_6E3D27CD8130'],MB,62985.0,3472.0,62982,32,9287.51616,synthetic_kv_64k,511.967232,context_0000,0.9448757640708105,6E3D27CD8130,3472.0,Answer: ,9.28751616,147.456,512.0
"Query KEY: K_3454562B0F79
Return only its VALUE.",0.511967232,['V_C28517BE3111'],MB,62985.0,3472.0,62982,32,9287.51616,synthetic_kv_64k,511.967232,context_0000,0.9448757640708105,62112F65FAFA,3472.0,Answer: ,9.28751616,147.456,512.0
"Query KEY: K_B7CC18C26797
Return only its VALUE.",0.511967232,['V_B01AD8F56413'],MB,62985.0,3472.0,62982,32,9287.51616,synthetic_kv_64k,511.967232,context_0000,0.9448757640708105,19AC0EA2622B,3472.0,Answer: ,9.28751616,147.456,512.0
"Query KEY: K_876F9A8DCA03
Return only its VALUE.",0.511967232,['V_163FCE9FF57F'],MB,62985.0,3472.0,62982,32,9287.51616,synthetic_kv_64k,511.967232,context_0000,0.9448757640708105,8E943552885A,3472.0,Answer: ,9.28751616,147.456,512.0
"Query KEY: K_EB39BACFB3D0
Return only its VALUE.",0.511967232,['V_3FE989463E85'],MB,62985.0,3472.0,62982,32,9287.51616,synthetic_kv_64k,511.967232,context_0000,0.9448757640708105,627393CD5962,3472.0,Answer: ,9.28751616,147.456,512.0
"Query KEY: K_285860E7A113
Return only its VALUE.",0.511967232,['V_961B8D5288F1'],MB,62985.0,3472.0,62982,32,9287.51616,synthetic_kv_64k,511.967232,context_0000,0.9448757640708105,961B8D5288F1,3472.0,Answer: ,9.28751616,147.456,512.0
"Query KEY: K_B928DC98D2C1
Return only its VALUE.",0.511967232,['V_627393CD59BF'],MB,62985.0,3472.0,62982,32,9287.51616,synthetic_kv_64k,511.967232,context_0000,0.9448757640708105, V_627393CD59BF,3472.0,Answer: ,9.28751616,147.456,512.0
"Query KEY: K_239CB45ED1F0
Return only its VALUE.",0.511967232,['V_C29F19DB3AD0'],MB,62985.0,3472.0,62982,32,9287.51616,synthetic_kv_64k,511.967232,context_0000,0.9448757640708105,2852F26B4776,3472.0,Answer: ,9.28751616,147.456,512.0
"Query KEY: K_E82547294739
Return only its VALUE.",0.511967232,['V_53475D65A441'],MB,62985.0,3472.0,62982,32,9287.51616,synthetic_kv_64k,511.967232,context_0000,0.9448757640708105,53475D65A441,3472.0,Answer: ,9.28751616,147.456,512.0
"Query KEY: K_B5E65EC42E08
Return only its VALUE.",0.511967232,['V_248EA5E5A5AB'],MB,62985.0,3472.0,62982,32,9287.51616,synthetic_kv_64k,511.967232,context_0000,0.9448757640708105, V_6F764BF50B52,3472.0,Answer: ,9.28751616,147.456,512.0
"Query KEY: K_7D57BAA80DD4
Return only its VALUE.",0.511967232,['V_ECAD29D4BEEF'],MB,62985.0,3472.0,62982,32,9287.51616,synthetic_kv_64k,511.967232,context_0000,0.9448757640708105, V_ECAD29D4BEEF,3472.0,Answer: ,9.28751616,147.456,512.0
"Query KEY: K_8A366123FDF7
Return only its VALUE.",0.511967232,['V_70718E944239'],MB,62985.0,3472.0,62982,32,9287.51616,synthetic_kv_64k,511.967232,context_0000,0.9448757640708105,895762385893,3472.0,Answer: ,9.28751616,147.456,512.0
"Query KEY: K_A608AF42E12F
Return only its VALUE.",0.511967232,['V_1CA3C6A7EE39'],MB,62985.0,3472.0,62982,32,9287.51616,synthetic_kv_64k,511.967232,context_0000,0.9448757640708105,19A63E5288F1,3472.0,Answer: ,9.28751616,147.456,512.0
"Query KEY: K_CD6550C187FC
Return only its VALUE.",0.511967232,['V_21E3448AAA9E'],MB,62985.0,3472.0,62982,32,9287.51616,synthetic_kv_64k,511.967232,context_0000,0.9448757640708105, V_21E3448AAA9E,3472.0,Answer: ,9.28751616,147.456,512.0
"Query KEY: K_6CDD508EBAD7
Return only its VALUE.",0.511967232,['V_FF9BA7CAD415'],MB,62985.0,3472.0,62982,32,9287.51616,synthetic_kv_64k,511.967232,context_0000,0.9448757640708105,6F8E9A55596C,3472.0,Answer: ,9.28751616,147.456,512.0
"Query KEY: K_4926757750A9
Return only its VALUE.",0.511967232,['V_477D43CF2FDE'],MB,62985.0,3472.0,62982,32,9287.51616,synthetic_kv_64k,511.967232,context_0000,0.9448757640708105,477D43CF2FDE,3472.0,Answer: ,9.28751616,147.456,512.0
"Query KEY: K_DB5B95A76D79
Return only its VALUE.",0.511967232,['V_B957663F1C97'],MB,62985.0,3472.0,62982,32,9287.51616,synthetic_kv_64k,511.967232,context_0000,0.9448757640708105, V_627393CD59BF,3472.0,Answer: ,9.28751616,147.456,512.0
"Query KEY: K_46D3FF5E9FF0
Return only its VALUE.",0.511967232,['V_FCAE827050A8'],MB,62985.0,3472.0,62982,32,9287.51616,synthetic_kv_64k,511.967232,context_0000,0.9448757640708105,627393CD59BF,3472.0,Answer: ,9.28751616,147.456,512.0
"Query KEY: K_4E411C11F735
Return only its VALUE.",0.511967232,['V_51E9A0A04DC4'],MB,62985.0,3472.0,62982,32,9287.51616,synthetic_kv_64k,511.967232,context_0000,0.9448757640708105,19AC0EA2622B,3472.0,Answer: ,9.28751616,147.456,512.0
"Query KEY: K_C50010435A10
Return only its VALUE.",0.511967232,['V_EFA4FF01CF99'],MB,62985.0,3472.0,62982,32,9287.51616,synthetic_kv_64k,511.967232,context_0000,0.9448757640708105, V_1F358AC856E3,3472.0,Answer: ,9.28751616,147.456,512.0
"Query KEY: K_80B9877409A9
Return only its VALUE.",0.511967232,['V_3AA6B88139B9'],MB,62985.0,3472.0,62982,32,9287.51616,synthetic_kv_64k,511.967232,context_0000,0.9448757640708105,8E6F96DA1DAC,3472.0,Answer: ,9.28751616,147.456,512.0
"Query KEY: K_AE2BA4161293
Return only its VALUE.",0.511967232,['V_96451C8EAEE9'],MB,62985.0,3472.0,62982,32,9287.51616,synthetic_kv_64k,511.967232,context_0000,0.9448757640708105, V_6E3D27CD8130,3472.0,Answer: ,9.28751616,147.456,512.0
"Query KEY: K_50FA6F4CC69A
Return only its VALUE.",0.511967232,['V_01A974273CA3'],MB,62985.0,3472.0,62982,32,9287.51616,synthetic_kv_64k,511.967232,context_0000,0.9448757640708105,01A974273CA3,3472.0,Answer: ,9.28751616,147.456,512.0
"Query KEY: K_367BE9A1FA6F
Return only its VALUE.",0.511967232,['V_65D79BE578C7'],MB,62985.0,3472.0,62982,32,9287.51616,synthetic_kv_64k,511.967232,context_0000,0.9448757640708105,658E9A65596C,3472.0,Answer: ,9.28751616,147.456,512.0
"Query KEY: K_BF712720797D
Return only its VALUE.",0.511967232,['V_52B6C333E861'],MB,62985.0,3472.0,62982,32,9287.51616,synthetic_kv_64k,511.967232,context_0000,0.9448757640708105, V_08488580588A,3472.0,Answer: ,9.28751616,147.456,512.0
"Query KEY: K_FA2A52FBE43B
Return only its VALUE.",0.511967232,['V_394604FC6D82'],MB,62985.0,3472.0,62982,32,9287.51616,synthetic_kv_64k,511.967232,context_0000,0.9448757640708105,62382F6A8E6C,3472.0,Answer: ,9.28751616,147.456,512.0
"Query KEY: K_B9D8EDD96831
Return only its VALUE.",0.511967232,['V_7A994EB93EFF'],MB,62985.0,3472.0,62982,32,9287.51616,synthetic_kv_64k,511.967232,context_0000,0.9448757640708105, V_627393CD59BF,3472.0,Answer: ,9.28751616,147.456,512.0
"Query KEY: K_7B530ED42F1A
Return only its VALUE.",0.511967232,['V_2852F26B4776'],MB,62985.0,3472.0,62982,32,9287.51616,synthetic_kv_64k,511.967232,context_0000,0.9448757640708105,658E648A364E,3472.0,Answer: ,9.28751616,147.456,512.0
"Query KEY: K_4063C40DB9B4
Return only its VALUE.",0.511967232,['V_548B8CBFEDB0'],MB,62985.0,3472.0,62982,32,9287.51616,synthetic_kv_64k,511.967232,context_0000,0.9448757640708105,19AC0EA2622B,3472.0,Answer: ,9.28751616,147.456,512.0
"Query KEY: K_CC484FCCA39A
Return only its VALUE.",0.511967232,['V_BF30A65E688E'],MB,62985.0,3472.0,62982,32,9287.51616,synthetic_kv_64k,511.967232,context_0000,0.9448757640708105,19AC0EA2622B,3472.0,Answer: ,9.28751616,147.456,512.0
"Query KEY: K_E729847FD9B4
Return only its VALUE.",0.511967232,['V_7EED1EFA2197'],MB,62985.0,3472.0,62982,32,9287.51616,synthetic_kv_64k,511.967232,context_0000,0.9448757640708105,684856342310,3472.0,Answer: ,9.28751616,147.456,512.0
"Query KEY: K_20C83985C3CF
Return only its VALUE.",0.511967232,['V_0AC5568CC69B'],MB,62985.0,3472.0,62982,32,9287.51616,synthetic_kv_64k,511.967232,context_0000,0.9448757640708105,8E943CEDDF2D,3472.0,Answer: ,9.28751616,147.456,512.0
"Query KEY: K_03AE38602AB6
Return only its VALUE.",0.511967232,['V_1E24A18FF6B6'],MB,62985.0,3472.0,62982,32,9287.51616,synthetic_kv_64k,511.967232,context_0000,0.9448757640708105,1E24A18FF6B6,3472.0,Answer: ,9.28751616,147.456,512.0
"Query KEY: K_22823A9BEDD4
Return only its VALUE.",0.511967232,['V_1015E7C99B26'],MB,62985.0,3472.0,62982,32,9287.51616,synthetic_kv_64k,511.967232,context_0000,0.9448757640708105,21E9588A152F,3472.0,Answer: ,9.28751616,147.456,512.0
"Query KEY: K_A92DDC1110C1
Return only its VALUE.",0.511967232,['V_8E943CEDDF2D'],MB,62985.0,3472.0,62982,32,9287.51616,synthetic_kv_64k,511.967232,context_0000,0.9448757640708105, V_1E24A18FF6B6,3472.0,Answer: ,9.28751616,147.456,512.0
"Query KEY: K_F888AB4220A7
Return only its VALUE.",0.511967232,['V_7C6A7900F7F9'],MB,62985.0,3472.0,62982,32,9287.51616,synthetic_kv_64k,511.967232,context_0000,0.9448757640708105,85B26688554A,3472.0,Answer: ,9.28751616,147.456,512.0
"Query KEY: K_F229C8DCD19F
Return only its VALUE.",0.511967232,['V_D06ACEB81F9D'],MB,62985.0,3472.0,62982,32,9287.51616,synthetic_kv_64k,511.967232,context_0000,0.9448757640708105,8E94358A569E,3472.0,Answer: ,9.28751616,147.456,512.0
"Query KEY: K_304B30BEB45F
Return only its VALUE.",0.511967232,['V_B5666E595ED3'],MB,62985.0,3472.0,62982,32,9287.51616,synthetic_kv_64k,511.967232,context_0000,0.9448757640708105,627393CD5962,3472.0,Answer: ,9.28751616,147.456,512.0
"Query KEY: K_D27B6C6FA611
Return only its VALUE.",0.511967232,['V_1BBCBAA4B71A'],MB,62985.0,3472.0,62982,32,9287.51616,synthetic_kv_64k,511.967232,context_0000,0.9448757640708105,146E0D093C73,3472.0,Answer: ,9.28751616,147.456,512.0
"Query KEY: K_1F081931E9EE
Return only its VALUE.",0.511967232,['V_37F2DC96925E'],MB,62985.0,3472.0,62982,32,9287.51616,synthetic_kv_64k,511.967232,context_0000,0.9448757640708105,1E24A18FF6B6,3472.0,Answer: ,9.28751616,147.456,512.0
"Query KEY: K_62183FA7F104
Return only its VALUE.",0.511967232,['V_47C572D8567D'],MB,62985.0,3472.0,62982,32,9287.51616,synthetic_kv_64k,511.967232,context_0000,0.9448757640708105,6E3D27CD8130,3472.0,Answer: ,9.28751616,147.456,512.0
"Query KEY: K_5DF26C006F61
Return only its VALUE.",0.511967232,['V_ECDD474EBC19'],MB,62985.0,3472.0,62982,32,9287.51616,synthetic_kv_64k,511.967232,context_0000,0.9448757640708105,62112F65FAFA,3472.0,Answer: ,9.28751616,147.456,512.0
"Query KEY: K_2698EC5B227C
Return only its VALUE.",0.511967232,['V_32218CE21EA3'],MB,62985.0,3472.0,62982,32,9287.51616,synthetic_kv_64k,511.967232,context_0000,0.9448757640708105,2946C1A95EE2,3472.0,Answer: ,9.28751616,147.456,512.0
"Query KEY: K_078ED605E770
Return only its VALUE.",0.511967232,['V_2FC0F8102383'],MB,62985.0,3472.0,62982,32,9287.51616,synthetic_kv_64k,511.967232,context_0000,0.9448757640708105,658058855555,3472.0,Answer: ,9.28751616,147.456,512.0
"Query KEY: K_7906D9441FA5
Return only its VALUE.",0.511967232,['V_D0152A935D62'],MB,62985.0,3472.0,62982,32,9287.51616,synthetic_kv_64k,511.967232,context_0000,0.9448757640708105, V_299603EA5D6A,3472.0,Answer: ,9.28751616,147.456,512.0
"Query KEY: K_F6747C52FA17
Return only its VALUE.",0.511967232,['V_544B0F02BAD0'],MB,62985.0,3472.0,62982,32,9287.51616,synthetic_kv_64k,511.967232,context_0000,0.9448757640708105,8E6F96DA1DAC,3472.0,Answer: ,9.28751616,147.456,512.0
"Query KEY: K_011A610461E3
Return only its VALUE.",0.511967232,['V_C7E5FC3D3348'],MB,62985.0,3472.0,62982,32,9287.51616,synthetic_kv_64k,511.967232,context_0000,0.9448757640708105,62112F65FAFA,3472.0,Answer: ,9.28751616,147.456,512.0
"Query KEY: K_920C747B6DBA
Return only its VALUE.",0.511967232,['V_F92CB7E99ACA'],MB,62985.0,3472.0,62982,32,9287.51616,synthetic_kv_64k,511.967232,context_0000,0.9448757640708105,19AC0EA2622B,3472.0,Answer: ,9.28751616,147.456,512.0
"Query KEY: K_613A27A0C3D7
Return only its VALUE.",0.511967232,['V_6F764BF50B52'],MB,62985.0,3472.0,62982,32,9287.51616,synthetic_kv_64k,511.967232,context_0000,0.9448757640708105,6F30905753A2,3472.0,Answer: ,9.28751616,147.456,512.0
"Query KEY: K_1DF1F7FD5646
Return only its VALUE.",0.511967232,['V_1F358ACD4E10'],MB,62985.0,3472.0,62982,32,9287.51616,synthetic_kv_64k,511.967232,context_0000,0.9448757640708105,145998326856,3472.0,Answer: ,9.28751616,147.456,512.0
"Query KEY: K_A090BF7B539B
Return only its VALUE.",0.511967232,['V_19AC0EA2622B'],MB,62985.0,3472.0,62982,32,9287.51616,synthetic_kv_64k,511.967232,context_0000,0.9448757640708105,627393CD59BF,3472.0,Answer: ,9.28751616,147.456,512.0
"Query KEY: K_F41D958CA9BA
Return only its VALUE.",0.511967232,['V_1D1F284D82E5'],MB,62985.0,3472.0,62982,32,9287.51616,synthetic_kv_64k,511.967232,context_0000,0.9448757640708105,621B94575A10,3472.0,Answer: ,9.28751616,147.456,512.0
"Query KEY: K_23152F923996
Return only its VALUE.",0.511967232,['V_22CB98543881'],MB,62985.0,3472.0,62982,32,9287.51616,synthetic_kv_64k,511.967232,context_0000,0.9448757640708105,621B8D5288F1,3472.0,Answer: ,9.28751616,147.456,512.0
"Query KEY: K_CEBB3C365296
Return only its VALUE.",0.511967232,['V_145998326856'],MB,62985.0,3472.0,62982,32,9287.51616,synthetic_kv_64k,511.967232,context_0000,0.9448757640708105,627393CD5962,3472.0,Answer: ,9.28751616,147.456,512.0
"Query KEY: K_29F99E8FC965
Return only its VALUE.",0.511967232,['V_A1FB85D51695'],MB,62985.0,3472.0,62982,32,9287.51616,synthetic_kv_64k,511.967232,context_0000,0.9448757640708105,656055555555,3472.0,Answer: ,9.28751616,147.456,512.0
"Query KEY: K_8583EF48E8D5
Return only its VALUE.",0.511967232,['V_A0DCB758588D'],MB,62985.0,3472.0,62982,32,9287.51616,synthetic_kv_64k,511.967232,context_0000,0.9448757640708105,656058555555,3472.0,Answer: ,9.28751616,147.456,512.0
"Query KEY: K_87FE3D1A85DD
Return only its VALUE.",0.511967232,['V_4302655238A6'],MB,62985.0,3472.0,62982,32,9287.51616,synthetic_kv_64k,511.967232,context_0000,0.9448757640708105,8E6A818E9A64,3472.0,Answer: ,9.28751616,147.456,512.0
"Query KEY: K_EA194CCC9BC2
Return only its VALUE.",0.511967232,['V_04C412922F83'],MB,62985.0,3472.0,62982,32,9287.51616,synthetic_kv_64k,511.967232,context_0000,0.9448757640708105,62183FA75A6E,3472.0,Answer: ,9.28751616,147.456,512.0
"Query KEY: K_3330FF002D4D
Return only its VALUE.",0.511967232,['V_43D143E42CAF'],MB,62985.0,3472.0,62982,32,9287.51616,synthetic_kv_64k,511.967232,context_0000,0.9448757640708105,658888888888,3472.0,Answer: ,9.28751616,147.456,512.0
"Query KEY: K_B2B1EEEA163E
Return only its VALUE.",0.511967232,['V_2338E1805081'],MB,62985.0,3472.0,62982,32,9287.51616,synthetic_kv_64k,511.967232,context_0000,0.9448757640708105, V_145998326856,3472.0,Answer: ,9.28751616,147.456,512.0
"Query KEY: K_7D12E117DAC3
Return only its VALUE.",0.511967232,['V_91E95E9953D2'],MB,62985.0,3472.0,62982,32,9287.51616,synthetic_kv_64k,511.967232,context_0000,0.9448757640708105,6F3352143E8A,3472.0,Answer: ,9.28751616,147.456,512.0
"Query KEY: K_E059286218B8
Return only its VALUE.",0.511967232,['V_9AE3B41B3143'],MB,62985.0,3472.0,62982,32,9287.51616,synthetic_kv_64k,511.967232,context_0000,0.9448757640708105,62112F65FAFA,3472.0,Answer: ,9.28751616,147.456,512.0
"Query KEY: K_3509A9D3D7C7
Return only its VALUE.",0.511967232,['V_87682260E70F'],MB,62985.0,3472.0,62982,32,9287.51616,synthetic_kv_64k,511.967232,context_0000,0.9448757640708105,876858858885,3472.0,Answer: ,9.28751616,147.456,512.0
"Query KEY: K_4F968DA01097
Return only its VALUE.",0.511967232,['V_904245B89CD9'],MB,62985.0,3472.0,62982,32,9287.51616,synthetic_kv_64k,511.967232,context_0000,0.9448757640708105,8E94358D596C,3472.0,Answer: ,9.28751616,147.456,512.0
"Query KEY: K_6BD79AD620AB
Return only its VALUE.",0.511967232,['V_AF8EB7B56EA7'],MB,62985.0,3472.0,62982,32,9287.51616,synthetic_kv_64k,511.967232,context_0000,0.9448757640708105,627393296852,3472.0,Answer: ,9.28751616,147.456,512.0
"Query KEY: K_80927D106C60
Return only its VALUE.",0.511967232,['V_1A02D89A40C0'],MB,62985.0,3472.0,62982,32,9287.51616,synthetic_kv_64k,511.967232,context_0000,0.9448757640708105,658E688D403E,3472.0,Answer: ,9.28751616,147.456,512.0
"Query KEY: K_169246D483F3
Return only its VALUE.",0.511967232,['V_AAC700E85ECE'],MB,62985.0,3472.0,62982,32,9287.51616,synthetic_kv_64k,511.967232,context_0000,0.9448757640708105,895748815623,3472.0,Answer: ,9.28751616,147.456,512.0
"Query KEY: K_42FAC56811CD
Return only its VALUE.",0.511967232,['V_52BA430F801D'],MB,62985.0,3472.0,62982,32,9287.51616,synthetic_kv_64k,511.967232,context_0000,0.9448757640708105,62183FA75A10,3472.0,Answer: ,9.28751616,147.456,512.0
"Query KEY: K_E238BDC14F1F
Return only its VALUE.",0.511967232,['V_39470279B6A6'],MB,62985.0,3472.0,62982,32,9287.51616,synthetic_kv_64k,511.967232,context_0000,0.9448757640708105,626066666666,3472.0,Answer: ,9.28751616,147.456,512.0
"Query KEY: K_4C50E767DCEA
Return only its VALUE.",0.511967232,['V_12728BABCE3B'],MB,62985.0,3472.0,62982,32,9287.51616,synthetic_kv_64k,511.967232,context_0000,0.9448757640708105,658A58C58875,3472.0,Answer: ,9.28751616,147.456,512.0
"Query KEY: K_BD09D5A804EB
Return only its VALUE.",0.511967232,['V_DC0D25E97977'],MB,62985.0,3472.0,62982,32,9287.51616,synthetic_kv_64k,511.967232,context_0000,0.9448757640708105, V_1F358ACD4E10,3472.0,Answer: ,9.28751616,147.456,512.0
"Query KEY: K_156A20A04502
Return only its VALUE.",0.511967232,['V_BAB34EEA04E7'],MB,62985.0,3472.0,62982,32,9287.51616,synthetic_kv_64k,511.967232,context_0000,0.9448757640708105,146E0BE3534A,3472.0,Answer: ,9.28751616,147.456,512.0
"Query KEY: K_146DDC570131
Return only its VALUE.",0.511967232,['V_B732E61FECC0'],MB,62985.0,3472.0,62982,32,9287.51616,synthetic_kv_64k,511.967232,context_0000,0.9448757640708105,199548855555,3472.0,Answer: ,9.28751616,147.456,512.0
"Query KEY: K_B5151A50AEC3
Return only its VALUE.",0.511967232,['V_7935EE0CAEB5'],MB,62985.0,3472.0,62982,32,9287.51616,synthetic_kv_64k,511.967232,context_0000,0.9448757640708105, V_6F8A58C58875,3472.0,Answer: ,9.28751616,147.456,512.0
"Query KEY: K_5333DD56CC94
Return only its VALUE.",0.511967232,['V_5AA6CF8EBC5A'],MB,62985.0,3472.0,62982,32,9287.51616,synthetic_kv_64k,511.967232,context_0000,0.9448757640708105,658E648A563E,3472.0,Answer: ,9.28751616,147.456,512.0
"Query KEY: K_D318E1A47E10
Return only its VALUE.",0.511967232,['V_5BD50658663A'],MB,62985.0,3472.0,62982,32,9287.51616,synthetic_kv_64k,511.967232,context_0000,0.9448757640708105,627393268594,3472.0,Answer: ,9.28751616,147.456,512.0
"Query KEY: K_D2CCEE49F329
Return only its VALUE.",0.511967232,['V_7F0FCF8D446A'],MB,62985.0,3472.0,62982,32,9287.51616,synthetic_kv_64k,511.967232,context_0000,0.9448757640708105,146E0D093C73,3472.0,Answer: ,9.28751616,147.456,512.0
"Query KEY: K_5182444D610B
Return only its VALUE.",0.511967232,['V_C3DC1BAC27A7'],MB,62985.0,3472.0,62982,32,9287.51616,synthetic_kv_64k,511.967232,context_0000,0.9448757640708105,548885888888,3472.0,Answer: ,9.28751616,147.456,512.0
"Query KEY: K_13D3DF465290
Return only its VALUE.",0.511967232,['V_F0FEDBCCC477'],MB,62985.0,3472.0,62982,32,9287.51616,synthetic_kv_64k,511.967232,context_0000,0.9448757640708105,627393CD5962,3472.0,Answer: ,9.28751616,147.456,512.0
"Query KEY: K_662E38F16A81
Return only its VALUE.",0.511967232,['V_B30675D66ED4'],MB,62985.0,3472.0,62982,32,9287.51616,synthetic_kv_64k,511.967232,context_0000,0.9448757640708105,605EF87405CA,3472.0,Answer: ,9.28751616,147.456,512.0
"Query KEY: K_72233A43B2BA
Return only its VALUE.",0.511967232,['V_CC033170F437'],MB,62985.0,3472.0,62982,32,9287.51616,synthetic_kv_64k,511.967232,context_0000,0.9448757640708105,19A30842858C,3472.0,Answer: ,9.28751616,147.456,512.0
"Query KEY: K_8EA55408F9AC
Return only its VALUE.",0.511967232,['V_238BDD463C09'],MB,62985.0,3472.0,62982,32,9287.51616,synthetic_kv_64k,511.967232,context_0000,0.9448757640708105,8E94358A563E,3472.0,Answer: ,9.28751616,147.456,512.0
"Query KEY: K_B3C94774BC58
Return only its VALUE.",0.511967232,['V_A98C89456F27'],MB,62985.0,3472.0,62982,32,9287.51616,synthetic_kv_64k,511.967232,context_0000,0.9448757640708105,62382F616E6A,3472.0,Answer: ,9.28751616,147.456,512.0
"Query KEY: K_0E21F071D879
Return only its VALUE.",0.511967232,['V_85BDF86C2CA2'],MB,62985.0,3472.0,62982,32,9287.51616,synthetic_kv_64k,511.967232,context_0000,0.9448757640708105,1E24A18FF6B6,3472.0,Answer: ,9.28751616,147.456,512.0
"Query KEY: K_139643F59A85
Return only its VALUE.",0.511967232,['V_B0FD6F3F920C'],MB,62985.0,3472.0,62982,32,9287.51616,synthetic_kv_64k,511.967232,context_0000,0.9448757640708105,199648855435,3472.0,Answer: ,9.28751616,147.456,512.0
"Query KEY: K_DF6F504D281F
Return only its VALUE.",0.511967232,['V_3B3582EC9F2D'],MB,62985.0,3472.0,62982,32,9287.51616,synthetic_kv_64k,511.967232,context_0000,0.9448757640708105,656888888888,3472.0,Answer: ,9.28751616,147.456,512.0
"Query KEY: K_6152939B462D
Return only its VALUE.",0.511967232,['V_16B941357E8C'],MB,62985.0,3472.0,62982,32,9287.51616,synthetic_kv_64k,511.967232,context_0000,0.9448757640708105,605EF87405CA,3472.0,Answer: ,9.28751616,147.456,512.0
"Query KEY: K_DF42B572F3D0
Return only its VALUE.",0.511967232,['V_64E1ABAE4F43'],MB,62985.0,3472.0,62982,32,9287.51616,synthetic_kv_64k,511.967232,context_0000,0.9448757640708105,199505231111,3472.0,Answer: ,9.28751616,147.456,512.0
"Query KEY: K_DCD35D3D9E56
Return only its VALUE.",0.511967232,['V_3FCED9178793'],MB,62985.0,3472.0,62982,32,9287.51616,synthetic_kv_64k,511.967232,context_0000,0.9448757640708105,627393CD5962,3472.0,Answer: ,9.28751616,147.456,512.0
"Query KEY: K_A701688C7015
Return only its VALUE.",0.511967232,['V_62382095EEF6'],MB,62985.0,3472.0,62982,32,9287.51616,synthetic_kv_64k,511.967232,context_0000,0.9448757640708105,897679F7F30C,3472.0,Answer: ,9.28751616,147.456,512.0
"Query KEY: K_C21FF0BBAC67
Return only its VALUE.",0.511967232,['V_591AE71E43A6'],MB,62985.0,3472.0,62982,32,9287.51616,synthetic_kv_64k,511.967232,context_0000,0.9448757640708105,897679F588E3,3472.0,Answer: ,9.28751616,147.456,512.0
"Query KEY: K_CFE94D0B0D1A
Return only its VALUE.",0.511967232,['V_9B95001A9A8B'],MB,62985.0,3472.0,62982,32,9287.51616,synthetic_kv_64k,511.967232,context_0000,0.9448757640708105,656688888888,3472.0,Answer: ,9.28751616,147.456,512.0
"Query KEY: K_6B9D49732D6C
Return only its VALUE.",0.511967232,['V_A4FDA79AC9AA'],MB,62985.0,3472.0,62982,32,9287.51616,synthetic_kv_64k,511.967232,context_0000,0.9448757640708105,627393296413,3472.0,Answer: ,9.28751616,147.456,512.0
"Query KEY: K_E23177097749
Return only its VALUE.",0.511967232,['V_914C15B52908'],MB,62985.0,3472.0,62982,32,9287.51616,synthetic_kv_64k,511.967232,context_0000,0.9448757640708105,5852F26A905A,3472.0,Answer: ,9.28751616,147.456,512.0
"Query KEY: K_2FD055CEE5DB
Return only its VALUE.",0.511967232,['V_7840C04A96C4'],MB,62985.0,3472.0,62982,32,9287.51616,synthetic_kv_64k,511.967232,context_0000,0.9448757640708105,2852F26B4776,3472.0,Answer: ,9.28751616,147.456,512.0
"Query KEY: K_9EEFAC3C5640
Return only its VALUE.",0.511967232,['V_4B7132FA2DE8'],MB,62985.0,3472.0,62982,32,9287.51616,synthetic_kv_64k,511.967232,context_0000,0.9448757640708105,627393CD5962,3472.0,Answer: ,9.28751616,147.456,512.0
"Query KEY: K_17A90640BE0F
Return only its VALUE.",0.511967232,['V_E92C12A4DEF0'],MB,62985.0,3472.0,62982,32,9287.51616,synthetic_kv_64k,511.967232,context_0000,0.9448757640708105,8E6F96DA1DAC,3472.0,Answer: ,9.28751616,147.456,512.0
"Query KEY: K_C498B24445A7
Return only its VALUE.",0.511967232,['V_CC9F7E8F8095'],MB,62985.0,3472.0,62982,32,9287.51616,synthetic_kv_64k,511.967232,context_0000,0.9448757640708105,19A6888E688A,3472.0,Answer: ,9.28751616,147.456,512.0
"Query KEY: K_4B8E3E75C3B4
Return only its VALUE.",0.511967232,['V_700B6CD66193'],MB,62985.0,3472.0,62982,32,9287.51616,synthetic_kv_64k,511.967232,context_0000,0.9448757640708105,684588888888,3472.0,Answer: ,9.28751616,147.456,512.0
"Query KEY: K_EDD98498E113
Return only its VALUE.",0.511967232,['V_3E22D92C9227'],MB,62985.0,3472.0,62982,32,9287.51616,synthetic_kv_64k,511.967232,context_0000,0.9448757640708105,1E24A18FF6B6,3472.0,Answer: ,9.28751616,147.456,512.0
"Query KEY: K_444574DAAEBF
Return only its VALUE.",0.511967232,['V_EDE5CD29A36F'],MB,62985.0,3472.0,62982,32,9287.51616,synthetic_kv_64k,511.967232,context_0000,0.9448757640708105,43D143E42CAF,3472.0,Answer: ,9.28751616,147.456,512.0
"Query KEY: K_A274986F9025
Return only its VALUE.",0.511967232,['V_E298E4347D51'],MB,62985.0,3472.0,62982,32,9287.51616,synthetic_kv_64k,511.967232,context_0000,0.9448757640708105,8E9435901039,3472.0,Answer: ,9.28751616,147.456,512.0
"Query KEY: K_DA7D81392443
Return only its VALUE.",0.511967232,['V_E44E8C41561B'],MB,62985.0,3472.0,62982,32,9287.51616,synthetic_kv_64k,511.967232,context_0000,0.9448757640708105, V_0648D856E68A,3472.0,Answer: ,9.28751616,147.456,512.0
"Query KEY: K_517DE5AF6E39
Return only its VALUE.",0.511967232,['V_E66F79844388'],MB,62985.0,3472.0,62982,32,9287.51616,synthetic_kv_64k,511.967232,context_0000,0.9448757640708105,585288855854,3472.0,Answer: ,9.28751616,147.456,512.0
"Query KEY: K_8DFBA33DC7AF
Return only its VALUE.",0.511967232,['V_F81D8573E793'],MB,62985.0,3472.0,62982,32,9287.51616,synthetic_kv_64k,511.967232,context_0000,0.9448757640708105,8F888955588A,3472.0,Answer: ,9.28751616,147.456,512.0
"Query KEY: K_7A7EA07295E9
Return only its VALUE.",0.511967232,['V_E136464C04AF'],MB,62985.0,3472.0,62982,32,9287.51616,synthetic_kv_64k,511.967232,context_0000,0.9448757640708105,684588888888,3472.0,Answer: ,9.28751616,147.456,512.0
"Query KEY: K_780F49257AF1
Return only its VALUE.",0.511967232,['V_ABF4458F1F19'],MB,62985.0,3472.0,62982,32,9287.51616,synthetic_kv_64k,511.967232,context_0000,0.9448757640708105,658056655555,3472.0,Answer: ,9.28751616,147.456,512.0
"Query KEY: K_29418A476A87
Return only its VALUE.",0.511967232,['V_4D39236C7B87'],MB,62985.0,3472.0,62982,32,9287.51616,synthetic_kv_64k,511.967232,context_0000,0.9448757640708105,8E6F96DA1DAC,3472.0,Answer: ,9.28751616,147.456,512.0
"Query KEY: K_C41D3B33F3D8
Return only its VALUE.",0.511967232,['V_4E3CB1A6B1F1'],MB,62985.0,3472.0,62982,32,9287.51616,synthetic_kv_64k,511.967232,context_0000,0.9448757640708105,19AC0EA2622B,3472.0,Answer: ,9.28751616,147.456,512.0
"Query KEY: K_6D8BB4D7E28E
Return only its VALUE.",0.511967232,['V_D46910714D51'],MB,62985.0,3472.0,62982,32,9287.51616,synthetic_kv_64k,511.967232,context_0000,0.9448757640708105,627393268546,3472.0,Answer: ,9.28751616,147.456,512.0
"Query KEY: K_A96968586EBA
Return only its VALUE.",0.511967232,['V_EE8D8AE8905B'],MB,62985.0,3472.0,62982,32,9287.51616,synthetic_kv_64k,511.967232,context_0000,0.9448757640708105,8E943CEDDF2D,3472.0,Answer: ,9.28751616,147.456,512.0
"Query KEY: K_1FE16A702E2F
Return only its VALUE.",0.511967232,['V_C7696B8E869F'],MB,62985.0,3472.0,62982,32,9287.51616,synthetic_kv_64k,511.967232,context_0000,0.9448757640708105,1E24A18FF6B6,3472.0,Answer: ,9.28751616,147.456,512.0
"Query KEY: K_0A00B20DCB6E
Return only its VALUE.",0.511967232,['V_F4366160A6B4'],MB,62985.0,3472.0,62982,32,9287.51616,synthetic_kv_64k,511.967232,context_0000,0.9448757640708105,1E24A18FF6B6,3472.0,Answer: ,9.28751616,147.456,512.0
"Query KEY: K_98E35A0CDD7C
Return only its VALUE.",0.511967232,['V_C7ACC0E3BEFD'],MB,62985.0,3472.0,62982,32,9287.51616,synthetic_kv_64k,511.967232,context_0000,0.9448757640708105,6F458842E163,3472.0,Answer: ,9.28751616,147.456,512.0
"Query KEY: K_F9F93875394C
Return only its VALUE.",0.511967232,['V_8BBE382C043F'],MB,62985.0,3472.0,62982,32,9287.51616,synthetic_kv_64k,511.967232,context_0000,0.9448757640708105,62382F658E3A,3472.0,Answer: ,9.28751616,147.456,512.0
"Query KEY: K_F8A66F92F25E
Return only its VALUE.",0.511967232,['V_C718076E2BBA'],MB,62985.0,3472.0,62982,32,9287.51616,synthetic_kv_64k,511.967232,context_0000,0.9448757640708105,8E94355488E3,3472.0,Answer: ,9.28751616,147.456,512.0
"Query KEY: K_2AFB06F028FF
Return only its VALUE.",0.511967232,['V_DB73A48B3DBE'],MB,62985.0,3472.0,62982,32,9287.51616,synthetic_kv_64k,511.967232,context_0000,0.9448757640708105,8E6D8868553A,3472.0,Answer: ,9.28751616,147.456,512.0
"Query KEY: K_5D0B7631DE9D
Return only its VALUE.",0.511967232,['V_85330CDF742B'],MB,62985.0,3472.0,62982,32,9287.51616,synthetic_kv_64k,511.967232,context_0000,0.9448757640708105,5214A655596C,3472.0,Answer: ,9.28751616,147.456,512.0
"Query KEY: K_A79A610CF373
Return only its VALUE.",0.511967232,['V_E8CE362F5E5C'],MB,62985.0,3472.0,62982,32,9287.51616,synthetic_kv_64k,511.967232,context_0000,0.9448757640708105,8E9435688543,3472.0,Answer: ,9.28751616,147.456,512.0
"Query KEY: K_ACCC53AC2AB9
Return only its VALUE.",0.511967232,['V_8E77610E6A64'],MB,62985.0,3472.0,62982,32,9287.51616,synthetic_kv_64k,511.967232,context_0000,0.9448757640708105,19AC0EA2622B,3472.0,Answer: ,9.28751616,147.456,512.0
"Query KEY: K_D7D7D4F8FD72
Return only its VALUE.",0.511967232,['V_F0CC14F7CE8D'],MB,62985.0,3472.0,62982,32,9287.51616,synthetic_kv_64k,511.967232,context_0000,0.9448757640708105, V_0A8016D50B84,3472.0,Answer: ,9.28751616,147.456,512.0
"Query KEY: K_1AAA8A175DFE
Return only its VALUE.",0.511967232,['V_72CD59970043'],MB,62985.0,3472.0,62982,32,9287.51616,synthetic_kv_64k,511.967232,context_0000,0.9448757640708105,19A3548A6E6D,3472.0,Answer: ,9.28751616,147.456,512.0
"Query KEY: K_2321A66FD7F7
Return only its VALUE.",0.511967232,['V_149CA6D964A3'],MB,62985.0,3472.0,62982,32,9287.51616,synthetic_kv_64k,511.967232,context_0000,0.9448757640708105,627394566666,3472.0,Answer: ,9.28751616,147.456,512.0
"Query KEY: K_0FE3C1156D6D
Return only its VALUE.",0.511967232,['V_7E9BF319C125'],MB,62985.0,3472.0,62982,32,9287.51616,synthetic_kv_64k,511.967232,context_0000,0.9448757640708105, V_0648D856C14E,3472.0,Answer: ,9.28751616,147.456,512.0
"Query KEY: K_7A222702878B
Return only its VALUE.",0.511967232,['V_F27620500494'],MB,62985.0,3472.0,62982,32,9287.51616,synthetic_kv_64k,511.967232,context_0000,0.9448757640708105,627394575962,3472.0,Answer: ,9.28751616,147.456,512.0
"Query KEY: K_3A91AB61A7B1
Return only its VALUE.",0.511967232,['V_EE1837CC863B'],MB,62985.0,3472.0,62982,32,9287.51616,synthetic_kv_64k,511.967232,context_0000,0.9448757640708105,8E943568852C,3472.0,Answer: ,9.28751616,147.456,512.0
"Query KEY: K_8332B31022F0
Return only its VALUE.",0.511967232,['V_BCDFC4536F1D'],MB,62985.0,3472.0,62982,32,9287.51616,synthetic_kv_64k,511.967232,context_0000,0.9448757640708105,897679235410,3472.0,Answer: ,9.28751616,147.456,512.0
"Query KEY: K_53D9D1BDB8C0
Return only its VALUE.",0.511967232,['V_9F40F6F7F0CC'],MB,62985.0,3472.0,62982,32,9287.51616,synthetic_kv_64k,511.967232,context_0000,0.9448757640708105,62112F65FAFA,3472.0,Answer: ,9.28751616,147.456,512.0
"Query KEY: K_C028F54AD0A2
Return only its VALUE.",0.511967232,['V_658BB70B3420'],MB,62985.0,3472.0,62982,32,9287.51616,synthetic_kv_64k,511.967232,context_0000,0.9448757640708105, V_1F358AC83111,3472.0,Answer: ,9.28751616,147.456,512.0
"Query KEY: K_7C56A092F52A
Return only its VALUE.",0.511967232,['V_9A69C5C14EB4'],MB,62985.0,3472.0,62982,32,9287.51616,synthetic_kv_64k,511.967232,context_0000,0.9448757640708105, V_145998326856,3472.0,Answer: ,9.28751616,147.456,512.0
"Query KEY: K_1507C85ACA46
Return only its VALUE.",0.511967232,['V_234E5EDDBBBF'],MB,62985.0,3472.0,62982,32,9287.51616,synthetic_kv_64k,511.967232,context_0000,0.9448757640708105,146E0BE3534A,3472.0,Answer: ,9.28751616,147.456,512.0
"Query KEY: K_067A575AED2C
Return only its VALUE.",0.511967232,['V_D711D97DC9CD'],MB,62985.0,3472.0,62982,32,9287.51616,synthetic_kv_64k,511.967232,context_0000,0.9448757640708105,621466666666,3472.0,Answer: ,9.28751616,147.456,512.0
"Query KEY: K_FAFBD284476C
Return only its VALUE.",0.511967232,['V_DDF61B049863'],MB,62985.0,3472.0,62982,32,9287.51616,synthetic_kv_64k,511.967232,context_0000,0.9448757640708105,627394566365,3472.0,Answer: ,9.28751616,147.456,512.0
"Query KEY: K_B970F5F62C97
Return only its VALUE.",0.511967232,['V_EB62D4262982'],MB,62985.0,3472.0,62982,32,9287.51616,synthetic_kv_64k,511.967232,context_0000,0.9448757640708105,8E943C8F365A,3472.0,Answer: ,9.28751616,147.456,512.0
"Query KEY: K_4E54B5122DF8
Return only its VALUE.",0.511967232,['V_5A2E6F7C15EA'],MB,62985.0,3472.0,62982,32,9287.51616,synthetic_kv_64k,511.967232,context_0000,0.9448757640708105,477D43CF2FDE,3472.0,Answer: ,9.28751616,147.456,512.0
"Query KEY: K_EE037BC67E1F
Return only its VALUE.",0.511967232,['V_A50544B591F7'],MB,62985.0,3472.0,62982,32,9287.51616,synthetic_kv_64k,511.967232,context_0000,0.9448757640708105,658E9A6353A2,3472.0,Answer: ,9.28751616,147.456,512.0
"Query KEY: K_7DB1DA09DFA0
Return only its VALUE.",0.511967232,['V_8ECF162F8A24'],MB,62985.0,3472.0,62982,32,9287.51616,synthetic_kv_64k,511.967232,context_0000,0.9448757640708105,627393CD5962,3472.0,Answer: ,9.28751616,147.456,512.0
"Query KEY: K_E6CFE1B294DE
Return only its VALUE.",0.511967232,['V_AC3C6105716B'],MB,62985.0,3472.0,62982,32,9287.51616,synthetic_kv_64k,511.967232,context_0000,0.9448757640708105,621A66995E0A,3472.0,Answer: ,9.28751616,147.456,512.0
"Query KEY: K_FD150758E201
Return only its VALUE.",0.511967232,['V_A668D9D80B8D'],MB,62985.0,3472.0,62982,32,9287.51616,synthetic_kv_64k,511.967232,context_0000,0.9448757640708105, V_00885480845A,3472.0,Answer: ,9.28751616,147.456,512.0
"Query KEY: K_F9A02E8D0E87
Return only its VALUE.",0.511967232,['V_B5AB364D7C87'],MB,62985.0,3472.0,62982,32,9287.51616,synthetic_kv_64k,511.967232,context_0000,0.9448757640708105,8E943552884A,3472.0,Answer: ,9.28751616,147.456,512.0
"Query KEY: K_8446CC3EBDDE
Return only its VALUE.",0.511967232,['V_8F2F57207246'],MB,62985.0,3472.0,62982,32,9287.51616,synthetic_kv_64k,511.967232,context_0000,0.9448757640708105,897679F7F38C,3472.0,Answer: ,9.28751616,147.456,512.0
"Query KEY: K_61D2F2B43ABF
Return only its VALUE.",0.511967232,['V_7B9315EABB27'],MB,62985.0,3472.0,62982,32,9287.51616,synthetic_kv_64k,511.967232,context_0000,0.9448757640708105,19AC0EA2622B,3472.0,Answer: ,9.28751616,147.456,512.0
"Query KEY: K_D017B856D035
Return only its VALUE.",0.511967232,['V_7B0BC2171429'],MB,62985.0,3472.0,62982,32,9287.51616,synthetic_kv_64k,511.967232,context_0000,0.9448757640708105, V_042485885843,3472.0,Answer: ,9.28751616,147.456,512.0
"Query KEY: K_F3C2B0CBC61F
Return only its VALUE.",0.511967232,['V_E5777DA67785'],MB,62985.0,3472.0,62982,32,9287.51616,synthetic_kv_64k,511.967232,context_0000,0.9448757640708105,897679F7F38C,3472.0,Answer: ,9.28751616,147.456,512.0
"Query KEY: K_08D4CAFDA613
Return only its VALUE.",0.511967232,['V_96A617D2582E'],MB,62985.0,3472.0,62982,32,9287.51616,synthetic_kv_64k,511.967232,context_0000,0.9448757640708105,627393CD59BF,3472.0,Answer: ,9.28751616,147.456,512.0
"Query KEY: K_CF0D38BA8ABC
Return only its VALUE.",0.511967232,['V_7C92B118F68D'],MB,62985.0,3472.0,62982,32,9287.51616,synthetic_kv_64k,511.967232,context_0000,0.9448757640708105,199516945843,3472.0,Answer: ,9.28751616,147.456,512.0
"Query KEY: K_BCF094E0D3BA
Return only its VALUE.",0.511967232,['V_B00087EA7FF5'],MB,62985.0,3472.0,62982,32,9287.51616,synthetic_kv_64k,511.967232,context_0000,0.9448757640708105,627393CD59BF,3472.0,Answer: ,9.28751616,147.456,512.0
"Query KEY: K_B42054AEBD1B
Return only its VALUE.",0.511967232,['V_E851B3EE4D3B'],MB,62985.0,3472.0,62982,32,9287.51616,synthetic_kv_64k,511.967232,context_0000,0.9448757640708105,627394543554,3472.0,Answer: ,9.28751616,147.456,512.0
"Query KEY: K_9CFD455AC762
Return only its VALUE.",0.511967232,['V_7609405BFDC9'],MB,62985.0,3472.0,62982,32,9287.51616,synthetic_kv_64k,511.967232,context_0000,0.9448757640708105,627393268591,3472.0,Answer: ,9.28751616,147.456,512.0
"Query KEY: K_A18F314D3441
Return only its VALUE.",0.511967232,['V_62112F65FAFA'],MB,62985.0,3472.0,62982,32,9287.51616,synthetic_kv_64k,511.967232,context_0000,0.9448757640708105, V_0E688423A8E,3472.0,Answer: ,9.28751616,147.456,512.0
"Query KEY: K_8D917BF47042
Return only its VALUE.",0.511967232,['V_97AD31B1B099'],MB,62985.0,3472.0,62982,32,9287.51616,synthetic_kv_64k,511.967232,context_0000,0.9448757640708105,8E6A8868582C,3472.0,Answer: ,9.28751616,147.456,512.0
"Query KEY: K_B8C53A3C563E
Return only its VALUE.",0.511967232,['V_9AC22DEFE193'],MB,62985.0,3472.0,62982,32,9287.51616,synthetic_kv_64k,511.967232,context_0000,0.9448757640708105,897679F7F38C,3472.0,Answer: ,9.28751616,147.456,512.0
"Query KEY: K_40CF88BD13D1
Return only its VALUE.",0.511967232,['V_174D4639447B'],MB,62985.0,3472.0,62982,32,9287.51616,synthetic_kv_64k,511.967232,context_0000,0.9448757640708105,174D4639447B,3472.0,Answer: ,9.28751616,147.456,512.0
"Query KEY: K_1BEAF96B648A
Return only its VALUE.",0.511967232,['V_95928DA8EEE4'],MB,62985.0,3472.0,62982,32,9287.51616,synthetic_kv_64k,511.967232,context_0000,0.9448757640708105,62183FA75A6A,3472.0,Answer: ,9.28751616,147.456,512.0
"Query KEY: K_34867DAA39F0
Return only its VALUE.",0.511967232,['V_0647DF6A8F93'],MB,62985.0,3472.0,62982,32,9287.51616,synthetic_kv_64k,511.967232,context_0000,0.9448757640708105,627393CD5962,3472.0,Answer: ,9.28751616,147.456,512.0
"Query KEY: K_919492F5DF7B
Return only its VALUE.",0.511967232,['V_F51A782A65E0'],MB,62985.0,3472.0,62982,32,9287.51616,synthetic_kv_64k,511.967232,context_0000,0.9448757640708105,897679F5348E,3472.0,Answer: ,9.28751616,147.456,512.0
"Query KEY: K_AE7170C2903F
Return only its VALUE.",0.511967232,['V_81440D270659'],MB,62985.0,3472.0,62982,32,9287.51616,synthetic_kv_64k,511.967232,context_0000,0.9448757640708105,8E6F96DA1DAC,3472.0,Answer: ,9.28751616,147.456,512.0
"Query KEY: K_3A697A4C75D4
Return only its VALUE.",0.511967232,['V_2174D2762BDC'],MB,62985.0,3472.0,62982,32,9287.51616,synthetic_kv_64k,511.967232,context_0000,0.9448757640708105,65D243E8423A,3472.0,Answer: ,9.28751616,147.456,512.0
"Query KEY: K_FBC66694C343
Return only its VALUE.",0.511967232,['V_4DAF0DB95301'],MB,62985.0,3472.0,62982,32,9287.51616,synthetic_kv_64k,511.967232,context_0000,0.9448757640708105,897679F7F38C,3472.0,Answer: ,9.28751616,147.456,512.0
"Query KEY: K_2B9C4DC82A1E
Return only its VALUE.",0.511967232,['V_7F12FE716B14'],MB,62985.0,3472.0,62982,32,9287.51616,synthetic_kv_64k,511.967232,context_0000,0.9448757640708105,2338E1805081,3472.0,Answer: ,9.28751616,147.456,512.0
"Query KEY: K_D514C3B290D0
Return only its VALUE.",0.511967232,['V_C2C085C7504B'],MB,62985.0,3472.0,62982,32,9287.51616,synthetic_kv_64k,511.967232,context_0000,0.9448757640708105,627393CD5962,3472.0,Answer: ,9.28751616,147.456,512.0
"Query KEY: K_983E715629EE
Return only its VALUE.",0.511967232,['V_DB8FFD72B050'],MB,62985.0,3472.0,62982,32,9287.51616,synthetic_kv_64k,511.967232,context_0000,0.9448757640708105,8E6F96DA1DAC,3472.0,Answer: ,9.28751616,147.456,512.0
"Query KEY: K_1ED69EFBA58B
Return only its VALUE.",0.511967232,['V_32CEBD767E35'],MB,62985.0,3472.0,62982,32,9287.51616,synthetic_kv_64k,511.967232,context_0000,0.9448757640708105,52F5D83333C3,3472.0,Answer: ,9.28751616,147.456,512.0
"Query KEY: K_877F3605BF54
Return only its VALUE.",0.511967232,['V_2991A911D192'],MB,62985.0,3472.0,62982,32,9287.51616,synthetic_kv_64k,511.967232,context_0000,0.9448757640708105, V_964856845863,3472.0,Answer: ,9.28751616,147.456,512.0
"Query KEY: K_7ACF2834E4C0
Return only its VALUE.",0.511967232,['V_50251337739E'],MB,62985.0,3472.0,62982,32,9287.51616,synthetic_kv_64k,511.967232,context_0000,0.9448757640708105,62183FA75A6C,3472.0,Answer: ,9.28751616,147.456,512.0
"Query KEY: K_D12900AF5B3A
Return only its VALUE.",0.511967232,['V_F098980402A2'],MB,62985.0,3472.0,62982,32,9287.51616,synthetic_kv_64k,511.967232,context_0000,0.9448757640708105, V_1F358AC8319A,3472.0,Answer: ,9.28751616,147.456,512.0
"Query KEY: K_10B64A8FF810
Return only its VALUE.",0.511967232,['V_93823B4206C5'],MB,62985.0,3472.0,62982,32,9287.51616,synthetic_kv_64k,511.967232,context_0000,0.9448757640708105,19A68862554A,3472.0,Answer: ,9.28751616,147.456,512.0
"Query KEY: K_90C0B4FB0EB9
Return only its VALUE.",0.511967232,['V_2471743B65A2'],MB,62985.0,3472.0,62982,32,9287.51616,synthetic_kv_64k,511.967232,context_0000,0.9448757640708105,19AC0EA2622B,3472.0,Answer: ,9.28751616,147.456,512.0
"Query KEY: K_7783AFF8754D
Return only its VALUE.",0.511967232,['V_8773EC856F37'],MB,62985.0,3472.0,62982,32,9287.51616,synthetic_kv_64k,511.967232,context_0000,0.9448757640708105,658E6F8D884E,3472.0,Answer: ,9.28751616,147.456,512.0
"Query KEY: K_6548EF04E57D
Return only its VALUE.",0.511967232,['V_3AC36CD5E859'],MB,62985.0,3472.0,62982,32,9287.51616,synthetic_kv_64k,511.967232,context_0000,0.9448757640708105,897654321098,3472.0,Answer: ,9.28751616,147.456,512.0
"Query KEY: K_731A8B6870B5
Return only its VALUE.",0.511967232,['V_4C48A5CB63A2'],MB,62985.0,3472.0,62982,32,9287.51616,synthetic_kv_64k,511.967232,context_0000,0.9448757640708105,63B45EF361C2,3472.0,Answer: ,9.28751616,147.456,512.0
"Query KEY: K_8800E88DA719
Return only its VALUE.",0.511967232,['V_48D3D39E198B'],MB,62985.0,3472.0,62982,32,9287.51616,synthetic_kv_64k,511.967232,context_0000,0.9448757640708105,897679008423,3472.0,Answer: ,9.28751616,147.456,512.0
"Query KEY: K_1E881247EA4E
Return only its VALUE.",0.511967232,['V_E0D849E2623D'],MB,62985.0,3472.0,62982,32,9287.51616,synthetic_kv_64k,511.967232,context_0000,0.9448757640708105,8E6F96DA1DAC,3472.0,Answer: ,9.28751616,147.456,512.0
"Query KEY: K_EFF91FD5A423
Return only its VALUE.",0.511967232,['V_9BB1B04D3376'],MB,62985.0,3472.0,62982,32,9287.51616,synthetic_kv_64k,511.967232,context_0000,0.9448757640708105,658888888888,3472.0,Answer: ,9.28751616,147.456,512.0
"Query KEY: K_CE15B321BF21
Return only its VALUE.",0.511967232,['V_8B63F1533AE8'],MB,62985.0,3472.0,62982,32,9287.51616,synthetic_kv_64k,511.967232,context_0000,0.9448757640708105, V_1F358ACD4E10,3472.0,Answer: ,9.28751616,147.456,512.0
"Query KEY: K_E0217E695D0D
Return only its VALUE.",0.511967232,['V_0D3E40181C6E'],MB,62985.0,3472.0,62982,32,9287.51616,synthetic_kv_64k,511.967232,context_0000,0.9448757640708105,627394566666,3472.0,Answer: ,9.28751616,147.456,512.0
"Query KEY: K_7535176132ED
Return only its VALUE.",0.511967232,['V_0A9FF366BAD4'],MB,62985.0,3472.0,62982,32,9287.51616,synthetic_kv_64k,511.967232,context_0000,0.9448757640708105, V_658E648A553A,3472.0,Answer: ,9.28751616,147.456,512.0
"Query KEY: K_59B2C19AD58C
Return only its VALUE.",0.511967232,['V_E26BA6C9537F'],MB,62985.0,3472.0,62982,32,9287.51616,synthetic_kv_64k,511.967232,context_0000,0.9448757640708105,627393CD5962,3472.0,Answer: ,9.28751616,147.456,512.0
"Query KEY: K_8E6AEA83BF00
Return only its VALUE.",0.511967232,['V_DF2C95D82980'],MB,62985.0,3472.0,62982,32,9287.51616,synthetic_kv_64k,511.967232,context_0000,0.9448757640708105,8E6F96DA1DAC,3472.0,Answer: ,9.28751616,147.456,512.0
"Query KEY: K_F0A5175BA98D
Return only its VALUE.",0.511967232,['V_D1135913F9D3'],MB,62985.0,3472.0,62982,32,9287.51616,synthetic_kv_64k,511.967232,context_0000,0.9448757640708105, V_19AC0EA2622B,3472.0,Answer: ,9.28751616,147.456,512.0
"Query KEY: K_A4615553B2FE
Return only its VALUE.",0.511967232,['V_358EAB8DDEB4'],MB,62985.0,3472.0,62982,32,9287.51616,synthetic_kv_64k,511.967232,context_0000,0.9448757640708105, V_06588855852A,3472.0,Answer: ,9.28751616,147.456,512.0
"Query KEY: K_5257DB946570
Return only its VALUE.",0.511967232,['V_D2C3546E035A'],MB,62985.0,3472.0,62982,32,9287.51616,synthetic_kv_64k,511.967232,context_0000,0.9448757640708105,627394767543,3472.0,Answer: ,9.28751616,147.456,512.0
"Query KEY: K_FDAEB194990B
Return only its VALUE.",0.511967232,['V_CD08F1F8343E'],MB,62985.0,3472.0,62982,32,9287.51616,synthetic_kv_64k,511.967232,context_0000,0.9448757640708105, V_06485868842A,3472.0,Answer: ,9.28751616,147.456,512.0
"Query KEY: K_12C98CD321B0
Return only its VALUE.",0.511967232,['V_2D16746F7891'],MB,62985.0,3472.0,62982,32,9287.51616,synthetic_kv_64k,511.967232,context_0000,0.9448757640708105,199532855431,3472.0,Answer: ,9.28751616,147.456,512.0
"Query KEY: K_813A50843242
Return only its VALUE.",0.511967232,['V_3B5A52C21221'],MB,62985.0,3472.0,62982,32,9287.51616,synthetic_kv_64k,511.967232,context_0000,0.9448757640708105,684288588486,3472.0,Answer: ,9.28751616,147.456,512.0
"Query KEY: K_0096FCF56188
Return only its VALUE.",0.511967232,['V_EC888AE769ED'],MB,62985.0,3472.0,62982,32,9287.51616,synthetic_kv_64k,511.967232,context_0000,0.9448757640708105,8E6261A95E0A,3472.0,Answer: ,9.28751616,147.456,512.0
"Query KEY: K_1BC069CA97D2
Return only its VALUE.",0.511967232,['V_FF3AC1A6423B'],MB,62985.0,3472.0,62982,32,9287.51616,synthetic_kv_64k,511.967232,context_0000,0.9448757640708105,146E0D093C73,3472.0,Answer: ,9.28751616,147.456,512.0
"Query KEY: K_E253A01AC992
Return only its VALUE.",0.511967232,['V_1A6CC28EBD70'],MB,62985.0,3472.0,62982,32,9287.51616,synthetic_kv_64k,511.967232,context_0000,0.9448757640708105,1F35AA5F89CA,3472.0,Answer: ,9.28751616,147.456,512.0
"Query KEY: K_88BB341C6494
Return only its VALUE.",0.511967232,['V_43148C99A894'],MB,62985.0,3472.0,62982,32,9287.51616,synthetic_kv_64k,511.967232,context_0000,0.9448757640708105,897679F7F30C,3472.0,Answer: ,9.28751616,147.456,512.0
"Query KEY: K_9378ED7BF656
Return only its VALUE.",0.511967232,['V_F82CB2C08394'],MB,62985.0,3472.0,62982,32,9287.51616,synthetic_kv_64k,511.967232,context_0000,0.9448757640708105,627394566365,3472.0,Answer: ,9.28751616,147.456,512.0
"Query KEY: K_0EC71F15C7B6
Return only its VALUE.",0.511967232,['V_9F1A288B78B5'],MB,62985.0,3472.0,62982,32,9287.51616,synthetic_kv_64k,511.967232,context_0000,0.9448757640708105,605EF87405CA,3472.0,Answer: ,9.28751616,147.456,512.0
"Query KEY: K_07008D03C91E
Return only its VALUE.",0.511967232,['V_D0E48D605936'],MB,62985.0,3472.0,62982,32,9287.51616,synthetic_kv_64k,511.967232,context_0000,0.9448757640708105,1E24A18FF6B6,3472.0,Answer: ,9.28751616,147.456,512.0
"Query KEY: K_730B17DC8EFF
Return only its VALUE.",0.511967232,['V_3A17E9B5C5CF'],MB,62985.0,3472.0,62982,32,9287.51616,synthetic_kv_64k,511.967232,context_0000,0.9448757640708105,63E9588A558E,3472.0,Answer: ,9.28751616,147.456,512.0
"Query KEY: K_4ED5D50755D9
Return only its VALUE.",0.511967232,['V_956EB77350CA'],MB,62985.0,3472.0,62982,32,9287.51616,synthetic_kv_64k,511.967232,context_0000,0.9448757640708105,627393CD5962,3472.0,Answer: ,9.28751616,147.456,512.0
"Query KEY: K_D4BB45FF2C83
Return only its VALUE.",0.511967232,['V_F70AD5B077E0'],MB,62985.0,3472.0,62982,32,9287.51616,synthetic_kv_64k,511.967232,context_0000,0.9448757640708105,5BD66ACAC954,3472.0,Answer: ,9.28751616,147.456,512.0
"Query KEY: K_F1C6FAF14FF0
Return only its VALUE.",0.511967232,['V_E9DF3E652603'],MB,62985.0,3472.0,62982,32,9287.51616,synthetic_kv_64k,511.967232,context_0000,0.9448757640708105,1A6CCBD00EF2,3472.0,Answer: ,9.28751616,147.456,512.0
"Query KEY: K_4A0E8D1FB540
Return only its VALUE.",0.511967232,['V_61976232B17A'],MB,62985.0,3472.0,62982,32,9287.51616,synthetic_kv_64k,511.967232,context_0000,0.9448757640708105,627393CD5962,3472.0,Answer: ,9.28751616,147.456,512.0
"Query KEY: K_45E4E11B868D
Return only its VALUE.",0.511967232,['V_23BEDD30DE89'],MB,62985.0,3472.0,62982,32,9287.51616,synthetic_kv_64k,511.967232,context_0000,0.9448757640708105,62382F6A8F93,3472.0,Answer: ,9.28751616,147.456,512.0
"Query KEY: K_AE046A39AAA6
Return only its VALUE.",0.511967232,['V_88CA81FB18B3'],MB,62985.0,3472.0,62982,32,9287.51616,synthetic_kv_64k,511.967232,context_0000,0.9448757640708105,897654321098,3472.0,Answer: ,9.28751616,147.456,512.0
"Query KEY: K_0150D20F87D0
Return only its VALUE.",0.511967232,['V_E4A1260A5962'],MB,62985.0,3472.0,62982,32,9287.51616,synthetic_kv_64k,511.967232,context_0000,0.9448757640708105,0A9D350553A2,3472.0,Answer: ,9.28751616,147.456,512.0
"Query KEY: K_F7FB89E06AB3
Return only its VALUE.",0.511967232,['V_AA35585A0AFA'],MB,62985.0,3472.0,62982,32,9287.51616,synthetic_kv_64k,511.967232,context_0000,0.9448757640708105,684238548657,3472.0,Answer: ,9.28751616,147.456,512.0
"Query KEY: K_C1218B1E3B9D
Return only its VALUE.",0.511967232,['V_7A44B28F41DE'],MB,62985.0,3472.0,62982,32,9287.51616,synthetic_kv_64k,511.967232,context_0000,0.9448757640708105, V_1F358A388E6A,3472.0,Answer: ,9.28751616,147.456,512.0
"Query KEY: K_C4149261549D
Return only its VALUE.",0.511967232,['V_D251C68A152F'],MB,62985.0,3472.0,62982,32,9287.51616,synthetic_kv_64k,511.967232,context_0000,0.9448757640708105, V_1F358ACD4037,3472.0,Answer: ,9.28751616,147.456,512.0
"Query KEY: K_A2E80B2C782A
Return only its VALUE.",0.511967232,['V_F229BEA4FF31'],MB,62985.0,3472.0,62982,32,9287.51616,synthetic_kv_64k,511.967232,context_0000,0.9448757640708105,8E943CEDDF2D,3472.0,Answer: ,9.28751616,147.456,512.0
"Query KEY: K_C330CFB87E6F
Return only its VALUE.",0.511967232,['V_4DE0FB16E5DB'],MB,62985.0,3472.0,62982,32,9287.51616,synthetic_kv_64k,511.967232,context_0000,0.9448757640708105,897679F7F30C,3472.0,Answer: ,9.28751616,147.456,512.0
"Query KEY: K_40A3097A1E10
Return only its VALUE.",0.511967232,['V_A9FB9716108E'],MB,62985.0,3472.0,62982,32,9287.51616,synthetic_kv_64k,511.967232,context_0000,0.9448757640708105,658E668D4037,3472.0,Answer: ,9.28751616,147.456,512.0
"Query KEY: K_3362DEA4AE17
Return only its VALUE.",0.511967232,['V_330D70B7E868'],MB,62985.0,3472.0,62982,32,9287.51616,synthetic_kv_64k,511.967232,context_0000,0.9448757640708105,627393268591,3472.0,Answer: ,9.28751616,147.456,512.0
"Query KEY: K_07DB74F93D17
Return only its VALUE.",0.511967232,['V_49CEB8F21423'],MB,62985.0,3472.0,62982,32,9287.51616,synthetic_kv_64k,511.967232,context_0000,0.9448757640708105,00968D575962,3472.0,Answer: ,9.28751616,147.456,512.0
"Query KEY: K_264F2784378F
Return only its VALUE.",0.511967232,['V_87B1F81DBAA1'],MB,62985.0,3472.0,62982,32,9287.51616,synthetic_kv_64k,511.967232,context_0000,0.9448757640708105,8976543210AB,3472.0,Answer: ,9.28751616,147.456,512.0
"Query KEY: K_CB82B15516BC
Return only its VALUE.",0.511967232,['V_291FA65BB1F2'],MB,62985.0,3472.0,62982,32,9287.51616,synthetic_kv_64k,511.967232,context_0000,0.9448757640708105, V_06588458168C,3472.0,Answer: ,9.28751616,147.456,512.0
"Query KEY: K_A839DA0D4A5F
Return only its VALUE.",0.511967232,['V_F9D4C268283E'],MB,62985.0,3472.0,62982,32,9287.51616,synthetic_kv_64k,511.967232,context_0000,0.9448757640708105,8E6F96DA1DAC,3472.0,Answer: ,9.28751616,147.456,512.0
"Query KEY: K_7833118405AD
Return only its VALUE.",0.511967232,['V_9323EBC2026F'],MB,62985.0,3472.0,62982,32,9287.51616,synthetic_kv_64k,511.967232,context_0000,0.9448757640708105,656883840580,3472.0,Answer: ,9.28751616,147.456,512.0
"Query KEY: K_7479FF574E2B
Return only its VALUE.",0.511967232,['V_2E46BF2C14A0'],MB,62985.0,3472.0,62982,32,9287.51616,synthetic_kv_64k,511.967232,context_0000,0.9448757640708105,5BD6949ACA46,3472.0,Answer: ,9.28751616,147.456,512.0
"Query KEY: K_3375DF615A5C
Return only its VALUE.",0.511967232,['V_552D7194EAE2'],MB,62985.0,3472.0,62982,32,9287.51616,synthetic_kv_64k,511.967232,context_0000,0.9448757640708105,658D586C758A,3472.0,Answer: ,9.28751616,147.456,512.0
"Query KEY: K_9953B1AA0F6A
Return only its VALUE.",0.511967232,['V_0ED2E746CCB9'],MB,62985.0,3472.0,62982,32,9287.51616,synthetic_kv_64k,511.967232,context_0000,0.9448757640708105,627393CD5962,3472.0,Answer: ,9.28751616,147.456,512.0
"Query KEY: K_A6140BC61066
Return only its VALUE.",0.511967232,['V_1CBBCBD00EF2'],MB,62985.0,3472.0,62982,32,9287.51616,synthetic_kv_64k,511.967232,context_0000,0.9448757640708105,892310423A8E,3472.0,Answer: ,9.28751616,147.456,512.0
"Query KEY: K_B7884B1A269B
Return only its VALUE.",0.511967232,['V_DC825FF595EA'],MB,62985.0,3472.0,62982,32,9287.51616,synthetic_kv_64k,511.967232,context_0000,0.9448757640708105,8E943568554A,3472.0,Answer: ,9.28751616,147.456,512.0
"Query KEY: K_7D0725440FE0
Return only its VALUE.",0.511967232,['V_D2F887FA841A'],MB,62985.0,3472.0,62982,32,9287.51616,synthetic_kv_64k,511.967232,context_0000,0.9448757640708105, V_1F14B6DBBB2C,3472.0,Answer: ,9.28751616,147.456,512.0
"Query KEY: K_5C30CAE28E66
Return only its VALUE.",0.511967232,['V_59A22B840C67'],MB,62985.0,3472.0,62982,32,9287.51616,synthetic_kv_64k,511.967232,context_0000,0.9448757640708105,5C30CAE28E66,3472.0,Answer: ,9.28751616,147.456,512.0
"Query KEY: K_C3DCDEEF580F
Return only its VALUE.",0.511967232,['V_FECE3DA70577'],MB,62985.0,3472.0,62982,32,9287.51616,synthetic_kv_64k,511.967232,context_0000,0.9448757640708105,627393268562,3472.0,Answer: ,9.28751616,147.456,512.0
"Query KEY: K_76E124A35CF2
Return only its VALUE.",0.511967232,['V_EB4C4104A8B5'],MB,62985.0,3472.0,62982,32,9287.51616,synthetic_kv_64k,511.967232,context_0000,0.9448757640708105,62183FA75CF2,3472.0,Answer: ,9.28751616,147.456,512.0
"Query KEY: K_EE35CDFC6EE0
Return only its VALUE.",0.511967232,['V_9344E6B5A92C'],MB,62985.0,3472.0,62982,32,9287.51616,synthetic_kv_64k,511.967232,context_0000,0.9448757640708105,6F08D5539A50,3472.0,Answer: ,9.28751616,147.456,512.0
"Query KEY: K_25D128711733
Return only its VALUE.",0.511967232,['V_992A966B1964'],MB,62985.0,3472.0,62982,32,9287.51616,synthetic_kv_64k,511.967232,context_0000,0.9448757640708105,62112F657893,3472.0,Answer: ,9.28751616,147.456,512.0
"Query KEY: K_E9E640066FF2
Return only its VALUE.",0.511967232,['V_9AAFD865D69A'],MB,62985.0,3472.0,62982,32,9287.51616,synthetic_kv_64k,511.967232,context_0000,0.9448757640708105,5923D505534C,3472.0,Answer: ,9.28751616,147.456,512.0
"Query KEY: K_369B7BB38605
Return only its VALUE.",0.511967232,['V_C3423CB98350'],MB,62985.0,3472.0,62982,32,9287.51616,synthetic_kv_64k,511.967232,context_0000,0.9448757640708105,627393268591,3472.0,Answer: ,9.28751616,147.456,512.0
"Query KEY: K_B7C992698698
Return only its VALUE.",0.511967232,['V_977C9326DFFD'],MB,62985.0,3472.0,62982,32,9287.51616,synthetic_kv_64k,511.967232,context_0000,0.9448757640708105,8E943565546E,3472.0,Answer: ,9.28751616,147.456,512.0
"Query KEY: K_0B3B4B943E30
Return only its VALUE.",0.511967232,['V_CAA7A881BFD3'],MB,62985.0,3472.0,62982,32,9287.51616,synthetic_kv_64k,511.967232,context_0000,0.9448757640708105,0B3B4B943E30,3472.0,Answer: ,9.28751616,147.456,512.0
"Query KEY: K_0425464458B4
Return only its VALUE.",0.511967232,['V_75D2CC8218DA'],MB,62985.0,3472.0,62982,32,9287.51616,synthetic_kv_64k,511.967232,context_0000,0.9448757640708105,0425464458B4,3472.0,Answer: ,9.28751616,147.456,512.0
"Query KEY: K_70215A31B4CC
Return only its VALUE.",0.511967232,['V_6158A2F963A3'],MB,62985.0,3472.0,62982,32,9287.51616,synthetic_kv_64k,511.967232,context_0000,0.9448757640708105, V_0A0C78D88E6A,3472.0,Answer: ,9.28751616,147.456,512.0
"Query KEY: K_80529EF2B93E
Return only its VALUE.",0.511967232,['V_4607D69D42F1'],MB,62985.0,3472.0,62982,32,9287.51616,synthetic_kv_64k,511.967232,context_0000,0.9448757640708105,8E608D5288F1,3472.0,Answer: ,9.28751616,147.456,512.0
"Query KEY: K_31BFA0D4DE3D
Return only its VALUE.",0.511967232,['V_142FA5769411'],MB,62985.0,3472.0,62982,32,9287.51616,synthetic_kv_64k,511.967232,context_0000,0.9448757640708105,62382F61E33D,3472.0,Answer: ,9.28751616,147.456,512.0
"Query KEY: K_111570D9C9F8
Return only its VALUE.",0.511967232,['V_BACF945EF2E4'],MB,62985.0,3472.0,62982,32,9287.51616,synthetic_kv_64k,511.967232,context_0000,0.9448757640708105,1F35AA5F89CA,3472.0,Answer: ,9.28751616,147.456,512.0
"Query KEY: K_4348BB7BEE03
Return only its VALUE.",0.511967232,['V_A7474B8C5BDC'],MB,62985.0,3472.0,62982,32,9287.51616,synthetic_kv_64k,511.967232,context_0000,0.9448757640708105,627394767543,3472.0,Answer: ,9.28751616,147.456,512.0
"Query KEY: K_D4BCBF5AE7E6
Return only its VALUE.",0.511967232,['V_66CE2CF6BF75'],MB,62985.0,3472.0,62982,32,9287.51616,synthetic_kv_64k,511.967232,context_0000,0.9448757640708105,52F5D83333C3,3472.0,Answer: ,9.28751616,147.456,512.0
"Query KEY: K_BB51F8B38A8B
Return only its VALUE.",0.511967232,['V_8B88E9DA484A'],MB,62985.0,3472.0,62982,32,9287.51616,synthetic_kv_64k,511.967232,context_0000,0.9448757640708105,627393CD5962,3472.0,Answer: ,9.28751616,147.456,512.0
"Query KEY: K_543FD499DA99
Return only its VALUE.",0.511967232,['V_971CCE7607AD'],MB,62985.0,3472.0,62982,32,9287.51616,synthetic_kv_64k,511.967232,context_0000,0.9448757640708105,8E6F96DA1DAC,3472.0,Answer: ,9.28751616,147.456,512.0
"Query KEY: K_EFC91D7BC313
Return only its VALUE.",0.511967232,['V_268DF6802CDB'],MB,62985.0,3472.0,62982,32,9287.51616,synthetic_kv_64k,511.967232,context_0000,0.9448757640708105,627393CD5962,3472.0,Answer: ,9.28751616,147.456,512.0
"Query KEY: K_7383F76C8EDE
Return only its VALUE.",0.511967232,['V_CB79FADD7EA3'],MB,62985.0,3472.0,62982,32,9287.51616,synthetic_kv_64k,511.967232,context_0000,0.9448757640708105,658E668D4037,3472.0,Answer: ,9.28751616,147.456,512.0
"Query KEY: K_2E3C5DA36F1B
Return only its VALUE.",0.511967232,['V_CA05CA6A2224'],MB,62985.0,3472.0,62982,32,9287.51616,synthetic_kv_64k,511.967232,context_0000,0.9448757640708105,658E9A626D5C,3472.0,Answer: ,9.28751616,147.456,512.0
"Query KEY: K_876703902C5D
Return only its VALUE.",0.511967232,['V_3F47895CCD99'],MB,62985.0,3472.0,62982,32,9287.51616,synthetic_kv_64k,511.967232,context_0000,0.9448757640708105,8E6F96DA1DAC,3472.0,Answer: ,9.28751616,147.456,512.0
"Query KEY: K_BCB7746CDB77
Return only its VALUE.",0.511967232,['V_863AAC1E86D8'],MB,62985.0,3472.0,62982,32,9287.51616,synthetic_kv_64k,511.967232,context_0000,0.9448757640708105,897679F7F30C,3472.0,Answer: ,9.28751616,147.456,512.0
"Query KEY: K_C31595A5BAFA
Return only its VALUE.",0.511967232,['V_BE31F0B6F83F'],MB,62985.0,3472.0,62982,32,9287.51616,synthetic_kv_64k,511.967232,context_0000,0.9448757640708105,897679F7F30C,3472.0,Answer: ,9.28751616,147.456,512.0
"Query KEY: K_F1653BDBC09E
Return only its VALUE.",0.511967232,['V_A7F08FB864E4'],MB,62985.0,3472.0,62982,32,9287.51616,synthetic_kv_64k,511.967232,context_0000,0.9448757640708105,897679F7F30C,3472.0,Answer: ,9.28751616,147.456,512.0
"Query KEY: K_EDB4D2E82F38
Return only its VALUE.",0.511967232,['V_3BBC688613DB'],MB,62985.0,3472.0,62982,32,9287.51616,synthetic_kv_64k,511.967232,context_0000,0.9448757640708105,897679F7F38C,3472.0,Answer: ,9.28751616,147.456,512.0
"Query KEY: K_173723C86D30
Return only its VALUE.",0.511967232,['V_130DF23E323D'],MB,62985.0,3472.0,62982,32,9287.51616,synthetic_kv_64k,511.967232,context_0000,0.9448757640708105,856666666666,3472.0,Answer: ,9.28751616,147.456,512.0
"Query KEY: K_3B747E1CA5A1
Return only its VALUE.",0.511967232,['V_783718E19331'],MB,62985.0,3472.0,62982,32,9287.51616,synthetic_kv_64k,511.967232,context_0000,0.9448757640708105,627394767552,3472.0,Answer: ,9.28751616,147.456,512.0
"Query KEY: K_C6FC22BAE10E
Return only its VALUE.",0.511967232,['V_BDF57421FF46'],MB,62985.0,3472.0,62982,32,9287.51616,synthetic_kv_64k,511.967232,context_0000,0.9448757640708105,885888888888,3472.0,Answer: ,9.28751616,147.456,512.0
"Query KEY: K_8F3AF396EA37
Return only its VALUE.",0.511967232,['V_6F3D5EDB0D3C'],MB,62985.0,3472.0,62982,32,9287.51616,synthetic_kv_64k,511.967232,context_0000,0.9448757640708105,897679F7F38C,3472.0,Answer: ,9.28751616,147.456,512.0
"Query KEY: K_E3AF71818DCF
Return only its VALUE.",0.511967232,['V_78E3F3579560'],MB,62985.0,3472.0,62982,32,9287.51616,synthetic_kv_64k,511.967232,context_0000,0.9448757640708105,684235858867,3472.0,Answer: ,9.28751616,147.456,512.0
"Query KEY: K_B9B1DAFEC8A9
Return only its VALUE.",0.511967232,['V_BC13AF88BDEC'],MB,62985.0,3472.0,62982,32,9287.51616,synthetic_kv_64k,511.967232,context_0000,0.9448757640708105,627393CD59BF,3472.0,Answer: ,9.28751616,147.456,512.0
"Query KEY: K_1F005BD20C98
Return only its VALUE.",0.511967232,['V_8D4065EC7ACD'],MB,62985.0,3472.0,62982,32,9287.51616,synthetic_kv_64k,511.967232,context_0000,0.9448757640708105,624E838D82E5,3472.0,Answer: ,9.28751616,147.456,512.0
"Query KEY: K_2EEF74685B98
Return only its VALUE.",0.511967232,['V_6C99A9AB364A'],MB,62985.0,3472.0,62982,32,9287.51616,synthetic_kv_64k,511.967232,context_0000,0.9448757640708105,8E943CEDDF2D,3472.0,Answer: ,9.28751616,147.456,512.0
"Query KEY: K_19E50577AEA9
Return only its VALUE.",0.511967232,['V_AAC1C96B5EDB'],MB,62985.0,3472.0,62982,32,9287.51616,synthetic_kv_64k,511.967232,context_0000,0.9448757640708105,8E94388A553A,3472.0,Answer: ,9.28751616,147.456,512.0
"Query KEY: K_691090882EAF
Return only its VALUE.",0.511967232,['V_774BDEA45C19'],MB,62985.0,3472.0,62982,32,9287.51616,synthetic_kv_64k,511.967232,context_0000,0.9448757640708105,8E943CEDDF2D,3472.0,Answer: ,9.28751616,147.456,512.0
"Query KEY: K_8DF600B9D4A3
Return only its VALUE.",0.511967232,['V_38482CABD7E7'],MB,62985.0,3472.0,62982,32,9287.51616,synthetic_kv_64k,511.967232,context_0000,0.9448757640708105,8E6F96DA1DAC,3472.0,Answer: ,9.28751616,147.456,512.0
"Query KEY: K_437B06998731
Return only its VALUE.",0.511967232,['V_B76B03CDE2E3'],MB,62985.0,3472.0,62982,32,9287.51616,synthetic_kv_64k,511.967232,context_0000,0.9448757640708105,892310423A8E,3472.0,Answer: ,9.28751616,147.456,512.0
"Query KEY: K_081452E2AFD9
Return only its VALUE.",0.511967232,['V_87DE2C9B662E'],MB,62985.0,3472.0,62982,32,9287.51616,synthetic_kv_64k,511.967232,context_0000,0.9448757640708105,8E6F96DA1DAC,3472.0,Answer: ,9.28751616,147.456,512.0
"Query KEY: K_40E60D6A05B3
Return only its VALUE.",0.511967232,['V_D788BDE13C1B'],MB,62985.0,3472.0,62982,32,9287.51616,synthetic_kv_64k,511.967232,context_0000,0.9448757640708105,19AC0EA2622B,3472.0,Answer: ,9.28751616,147.456,512.0
"Query KEY: K_3A3086AD8A8C
Return only its VALUE.",0.511967232,['V_208ABEE3EB79'],MB,62985.0,3472.0,62982,32,9287.51616,synthetic_kv_64k,511.967232,context_0000,0.9448757640708105,62382095EEF6,3472.0,Answer: ,9.28751616,147.456,512.0
"Query KEY: K_E58479EB4168
Return only its VALUE.",0.511967232,['V_B95DC72C1FE3'],MB,62985.0,3472.0,62982,32,9287.51616,synthetic_kv_64k,511.967232,context_0000,0.9448757640708105, V_62382095EEF6,3472.0,Answer: ,9.28751616,147.456,512.0
"Query KEY: K_E76D1BEAF6AC
Return only its VALUE.",0.511967232,['V_716E80FB9296'],MB,62985.0,3472.0,62982,32,9287.51616,synthetic_kv_64k,511.967232,context_0000,0.9448757640708105, V_6F8A58C58875,3472.0,Answer: ,9.28751616,147.456,512.0
"Query KEY: K_9A6F857DD3B3
Return only its VALUE.",0.511967232,['V_0FF2F6CA6B8B'],MB,62985.0,3472.0,62982,32,9287.51616,synthetic_kv_64k,511.967232,context_0000,0.9448757640708105,199616855555,3472.0,Answer: ,9.28751616,147.456,512.0
"Query KEY: K_DA4066D06371
Return only its VALUE.",0.511967232,['V_3746AFA415E5'],MB,62985.0,3472.0,62982,32,9287.51616,synthetic_kv_64k,511.967232,context_0000,0.9448757640708105, V_092310423A8E,3472.0,Answer: ,9.28751616,147.456,512.0
"Query KEY: K_E31AE8E22743
Return only its VALUE.",0.511967232,['V_A4EB14AEAF5C'],MB,62985.0,3472.0,62982,32,9287.51616,synthetic_kv_64k,511.967232,context_0000,0.9448757640708105,629435685412,3472.0,Answer: ,9.28751616,147.456,512.0
"Query KEY: K_4BF29BB96155
Return only its VALUE.",0.511967232,['V_409C10D08D11'],MB,62985.0,3472.0,62982,32,9287.51616,synthetic_kv_64k,511.967232,context_0000,0.9448757640708105,627394767554,3472.0,Answer: ,9.28751616,147.456,512.0
"Query KEY: K_C305533F5A72
Return only its VALUE.",0.511967232,['V_96FC87D292A6'],MB,62985.0,3472.0,62982,32,9287.51616,synthetic_kv_64k,511.967232,context_0000,0.9448757640708105,627393645625,3472.0,Answer: ,9.28751616,147.456,512.0
"Query KEY: K_DC439AFD4015
Return only its VALUE.",0.511967232,['V_3A94B3A7D0E0'],MB,62985.0,3472.0,62982,32,9287.51616,synthetic_kv_64k,511.967232,context_0000,0.9448757640708105,580C2F61E334,3472.0,Answer: ,9.28751616,147.456,512.0
"Query KEY: K_DC32370BC063
Return only its VALUE.",0.511967232,['V_D3DF3A7E8E14'],MB,62985.0,3472.0,62982,32,9287.51616,synthetic_kv_64k,511.967232,context_0000,0.9448757640708105, V_58B9210C78D9,3472.0,Answer: ,9.28751616,147.456,512.0
"Query KEY: K_CC2674188109
Return only its VALUE.",0.511967232,['V_A00618578BAF'],MB,62985.0,3472.0,62982,32,9287.51616,synthetic_kv_64k,511.967232,context_0000,0.9448757640708105, V_0EB9488E65E0,3472.0,Answer: ,9.28751616,147.456,512.0
"Query KEY: K_A0036D4067F4
Return only its VALUE.",0.511967232,['V_8280AA448259'],MB,62985.0,3472.0,62982,32,9287.51616,synthetic_kv_64k,511.967232,context_0000,0.9448757640708105,1E24A18FF6B6,3472.0,Answer: ,9.28751616,147.456,512.0
"Query KEY: K_F2D3EC48BF55
Return only its VALUE.",0.511967232,['V_2EB5112FA612'],MB,62985.0,3472.0,62982,32,9287.51616,synthetic_kv_64k,511.967232,context_0000,0.9448757640708105,58B9210C78D9,3472.0,Answer: ,9.28751616,147.456,512.0
"Query KEY: K_2BB4D4EF00AA
Return only its VALUE.",0.511967232,['V_DD1E17DDED81'],MB,62985.0,3472.0,62982,32,9287.51616,synthetic_kv_64k,511.967232,context_0000,0.9448757640708105,199810231111,3472.0,Answer: ,9.28751616,147.456,512.0
"Query KEY: K_BECBBD21BC11
Return only its VALUE.",0.511967232,['V_429ECFD01CBD'],MB,62985.0,3472.0,62982,32,9287.51616,synthetic_kv_64k,511.967232,context_0000,0.9448757640708105,897679F7F38C,3472.0,Answer: ,9.28751616,147.456,512.0
"Query KEY: K_1EB58E6E5003
Return only its VALUE.",0.511967232,['V_D2551F4A8CA1'],MB,62985.0,3472.0,62982,32,9287.51616,synthetic_kv_64k,511.967232,context_0000,0.9448757640708105,1E24A18FF6B6,3472.0,Answer: ,9.28751616,147.456,512.0
"Query KEY: K_D88BC012A0FF
Return only its VALUE.",0.511967232,['V_1A57B8976EC5'],MB,62985.0,3472.0,62982,32,9287.51616,synthetic_kv_64k,511.967232,context_0000,0.9448757640708105,897679F7F30C,3472.0,Answer: ,9.28751616,147.456,512.0
"Query KEY: K_9344F7E8F8E5
Return only its VALUE.",0.511967232,['V_9FF999B479D4'],MB,62985.0,3472.0,62982,32,9287.51616,synthetic_kv_64k,511.967232,context_0000,0.9448757640708105,897654321098,3472.0,Answer: ,9.28751616,147.456,512.0
"Query KEY: K_350B5A057C11
Return only its VALUE.",0.511967232,['V_4F3836760CE5'],MB,62985.0,3472.0,62982,32,9287.51616,synthetic_kv_64k,511.967232,context_0000,0.9448757640708105,62112F65FAFA,3472.0,Answer: ,9.28751616,147.456,512.0
"Query KEY: K_F6E1A81FDEC3
Return only its VALUE.",0.511967232,['V_B3421BB43332'],MB,62985.0,3472.0,62982,32,9287.51616,synthetic_kv_64k,511.967232,context_0000,0.9448757640708105, V_085480E58875,3472.0,Answer: ,9.28751616,147.456,512.0
"Query KEY: K_3AD25E187B24
Return only its VALUE.",0.511967232,['V_8EA0C33A1F6C'],MB,62985.0,3472.0,62982,32,9287.51616,synthetic_kv_64k,511.967232,context_0000,0.9448757640708105,62382F61E334,3472.0,Answer: ,9.28751616,147.456,512.0
"Query KEY: K_73CB92F837D4
Return only its VALUE.",0.511967232,['V_DBB4CEA60F4C'],MB,62985.0,3472.0,62982,32,9287.51616,synthetic_kv_64k,511.967232,context_0000,0.9448757640708105,7A768858885A,3472.0,Answer: ,9.28751616,147.456,512.0
"Query KEY: K_0ED244777442
Return only its VALUE.",0.511967232,['V_8BEA2E2FBF77'],MB,62985.0,3472.0,62982,32,9287.51616,synthetic_kv_64k,511.967232,context_0000,0.9448757640708105,146E0957534A,3472.0,Answer: ,9.28751616,147.456,512.0
"Query KEY: K_B3B956FEBFB9
Return only its VALUE.",0.511967232,['V_5CE101902620'],MB,62985.0,3472.0,62982,32,9287.51616,synthetic_kv_64k,511.967232,context_0000,0.9448757640708105,5CE102488302,3472.0,Answer: ,9.28751616,147.456,512.0
"Query KEY: K_4958DEAF528D
Return only its VALUE.",0.511967232,['V_23A06699CD99'],MB,62985.0,3472.0,62982,32,9287.51616,synthetic_kv_64k,511.967232,context_0000,0.9448757640708105,8E6F96DA1DAC,3472.0,Answer: ,9.28751616,147.456,512.0
"Query KEY: K_2EFA07D924CE
Return only its VALUE.",0.511967232,['V_C09C3712F2D1'],MB,62985.0,3472.0,62982,32,9287.51616,synthetic_kv_64k,511.967232,context_0000,0.9448757640708105,8E6F96DA1DAC,3472.0,Answer: ,9.28751616,147.456,512.0
"Query KEY: K_E8446B7A2460
Return only its VALUE.",0.511967232,['V_50975744F596'],MB,62985.0,3472.0,62982,32,9287.51616,synthetic_kv_64k,511.967232,context_0000,0.9448757640708105, V_085480E1BE4D,3472.0,Answer: ,9.28751616,147.456,512.0
"Query KEY: K_9F8E5EBBCCA5
Return only its VALUE.",0.511967232,['V_A615B8BA8368'],MB,62985.0,3472.0,62982,32,9287.51616,synthetic_kv_64k,511.967232,context_0000,0.9448757640708105,897679F7F30C,3472.0,Answer: ,9.28751616,147.456,512.0
"Query KEY: K_4FA80D77C5A0
Return only its VALUE.",0.511967232,['V_197A9E2AA4AC'],MB,62985.0,3472.0,62982,32,9287.51616,synthetic_kv_64k,511.967232,context_0000,0.9448757640708105,621A658E683A,3472.0,Answer: ,9.28751616,147.456,512.0
"Query KEY: K_29C5AC8936BC
Return only its VALUE.",0.511967232,['V_E2DF45A88829'],MB,62985.0,3472.0,62982,32,9287.51616,synthetic_kv_64k,511.967232,context_0000,0.9448757640708105,684235896123,3472.0,Answer: ,9.28751616,147.456,512.0
"Query KEY: K_D918A974D079
Return only its VALUE.",0.511967232,['V_D40F7129CEC7'],MB,62985.0,3472.0,62982,32,9287.51616,synthetic_kv_64k,511.967232,context_0000,0.9448757640708105,8E6F96DA1DAC,3472.0,Answer: ,9.28751616,147.456,512.0
"Query KEY: K_6E5F45EE432D
Return only its VALUE.",0.511967232,['V_B0BA1D2324E6'],MB,62985.0,3472.0,62982,32,9287.51616,synthetic_kv_64k,511.967232,context_0000,0.9448757640708105,6F8D1042E163,3472.0,Answer: ,9.28751616,147.456,512.0
"Query KEY: K_38C66E0ED1E8
Return only its VALUE.",0.511967232,['V_9DE9AAC93316'],MB,62985.0,3472.0,62982,32,9287.51616,synthetic_kv_64k,511.967232,context_0000,0.9448757640708105,8976E8548C5E,3472.0,Answer: ,9.28751616,147.456,512.0
"Query KEY: K_70E70BA078E8
Return only its VALUE.",0.511967232,['V_1C0C996D5C50'],MB,62985.0,3472.0,62982,32,9287.51616,synthetic_kv_64k,511.967232,context_0000,0.9448757640708105,897654321098,3472.0,Answer: ,9.28751616,147.456,512.0
"Query KEY: K_68AA01F7C7EC
Return only its VALUE.",0.511967232,['V_94324169B9FC'],MB,62985.0,3472.0,62982,32,9287.51616,synthetic_kv_64k,511.967232,context_0000,0.9448757640708105,897679F7F38C,3472.0,Answer: ,9.28751616,147.456,512.0
"Query KEY: K_3D6E53FFD3A2
Return only its VALUE.",0.511967232,['V_FEA901FA964E'],MB,62985.0,3472.0,62982,32,9287.51616,synthetic_kv_64k,511.967232,context_0000,0.9448757640708105,627393268594,3472.0,Answer: ,9.28751616,147.456,512.0
"Query KEY: K_DC7EBF3C5140
Return only its VALUE.",0.511967232,['V_42242CFA55B0'],MB,62985.0,3472.0,62982,32,9287.51616,synthetic_kv_64k,511.967232,context_0000,0.9448757640708105,897679F7F30C,3472.0,Answer: ,9.28751616,147.456,512.0
"Query KEY: K_75D1B423CCDE
Return only its VALUE.",0.511967232,['V_B555CE6322B6'],MB,62985.0,3472.0,62982,32,9287.51616,synthetic_kv_64k,511.967232,context_0000,0.9448757640708105,5BD6949ACA4C,3472.0,Answer: ,9.28751616,147.456,512.0
"Query KEY: K_CB4C12738A23
Return only its VALUE.",0.511967232,['V_DF580AD45230'],MB,62985.0,3472.0,62982,32,9287.51616,synthetic_kv_64k,511.967232,context_0000,0.9448757640708105, V_06485820841A,3472.0,Answer: ,9.28751616,147.456,512.0
"Query KEY: K_EB6404CC3EDE
Return only its VALUE.",0.511967232,['V_27DDEBD14D2C'],MB,62985.0,3472.0,62982,32,9287.51616,synthetic_kv_64k,511.967232,context_0000,0.9448757640708105,8E6F96DA1BBC,3472.0,Answer: ,9.28751616,147.456,512.0
"Query KEY: K_A049DCB33DF3
Return only its VALUE.",0.511967232,['V_DBCB9364F3D0'],MB,62985.0,3472.0,62982,32,9287.51616,synthetic_kv_64k,511.967232,context_0000,0.9448757640708105,19A688528C3E,3472.0,Answer: ,9.28751616,147.456,512.0
"Query KEY: K_CF1092CA525A
Return only its VALUE.",0.511967232,['V_943B6AEDFDC7'],MB,62985.0,3472.0,62982,32,9287.51616,synthetic_kv_64k,511.967232,context_0000,0.9448757640708105,19A3488E548A,3472.0,Answer: ,9.28751616,147.456,512.0
"Query KEY: K_CF601D7C0098
Return only its VALUE.",0.511967232,['V_57FF532401FC'],MB,62985.0,3472.0,62982,32,9287.51616,synthetic_kv_64k,511.967232,context_0000,0.9448757640708105,199508231234,3472.0,Answer: ,9.28751616,147.456,512.0
"Query KEY: K_EB919E3D750D
Return only its VALUE.",0.511967232,['V_B944EB7607C9'],MB,62985.0,3472.0,62982,32,9287.51616,synthetic_kv_64k,511.967232,context_0000,0.9448757640708105, V_04254644586A,3472.0,Answer: ,9.28751616,147.456,512.0
"Query KEY: K_DF98168FAE12
Return only its VALUE.",0.511967232,['V_3633D8302081'],MB,62985.0,3472.0,62982,32,9287.51616,synthetic_kv_64k,511.967232,context_0000,0.9448757640708105,627393268543,3472.0,Answer: ,9.28751616,147.456,512.0
"Query KEY: K_DF103E49FD09
Return only its VALUE.",0.511967232,['V_CD0796C044D0'],MB,62985.0,3472.0,62982,32,9287.51616,synthetic_kv_64k,511.967232,context_0000,0.9448757640708105,1E24A18FF6B6,3472.0,Answer: ,9.28751616,147.456,512.0
"Query KEY: K_2844862268D1
Return only its VALUE.",0.511967232,['V_717156EA57B3'],MB,62985.0,3472.0,62982,32,9287.51616,synthetic_kv_64k,511.967232,context_0000,0.9448757640708105,895746855864,3472.0,Answer: ,9.28751616,147.456,512.0
"Query KEY: K_271B2B0ABEDD
Return only its VALUE.",0.511967232,['V_6347828C37E7'],MB,62985.0,3472.0,62982,32,9287.51616,synthetic_kv_64k,511.967232,context_0000,0.9448757640708105,684238568321,3472.0,Answer: ,9.28751616,147.456,512.0
"Query KEY: K_B3C35970A859
Return only its VALUE.",0.511967232,['V_4B9ED0A643FE'],MB,62985.0,3472.0,62982,32,9287.51616,synthetic_kv_64k,511.967232,context_0000,0.9448757640708105,627393645652,3472.0,Answer: ,9.28751616,147.456,512.0
"Query KEY: K_34A23C7C1D85
Return only its VALUE.",0.511967232,['V_830E257D5E52'],MB,62985.0,3472.0,62982,32,9287.51616,synthetic_kv_64k,511.967232,context_0000,0.9448757640708105,62112F65FAFA,3472.0,Answer: ,9.28751616,147.456,512.0
"Query KEY: K_58D4328067A1
Return only its VALUE.",0.511967232,['V_4E449A36D1EC'],MB,62985.0,3472.0,62982,32,9287.51616,synthetic_kv_64k,511.967232,context_0000,0.9448757640708105,62382F61E334,3472.0,Answer: ,9.28751616,147.456,512.0
"Query KEY: K_2694A7CF705C
Return only its VALUE.",0.511967232,['V_ED8B7E7E7419'],MB,62985.0,3472.0,62982,32,9287.51616,synthetic_kv_64k,511.967232,context_0000,0.9448757640708105,238888888888,3472.0,Answer: ,9.28751616,147.456,512.0
"Query KEY: K_A57B9FE0A8C7
Return only its VALUE.",0.511967232,['V_A1DCA09151E0'],MB,62985.0,3472.0,62982,32,9287.51616,synthetic_kv_64k,511.967232,context_0000,0.9448757640708105,627394566666,3472.0,Answer: ,9.28751616,147.456,512.0
"Query KEY: K_E12826A524E3
Return only its VALUE.",0.511967232,['V_F016117B355B'],MB,62985.0,3472.0,62982,32,9287.51616,synthetic_kv_64k,511.967232,context_0000,0.9448757640708105, V_0A0C78D858E6,3472.0,Answer: ,9.28751616,147.456,512.0
"Query KEY: K_B4310E614BCD
Return only its VALUE.",0.511967232,['V_25FC81E0D489'],MB,62985.0,3472.0,62982,32,9287.51616,synthetic_kv_64k,511.967232,context_0000,0.9448757640708105,629435896123,3472.0,Answer: ,9.28751616,147.456,512.0
"Query KEY: K_EC694F76E388
Return only its VALUE.",0.511967232,['V_134173B0A091'],MB,62985.0,3472.0,62982,32,9287.51616,synthetic_kv_64k,511.967232,context_0000,0.9448757640708105, V_08E58D856E6A,3472.0,Answer: ,9.28751616,147.456,512.0
"Query KEY: K_BCCB0E9058B6
Return only its VALUE.",0.511967232,['V_92FBD4EA120A'],MB,62985.0,3472.0,62982,32,9287.51616,synthetic_kv_64k,511.967232,context_0000,0.9448757640708105,897679F7F38C,3472.0,Answer: ,9.28751616,147.456,512.0
"Query KEY: K_2E3BDAF481A7
Return only its VALUE.",0.511967232,['V_C4DA81CF3252'],MB,62985.0,3472.0,62982,32,9287.51616,synthetic_kv_64k,511.967232,context_0000,0.9448757640708105,627393268594,3472.0,Answer: ,9.28751616,147.456,512.0
"Query KEY: K_1500E5582E16
Return only its VALUE.",0.511967232,['V_6060A6DED1D8'],MB,62985.0,3472.0,62982,32,9287.51616,synthetic_kv_64k,511.967232,context_0000,0.9448757640708105,146E555743F9,3472.0,Answer: ,9.28751616,147.456,512.0
"Query KEY: K_E6AA0FD6F47E
Return only its VALUE.",0.511967232,['V_2B2DB6DD6257'],MB,62985.0,3472.0,62982,32,9287.51616,synthetic_kv_64k,511.967232,context_0000,0.9448757640708105, V_036316A48B8E,3472.0,Answer: ,9.28751616,147.456,512.0
"Query KEY: K_140A2C2CD22B
Return only its VALUE.",0.511967232,['V_BA5028A39779'],MB,62985.0,3472.0,62982,32,9287.51616,synthetic_kv_64k,511.967232,context_0000,0.9448757640708105,19A34862E163,3472.0,Answer: ,9.28751616,147.456,512.0
"Query KEY: K_C65B486BB6BF
Return only its VALUE.",0.511967232,['V_1ACF990F0C5B'],MB,62985.0,3472.0,62982,32,9287.51616,synthetic_kv_64k,511.967232,context_0000,0.9448757640708105, V_0A0C78D93C73,3472.0,Answer: ,9.28751616,147.456,512.0
"Query KEY: K_AB57A5B5CDC2
Return only its VALUE.",0.511967232,['V_A8CD10DF9974'],MB,62985.0,3472.0,62982,32,9287.51616,synthetic_kv_64k,511.967232,context_0000,0.9448757640708105,897679F7F30C,3472.0,Answer: ,9.28751616,147.456,512.0
"Query KEY: K_C5EBADAA44CA
Return only its VALUE.",0.511967232,['V_810548BDDB3E'],MB,62985.0,3472.0,62982,32,9287.51616,synthetic_kv_64k,511.967232,context_0000,0.9448757640708105,629435689642,3472.0,Answer: ,9.28751616,147.456,512.0
"Query KEY: K_4CFDDF8F4197
Return only its VALUE.",0.511967232,['V_29BA555736F8'],MB,62985.0,3472.0,62982,32,9287.51616,synthetic_kv_64k,511.967232,context_0000,0.9448757640708105,62382F616E6A,3472.0,Answer: ,9.28751616,147.456,512.0
"Query KEY: K_9ED6598DDAEC
Return only its VALUE.",0.511967232,['V_420564575BC4'],MB,62985.0,3472.0,62982,32,9287.51616,synthetic_kv_64k,511.967232,context_0000,0.9448757640708105,629888888888,3472.0,Answer: ,9.28751616,147.456,512.0
"Query KEY: K_2B60F020E992
Return only its VALUE.",0.511967232,['V_A82ECAAA5BBE'],MB,62985.0,3472.0,62982,32,9287.51616,synthetic_kv_64k,511.967232,context_0000,0.9448757640708105,299666666666,3472.0,Answer: ,9.28751616,147.456,512.0
"Query KEY: K_416ED02CE0C1
Return only its VALUE.",0.511967232,['V_2FD986C1B6CB'],MB,62985.0,3472.0,62982,32,9287.51616,synthetic_kv_64k,511.967232,context_0000,0.9448757640708105,627393CD59BF,3472.0,Answer: ,9.28751616,147.456,512.0
"Query KEY: K_09555CA0C428
Return only its VALUE.",0.511967232,['V_9E235CD33369'],MB,62985.0,3472.0,62982,32,9287.51616,synthetic_kv_64k,511.967232,context_0000,0.9448757640708105,009038548167,3472.0,Answer: ,9.28751616,147.456,512.0
"Query KEY: K_AEF736D55494
Return only its VALUE.",0.511967232,['V_624E7C7C404E'],MB,62985.0,3472.0,62982,32,9287.51616,synthetic_kv_64k,511.967232,context_0000,0.9448757640708105,8E6F96DA1DAC,3472.0,Answer: ,9.28751616,147.456,512.0
"Query KEY: K_4F5423377BBC
Return only its VALUE.",0.511967232,['V_977213C11754'],MB,62985.0,3472.0,62982,32,9287.51616,synthetic_kv_64k,511.967232,context_0000,0.9448757640708105,656E886E583F,3472.0,Answer: ,9.28751616,147.456,512.0
"Query KEY: K_4EFA6070B6A1
Return only its VALUE.",0.511967232,['V_5C9729890880'],MB,62985.0,3472.0,62982,32,9287.51616,synthetic_kv_64k,511.967232,context_0000,0.9448757640708105,627393595821,3472.0,Answer: ,9.28751616,147.456,512.0
"Query KEY: K_165E700B5D5F
Return only its VALUE.",0.511967232,['V_BA85692E07B6'],MB,62985.0,3472.0,62982,32,9287.51616,synthetic_kv_64k,511.967232,context_0000,0.9448757640708105,897679008423,3472.0,Answer: ,9.28751616,147.456,512.0
"Query KEY: K_77CF72ECF16E
Return only its VALUE.",0.511967232,['V_7A7488B4F474'],MB,62985.0,3472.0,62982,32,9287.51616,synthetic_kv_64k,511.967232,context_0000,0.9448757640708105,897679586843,3472.0,Answer: ,9.28751616,147.456,512.0
"Query KEY: K_6356D5C9FDC7
Return only its VALUE.",0.511967232,['V_E195FC043F08'],MB,62985.0,3472.0,62982,32,9287.51616,synthetic_kv_64k,511.967232,context_0000,0.9448757640708105,623827566342,3472.0,Answer: ,9.28751616,147.456,512.0
"Query KEY: K_D65A87079AD4
Return only its VALUE.",0.511967232,['V_52F9F75D599F'],MB,62985.0,3472.0,62982,32,9287.51616,synthetic_kv_64k,511.967232,context_0000,0.9448757640708105, V_085480E1BE4D,3472.0,Answer: ,9.28751616,147.456,512.0
"Query KEY: K_663ED11FC8C0
Return only its VALUE.",0.511967232,['V_1AB7400035F0'],MB,62985.0,3472.0,62982,32,9287.51616,synthetic_kv_64k,511.967232,context_0000,0.9448757640708105,627393268543,3472.0,Answer: ,9.28751616,147.456,512.0
"Query KEY: K_F60FA4244F23
Return only its VALUE.",0.511967232,['V_BE0FDFC620CE'],MB,62985.0,3472.0,62982,32,9287.51616,synthetic_kv_64k,511.967232,context_0000,0.9448757640708105,6C925E5743F9,3472.0,Answer: ,9.28751616,147.456,512.0
"Query KEY: K_3FD5D9E604B3
Return only its VALUE.",0.511967232,['V_2AF148F9E3D0'],MB,62985.0,3472.0,62982,32,9287.51616,synthetic_kv_64k,511.967232,context_0000,0.9448757640708105,62183FA75293,3472.0,Answer: ,9.28751616,147.456,512.0
"Query KEY: K_5214C35B9FEA
Return only its VALUE.",0.511967232,['V_E60D45D5A68D'],MB,62985.0,3472.0,62982,32,9287.51616,synthetic_kv_64k,511.967232,context_0000,0.9448757640708105,5873A505596C,3472.0,Answer: ,9.28751616,147.456,512.0
"Query KEY: K_2EF56FFE33B3
Return only its VALUE.",0.511967232,['V_D46D06D3DB93'],MB,62985.0,3472.0,62982,32,9287.51616,synthetic_kv_64k,511.967232,context_0000,0.9448757640708105,21E3448A152F,3472.0,Answer: ,9.28751616,147.456,512.0
"Query KEY: K_CAFC0DA23E5C
Return only its VALUE.",0.511967232,['V_BF77808389C8'],MB,62985.0,3472.0,62982,32,9287.51616,synthetic_kv_64k,511.967232,context_0000,0.9448757640708105,8E943CEDDF2D,3472.0,Answer: ,9.28751616,147.456,512.0
"Query KEY: K_C5B73C5BF3A7
Return only its VALUE.",0.511967232,['V_29C8FE9936A3'],MB,62985.0,3472.0,62982,32,9287.51616,synthetic_kv_64k,511.967232,context_0000,0.9448757640708105,627393645543,3472.0,Answer: ,9.28751616,147.456,512.0
"Query KEY: K_72F65FFA46EF
Return only its VALUE.",0.511967232,['V_A32A07374C86'],MB,62985.0,3472.0,62982,32,9287.51616,synthetic_kv_64k,511.967232,context_0000,0.9448757640708105, V_1F14B6DBBB2C,3472.0,Answer: ,9.28751616,147.456,512.0
"Query KEY: K_32BBEE4A9B5D
Return only its VALUE.",0.511967232,['V_ABABA663D2CD'],MB,62985.0,3472.0,62982,32,9287.51616,synthetic_kv_64k,511.967232,context_0000,0.9448757640708105,684235896543,3472.0,Answer: ,9.28751616,147.456,512.0
"Query KEY: K_4AC6CA97EBF5
Return only its VALUE.",0.511967232,['V_139C2339BA19'],MB,62985.0,3472.0,62982,32,9287.51616,synthetic_kv_64k,511.967232,context_0000,0.9448757640708105,6A179F310FFF,3472.0,Answer: ,9.28751616,147.456,512.0
"Query KEY: K_F1E5D46B415D
Return only its VALUE.",0.511967232,['V_F02FB49E04CC'],MB,62985.0,3472.0,62982,32,9287.51616,synthetic_kv_64k,511.967232,context_0000,0.9448757640708105, V_06485868458A,3472.0,Answer: ,9.28751616,147.456,512.0
"Query KEY: K_09BA144823F7
Return only its VALUE.",0.511967232,['V_6E6A41843B03'],MB,62985.0,3472.0,62982,32,9287.51616,synthetic_kv_64k,511.967232,context_0000,0.9448757640708105,19A688528E6A,3472.0,Answer: ,9.28751616,147.456,512.0
"Query KEY: K_4C8DD5C0244D
Return only its VALUE.",0.511967232,['V_D8B4871C0884'],MB,62985.0,3472.0,62982,32,9287.51616,synthetic_kv_64k,511.967232,context_0000,0.9448757640708105,627393295543,3472.0,Answer: ,9.28751616,147.456,512.0
"Query KEY: K_79AB49C10669
Return only its VALUE.",0.511967232,['V_3E624D183EBA'],MB,62985.0,3472.0,62982,32,9287.51616,synthetic_kv_64k,511.967232,context_0000,0.9448757640708105,8E6F96DA1DAC,3472.0,Answer: ,9.28751616,147.456,512.0
"Query KEY: K_7A140C394EC7
Return only its VALUE.",0.511967232,['V_2028750565F5'],MB,62985.0,3472.0,62982,32,9287.51616,synthetic_kv_64k,511.967232,context_0000,0.9448757640708105,6A179F310FFF,3472.0,Answer: ,9.28751616,147.456,512.0
"Query KEY: K_FFE9E7B7B4C6
Return only its VALUE.",0.511967232,['V_952124C173B9'],MB,62985.0,3472.0,62982,32,9287.51616,synthetic_kv_64k,511.967232,context_0000,0.9448757640708105,892310423A8E,3472.0,Answer: ,9.28751616,147.456,512.0
"Query KEY: K_00CD6DE299A1
Return only its VALUE.",0.511967232,['V_B4A49D642932'],MB,62985.0,3472.0,62982,32,9287.51616,synthetic_kv_64k,511.967232,context_0000,0.9448757640708105,00CD6DE299A1,3472.0,Answer: ,9.28751616,147.456,512.0
"Query KEY: K_5FE76AA42C9F
Return only its VALUE.",0.511967232,['V_B8A1F982F4E0'],MB,62985.0,3472.0,62982,32,9287.51616,synthetic_kv_64k,511.967232,context_0000,0.9448757640708105, V_04C412922F83,3472.0,Answer: ,9.28751616,147.456,512.0
"Query KEY: K_0A698DDCE719
Return only its VALUE.",0.511967232,['V_164A785AC5D0'],MB,62985.0,3472.0,62982,32,9287.51616,synthetic_kv_64k,511.967232,context_0000,0.9448757640708105,8E943568E58A,3472.0,Answer: ,9.28751616,147.456,512.0
"Query KEY: K_C615A2BB522B
Return only its VALUE.",0.511967232,['V_BF21FB25664D'],MB,62985.0,3472.0,62982,32,9287.51616,synthetic_kv_64k,511.967232,context_0000,0.9448757640708105, V_06485885885A,3472.0,Answer: ,9.28751616,147.456,512.0
"Query KEY: K_B6D504287378
Return only its VALUE.",0.511967232,['V_2297C9DC72B8'],MB,62985.0,3472.0,62982,32,9287.51616,synthetic_kv_64k,511.967232,context_0000,0.9448757640708105,897679084863,3472.0,Answer: ,9.28751616,147.456,512.0
"Query KEY: K_7B745844F9FC
Return only its VALUE.",0.511967232,['V_3513A0D572C8'],MB,62985.0,3472.0,62982,32,9287.51616,synthetic_kv_64k,511.967232,context_0000,0.9448757640708105,684588888888,3472.0,Answer: ,9.28751616,147.456,512.0
"Query KEY: K_444E551FF086
Return only its VALUE.",0.511967232,['V_B4600B599562'],MB,62985.0,3472.0,62982,32,9287.51616,synthetic_kv_64k,511.967232,context_0000,0.9448757640708105,656666666666,3472.0,Answer: ,9.28751616,147.456,512.0
"Query KEY: K_AD568BC78E81
Return only its VALUE.",0.511967232,['V_F502B20507BB'],MB,62985.0,3472.0,62982,32,9287.51616,synthetic_kv_64k,511.967232,context_0000,0.9448757640708105,8E6F96DA1DAC,3472.0,Answer: ,9.28751616,147.456,512.0
"Query KEY: K_5D53A1B970D0
Return only its VALUE.",0.511967232,['V_450BCFBE4FE9'],MB,62985.0,3472.0,62982,32,9287.51616,synthetic_kv_64k,511.967232,context_0000,0.9448757640708105,552A966B1964,3472.0,Answer: ,9.28751616,147.456,512.0
"Query KEY: K_12EF752A7D25
Return only its VALUE.",0.511967232,['V_67364B1F0D7B'],MB,62985.0,3472.0,62982,32,9287.51616,synthetic_kv_64k,511.967232,context_0000,0.9448757640708105,146E0D093C73,3472.0,Answer: ,9.28751616,147.456,512.0
"Query KEY: K_A1950ABA590E
Return only its VALUE.",0.511967232,['V_9EC2EEF16694'],MB,62985.0,3472.0,62982,32,9287.51616,synthetic_kv_64k,511.967232,context_0000,0.9448757640708105,89574885588A,3472.0,Answer: ,9.28751616,147.456,512.0
"Query KEY: K_CBE483F02DC7
Return only its VALUE.",0.511967232,['V_F2618B040F49'],MB,62985.0,3472.0,62982,32,9287.51616,synthetic_kv_64k,511.967232,context_0000,0.9448757640708105, V_0A0C78D588E3,3472.0,Answer: ,9.28751616,147.456,512.0
"Query KEY: K_12BF40D92BCE
Return only its VALUE.",0.511967232,['V_927D30EC2796'],MB,62985.0,3472.0,62982,32,9287.51616,synthetic_kv_64k,511.967232,context_0000,0.9448757640708105,19E6C1A95EE2,3472.0,Answer: ,9.28751616,147.456,512.0
"Query KEY: K_1879C7E53BBB
Return only its VALUE.",0.511967232,['V_8BE354F90429'],MB,62985.0,3472.0,62982,32,9287.51616,synthetic_kv_64k,511.967232,context_0000,0.9448757640708105,897679F7F38C,3472.0,Answer: ,9.28751616,147.456,512.0
"Query KEY: K_DFB85E368127
Return only its VALUE.",0.511967232,['V_CCCFE3B56360'],MB,62985.0,3472.0,62982,32,9287.51616,synthetic_kv_64k,511.967232,context_0000,0.9448757640708105,626588558563,3472.0,Answer: ,9.28751616,147.456,512.0
"Query KEY: K_E125BE4969EC
Return only its VALUE.",0.511967232,['V_AD9662FB26D7'],MB,62985.0,3472.0,62982,32,9287.51616,synthetic_kv_64k,511.967232,context_0000,0.9448757640708105,8E6F96DA1DAC,3472.0,Answer: ,9.28751616,147.456,512.0
"Query KEY: K_5FA6F945F2FD
Return only its VALUE.",0.511967232,['V_BC147F5DB163'],MB,62985.0,3472.0,62982,32,9287.51616,synthetic_kv_64k,511.967232,context_0000,0.9448757640708105,63EAA42365A1,3472.0,Answer: ,9.28751616,147.456,512.0
"Query KEY: K_888F84EF4324
Return only its VALUE.",0.511967232,['V_2A4CCD180A82'],MB,62985.0,3472.0,62982,32,9287.51616,synthetic_kv_64k,511.967232,context_0000,0.9448757640708105,897679285432,3472.0,Answer: ,9.28751616,147.456,512.0
"Query KEY: K_D958BA220065
Return only its VALUE.",0.511967232,['V_DC7814348F62'],MB,62985.0,3472.0,62982,32,9287.51616,synthetic_kv_64k,511.967232,context_0000,0.9448757640708105,627393268594,3472.0,Answer: ,9.28751616,147.456,512.0
"Query KEY: K_5C64D284F54E
Return only its VALUE.",0.511967232,['V_96688BA435CC'],MB,62985.0,3472.0,62982,32,9287.51616,synthetic_kv_64k,511.967232,context_0000,0.9448757640708105,5C64D284F54E,3472.0,Answer: ,9.28751616,147.456,512.0
"Query KEY: K_3487523AE993
Return only its VALUE.",0.511967232,['V_A7E5147F6570'],MB,62985.0,3472.0,62982,32,9287.51616,synthetic_kv_64k,511.967232,context_0000,0.9448757640708105,627394767565,3472.0,Answer: ,9.28751616,147.456,512.0
"Query KEY: K_975EA9320094
Return only its VALUE.",0.511967232,['V_E44F4E76833A'],MB,62985.0,3472.0,62982,32,9287.51616,synthetic_kv_64k,511.967232,context_0000,0.9448757640708105,8E6F96DA1DAC,3472.0,Answer: ,9.28751616,147.456,512.0
"Query KEY: K_55526D15F16F
Return only its VALUE.",0.511967232,['V_E347B0946D2A'],MB,62985.0,3472.0,62982,32,9287.51616,synthetic_kv_64k,511.967232,context_0000,0.9448757640708105,55526D15F16F,3472.0,Answer: ,9.28751616,147.456,512.0
"Query KEY: K_E4EE59FEFBBC
Return only its VALUE.",0.511967232,['V_DEB0FF86CC31'],MB,62985.0,3472.0,62982,32,9287.51616,synthetic_kv_64k,511.967232,context_0000,0.9448757640708105,623827606624,3472.0,Answer: ,9.28751616,147.456,512.0
"Query KEY: K_1D5EF2A9DC8A
Return only its VALUE.",0.511967232,['V_CFFAA334058A'],MB,62985.0,3472.0,62982,32,9287.51616,synthetic_kv_64k,511.967232,context_0000,0.9448757640708105,19A6488E548A,3472.0,Answer: ,9.28751616,147.456,512.0
"Query KEY: K_51E9ADEDDA80
Return only its VALUE.",0.511967232,['V_0FF1F3EA0184'],MB,62985.0,3472.0,62982,32,9287.51616,synthetic_kv_64k,511.967232,context_0000,0.9448757640708105,8E6F96DA1DAC,3472.0,Answer: ,9.28751616,147.456,512.0
"Query KEY: K_E058C8040FB7
Return only its VALUE.",0.511967232,['V_40A108E895D7'],MB,62985.0,3472.0,62982,32,9287.51616,synthetic_kv_64k,511.967232,context_0000,0.9448757640708105,895748848843,3472.0,Answer: ,9.28751616,147.456,512.0
"Query KEY: K_78D4113634A5
Return only its VALUE.",0.511967232,['V_B96B5DC7B3E6'],MB,62985.0,3472.0,62982,32,9287.51616,synthetic_kv_64k,511.967232,context_0000,0.9448757640708105,897654321098,3472.0,Answer: ,9.28751616,147.456,512.0
"Query KEY: K_10949136F1F8
Return only its VALUE.",0.511967232,['V_4E8F9AE77EAB'],MB,62985.0,3472.0,62982,32,9287.51616,synthetic_kv_64k,511.967232,context_0000,0.9448757640708105,146855555555,3472.0,Answer: ,9.28751616,147.456,512.0
"Query KEY: K_E65CADD702C9
Return only its VALUE.",0.511967232,['V_BDEFF2E6195F'],MB,62985.0,3472.0,62982,32,9287.51616,synthetic_kv_64k,511.967232,context_0000,0.9448757640708105, V_5C925688143E,3472.0,Answer: ,9.28751616,147.456,512.0
"Query KEY: K_E34C5F3C44DC
Return only its VALUE.",0.511967232,['V_275DC359810A'],MB,62985.0,3472.0,62982,32,9287.51616,synthetic_kv_64k,511.967232,context_0000,0.9448757640708105,897679F588C5,3472.0,Answer: ,9.28751616,147.456,512.0
"Query KEY: K_467F92EC89AF
Return only its VALUE.",0.511967232,['V_BBE0878AAED9'],MB,62985.0,3472.0,62982,32,9287.51616,synthetic_kv_64k,511.967232,context_0000,0.9448757640708105,897679F7F30C,3472.0,Answer: ,9.28751616,147.456,512.0
"Query KEY: K_A0F765E58F34
Return only its VALUE.",0.511967232,['V_8EB0A6499CDC'],MB,62985.0,3472.0,62982,32,9287.51616,synthetic_kv_64k,511.967232,context_0000,0.9448757640708105,8E6F96DA1DAC,3472.0,Answer: ,9.28751616,147.456,512.0
"Query KEY: K_0D441D0AF7F7
Return only its VALUE.",0.511967232,['V_5F41BC55300B'],MB,62985.0,3472.0,62982,32,9287.51616,synthetic_kv_64k,511.967232,context_0000,0.9448757640708105,000000000000,3472.0,Answer: ,9.28751616,147.456,512.0
"Query KEY: K_3C4B8FC9C86B
Return only its VALUE.",0.511967232,['V_6DDC723EF466'],MB,62985.0,3472.0,62982,32,9287.51616,synthetic_kv_64k,511.967232,context_0000,0.9448757640708105,897679F7F38C,3472.0,Answer: ,9.28751616,147.456,512.0
"Query KEY: K_667D7DBF4BC1
Return only its VALUE.",0.511967232,['V_457E1F652A87'],MB,62985.0,3472.0,62982,32,9287.51616,synthetic_kv_64k,511.967232,context_0000,0.9448757640708105,6C895632E58A,3472.0,Answer: ,9.28751616,147.456,512.0
"Query KEY: K_25EADA52D2EE
Return only its VALUE.",0.511967232,['V_586673B911D8'],MB,62985.0,3472.0,62982,32,9287.51616,synthetic_kv_64k,511.967232,context_0000,0.9448757640708105,629888888888,3472.0,Answer: ,9.28751616,147.456,512.0
"Query KEY: K_94AA8ACBBE09
Return only its VALUE.",0.511967232,['V_9993E42E5037'],MB,62985.0,3472.0,62982,32,9287.51616,synthetic_kv_64k,511.967232,context_0000,0.9448757640708105,895746858893,3472.0,Answer: ,9.28751616,147.456,512.0
"Query KEY: K_50A4D9F2DD0D
Return only its VALUE.",0.511967232,['V_5922A3404F08'],MB,62985.0,3472.0,62982,32,9287.51616,synthetic_kv_64k,511.967232,context_0000,0.9448757640708105,585858585858,3472.0,Answer: ,9.28751616,147.456,512.0
"Query KEY: K_B915CB2FAFA3
Return only its VALUE.",0.511967232,['V_72CF823DD107'],MB,62985.0,3472.0,62982,32,9287.51616,synthetic_kv_64k,511.967232,context_0000,0.9448757640708105, V_085480E1BE4D,3472.0,Answer: ,9.28751616,147.456,512.0
"Query KEY: K_7935238D6F44
Return only its VALUE.",0.511967232,['V_FCF0CA55E38B'],MB,62985.0,3472.0,62982,32,9287.51616,synthetic_kv_64k,511.967232,context_0000,0.9448757640708105,892310423A8E,3472.0,Answer: ,9.28751616,147.456,512.0
"Query KEY: K_B8C706BA8CD3
Return only its VALUE.",0.511967232,['V_EF4F5E70F65F'],MB,62985.0,3472.0,62982,32,9287.51616,synthetic_kv_64k,511.967232,context_0000,0.9448757640708105,897679F7F38C,3472.0,Answer: ,9.28751616,147.456,512.0
"Query KEY: K_42718D38BBD8
Return only its VALUE.",0.511967232,['V_21A9161237C9'],MB,62985.0,3472.0,62982,32,9287.51616,synthetic_kv_64k,511.967232,context_0000,0.9448757640708105,892310423A8E,3472.0,Answer: ,9.28751616,147.456,512.0
"Query KEY: K_CBDB4F2DAD3F
Return only its VALUE.",0.511967232,['V_F513B807D78A'],MB,62985.0,3472.0,62982,32,9287.51616,synthetic_kv_64k,511.967232,context_0000,0.9448757640708105,627393CD5962,3472.0,Answer: ,9.28751616,147.456,512.0
"Query KEY: K_D2538693FD9D
Return only its VALUE.",0.511967232,['V_D1A1C4E7F7DD'],MB,62985.0,3472.0,62982,32,9287.51616,synthetic_kv_64k,511.967232,context_0000,0.9448757640708105, V_065488658875,3472.0,Answer: ,9.28751616,147.456,512.0
"Query KEY: K_402A12E153A6
Return only its VALUE.",0.511967232,['V_A251F8EDE0CA'],MB,62985.0,3472.0,62982,32,9287.51616,synthetic_kv_64k,511.967232,context_0000,0.9448757640708105,62183FA753A6,3472.0,Answer: ,9.28751616,147.456,512.0
"Query KEY: K_25F8A4704D48
Return only its VALUE.",0.511967232,['V_EE8173318749'],MB,62985.0,3472.0,62982,32,9287.51616,synthetic_kv_64k,511.967232,context_0000,0.9448757640708105,6842D885884A,3472.0,Answer: ,9.28751616,147.456,512.0
"Query KEY: K_41B558321EE4
Return only its VALUE.",0.511967232,['V_4210F75D1E3C'],MB,62985.0,3472.0,62982,32,9287.51616,synthetic_kv_64k,511.967232,context_0000,0.9448757640708105,53A1B0C7700A,3472.0,Answer: ,9.28751616,147.456,512.0
"Query KEY: K_9BB6272C0588
Return only its VALUE.",0.511967232,['V_52ED2A26F770'],MB,62985.0,3472.0,62982,32,9287.51616,synthetic_kv_64k,511.967232,context_0000,0.9448757640708105,892310423A8E,3472.0,Answer: ,9.28751616,147.456,512.0
"Query KEY: K_7370B596CA7C
Return only its VALUE.",0.511967232,['V_916EE519DD7E'],MB,62985.0,3472.0,62982,32,9287.51616,synthetic_kv_64k,511.967232,context_0000,0.9448757640708105,5873BC0DBD13,3472.0,Answer: ,9.28751616,147.456,512.0
"Query KEY: K_2860D88F1C94
Return only its VALUE.",0.511967232,['V_64814027AB7D'],MB,62985.0,3472.0,62982,32,9287.51616,synthetic_kv_64k,511.967232,context_0000,0.9448757640708105,2C21BFCF214E,3472.0,Answer: ,9.28751616,147.456,512.0
"Query KEY: K_8C848D03F17A
Return only its VALUE.",0.511967232,['V_2FD58892042F'],MB,62985.0,3472.0,62982,32,9287.51616,synthetic_kv_64k,511.967232,context_0000,0.9448757640708105,897679084863,3472.0,Answer: ,9.28751616,147.456,512.0
"Query KEY: K_57A727794685
Return only its VALUE.",0.511967232,['V_ACDC9AEA622F'],MB,62985.0,3472.0,62982,32,9287.51616,synthetic_kv_64k,511.967232,context_0000,0.9448757640708105,892310423A8E,3472.0,Answer: ,9.28751616,147.456,512.0
"Query KEY: K_151790494583
Return only its VALUE.",0.511967232,['V_299607437C3B'],MB,62985.0,3472.0,62982,32,9287.51616,synthetic_kv_64k,511.967232,context_0000,0.9448757640708105,146688888888,3472.0,Answer: ,9.28751616,147.456,512.0
"Query KEY: K_878093A74792
Return only its VALUE.",0.511967232,['V_6BEFA6B07458'],MB,62985.0,3472.0,62982,32,9287.51616,synthetic_kv_64k,511.967232,context_0000,0.9448757640708105,689456A3016E,3472.0,Answer: ,9.28751616,147.456,512.0
"Query KEY: K_0F81A394ED54
Return only its VALUE.",0.511967232,['V_9AACF4E7069A'],MB,62985.0,3472.0,62982,32,9287.51616,synthetic_kv_64k,511.967232,context_0000,0.9448757640708105,892310423A8E,3472.0,Answer: ,9.28751616,147.456,512.0
"Query KEY: K_7D607BA24588
Return only its VALUE.",0.511967232,['V_CFEBAF5B8F47'],MB,62985.0,3472.0,62982,32,9287.51616,synthetic_kv_64k,511.967232,context_0000,0.9448757640708105,658E9D4B884D,3472.0,Answer: ,9.28751616,147.456,512.0
"Query KEY: K_E8364C24A053
Return only its VALUE.",0.511967232,['V_50EF0F5675F8'],MB,62985.0,3472.0,62982,32,9287.51616,synthetic_kv_64k,511.967232,context_0000,0.9448757640708105,892310423A8E,3472.0,Answer: ,9.28751616,147.456,512.0
"Query KEY: K_D4CC7089FC6D
Return only its VALUE.",0.511967232,['V_EDCB7BF7E1D3'],MB,62985.0,3472.0,62982,32,9287.51616,synthetic_kv_64k,511.967232,context_0000,0.9448757640708105, V_1F358ACD4037,3472.0,Answer: ,9.28751616,147.456,512.0
"Query KEY: K_AE2D343ADA2A
Return only its VALUE.",0.511967232,['V_498E9B4E164B'],MB,62985.0,3472.0,62982,32,9287.51616,synthetic_kv_64k,511.967232,context_0000,0.9448757640708105,8E943C58830A,3472.0,Answer: ,9.28751616,147.456,512.0
"Query KEY: K_A37DB7E6A14C
Return only its VALUE.",0.511967232,['V_B0D4DC5BE7D1'],MB,62985.0,3472.0,62982,32,9287.51616,synthetic_kv_64k,511.967232,context_0000,0.9448757640708105,629435868423,3472.0,Answer: ,9.28751616,147.456,512.0
"Query KEY: K_CC24F9B21E6E
Return only its VALUE.",0.511967232,['V_365D8FC85FC0'],MB,62985.0,3472.0,62982,32,9287.51616,synthetic_kv_64k,511.967232,context_0000,0.9448757640708105,19AC0EA26221,3472.0,Answer: ,9.28751616,147.456,512.0
"Query KEY: K_7BC551B1943C
Return only its VALUE.",0.511967232,['V_3EBB776ABF09'],MB,62985.0,3472.0,62982,32,9287.51616,synthetic_kv_64k,511.967232,context_0000,0.9448757640708105, V_085480E1BE4D,3472.0,Answer: ,9.28751616,147.456,512.0
"Query KEY: K_E63144790612
Return only its VALUE.",0.511967232,['V_48213F779CAE'],MB,62985.0,3472.0,62982,32,9287.51616,synthetic_kv_64k,511.967232,context_0000,0.9448757640708105, V_064858858854,3472.0,Answer: ,9.28751616,147.456,512.0
"Query KEY: K_19E818C8A616
Return only its VALUE.",0.511967232,['V_D6159D896047'],MB,62985.0,3472.0,62982,32,9287.51616,synthetic_kv_64k,511.967232,context_0000,0.9448757640708105,8E626486E68A,3472.0,Answer: ,9.28751616,147.456,512.0
"Query KEY: K_6131500E15C0
Return only its VALUE.",0.511967232,['V_5195C35BEC2C'],MB,62985.0,3472.0,62982,32,9287.51616,synthetic_kv_64k,511.967232,context_0000,0.9448757640708105,605EF87405CA,3472.0,Answer: ,9.28751616,147.456,512.0
"Query KEY: K_EF0283C501CB
Return only its VALUE.",0.511967232,['V_FEA74EFC8248'],MB,62985.0,3472.0,62982,32,9287.51616,synthetic_kv_64k,511.967232,context_0000,0.9448757640708105,897679F7F38C,3472.0,Answer: ,9.28751616,147.456,512.0
"Query KEY: K_2E1A05EEE1D4
Return only its VALUE.",0.511967232,['V_C957F1FAC6E7'],MB,62985.0,3472.0,62982,32,9287.51616,synthetic_kv_64k,511.967232,context_0000,0.9448757640708105,6C99D864148A,3472.0,Answer: ,9.28751616,147.456,512.0
"Query KEY: K_EA1A8164CEEC
Return only its VALUE.",0.511967232,['V_7B40F778C676'],MB,62985.0,3472.0,62982,32,9287.51616,synthetic_kv_64k,511.967232,context_0000,0.9448757640708105,8E6F96DA1DAC,3472.0,Answer: ,9.28751616,147.456,512.0
"Query KEY: K_18E95A575539
Return only its VALUE.",0.511967232,['V_900D0CF0374C'],MB,62985.0,3472.0,62982,32,9287.51616,synthetic_kv_64k,511.967232,context_0000,0.9448757640708105,895746385496,3472.0,Answer: ,9.28751616,147.456,512.0
"Query KEY: K_924D78786140
Return only its VALUE.",0.511967232,['V_042F896490AB'],MB,62985.0,3472.0,62982,32,9287.51616,synthetic_kv_64k,511.967232,context_0000,0.9448757640708105,192345678901,3472.0,Answer: ,9.28751616,147.456,512.0
"Query KEY: K_3709D8E049DE
Return only its VALUE.",0.511967232,['V_44936E51484D'],MB,62985.0,3472.0,62982,32,9287.51616,synthetic_kv_64k,511.967232,context_0000,0.9448757640708105,627394564E5A,3472.0,Answer: ,9.28751616,147.456,512.0
"Query KEY: K_8768E1E89E7E
Return only its VALUE.",0.511967232,['V_BB47BA3DF7FF'],MB,62985.0,3472.0,62982,32,9287.51616,synthetic_kv_64k,511.967232,context_0000,0.9448757640708105,897654321098,3472.0,Answer: ,9.28751616,147.456,512.0
"Query KEY: K_CE77C38C1DEC
Return only its VALUE.",0.511967232,['V_172A5DAE1201'],MB,62985.0,3472.0,62982,32,9287.51616,synthetic_kv_64k,511.967232,context_0000,0.9448757640708105,688858888888,3472.0,Answer: ,9.28751616,147.456,512.0
"Query KEY: K_1A31668C8477
Return only its VALUE.",0.511967232,['V_B99C31D4EE09'],MB,62985.0,3472.0,62982,32,9287.51616,synthetic_kv_64k,511.967232,context_0000,0.9448757640708105,199810231111,3472.0,Answer: ,9.28751616,147.456,512.0
"Query KEY: K_93C38DA00495
Return only its VALUE.",0.511967232,['V_C5CF12D2FA06'],MB,62985.0,3472.0,62982,32,9287.51616,synthetic_kv_64k,511.967232,context_0000,0.9448757640708105,892310423A8E,3472.0,Answer: ,9.28751616,147.456,512.0
"Query KEY: K_E6948116E3FC
Return only its VALUE.",0.511967232,['V_41E01E6A6628'],MB,62985.0,3472.0,62982,32,9287.51616,synthetic_kv_64k,511.967232,context_0000,0.9448757640708105, V_085480E1BE4D,3472.0,Answer: ,9.28751616,147.456,512.0
"Query KEY: K_3180F99F0704
Return only its VALUE.",0.511967232,['V_BF1364D6DFBF'],MB,62985.0,3472.0,62982,32,9287.51616,synthetic_kv_64k,511.967232,context_0000,0.9448757640708105,684285888888,3472.0,Answer: ,9.28751616,147.456,512.0
"Query KEY: K_BB30F05EEEFE
Return only its VALUE.",0.511967232,['V_49DDC14565C7'],MB,62985.0,3472.0,62982,32,9287.51616,synthetic_kv_64k,511.967232,context_0000,0.9448757640708105,627393268594,3472.0,Answer: ,9.28751616,147.456,512.0
"Query KEY: K_CD828255DA61
Return only its VALUE.",0.511967232,['V_149C80051B10'],MB,62985.0,3472.0,62982,32,9287.51616,synthetic_kv_64k,511.967232,context_0000,0.9448757640708105,146E0D093C73,3472.0,Answer: ,9.28751616,147.456,512.0
"Query KEY: K_13EC0B990034
Return only its VALUE.",0.511967232,['V_4C4174FD33D1'],MB,62985.0,3472.0,62982,32,9287.51616,synthetic_kv_64k,511.967232,context_0000,0.9448757640708105,19E54867743A,3472.0,Answer: ,9.28751616,147.456,512.0
"Query KEY: K_479183F82F16
Return only its VALUE.",0.511967232,['V_A3169CF20859'],MB,62985.0,3472.0,62982,32,9287.51616,synthetic_kv_64k,511.967232,context_0000,0.9448757640708105,148562341289,3472.0,Answer: ,9.28751616,147.456,512.0
"Query KEY: K_C9312999BBEF
Return only its VALUE.",0.511967232,['V_FACD88476C56'],MB,62985.0,3472.0,62982,32,9287.51616,synthetic_kv_64k,511.967232,context_0000,0.9448757640708105, V_085480E1BE4D,3472.0,Answer: ,9.28751616,147.456,512.0
"Query KEY: K_F3254CBF131D
Return only its VALUE.",0.511967232,['V_0884D0D4EA67'],MB,62985.0,3472.0,62982,32,9287.51616,synthetic_kv_64k,511.967232,context_0000,0.9448757640708105,8976543210AB,3472.0,Answer: ,9.28751616,147.456,512.0
"Query KEY: K_A9985E4CB287
Return only its VALUE.",0.511967232,['V_381EAC7E937C'],MB,62985.0,3472.0,62982,32,9287.51616,synthetic_kv_64k,511.967232,context_0000,0.9448757640708105,8E6F96DA1DAC,3472.0,Answer: ,9.28751616,147.456,512.0
"Query KEY: K_D544FADA98F5
Return only its VALUE.",0.511967232,['V_9D87956D80E4'],MB,62985.0,3472.0,62982,32,9287.51616,synthetic_kv_64k,511.967232,context_0000,0.9448757640708105,527854885821,3472.0,Answer: ,9.28751616,147.456,512.0
"Query KEY: K_87F3797EBE87
Return only its VALUE.",0.511967232,['V_748093DFD907'],MB,62985.0,3472.0,62982,32,9287.51616,synthetic_kv_64k,511.967232,context_0000,0.9448757640708105,897679008890,3472.0,Answer: ,9.28751616,147.456,512.0
"Query KEY: K_1A4BB8ADAD87
Return only its VALUE.",0.511967232,['V_F5FD9561C813'],MB,62985.0,3472.0,62982,32,9287.51616,synthetic_kv_64k,511.967232,context_0000,0.9448757640708105,199546805543,3472.0,Answer: ,9.28751616,147.456,512.0
"Query KEY: K_C2A8D756BA9C
Return only its VALUE.",0.511967232,['V_7C01AE441E21'],MB,62985.0,3472.0,62982,32,9287.51616,synthetic_kv_64k,511.967232,context_0000,0.9448757640708105, V_0648D856C14E,3472.0,Answer: ,9.28751616,147.456,512.0
"Query KEY: K_61AE1C221CEA
Return only its VALUE.",0.511967232,['V_E1CF04D9145E'],MB,62985.0,3472.0,62982,32,9287.51616,synthetic_kv_64k,511.967232,context_0000,0.9448757640708105,605EF87405CA,3472.0,Answer: ,9.28751616,147.456,512.0
"Query KEY: K_D66A504E2687
Return only its VALUE.",0.511967232,['V_D36F26C432F6'],MB,62985.0,3472.0,62982,32,9287.51616,synthetic_kv_64k,511.967232,context_0000,0.9448757640708105,8E6F96DA1BBC,3472.0,Answer: ,9.28751616,147.456,512.0
"Query KEY: K_6864B0C4A01C
Return only its VALUE.",0.511967232,['V_F176EBA742D2'],MB,62985.0,3472.0,62982,32,9287.51616,synthetic_kv_64k,511.967232,context_0000,0.9448757640708105,897654321098,3472.0,Answer: ,9.28751616,147.456,512.0
"Query KEY: K_F4EDA987B218
Return only its VALUE.",0.511967232,['V_C0EF8685ABAA'],MB,62985.0,3472.0,62982,32,9287.51616,synthetic_kv_64k,511.967232,context_0000,0.9448757640708105,8E6F96DA1DAC,3472.0,Answer: ,9.28751616,147.456,512.0
"Query KEY: K_EB592C55AEF7
Return only its VALUE.",0.511967232,['V_875AB17CFB21'],MB,62985.0,3472.0,62982,32,9287.51616,synthetic_kv_64k,511.967232,context_0000,0.9448757640708105,8E9435901039,3472.0,Answer: ,9.28751616,147.456,512.0
"Query KEY: K_F7E69C2DFA97
Return only its VALUE.",0.511967232,['V_8ED93F1BE0D0'],MB,62985.0,3472.0,62982,32,9287.51616,synthetic_kv_64k,511.967232,context_0000,0.9448757640708105,8E94355888E6,3472.0,Answer: ,9.28751616,147.456,512.0
"Query KEY: K_98D48EDEC44D
Return only its VALUE.",0.511967232,['V_FA5EB47A1C5B'],MB,62985.0,3472.0,62982,32,9287.51616,synthetic_kv_64k,511.967232,context_0000,0.9448757640708105,199810231111,3472.0,Answer: ,9.28751616,147.456,512.0
"Query KEY: K_F5A85129950D
Return only its VALUE.",0.511967232,['V_935946015028'],MB,62985.0,3472.0,62982,32,9287.51616,synthetic_kv_64k,511.967232,context_0000,0.9448757640708105, V_06485884586C,3472.0,Answer: ,9.28751616,147.456,512.0
"Query KEY: K_CA00FAEBCD19
Return only its VALUE.",0.511967232,['V_B0B5D1812F77'],MB,62985.0,3472.0,62982,32,9287.51616,synthetic_kv_64k,511.967232,context_0000,0.9448757640708105,19A6885E626D,3472.0,Answer: ,9.28751616,147.456,512.0
"Query KEY: K_4AFECDFB4DB9
Return only its VALUE.",0.511967232,['V_15894A5B1AFF'],MB,62985.0,3472.0,62982,32,9287.51616,synthetic_kv_64k,511.967232,context_0000,0.9448757640708105,658A58C58875,3472.0,Answer: ,9.28751616,147.456,512.0
"Query KEY: K_2876B6D1F6BB
Return only its VALUE.",0.511967232,['V_6D8F7AA4F052'],MB,62985.0,3472.0,62982,32,9287.51616,synthetic_kv_64k,511.967232,context_0000,0.9448757640708105,8E6F96DA1DAC,3472.0,Answer: ,9.28751616,147.456,512.0
"Query KEY: K_8AD189E03E22
Return only its VALUE.",0.511967232,['V_8B11B2384849'],MB,62985.0,3472.0,62982,32,9287.51616,synthetic_kv_64k,511.967232,context_0000,0.9448757640708105,8E6F96DA1DAC,3472.0,Answer: ,9.28751616,147.456,512.0
"Query KEY: K_37EC23245211
Return only its VALUE.",0.511967232,['V_7A83963A8617'],MB,62985.0,3472.0,62982,32,9287.51616,synthetic_kv_64k,511.967232,context_0000,0.9448757640708105,627394767543,3472.0,Answer: ,9.28751616,147.456,512.0
"Query KEY: K_19FD3E11BAFE
Return only its VALUE.",0.511967232,['V_738B87F255D6'],MB,62985.0,3472.0,62982,32,9287.51616,synthetic_kv_64k,511.967232,context_0000,0.9448757640708105,145863201648,3472.0,Answer: ,9.28751616,147.456,512.0
"Query KEY: K_7736A35055E4
Return only its VALUE.",0.511967232,['V_334D0D700EA4'],MB,62985.0,3472.0,62982,32,9287.51616,synthetic_kv_64k,511.967232,context_0000,0.9448757640708105,8E6A58C58875,3472.0,Answer: ,9.28751616,147.456,512.0
"Query KEY: K_A91C69CE1E4E
Return only its VALUE.",0.511967232,['V_F1DEB7A4C719'],MB,62985.0,3472.0,62982,32,9287.51616,synthetic_kv_64k,511.967232,context_0000,0.9448757640708105,8E9435901039,3472.0,Answer: ,9.28751616,147.456,512.0
"Query KEY: K_4662C550ECA8
Return only its VALUE.",0.511967232,['V_50DDEDD97A1A'],MB,62985.0,3472.0,62982,32,9287.51616,synthetic_kv_64k,511.967232,context_0000,0.9448757640708105,892310423A8E,3472.0,Answer: ,9.28751616,147.456,512.0
"Query KEY: K_F38EE0DECC3D
Return only its VALUE.",0.511967232,['V_9311F6C31218'],MB,62985.0,3472.0,62982,32,9287.51616,synthetic_kv_64k,511.967232,context_0000,0.9448757640708105,897679F7F30C,3472.0,Answer: ,9.28751616,147.456,512.0
"Query KEY: K_922152380BF2
Return only its VALUE.",0.511967232,['V_1E4AA55990E7'],MB,62985.0,3472.0,62982,32,9287.51616,synthetic_kv_64k,511.967232,context_0000,0.9448757640708105,198548848885,3472.0,Answer: ,9.28751616,147.456,512.0
"Query KEY: K_76E592FA675F
Return only its VALUE.",0.511967232,['V_1318EFC9909E'],MB,62985.0,3472.0,62982,32,9287.51616,synthetic_kv_64k,511.967232,context_0000,0.9448757640708105,628588888888,3472.0,Answer: ,9.28751616,147.456,512.0
"Query KEY: K_D5F52CD10B9F
Return only its VALUE.",0.511967232,['V_129BEB6D2FED'],MB,62985.0,3472.0,62982,32,9287.51616,synthetic_kv_64k,511.967232,context_0000,0.9448757640708105,52F5D83333C3,3472.0,Answer: ,9.28751616,147.456,512.0
"Query KEY: K_5F647ED17AAB
Return only its VALUE.",0.511967232,['V_9435ED10F004'],MB,62985.0,3472.0,62982,32,9287.51616,synthetic_kv_64k,511.967232,context_0000,0.9448757640708105,585288888888,3472.0,Answer: ,9.28751616,147.456,512.0
"Query KEY: K_132EE0723D96
Return only its VALUE.",0.511967232,['V_98C6025F5543'],MB,62985.0,3472.0,62982,32,9287.51616,synthetic_kv_64k,511.967232,context_0000,0.9448757640708105,145888888888,3472.0,Answer: ,9.28751616,147.456,512.0
"Query KEY: K_AB8AFBA57CC8
Return only its VALUE.",0.511967232,['V_E8A048D90846'],MB,62985.0,3472.0,62982,32,9287.51616,synthetic_kv_64k,511.967232,context_0000,0.9448757640708105,8E6F96DA1DAC,3472.0,Answer: ,9.28751616,147.456,512.0
"Query KEY: K_44B5F0458043
Return only its VALUE.",0.511967232,['V_8BB177D0359E'],MB,62985.0,3472.0,62982,32,9287.51616,synthetic_kv_64k,511.967232,context_0000,0.9448757640708105,623820950843,3472.0,Answer: ,9.28751616,147.456,512.0
"Query KEY: K_A94F1CD66B09
Return only its VALUE.",0.511967232,['V_07362FAABE0B'],MB,62985.0,3472.0,62982,32,9287.51616,synthetic_kv_64k,511.967232,context_0000,0.9448757640708105,8E6F932E554C,3472.0,Answer: ,9.28751616,147.456,512.0
"Query KEY: K_AC99BC92FD81
Return only its VALUE.",0.511967232,['V_970DCA6FBFF8'],MB,62985.0,3472.0,62982,32,9287.51616,synthetic_kv_64k,511.967232,context_0000,0.9448757640708105,192340856281,3472.0,Answer: ,9.28751616,147.456,512.0
"Query KEY: K_62E6C1DD484A
Return only its VALUE.",0.511967232,['V_CF9CE5A4983B'],MB,62985.0,3472.0,62982,32,9287.51616,synthetic_kv_64k,511.967232,context_0000,0.9448757640708105,684285685486,3472.0,Answer: ,9.28751616,147.456,512.0
"Query KEY: K_DAFBD3B59AF7
Return only its VALUE.",0.511967232,['V_A7E683E96EF4'],MB,62985.0,3472.0,62982,32,9287.51616,synthetic_kv_64k,511.967232,context_0000,0.9448757640708105,1E24A18FF6B6,3472.0,Answer: ,9.28751616,147.456,512.0
"Query KEY: K_CD3A1634725B
Return only its VALUE.",0.511967232,['V_30D6AB545A15'],MB,62985.0,3472.0,62982,32,9287.51616,synthetic_kv_64k,511.967232,context_0000,0.9448757640708105, V_065848612C2F,3472.0,Answer: ,9.28751616,147.456,512.0
"Query KEY: K_F47423FF23D3
Return only its VALUE.",0.511967232,['V_037F3F800385'],MB,62985.0,3472.0,62982,32,9287.51616,synthetic_kv_64k,511.967232,context_0000,0.9448757640708105, V_085480E1BE4D,3472.0,Answer: ,9.28751616,147.456,512.0
"Query KEY: K_C46342C2D2EB
Return only its VALUE.",0.511967232,['V_E4BA3C4B1EEC'],MB,62985.0,3472.0,62982,32,9287.51616,synthetic_kv_64k,511.967232,context_0000,0.9448757640708105,8976543210AB,3472.0,Answer: ,9.28751616,147.456,512.0
"Query KEY: K_88B3C0F63229
Return only its VALUE.",0.511967232,['V_A8C4F43BA052'],MB,62985.0,3472.0,62982,32,9287.51616,synthetic_kv_64k,511.967232,context_0000,0.9448757640708105,897679F7F38C,3472.0,Answer: ,9.28751616,147.456,512.0
"Query KEY: K_85EA02ED73CE
Return only its VALUE.",0.511967232,['V_B817A757CB10'],MB,62985.0,3472.0,62982,32,9287.51616,synthetic_kv_64k,511.967232,context_0000,0.9448757640708105,8E608D5288F1,3472.0,Answer: ,9.28751616,147.456,512.0
"Query KEY: K_78FCB1594847
Return only its VALUE.",0.511967232,['V_EE481E43FBD2'],MB,62985.0,3472.0,62982,32,9287.51616,synthetic_kv_64k,511.967232,context_0000,0.9448757640708105,8E6F96DA1DAC,3472.0,Answer: ,9.28751616,147.456,512.0
"Query KEY: K_51C64E8ADC4B
Return only its VALUE.",0.511967232,['V_BC2E4B87959F'],MB,62985.0,3472.0,62982,32,9287.51616,synthetic_kv_64k,511.967232,context_0000,0.9448757640708105,5873BC0DBD13,3472.0,Answer: ,9.28751616,147.456,512.0
"Query KEY: K_71139D5817E8
Return only its VALUE.",0.511967232,['V_F4D422319050'],MB,62985.0,3472.0,62982,32,9287.51616,synthetic_kv_64k,511.967232,context_0000,0.9448757640708105,897856342016,3472.0,Answer: ,9.28751616,147.456,512.0
"Query KEY: K_E8F227372B52
Return only its VALUE.",0.511967232,['V_BF4B9B11B530'],MB,62985.0,3472.0,62982,32,9287.51616,synthetic_kv_64k,511.967232,context_0000,0.9448757640708105, V_064858858843,3472.0,Answer: ,9.28751616,147.456,512.0
"Query KEY: K_B93BB42A0456
Return only its VALUE.",0.511967232,['V_3973906D5C8C'],MB,62985.0,3472.0,62982,32,9287.51616,synthetic_kv_64k,511.967232,context_0000,0.9448757640708105,627393268596,3472.0,Answer: ,9.28751616,147.456,512.0
"Query KEY: K_67818167999F
Return only its VALUE.",0.511967232,['V_543E265CB9D9'],MB,62985.0,3472.0,62982,32,9287.51616,synthetic_kv_64k,511.967232,context_0000,0.9448757640708105,688888888888,3472.0,Answer: ,9.28751616,147.456,512.0
"Query KEY: K_E23885351A69
Return only its VALUE.",0.511967232,['V_FA4795492A82'],MB,62985.0,3472.0,62982,32,9287.51616,synthetic_kv_64k,511.967232,context_0000,0.9448757640708105,8E6F96DA1DAC,3472.0,Answer: ,9.28751616,147.456,512.0
"Query KEY: K_E41682A7F586
Return only its VALUE.",0.511967232,['V_1C7CCF0671C7'],MB,62985.0,3472.0,62982,32,9287.51616,synthetic_kv_64k,511.967232,context_0000,0.9448757640708105,897679F7F30C,3472.0,Answer: ,9.28751616,147.456,512.0
"Query KEY: K_438E741423B5
Return only its VALUE.",0.511967232,['V_D4B2836435E3'],MB,62985.0,3472.0,62982,32,9287.51616,synthetic_kv_64k,511.967232,context_0000,0.9448757640708105,62183FA7D0E0,3472.0,Answer: ,9.28751616,147.456,512.0
"Query KEY: K_9DC8CE920136
Return only its VALUE.",0.511967232,['V_0B25B928E23F'],MB,62985.0,3472.0,62982,32,9287.51616,synthetic_kv_64k,511.967232,context_0000,0.9448757640708105,897679F7F38C,3472.0,Answer: ,9.28751616,147.456,512.0
"Query KEY: K_8248655CE508
Return only its VALUE.",0.511967232,['V_018BD1031424'],MB,62985.0,3472.0,62982,32,9287.51616,synthetic_kv_64k,511.967232,context_0000,0.9448757640708105,892310423A8E,3472.0,Answer: ,9.28751616,147.456,512.0
"Query KEY: K_6F90BEED0AF9
Return only its VALUE.",0.511967232,['V_2564940C3503'],MB,62985.0,3472.0,62982,32,9287.51616,synthetic_kv_64k,511.967232,context_0000,0.9448757640708105,8E6F96DA1DAC,3472.0,Answer: ,9.28751616,147.456,512.0
"Query KEY: K_D8EE0B981CCD
Return only its VALUE.",0.511967232,['V_1ED9FE7EE362'],MB,62985.0,3472.0,62982,32,9287.51616,synthetic_kv_64k,511.967232,context_0000,0.9448757640708105,627393CD59BF,3472.0,Answer: ,9.28751616,147.456,512.0
"Query KEY: K_F1B3EF0BEA4F
Return only its VALUE.",0.511967232,['V_92FD081FC6DC'],MB,62985.0,3472.0,62982,32,9287.51616,synthetic_kv_64k,511.967232,context_0000,0.9448757640708105,897679F7F30C,3472.0,Answer: ,9.28751616,147.456,512.0
"Query KEY: K_5C2668AB80EA
Return only its VALUE.",0.511967232,['V_4556C4DB5A62'],MB,62985.0,3472.0,62982,32,9287.51616,synthetic_kv_64k,511.967232,context_0000,0.9448757640708105,5008331165E0,3472.0,Answer: ,9.28751616,147.456,512.0
"Query KEY: K_BFB96B9CD71C
Return only its VALUE.",0.511967232,['V_E5A661EA2F30'],MB,62985.0,3472.0,62982,32,9287.51616,synthetic_kv_64k,511.967232,context_0000,0.9448757640708105, V_04858088584A,3472.0,Answer: ,9.28751616,147.456,512.0
"Query KEY: K_C147E821E716
Return only its VALUE.",0.511967232,['V_2916602A4E57'],MB,62985.0,3472.0,62982,32,9287.51616,synthetic_kv_64k,511.967232,context_0000,0.9448757640708105,897679F7F30C,3472.0,Answer: ,9.28751616,147.456,512.0
"Query KEY: K_44178A0F9508
Return only its VALUE.",0.511967232,['V_3CBD59077299'],MB,62985.0,3472.0,62982,32,9287.51616,synthetic_kv_64k,511.967232,context_0000,0.9448757640708105,892310423A8E,3472.0,Answer: ,9.28751616,147.456,512.0
"Query KEY: K_C93E8989C5AB
Return only its VALUE.",0.511967232,['V_413387623997'],MB,62985.0,3472.0,62982,32,9287.51616,synthetic_kv_64k,511.967232,context_0000,0.9448757640708105, V_085480E1BE4D,3472.0,Answer: ,9.28751616,147.456,512.0
"Query KEY: K_ED0E4C61845E
Return only its VALUE.",0.511967232,['V_D9278B60C511'],MB,62985.0,3472.0,62982,32,9287.51616,synthetic_kv_64k,511.967232,context_0000,0.9448757640708105, V_0A0C78F588E6,3472.0,Answer: ,9.28751616,147.456,512.0
"Query KEY: K_C230882CCD1E
Return only its VALUE.",0.511967232,['V_7596D2C7BFFB'],MB,62985.0,3472.0,62982,32,9287.51616,synthetic_kv_64k,511.967232,context_0000,0.9448757640708105,146E0BE3534A,3472.0,Answer: ,9.28751616,147.456,512.0
"Query KEY: K_EBD73F5CF2F3
Return only its VALUE.",0.511967232,['V_4F6C589DECB0'],MB,62985.0,3472.0,62982,32,9287.51616,synthetic_kv_64k,511.967232,context_0000,0.9448757640708105, V_085480E58875,3472.0,Answer: ,9.28751616,147.456,512.0
"Query KEY: K_60804690FB15
Return only its VALUE.",0.511967232,['V_107E1CE362F8'],MB,62985.0,3472.0,62982,32,9287.51616,synthetic_kv_64k,511.967232,context_0000,0.9448757640708105,605EF87405CA,3472.0,Answer: ,9.28751616,147.456,512.0
"Query KEY: K_7B3804015CED
Return only its VALUE.",0.511967232,['V_227334C1C3EA'],MB,62985.0,3472.0,62982,32,9287.51616,synthetic_kv_64k,511.967232,context_0000,0.9448757640708105,62183FA75290,3472.0,Answer: ,9.28751616,147.456,512.0
"Query KEY: K_E49308987462
Return only its VALUE.",0.511967232,['V_7D4D0C760D28'],MB,62985.0,3472.0,62982,32,9287.51616,synthetic_kv_64k,511.967232,context_0000,0.9448757640708105,629435896042,3472.0,Answer: ,9.28751616,147.456,512.0
"Query KEY: K_16A6BD9419AA
Return only its VALUE.",0.511967232,['V_E0BF66FADCA0'],MB,62985.0,3472.0,62982,32,9287.51616,synthetic_kv_64k,511.967232,context_0000,0.9448757640708105,8E6F96DA1DAC,3472.0,Answer: ,9.28751616,147.456,512.0
"Query KEY: K_47BF0E731DD7
Return only its VALUE.",0.511967232,['V_77E44A0D2B73'],MB,62985.0,3472.0,62982,32,9287.51616,synthetic_kv_64k,511.967232,context_0000,0.9448757640708105,895748868843,3472.0,Answer: ,9.28751616,147.456,512.0
"Query KEY: K_794B52171BF3
Return only its VALUE.",0.511967232,['V_D3BE389641DD'],MB,62985.0,3472.0,62982,32,9287.51616,synthetic_kv_64k,511.967232,context_0000,0.9448757640708105,8E6F96DA1DAC,3472.0,Answer: ,9.28751616,147.456,512.0
"Query KEY: K_8CE04CEDA164
Return only its VALUE.",0.511967232,['V_59ABE95D2761'],MB,62985.0,3472.0,62982,32,9287.51616,synthetic_kv_64k,511.967232,context_0000,0.9448757640708105,897679084863,3472.0,Answer: ,9.28751616,147.456,512.0
"Query KEY: K_18017EE1011A
Return only its VALUE.",0.511967232,['V_B057F8E8035B'],MB,62985.0,3472.0,62982,32,9287.51616,synthetic_kv_64k,511.967232,context_0000,0.9448757640708105,895888888888,3472.0,Answer: ,9.28751616,147.456,512.0
"Query KEY: K_C326ABDD1A8F
Return only its VALUE.",0.511967232,['V_D1076A944054'],MB,62985.0,3472.0,62982,32,9287.51616,synthetic_kv_64k,511.967232,context_0000,0.9448757640708105,8E6F96DA1DAC,3472.0,Answer: ,9.28751616,147.456,512.0
"Query KEY: K_998A26332018
Return only its VALUE.",0.511967232,['V_5E25605FB1EB'],MB,62985.0,3472.0,62982,32,9287.51616,synthetic_kv_64k,511.967232,context_0000,0.9448757640708105,8E6F96DA1BBC,3472.0,Answer: ,9.28751616,147.456,512.0
"Query KEY: K_7B607938878A
Return only its VALUE.",0.511967232,['V_7360D96E684F'],MB,62985.0,3472.0,62982,32,9287.51616,synthetic_kv_64k,511.967232,context_0000,0.9448757640708105,896888888888,3472.0,Answer: ,9.28751616,147.456,512.0
"Query KEY: K_49E8B523C0DE
Return only its VALUE.",0.511967232,['V_ED11CE4758BE'],MB,62985.0,3472.0,62982,32,9287.51616,synthetic_kv_64k,511.967232,context_0000,0.9448757640708105,627393296852,3472.0,Answer: ,9.28751616,147.456,512.0
"Query KEY: K_1D80EA2C7A51
Return only its VALUE.",0.511967232,['V_D34A8FF8869D'],MB,62985.0,3472.0,62982,32,9287.51616,synthetic_kv_64k,511.967232,context_0000,0.9448757640708105,1E24A18FF6B6,3472.0,Answer: ,9.28751616,147.456,512.0
"Query KEY: K_D540F7C0D5F7
Return only its VALUE.",0.511967232,['V_C6DE2253E706'],MB,62985.0,3472.0,62982,32,9287.51616,synthetic_kv_64k,511.967232,context_0000,0.9448757640708105,8E6F96DA1DAC,3472.0,Answer: ,9.28751616,147.456,512.0
"Query KEY: K_828E3E2BF9C9
Return only its VALUE.",0.511967232,['V_A918340DE049'],MB,62985.0,3472.0,62982,32,9287.51616,synthetic_kv_64k,511.967232,context_0000,0.9448757640708105,8E609A8D4037,3472.0,Answer: ,9.28751616,147.456,512.0
"Query KEY: K_287BA58E83DD
Return only its VALUE.",0.511967232,['V_E64AEC170298'],MB,62985.0,3472.0,62982,32,9287.51616,synthetic_kv_64k,511.967232,context_0000,0.9448757640708105,896B3023564A,3472.0,Answer: ,9.28751616,147.456,512.0
"Query KEY: K_BDFDD8DDBBC0
Return only its VALUE.",0.511967232,['V_1A6330C36756'],MB,62985.0,3472.0,62982,32,9287.51616,synthetic_kv_64k,511.967232,context_0000,0.9448757640708105,629956666666,3472.0,Answer: ,9.28751616,147.456,512.0
"Query KEY: K_C11C44B9E602
Return only its VALUE.",0.511967232,['V_143F9A591974'],MB,62985.0,3472.0,62982,32,9287.51616,synthetic_kv_64k,511.967232,context_0000,0.9448757640708105,897679F7F30C,3472.0,Answer: ,9.28751616,147.456,512.0
"Query KEY: K_2543DFA59722
Return only its VALUE.",0.511967232,['V_6F1C8F10D33E'],MB,62985.0,3472.0,62982,32,9287.51616,synthetic_kv_64k,511.967232,context_0000,0.9448757640708105,605EF87405CA,3472.0,Answer: ,9.28751616,147.456,512.0
"Query KEY: K_6AF37AB99428
Return only its VALUE.",0.511967232,['V_9B3B553D2625'],MB,62985.0,3472.0,62982,32,9287.51616,synthetic_kv_64k,511.967232,context_0000,0.9448757640708105,688A58C58875,3472.0,Answer: ,9.28751616,147.456,512.0
"Query KEY: K_6C7203ECE8FF
Return only its VALUE.",0.511967232,['V_614AEFE9B3D0'],MB,62985.0,3472.0,62982,32,9287.51616,synthetic_kv_64k,511.967232,context_0000,0.9448757640708105,89767900842A,3472.0,Answer: ,9.28751616,147.456,512.0
"Query KEY: K_CB13345AF934
Return only its VALUE.",0.511967232,['V_7A89EA45BA41'],MB,62985.0,3472.0,62982,32,9287.51616,synthetic_kv_64k,511.967232,context_0000,0.9448757640708105,897654321098,3472.0,Answer: ,9.28751616,147.456,512.0
"Query KEY: K_A4AA8D55119E
Return only its VALUE.",0.511967232,['V_90EDC68813FE'],MB,62985.0,3472.0,62982,32,9287.51616,synthetic_kv_64k,511.967232,context_0000,0.9448757640708105, V_08423858886E,3472.0,Answer: ,9.28751616,147.456,512.0
"Query KEY: K_EEB861730C48
Return only its VALUE.",0.511967232,['V_9DE95BF86F3C'],MB,62985.0,3472.0,62982,32,9287.51616,synthetic_kv_64k,511.967232,context_0000,0.9448757640708105, V_064858603886,3472.0,Answer: ,9.28751616,147.456,512.0
"Query KEY: K_B82342F5B3F5
Return only its VALUE.",0.511967232,['V_EE987F4D908C'],MB,62985.0,3472.0,62982,32,9287.51616,synthetic_kv_64k,511.967232,context_0000,0.9448757640708105,8E6F96DA1DAC,3472.0,Answer: ,9.28751616,147.456,512.0
"Query KEY: K_A3F5D6F89F7A
Return only its VALUE.",0.511967232,['V_6800EA11905B'],MB,62985.0,3472.0,62982,32,9287.51616,synthetic_kv_64k,511.967232,context_0000,0.9448757640708105,65A6D6442365,3472.0,Answer: ,9.28751616,147.456,512.0
"Query KEY: K_A0375EE68495
Return only its VALUE.",0.511967232,['V_176869F753F1'],MB,62985.0,3472.0,62982,32,9287.51616,synthetic_kv_64k,511.967232,context_0000,0.9448757640708105,5008331165E0,3472.0,Answer: ,9.28751616,147.456,512.0
"Query KEY: K_084D255B30E2
Return only its VALUE.",0.511967232,['V_97236AE66582'],MB,62985.0,3472.0,62982,32,9287.51616,synthetic_kv_64k,511.967232,context_0000,0.9448757640708105,897654321098,3472.0,Answer: ,9.28751616,147.456,512.0
"Query KEY: K_647327046F25
Return only its VALUE.",0.511967232,['V_75C554720D2D'],MB,62985.0,3472.0,62982,32,9287.51616,synthetic_kv_64k,511.967232,context_0000,0.9448757640708105,605EF87405CA,3472.0,Answer: ,9.28751616,147.456,512.0
"Query KEY: K_7DD0D5574241
Return only its VALUE.",0.511967232,['V_ACD5AF521B94'],MB,62985.0,3472.0,62982,32,9287.51616,synthetic_kv_64k,511.967232,context_0000,0.9448757640708105,148564885541,3472.0,Answer: ,9.28751616,147.456,512.0
"Query KEY: K_FA2CD253D966
Return only its VALUE.",0.511967232,['V_EBF17D97AC0F'],MB,62985.0,3472.0,62982,32,9287.51616,synthetic_kv_64k,511.967232,context_0000,0.9448757640708105,62382F658E6A,3472.0,Answer: ,9.28751616,147.456,512.0
"Query KEY: K_B450CB8383F2
Return only its VALUE.",0.511967232,['V_47A82B54FF7A'],MB,62985.0,3472.0,62982,32,9287.51616,synthetic_kv_64k,511.967232,context_0000,0.9448757640708105, V_085480E58875,3472.0,Answer: ,9.28751616,147.456,512.0
"Query KEY: K_5E3B7D024C6D
Return only its VALUE.",0.511967232,['V_260ED8C128E7'],MB,62985.0,3472.0,62982,32,9287.51616,synthetic_kv_64k,511.967232,context_0000,0.9448757640708105,556C8976707A,3472.0,Answer: ,9.28751616,147.456,512.0
"Query KEY: K_18D6AB102C9B
Return only its VALUE.",0.511967232,['V_0344C3ABB5F1'],MB,62985.0,3472.0,62982,32,9287.51616,synthetic_kv_64k,511.967232,context_0000,0.9448757640708105,8E943CEDDF2D,3472.0,Answer: ,9.28751616,147.456,512.0
"Query KEY: K_46656992896E
Return only its VALUE.",0.511967232,['V_22CC3B3F3800'],MB,62985.0,3472.0,62982,32,9287.51616,synthetic_kv_64k,511.967232,context_0000,0.9448757640708105,897679F7F30C,3472.0,Answer: ,9.28751616,147.456,512.0
"Query KEY: K_4D53B509109B
Return only its VALUE.",0.511967232,['V_6FFC02571851'],MB,62985.0,3472.0,62982,32,9287.51616,synthetic_kv_64k,511.967232,context_0000,0.9448757640708105,19A6486E548A,3472.0,Answer: ,9.28751616,147.456,512.0
"Query KEY: K_E97A8177B661
Return only its VALUE.",0.511967232,['V_1EF35F8A14BD'],MB,62985.0,3472.0,62982,32,9287.51616,synthetic_kv_64k,511.967232,context_0000,0.9448757640708105, V_08423885614E,3472.0,Answer: ,9.28751616,147.456,512.0
"Query KEY: K_080D7CE40679
Return only its VALUE.",0.511967232,['V_D29A8D388327'],MB,62985.0,3472.0,62982,32,9287.51616,synthetic_kv_64k,511.967232,context_0000,0.9448757640708105,8E60888D8C3A,3472.0,Answer: ,9.28751616,147.456,512.0
"Query KEY: K_08900308AA5E
Return only its VALUE.",0.511967232,['V_92C8FA3C1628'],MB,62985.0,3472.0,62982,32,9287.51616,synthetic_kv_64k,511.967232,context_0000,0.9448757640708105, V_06485885885A,3472.0,Answer: ,9.28751616,147.456,512.0
"Query KEY: K_DC74AC8D6C7D
Return only its VALUE.",0.511967232,['V_5BC8E8E6E840'],MB,62985.0,3472.0,62982,32,9287.51616,synthetic_kv_64k,511.967232,context_0000,0.9448757640708105,897679F7F30C,3472.0,Answer: ,9.28751616,147.456,512.0
"Query KEY: K_7B60261E2555
Return only its VALUE.",0.511967232,['V_813C86C5D1D6'],MB,62985.0,3472.0,62982,32,9287.51616,synthetic_kv_64k,511.967232,context_0000,0.9448757640708105,688888888888,3472.0,Answer: ,9.28751616,147.456,512.0
"Query KEY: K_B579D0B1E3EB
Return only its VALUE.",0.511967232,['V_2875659B0105'],MB,62985.0,3472.0,62982,32,9287.51616,synthetic_kv_64k,511.967232,context_0000,0.9448757640708105, V_085480E1BE4D,3472.0,Answer: ,9.28751616,147.456,512.0
"Query KEY: K_EB0167F1698C
Return only its VALUE.",0.511967232,['V_7C8590A3FBBF'],MB,62985.0,3472.0,62982,32,9287.51616,synthetic_kv_64k,511.967232,context_0000,0.9448757640708105,8E9435901039,3472.0,Answer: ,9.28751616,147.456,512.0
"Query KEY: K_999639D1C7FF
Return only its VALUE.",0.511967232,['V_2946D90DD19B'],MB,62985.0,3472.0,62982,32,9287.51616,synthetic_kv_64k,511.967232,context_0000,0.9448757640708105,892310423A8E,3472.0,Answer: ,9.28751616,147.456,512.0
"Query KEY: K_1038C27437EB
Return only its VALUE.",0.511967232,['V_CF8017EFA621'],MB,62985.0,3472.0,62982,32,9287.51616,synthetic_kv_64k,511.967232,context_0000,0.9448757640708105,896B3080755A,3472.0,Answer: ,9.28751616,147.456,512.0
"Query KEY: K_C11C61177270
Return only its VALUE.",0.511967232,['V_F3B68D7DD772'],MB,62985.0,3472.0,62982,32,9287.51616,synthetic_kv_64k,511.967232,context_0000,0.9448757640708105,897679F7F30C,3472.0,Answer: ,9.28751616,147.456,512.0
"Query KEY: K_2A552BDFCB41
Return only its VALUE.",0.511967232,['V_A99CC8CCE2C2'],MB,62985.0,3472.0,62982,32,9287.51616,synthetic_kv_64k,511.967232,context_0000,0.9448757640708105,627394767543,3472.0,Answer: ,9.28751616,147.456,512.0
"Query KEY: K_75A30AE4AC11
Return only its VALUE.",0.511967232,['V_8ACC79BA630A'],MB,62985.0,3472.0,62982,32,9287.51616,synthetic_kv_64k,511.967232,context_0000,0.9448757640708105,62183FA75230,3472.0,Answer: ,9.28751616,147.456,512.0
"Query KEY: K_8F8DECF32053
Return only its VALUE.",0.511967232,['V_5BD4086C405F'],MB,62985.0,3472.0,62982,32,9287.51616,synthetic_kv_64k,511.967232,context_0000,0.9448757640708105,8E6F96DA1DAC,3472.0,Answer: ,9.28751616,147.456,512.0
"Query KEY: K_0804508211A5
Return only its VALUE.",0.511967232,['V_6A10F622D842'],MB,62985.0,3472.0,62982,32,9287.51616,synthetic_kv_64k,511.967232,context_0000,0.9448757640708105,00968D575962,3472.0,Answer: ,9.28751616,147.456,512.0
"Query KEY: K_49D39647FF9F
Return only its VALUE.",0.511967232,['V_993A13B22CEC'],MB,62985.0,3472.0,62982,32,9287.51616,synthetic_kv_64k,511.967232,context_0000,0.9448757640708105,626666666666,3472.0,Answer: ,9.28751616,147.456,512.0
"Query KEY: K_C48754EC3F33
Return only its VALUE.",0.511967232,['V_2827B962C8A7'],MB,62985.0,3472.0,62982,32,9287.51616,synthetic_kv_64k,511.967232,context_0000,0.9448757640708105, V_085480E58875,3472.0,Answer: ,9.28751616,147.456,512.0
"Query KEY: K_B114F96D40F8
Return only its VALUE.",0.511967232,['V_32030DBF0CAF'],MB,62985.0,3472.0,62982,32,9287.51616,synthetic_kv_64k,511.967232,context_0000,0.9448757640708105,8E6F96DA1DAC,3472.0,Answer: ,9.28751616,147.456,512.0
"Query KEY: K_76DB6FE5040B
Return only its VALUE.",0.511967232,['V_26EBD6B361E4'],MB,62985.0,3472.0,62982,32,9287.51616,synthetic_kv_64k,511.967232,context_0000,0.9448757640708105, V_048C380E6C1A,3472.0,Answer: ,9.28751616,147.456,512.0
"Query KEY: K_A71AC607B1E9
Return only its VALUE.",0.511967232,['V_E6AEFE1A1BA9'],MB,62985.0,3472.0,62982,32,9287.51616,synthetic_kv_64k,511.967232,context_0000,0.9448757640708105,8E6F96DA1DAC,3472.0,Answer: ,9.28751616,147.456,512.0
"Query KEY: K_74CE7D98302F
Return only its VALUE.",0.511967232,['V_C037F0EEBCCE'],MB,62985.0,3472.0,62982,32,9287.51616,synthetic_kv_64k,511.967232,context_0000,0.9448757640708105,8E6F96DA1DAC,3472.0,Answer: ,9.28751616,147.456,512.0
"Query KEY: K_5F196E8D9644
Return only its VALUE.",0.511967232,['V_C298A921CB4C'],MB,62985.0,3472.0,62982,32,9287.51616,synthetic_kv_64k,511.967232,context_0000,0.9448757640708105,892310423A8E,3472.0,Answer: ,9.28751616,147.456,512.0
"Query KEY: K_973B9E5D9C7A
Return only its VALUE.",0.511967232,['V_7E2ECC4D5819'],MB,62985.0,3472.0,62982,32,9287.51616,synthetic_kv_64k,511.967232,context_0000,0.9448757640708105,897654321098,3472.0,Answer: ,9.28751616,147.456,512.0
"Query KEY: K_25A2B68E47FA
Return only its VALUE.",0.511967232,['V_893315007170'],MB,62985.0,3472.0,62982,32,9287.51616,synthetic_kv_64k,511.967232,context_0000,0.9448757640708105,605EF87405CA,3472.0,Answer: ,9.28751616,147.456,512.0
"Query KEY: K_C28F277B0667
Return only its VALUE.",0.511967232,['V_4EFDA247541D'],MB,62985.0,3472.0,62982,32,9287.51616,synthetic_kv_64k,511.967232,context_0000,0.9448757640708105,8E9435901039,3472.0,Answer: ,9.28751616,147.456,512.0
"Query KEY: K_C77CBD5A0C9E
Return only its VALUE.",0.511967232,['V_B8AD5111D31D'],MB,62985.0,3472.0,62982,32,9287.51616,synthetic_kv_64k,511.967232,context_0000,0.9448757640708105, V_085480E1BE4D,3472.0,Answer: ,9.28751616,147.456,512.0
"Query KEY: K_2EDB1B46EBDC
Return only its VALUE.",0.511967232,['V_E3B44EEA9DB8'],MB,62985.0,3472.0,62982,32,9287.51616,synthetic_kv_64k,511.967232,context_0000,0.9448757640708105,627393296852,3472.0,Answer: ,9.28751616,147.456,512.0
"Query KEY: K_3457450F69EE
Return only its VALUE.",0.511967232,['V_2CB221EBFAA9'],MB,62985.0,3472.0,62982,32,9287.51616,synthetic_kv_64k,511.967232,context_0000,0.9448757640708105,684285608543,3472.0,Answer: ,9.28751616,147.456,512.0
"Query KEY: K_DCA92FF8E87E
Return only its VALUE.",0.511967232,['V_34E268759545'],MB,62985.0,3472.0,62982,32,9287.51616,synthetic_kv_64k,511.967232,context_0000,0.9448757640708105,146E038D568A,3472.0,Answer: ,9.28751616,147.456,512.0
"Query KEY: K_2DE206B919AA
Return only its VALUE.",0.511967232,['V_0651629EF3D8'],MB,62985.0,3472.0,62982,32,9287.51616,synthetic_kv_64k,511.967232,context_0000,0.9448757640708105,1E24A18FF6B6,3472.0,Answer: ,9.28751616,147.456,512.0
"Query KEY: K_D3DE4AB6821C
Return only its VALUE.",0.511967232,['V_7C48FA698CD2'],MB,62985.0,3472.0,62982,32,9287.51616,synthetic_kv_64k,511.967232,context_0000,0.9448757640708105,627393268590,3472.0,Answer: ,9.28751616,147.456,512.0
"Query KEY: K_56C86177A771
Return only its VALUE.",0.511967232,['V_89AF238B05B7'],MB,62985.0,3472.0,62982,32,9287.51616,synthetic_kv_64k,511.967232,context_0000,0.9448757640708105,5008331165E0,3472.0,Answer: ,9.28751616,147.456,512.0
"Query KEY: K_896C4D16F049
Return only its VALUE.",0.511967232,['V_4AB77E3D5EE4'],MB,62985.0,3472.0,62982,32,9287.51616,synthetic_kv_64k,511.967232,context_0000,0.9448757640708105,896B388A878E,3472.0,Answer: ,9.28751616,147.456,512.0
"Query KEY: K_559C103246B3
Return only its VALUE.",0.511967232,['V_8D4A6F46F1B1'],MB,62985.0,3472.0,62982,32,9287.51616,synthetic_kv_64k,511.967232,context_0000,0.9448757640708105,5008331165E0,3472.0,Answer: ,9.28751616,147.456,512.0
"Query KEY: K_99796BCD5CE7
Return only its VALUE.",0.511967232,['V_B8E513B11E59'],MB,62985.0,3472.0,62982,32,9287.51616,synthetic_kv_64k,511.967232,context_0000,0.9448757640708105,605EF87405CA,3472.0,Answer: ,9.28751616,147.456,512.0
"Query KEY: K_FDD9A002352A
Return only its VALUE.",0.511967232,['V_EA6C320F72C0'],MB,62985.0,3472.0,62982,32,9287.51616,synthetic_kv_64k,511.967232,context_0000,0.9448757640708105,627393CD5962,3472.0,Answer: ,9.28751616,147.456,512.0
"Query KEY: K_455E1B628A9D
Return only its VALUE.",0.511967232,['V_03774DFE1117'],MB,62985.0,3472.0,62982,32,9287.51616,synthetic_kv_64k,511.967232,context_0000,0.9448757640708105,621438564231,3472.0,Answer: ,9.28751616,147.456,512.0
"Query KEY: K_CA98F2E61828
Return only its VALUE.",0.511967232,['V_C2809EC4EA48'],MB,62985.0,3472.0,62982,32,9287.51616,synthetic_kv_64k,511.967232,context_0000,0.9448757640708105,8E6F96DA1DAC,3472.0,Answer: ,9.28751616,147.456,512.0
"Query KEY: K_E164545CD88D
Return only its VALUE.",0.511967232,['V_DC7955B145E4'],MB,62985.0,3472.0,62982,32,9287.51616,synthetic_kv_64k,511.967232,context_0000,0.9448757640708105,605EF87405CA,3472.0,Answer: ,9.28751616,147.456,512.0
"Query KEY: K_99D222D90DB3
Return only its VALUE.",0.511967232,['V_F540336B00CB'],MB,62985.0,3472.0,62982,32,9287.51616,synthetic_kv_64k,511.967232,context_0000,0.9448757640708105,897679285432,3472.0,Answer: ,9.28751616,147.456,512.0
"Query KEY: K_5AF3506E50C7
Return only its VALUE.",0.511967232,['V_CBE6F6EE5CDB'],MB,62985.0,3472.0,62982,32,9287.51616,synthetic_kv_64k,511.967232,context_0000,0.9448757640708105,513552777794,3472.0,Answer: ,9.28751616,147.456,512.0
"Query KEY: K_A366F7FE604F
Return only its VALUE.",0.511967232,['V_A6DA3E0F84CE'],MB,62985.0,3472.0,62982,32,9287.51616,synthetic_kv_64k,511.967232,context_0000,0.9448757640708105,629435685614,3472.0,Answer: ,9.28751616,147.456,512.0
"Query KEY: K_8F8360452909
Return only its VALUE.",0.511967232,['V_BAE364976593'],MB,62985.0,3472.0,62982,32,9287.51616,synthetic_kv_64k,511.967232,context_0000,0.9448757640708105,8E6F96DA1DAC,3472.0,Answer: ,9.28751616,147.456,512.0
"Query KEY: K_664C905881DF
Return only its VALUE.",0.511967232,['V_5C1F8BAE591E'],MB,62985.0,3472.0,62982,32,9287.51616,synthetic_kv_64k,511.967232,context_0000,0.9448757640708105,897679F7F38C,3472.0,Answer: ,9.28751616,147.456,512.0
"Query KEY: K_0DC78CD34C62
Return only its VALUE.",0.511967232,['V_6B57B5578B00'],MB,62985.0,3472.0,62982,32,9287.51616,synthetic_kv_64k,511.967232,context_0000,0.9448757640708105,199568855555,3472.0,Answer: ,9.28751616,147.456,512.0
"Query KEY: K_2368B15DA72D
Return only its VALUE.",0.511967232,['V_47427FD255EE'],MB,62985.0,3472.0,62982,32,9287.51616,synthetic_kv_64k,511.967232,context_0000,0.9448757640708105,14856382739A,3472.0,Answer: ,9.28751616,147.456,512.0
"Query KEY: K_9B0CA2224F96
Return only its VALUE.",0.511967232,['V_815F3DF51967'],MB,62985.0,3472.0,62982,32,9287.51616,synthetic_kv_64k,511.967232,context_0000,0.9448757640708105,627393CD59BF,3472.0,Answer: ,9.28751616,147.456,512.0
"Query KEY: K_4EEBA89E22F2
Return only its VALUE.",0.511967232,['V_D8A4B719BB68'],MB,62985.0,3472.0,62982,32,9287.51616,synthetic_kv_64k,511.967232,context_0000,0.9448757640708105, V_04568540883A,3472.0,Answer: ,9.28751616,147.456,512.0
"Query KEY: K_C104CA00EF58
Return only its VALUE.",0.511967232,['V_E5EC12EF6101'],MB,62985.0,3472.0,62982,32,9287.51616,synthetic_kv_64k,511.967232,context_0000,0.9448757640708105,897679F50B8E,3472.0,Answer: ,9.28751616,147.456,512.0
"Query KEY: K_D62BB113D50B
Return only its VALUE.",0.511967232,['V_12D28B2C550A'],MB,62985.0,3472.0,62982,32,9287.51616,synthetic_kv_64k,511.967232,context_0000,0.9448757640708105, V_06485885885A,3472.0,Answer: ,9.28751616,147.456,512.0
"Query KEY: K_37FF15C1604F
Return only its VALUE.",0.511967232,['V_7F18C4DA2C2E'],MB,62985.0,3472.0,62982,32,9287.51616,synthetic_kv_64k,511.967232,context_0000,0.9448757640708105,658A58C58875,3472.0,Answer: ,9.28751616,147.456,512.0
"Query KEY: K_552A5AE1DBAD
Return only its VALUE.",0.511967232,['V_A9C7C0AFD193'],MB,62985.0,3472.0,62982,32,9287.51616,synthetic_kv_64k,511.967232,context_0000,0.9448757640708105,5BD66ACAC954,3472.0,Answer: ,9.28751616,147.456,512.0
"Query KEY: K_363E6E3255A8
Return only its VALUE.",0.511967232,['V_327C02B34254'],MB,62985.0,3472.0,62982,32,9287.51616,synthetic_kv_64k,511.967232,context_0000,0.9448757640708105,892310423A8E,3472.0,Answer: ,9.28751616,147.456,512.0
"Query KEY: K_71AA423CAD9D
Return only its VALUE.",0.511967232,['V_712B9342A09F'],MB,62985.0,3472.0,62982,32,9287.51616,synthetic_kv_64k,511.967232,context_0000,0.9448757640708105,892310423A8E,3472.0,Answer: ,9.28751616,147.456,512.0
"Query KEY: K_BF8C721E8B1F
Return only its VALUE.",0.511967232,['V_ED1664215E66'],MB,62985.0,3472.0,62982,32,9287.51616,synthetic_kv_64k,511.967232,context_0000,0.9448757640708105,897679F7F30C,3472.0,Answer: ,9.28751616,147.456,512.0
"Query KEY: K_4D2E801E8690
Return only its VALUE.",0.511967232,['V_F72D0649BCF6'],MB,62985.0,3472.0,62982,32,9287.51616,synthetic_kv_64k,511.967232,context_0000,0.9448757640708105,62183FA75290,3472.0,Answer: ,9.28751616,147.456,512.0
"Query KEY: K_97421AC3BF31
Return only its VALUE.",0.511967232,['V_2BF5F633CC2D'],MB,62985.0,3472.0,62982,32,9287.51616,synthetic_kv_64k,511.967232,context_0000,0.9448757640708105,627394558843,3472.0,Answer: ,9.28751616,147.456,512.0
"Query KEY: K_B2582444D301
Return only its VALUE.",0.511967232,['V_AFA64FD80BBB'],MB,62985.0,3472.0,62982,32,9287.51616,synthetic_kv_64k,511.967232,context_0000,0.9448757640708105,1E24A18FF6B6,3472.0,Answer: ,9.28751616,147.456,512.0
"Query KEY: K_B2547BA109D0
Return only its VALUE.",0.511967232,['V_31FB79E5C9AA'],MB,62985.0,3472.0,62982,32,9287.51616,synthetic_kv_64k,511.967232,context_0000,0.9448757640708105, V_085480E1BE4D,3472.0,Answer: ,9.28751616,147.456,512.0
"Query KEY: K_E7A7B25F13DF
Return only its VALUE.",0.511967232,['V_226451A40D2A'],MB,62985.0,3472.0,62982,32,9287.51616,synthetic_kv_64k,511.967232,context_0000,0.9448757640708105,897679F7F30C,3472.0,Answer: ,9.28751616,147.456,512.0
"Query KEY: K_16E04CDE1B6B
Return only its VALUE.",0.511967232,['V_0B901D763A66'],MB,62985.0,3472.0,62982,32,9287.51616,synthetic_kv_64k,511.967232,context_0000,0.9448757640708105,897679F7F30C,3472.0,Answer: ,9.28751616,147.456,512.0
"Query KEY: K_AFA7D963DC72
Return only its VALUE.",0.511967232,['V_37FEA5E15B55'],MB,62985.0,3472.0,62982,32,9287.51616,synthetic_kv_64k,511.967232,context_0000,0.9448757640708105,897679F7F30C,3472.0,Answer: ,9.28751616,147.456,512.0
"Query KEY: K_A97728FEA761
Return only its VALUE.",0.511967232,['V_DA4D8F5242D3'],MB,62985.0,3472.0,62982,32,9287.51616,synthetic_kv_64k,511.967232,context_0000,0.9448757640708105, V_042D85E6884A,3472.0,Answer: ,9.28751616,147.456,512.0
"Query KEY: K_EC92F55DCE6D
Return only its VALUE.",0.511967232,['V_5F6E2F383B43'],MB,62985.0,3472.0,62982,32,9287.51616,synthetic_kv_64k,511.967232,context_0000,0.9448757640708105, V_085480E1BE4D,3472.0,Answer: ,9.28751616,147.456,512.0
"Query KEY: K_CA896EA05D13
Return only its VALUE.",0.511967232,['V_E62E3283DAA4'],MB,62985.0,3472.0,62982,32,9287.51616,synthetic_kv_64k,511.967232,context_0000,0.9448757640708105,627393268564,3472.0,Answer: ,9.28751616,147.456,512.0
"Query KEY: K_DBEE979AA051
Return only its VALUE.",0.511967232,['V_0247638ABDF6'],MB,62985.0,3472.0,62982,32,9287.51616,synthetic_kv_64k,511.967232,context_0000,0.9448757640708105,19A68852604A,3472.0,Answer: ,9.28751616,147.456,512.0
"Query KEY: K_6DF9B4698DB3
Return only its VALUE.",0.511967232,['V_8E8334AE4ABD'],MB,62985.0,3472.0,62982,32,9287.51616,synthetic_kv_64k,511.967232,context_0000,0.9448757640708105,6C85486E688A,3472.0,Answer: ,9.28751616,147.456,512.0
"Query KEY: K_BB492FDC9992
Return only its VALUE.",0.511967232,['V_64E65373BF4D'],MB,62985.0,3472.0,62982,32,9287.51616,synthetic_kv_64k,511.967232,context_0000,0.9448757640708105,627393296830,3472.0,Answer: ,9.28751616,147.456,512.0
"Query KEY: K_3A5875220646
Return only its VALUE.",0.511967232,['V_FA9DDCD5BFAE'],MB,62985.0,3472.0,62982,32,9287.51616,synthetic_kv_64k,511.967232,context_0000,0.9448757640708105,628588858885,3472.0,Answer: ,9.28751616,147.456,512.0
"Query KEY: K_A076A39C9EC6
Return only its VALUE.",0.511967232,['V_C6FB98D3148B'],MB,62985.0,3472.0,62982,32,9287.51616,synthetic_kv_64k,511.967232,context_0000,0.9448757640708105,897654321098,3472.0,Answer: ,9.28751616,147.456,512.0
"Query KEY: K_C8FB9C7EB575
Return only its VALUE.",0.511967232,['V_3A7C9645F0E4'],MB,62985.0,3472.0,62982,32,9287.51616,synthetic_kv_64k,511.967232,context_0000,0.9448757640708105,19A688555555,3472.0,Answer: ,9.28751616,147.456,512.0
"Query KEY: K_B437591196DC
Return only its VALUE.",0.511967232,['V_EA6CD873DAD9'],MB,62985.0,3472.0,62982,32,9287.51616,synthetic_kv_64k,511.967232,context_0000,0.9448757640708105, V_1F14B6DBBB2C,3472.0,Answer: ,9.28751616,147.456,512.0
"Query KEY: K_58559E0B7B01
Return only its VALUE.",0.511967232,['V_A059224A66A6'],MB,62985.0,3472.0,62982,32,9287.51616,synthetic_kv_64k,511.967232,context_0000,0.9448757640708105,5008331165E0,3472.0,Answer: ,9.28751616,147.456,512.0
"Query KEY: K_7A261E2C2E7D
Return only its VALUE.",0.511967232,['V_3BE04E2D6255'],MB,62985.0,3472.0,62982,32,9287.51616,synthetic_kv_64k,511.967232,context_0000,0.9448757640708105,8E6F96DA1DAC,3472.0,Answer: ,9.28751616,147.456,512.0
"Query KEY: K_BF212EDC017E
Return only its VALUE.",0.511967232,['V_4860B1850EB8'],MB,62985.0,3472.0,62982,32,9287.51616,synthetic_kv_64k,511.967232,context_0000,0.9448757640708105, V_085480E84875,3472.0,Answer: ,9.28751616,147.456,512.0
"Query KEY: K_C6E482C56B21
Return only its VALUE.",0.511967232,['V_D898623AD0FC'],MB,62985.0,3472.0,62982,32,9287.51616,synthetic_kv_64k,511.967232,context_0000,0.9448757640708105,8E9435901039,3472.0,Answer: ,9.28751616,147.456,512.0
"Query KEY: K_F92C2F8D8DED
Return only its VALUE.",0.511967232,['V_58B2FFF96ACF'],MB,62985.0,3472.0,62982,32,9287.51616,synthetic_kv_64k,511.967232,context_0000,0.9448757640708105,897679235412,3472.0,Answer: ,9.28751616,147.456,512.0
"Query KEY: K_556F8E0EC033
Return only its VALUE.",0.511967232,['V_93E27D592E19'],MB,62985.0,3472.0,62982,32,9287.51616,synthetic_kv_64k,511.967232,context_0000,0.9448757640708105,585288888888,3472.0,Answer: ,9.28751616,147.456,512.0
"Query KEY: K_5FCB23EA7956
Return only its VALUE.",0.511967232,['V_F81E02740F73'],MB,62985.0,3472.0,62982,32,9287.51616,synthetic_kv_64k,511.967232,context_0000,0.9448757640708105,62183FA75A6E,3472.0,Answer: ,9.28751616,147.456,512.0
"Query KEY: K_63E722F3F068
Return only its VALUE.",0.511967232,['V_C494D0B1FDE0'],MB,62985.0,3472.0,62982,32,9287.51616,synthetic_kv_64k,511.967232,context_0000,0.9448757640708105,8E6F96DA1DAC,3472.0,Answer: ,9.28751616,147.456,512.0
"Query KEY: K_D17A7EB6581E
Return only its VALUE.",0.511967232,['V_FBC3AF4847F0'],MB,62985.0,3472.0,62982,32,9287.51616,synthetic_kv_64k,511.967232,context_0000,0.9448757640708105, V_0A0C78D588E6,3472.0,Answer: ,9.28751616,147.456,512.0
"Query KEY: K_E340D703262F
Return only its VALUE.",0.511967232,['V_55A27D1B695E'],MB,62985.0,3472.0,62982,32,9287.51616,synthetic_kv_64k,511.967232,context_0000,0.9448757640708105, V_085864858875,3472.0,Answer: ,9.28751616,147.456,512.0
"Query KEY: K_70E9C2D49B56
Return only its VALUE.",0.511967232,['V_10BD4AC66780'],MB,62985.0,3472.0,62982,32,9287.51616,synthetic_kv_64k,511.967232,context_0000,0.9448757640708105,605EF87405CA,3472.0,Answer: ,9.28751616,147.456,512.0
"Query KEY: K_731E465CC2CB
Return only its VALUE.",0.511967232,['V_93CC89A0B7EB'],MB,62985.0,3472.0,62982,32,9287.51616,synthetic_kv_64k,511.967232,context_0000,0.9448757640708105,605EF87405CA,3472.0,Answer: ,9.28751616,147.456,512.0
"Query KEY: K_FD99C4134DC2
Return only its VALUE.",0.511967232,['V_89281D3CA5A4'],MB,62985.0,3472.0,62982,32,9287.51616,synthetic_kv_64k,511.967232,context_0000,0.9448757640708105,19A6588E623A,3472.0,Answer: ,9.28751616,147.456,512.0
"Query KEY: K_E1FAB80F16C5
Return only its VALUE.",0.511967232,['V_6FE48BDDCEE3'],MB,62985.0,3472.0,62982,32,9287.51616,synthetic_kv_64k,511.967232,context_0000,0.9448757640708105,884235688543,3472.0,Answer: ,9.28751616,147.456,512.0
"Query KEY: K_D9ADFD61F13B
Return only its VALUE.",0.511967232,['V_7EBCC0582DA5'],MB,62985.0,3472.0,62982,32,9287.51616,synthetic_kv_64k,511.967232,context_0000,0.9448757640708105, V_085480E1BE4D,3472.0,Answer: ,9.28751616,147.456,512.0
"Query KEY: K_1080FFD2F491
Return only its VALUE.",0.511967232,['V_868F7321A8B2'],MB,62985.0,3472.0,62982,32,9287.51616,synthetic_kv_64k,511.967232,context_0000,0.9448757640708105,897679F7F30C,3472.0,Answer: ,9.28751616,147.456,512.0
"Query KEY: K_2C89D1151FFF
Return only its VALUE.",0.511967232,['V_3C1AFE7402CD'],MB,62985.0,3472.0,62982,32,9287.51616,synthetic_kv_64k,511.967232,context_0000,0.9448757640708105,892310423A8E,3472.0,Answer: ,9.28751616,147.456,512.0
"Query KEY: K_6B753CA87F31
Return only its VALUE.",0.511967232,['V_DB38A1FD4187'],MB,62985.0,3472.0,62982,32,9287.51616,synthetic_kv_64k,511.967232,context_0000,0.9448757640708105,62E030807A5D,3472.0,Answer: ,9.28751616,147.456,512.0
"Query KEY: K_563589ECBC51
Return only its VALUE.",0.511967232,['V_95D4B43CDE0A'],MB,62985.0,3472.0,62982,32,9287.51616,synthetic_kv_64k,511.967232,context_0000,0.9448757640708105,52F5D83333C3,3472.0,Answer: ,9.28751616,147.456,512.0
"Query KEY: K_456B1860AD28
Return only its VALUE.",0.511967232,['V_D2BCC9230C64'],MB,62985.0,3472.0,62982,32,9287.51616,synthetic_kv_64k,511.967232,context_0000,0.9448757640708105,605EF87405CA,3472.0,Answer: ,9.28751616,147.456,512.0
"Query KEY: K_1E5AEB346D3A
Return only its VALUE.",0.511967232,['V_8DFDFE1393CD'],MB,62985.0,3472.0,62982,32,9287.51616,synthetic_kv_64k,511.967232,context_0000,0.9448757640708105,8E6F96DA1DAC,3472.0,Answer: ,9.28751616,147.456,512.0
"Query KEY: K_43F0DDB7570E
Return only its VALUE.",0.511967232,['V_4AE03FEAD90A'],MB,62985.0,3472.0,62982,32,9287.51616,synthetic_kv_64k,511.967232,context_0000,0.9448757640708105,684235888888,3472.0,Answer: ,9.28751616,147.456,512.0
"Query KEY: K_A4E9B61DF906
Return only its VALUE.",0.511967232,['V_7EBFD4176230'],MB,62985.0,3472.0,62982,32,9287.51616,synthetic_kv_64k,511.967232,context_0000,0.9448757640708105,627394765432,3472.0,Answer: ,9.28751616,147.456,512.0
"Query KEY: K_C910AD1DB537
Return only its VALUE.",0.511967232,['V_48CA7D4D2ADD'],MB,62985.0,3472.0,62982,32,9287.51616,synthetic_kv_64k,511.967232,context_0000,0.9448757640708105, V_085480E1BE4D,3472.0,Answer: ,9.28751616,147.456,512.0
"Query KEY: K_C0166A0AA7D5
Return only its VALUE.",0.511967232,['V_26AA73B5BAD5'],MB,62985.0,3472.0,62982,32,9287.51616,synthetic_kv_64k,511.967232,context_0000,0.9448757640708105, V_008D8485E68A,3472.0,Answer: ,9.28751616,147.456,512.0
"Query KEY: K_CE4217D50F59
Return only its VALUE.",0.511967232,['V_E8CD5E7B72C8'],MB,62985.0,3472.0,62982,32,9287.51616,synthetic_kv_64k,511.967232,context_0000,0.9448757640708105, V_14586050486A,3472.0,Answer: ,9.28751616,147.456,512.0
"Query KEY: K_F9E0F343D9EB
Return only its VALUE.",0.511967232,['V_2FB0BB93CD40'],MB,62985.0,3472.0,62982,32,9287.51616,synthetic_kv_64k,511.967232,context_0000,0.9448757640708105,892310423A8E,3472.0,Answer: ,9.28751616,147.456,512.0
"Query KEY: K_CBA188D00ABD
Return only its VALUE.",0.511967232,['V_FD4B363BE5CB'],MB,62985.0,3472.0,62982,32,9287.51616,synthetic_kv_64k,511.967232,context_0000,0.9448757640708105,897679F7F38C,3472.0,Answer: ,9.28751616,147.456,512.0
"Query KEY: K_A54E44BED486
Return only its VALUE.",0.511967232,['V_9133D40E53CE'],MB,62985.0,3472.0,62982,32,9287.51616,synthetic_kv_64k,511.967232,context_0000,0.9448757640708105,897679F5884E,3472.0,Answer: ,9.28751616,147.456,512.0
"Query KEY: K_42DD93F37596
Return only its VALUE.",0.511967232,['V_17850C648CA2'],MB,62985.0,3472.0,62982,32,9287.51616,synthetic_kv_64k,511.967232,context_0000,0.9448757640708105,624858855854,3472.0,Answer: ,9.28751616,147.456,512.0
"Query KEY: K_085675A72686
Return only its VALUE.",0.511967232,['V_50E3DB8F0E32'],MB,62985.0,3472.0,62982,32,9287.51616,synthetic_kv_64k,511.967232,context_0000,0.9448757640708105,8E6F96DA1DAC,3472.0,Answer: ,9.28751616,147.456,512.0
"Query KEY: K_E9BC70F81DBA
Return only its VALUE.",0.511967232,['V_DB08F54191EA'],MB,62985.0,3472.0,62982,32,9287.51616,synthetic_kv_64k,511.967232,context_0000,0.9448757640708105, V_084563812A9C,3472.0,Answer: ,9.28751616,147.456,512.0
"Query KEY: K_9A8EA6663769
Return only its VALUE.",0.511967232,['V_2FCA462623BE'],MB,62985.0,3472.0,62982,32,9287.51616,synthetic_kv_64k,511.967232,context_0000,0.9448757640708105,8E6F96DA1DAC,3472.0,Answer: ,9.28751616,147.456,512.0
"Query KEY: K_B88AA79313B8
Return only its VALUE.",0.511967232,['V_2A3340198303'],MB,62985.0,3472.0,62982,32,9287.51616,synthetic_kv_64k,511.967232,context_0000,0.9448757640708105,8E6F968A5962,3472.0,Answer: ,9.28751616,147.456,512.0
"Query KEY: K_1A832A5FDA18
Return only its VALUE.",0.511967232,['V_DBC43BF0D9C1'],MB,62985.0,3472.0,62982,32,9287.51616,synthetic_kv_64k,511.967232,context_0000,0.9448757640708105,19A68842E163,3472.0,Answer: ,9.28751616,147.456,512.0
"Query KEY: K_2EB1A7CDE143
Return only its VALUE.",0.511967232,['V_30BBB4258E19'],MB,62985.0,3472.0,62982,32,9287.51616,synthetic_kv_64k,511.967232,context_0000,0.9448757640708105,62183FA755A2,3472.0,Answer: ,9.28751616,147.456,512.0
"Query KEY: K_6D4500473139
Return only its VALUE.",0.511967232,['V_27E77A10013F'],MB,62985.0,3472.0,62982,32,9287.51616,synthetic_kv_64k,511.967232,context_0000,0.9448757640708105,621458405863,3472.0,Answer: ,9.28751616,147.456,512.0
"Query KEY: K_E3DFAE13591E
Return only its VALUE.",0.511967232,['V_04200260A123'],MB,62985.0,3472.0,62982,32,9287.51616,synthetic_kv_64k,511.967232,context_0000,0.9448757640708105,62943584561A,3472.0,Answer: ,9.28751616,147.456,512.0
"Query KEY: K_AFE8B212A6EE
Return only its VALUE.",0.511967232,['V_3DBED12E0EB5'],MB,62985.0,3472.0,62982,32,9287.51616,synthetic_kv_64k,511.967232,context_0000,0.9448757640708105,8E6F96DA1DAC,3472.0,Answer: ,9.28751616,147.456,512.0
"Query KEY: K_F49521D63B0F
Return only its VALUE.",0.511967232,['V_75381221CDDF'],MB,62985.0,3472.0,62982,32,9287.51616,synthetic_kv_64k,511.967232,context_0000,0.9448757640708105,8E6F96DA1BBC,3472.0,Answer: ,9.28751616,147.456,512.0
"Query KEY: K_2DBC6210DEF6
Return only its VALUE.",0.511967232,['V_34D61A38AAD6'],MB,62985.0,3472.0,62982,32,9287.51616,synthetic_kv_64k,511.967232,context_0000,0.9448757640708105,294626853842,3472.0,Answer: ,9.28751616,147.456,512.0
"Query KEY: K_BC315037CD6B
Return only its VALUE.",0.511967232,['V_9937E1887EAF'],MB,62985.0,3472.0,62982,32,9287.51616,synthetic_kv_64k,511.967232,context_0000,0.9448757640708105,897654321098,3472.0,Answer: ,9.28751616,147.456,512.0
"Query KEY: K_C3F4231AE7C7
Return only its VALUE.",0.511967232,['V_2306249204C7'],MB,62985.0,3472.0,62982,32,9287.51616,synthetic_kv_64k,511.967232,context_0000,0.9448757640708105,897679F7F38C,3472.0,Answer: ,9.28751616,147.456,512.0
"Query KEY: K_5407A667B982
Return only its VALUE.",0.511967232,['V_B3CE70AA5B0D'],MB,62985.0,3472.0,62982,32,9287.51616,synthetic_kv_64k,511.967232,context_0000,0.9448757640708105,684256858843,3472.0,Answer: ,9.28751616,147.456,512.0
"Query KEY: K_6D15B8F14E3C
Return only its VALUE.",0.511967232,['V_E280AFC2CCFC'],MB,62985.0,3472.0,62982,32,9287.51616,synthetic_kv_64k,511.967232,context_0000,0.9448757640708105,62183FA75A6C,3472.0,Answer: ,9.28751616,147.456,512.0
"Query KEY: K_6F3ADC268108
Return only its VALUE.",0.511967232,['V_47AF19B814FC'],MB,62985.0,3472.0,62982,32,9287.51616,synthetic_kv_64k,511.967232,context_0000,0.9448757640708105,684588888888,3472.0,Answer: ,9.28751616,147.456,512.0
"Query KEY: K_3F0EC0A0473A
Return only its VALUE.",0.511967232,['V_B3FC624FEA4B'],MB,62985.0,3472.0,62982,32,9287.51616,synthetic_kv_64k,511.967232,context_0000,0.9448757640708105,65A6D6442365,3472.0,Answer: ,9.28751616,147.456,512.0
"Query KEY: K_DBD8F69777A1
Return only its VALUE.",0.511967232,['V_7EDD23CBE943'],MB,62985.0,3472.0,62982,32,9287.51616,synthetic_kv_64k,511.967232,context_0000,0.9448757640708105, V_008D888C1E6A,3472.0,Answer: ,9.28751616,147.456,512.0
"Query KEY: K_7F0F159152F2
Return only its VALUE.",0.511967232,['V_91E19B8B38AE'],MB,62985.0,3472.0,62982,32,9287.51616,synthetic_kv_64k,511.967232,context_0000,0.9448757640708105,88B45866E163,3472.0,Answer: ,9.28751616,147.456,512.0
"Query KEY: K_0DBBB0C30A59
Return only its VALUE.",0.511967232,['V_69304D38E415'],MB,62985.0,3472.0,62982,32,9287.51616,synthetic_kv_64k,511.967232,context_0000,0.9448757640708105, V_0425464458DA,3472.0,Answer: ,9.28751616,147.456,512.0
"Query KEY: K_609682701238
Return only its VALUE.",0.511967232,['V_C893BF72AE52'],MB,62985.0,3472.0,62982,32,9287.51616,synthetic_kv_64k,511.967232,context_0000,0.9448757640708105,897679265893,3472.0,Answer: ,9.28751616,147.456,512.0
"Query KEY: K_7A8AF4655A21
Return only its VALUE.",0.511967232,['V_C5927EB0F62A'],MB,62985.0,3472.0,62982,32,9287.51616,synthetic_kv_64k,511.967232,context_0000,0.9448757640708105,684285888888,3472.0,Answer: ,9.28751616,147.456,512.0
"Query KEY: K_7B6F1CDCC4C2
Return only its VALUE.",0.511967232,['V_245B980BC81E'],MB,62985.0,3472.0,62982,32,9287.51616,synthetic_kv_64k,511.967232,context_0000,0.9448757640708105,6802B6AC1C8E,3472.0,Answer: ,9.28751616,147.456,512.0
"Query KEY: K_062DFA4A58EF
Return only its VALUE.",0.511967232,['V_B8E1FCA45567'],MB,62985.0,3472.0,62982,32,9287.51616,synthetic_kv_64k,511.967232,context_0000,0.9448757640708105,8E6F96DA1DAC,3472.0,Answer: ,9.28751616,147.456,512.0
"Query KEY: K_A208EF15AB72
Return only its VALUE.",0.511967232,['V_C60F21C9A15D'],MB,62985.0,3472.0,62982,32,9287.51616,synthetic_kv_64k,511.967232,context_0000,0.9448757640708105,897679F7F38C,3472.0,Answer: ,9.28751616,147.456,512.0
"Query KEY: K_D77B91816091
Return only its VALUE.",0.511967232,['V_5875AED54A46'],MB,62985.0,3472.0,62982,32,9287.51616,synthetic_kv_64k,511.967232,context_0000,0.9448757640708105,146E0BE3534A,3472.0,Answer: ,9.28751616,147.456,512.0
"Query KEY: K_F128C34201DB
Return only its VALUE.",0.511967232,['V_255FC536C66E'],MB,62985.0,3472.0,62982,32,9287.51616,synthetic_kv_64k,511.967232,context_0000,0.9448757640708105,897679F7F38C,3472.0,Answer: ,9.28751616,147.456,512.0
"Query KEY: K_070F1149D096
Return only its VALUE.",0.511967232,['V_6E75431E930F'],MB,62985.0,3472.0,62982,32,9287.51616,synthetic_kv_64k,511.967232,context_0000,0.9448757640708105,0A0C78B3842A,3472.0,Answer: ,9.28751616,147.456,512.0
"Query KEY: K_CBC3CA0EE8C4
Return only its VALUE.",0.511967232,['V_92AE81B13B80'],MB,62985.0,3472.0,62982,32,9287.51616,synthetic_kv_64k,511.967232,context_0000,0.9448757640708105,897679F7F38C,3472.0,Answer: ,9.28751616,147.456,512.0
"Query KEY: K_D8DE6A59C043
Return only its VALUE.",0.511967232,['V_CDF7B3A9DCAA'],MB,62985.0,3472.0,62982,32,9287.51616,synthetic_kv_64k,511.967232,context_0000,0.9448757640708105,52F5D83333C3,3472.0,Answer: ,9.28751616,147.456,512.0
"Query KEY: K_4E2C9DB54283
Return only its VALUE.",0.511967232,['V_2ACD4708203B'],MB,62985.0,3472.0,62982,32,9287.51616,synthetic_kv_64k,511.967232,context_0000,0.9448757640708105,605EF87405CA,3472.0,Answer: ,9.28751616,147.456,512.0
"Query KEY: K_28754F560ED5
Return only its VALUE.",0.511967232,['V_4F8DCEDD069D'],MB,62985.0,3472.0,62982,32,9287.51616,synthetic_kv_64k,511.967232,context_0000,0.9448757640708105,62183FA7D25A,3472.0,Answer: ,9.28751616,147.456,512.0
"Query KEY: K_A74B8950DDD6
Return only its VALUE.",0.511967232,['V_9ECE10ECEB1F'],MB,62985.0,3472.0,62982,32,9287.51616,synthetic_kv_64k,511.967232,context_0000,0.9448757640708105,895666666666,3472.0,Answer: ,9.28751616,147.456,512.0
"Query KEY: K_DFFEB2DC6C34
Return only its VALUE.",0.511967232,['V_7A2ED8B22277'],MB,62985.0,3472.0,62982,32,9287.51616,synthetic_kv_64k,511.967232,context_0000,0.9448757640708105,6C854886E58A,3472.0,Answer: ,9.28751616,147.456,512.0
"Query KEY: K_7D2C0ED2EC9D
Return only its VALUE.",0.511967232,['V_3B626F3A5115'],MB,62985.0,3472.0,62982,32,9287.51616,synthetic_kv_64k,511.967232,context_0000,0.9448757640708105,627394566365,3472.0,Answer: ,9.28751616,147.456,512.0
"Query KEY: K_1C2C9BDC70D1
Return only its VALUE.",0.511967232,['V_59EEBD9BC648'],MB,62985.0,3472.0,62982,32,9287.51616,synthetic_kv_64k,511.967232,context_0000,0.9448757640708105,143F5625884A,3472.0,Answer: ,9.28751616,147.456,512.0
"Query KEY: K_067C1E93D127
Return only its VALUE.",0.511967232,['V_4640B538F96C'],MB,62985.0,3472.0,62982,32,9287.51616,synthetic_kv_64k,511.967232,context_0000,0.9448757640708105,897679F7F30C,3472.0,Answer: ,9.28751616,147.456,512.0
"Query KEY: K_05CFB3957A98
Return only its VALUE.",0.511967232,['V_FE2929F0EF7C'],MB,62985.0,3472.0,62982,32,9287.51616,synthetic_kv_64k,511.967232,context_0000,0.9448757640708105,897679F7F30C,3472.0,Answer: ,9.28751616,147.456,512.0
"Query KEY: K_B183F3F8DEA4
Return only its VALUE.",0.511967232,['V_84BCB88416D2'],MB,62985.0,3472.0,62982,32,9287.51616,synthetic_kv_64k,511.967232,context_0000,0.9448757640708105,8E6F96DA1DAC,3472.0,Answer: ,9.28751616,147.456,512.0
"Query KEY: K_BE652ABE1585
Return only its VALUE.",0.511967232,['V_3C71E2EC13F4'],MB,62985.0,3472.0,62982,32,9287.51616,synthetic_kv_64k,511.967232,context_0000,0.9448757640708105, V_085480E1BE4D,3472.0,Answer: ,9.28751616,147.456,512.0
"Query KEY: K_AB860783E43C
Return only its VALUE.",0.511967232,['V_DBD0CE9E9EBD'],MB,62985.0,3472.0,62982,32,9287.51616,synthetic_kv_64k,511.967232,context_0000,0.9448757640708105, V_06485884886A,3472.0,Answer: ,9.28751616,147.456,512.0
"Query KEY: K_86A11059EA28
Return only its VALUE.",0.511967232,['V_FE0713BADC91'],MB,62985.0,3472.0,62982,32,9287.51616,synthetic_kv_64k,511.967232,context_0000,0.9448757640708105,897679F5A82A,3472.0,Answer: ,9.28751616,147.456,512.0
"Query KEY: K_1C625C311464
Return only its VALUE.",0.511967232,['V_5571911F730B'],MB,62985.0,3472.0,62982,32,9287.51616,synthetic_kv_64k,511.967232,context_0000,0.9448757640708105,146E0D093C73,3472.0,Answer: ,9.28751616,147.456,512.0
"Query KEY: K_508A5E20C957
Return only its VALUE.",0.511967232,['V_3B0DB90800F3'],MB,62985.0,3472.0,62982,32,9287.51616,synthetic_kv_64k,511.967232,context_0000,0.9448757640708105,8E6F96DA1DAC,3472.0,Answer: ,9.28751616,147.456,512.0
"Query KEY: K_015082425912
Return only its VALUE.",0.511967232,['V_064ADCE8E1C5'],MB,62985.0,3472.0,62982,32,9287.51616,synthetic_kv_64k,511.967232,context_0000,0.9448757640708105,199204235884,3472.0,Answer: ,9.28751616,147.456,512.0
"Query KEY: K_178A3E9AEC86
Return only its VALUE.",0.511967232,['V_BA5B78C59073'],MB,62985.0,3472.0,62982,32,9287.51616,synthetic_kv_64k,511.967232,context_0000,0.9448757640708105,897679F7F30C,3472.0,Answer: ,9.28751616,147.456,512.0
"Query KEY: K_5BA0266BF2EA
Return only its VALUE.",0.511967232,['V_121BDB842660'],MB,62985.0,3472.0,62982,32,9287.51616,synthetic_kv_64k,511.967232,context_0000,0.9448757640708105,8E9435901039,3472.0,Answer: ,9.28751616,147.456,512.0
"Query KEY: K_72F36B5BC975
Return only its VALUE.",0.511967232,['V_7F1C52619DEC'],MB,62985.0,3472.0,62982,32,9287.51616,synthetic_kv_64k,511.967232,context_0000,0.9448757640708105,6A179F310FFF,3472.0,Answer: ,9.28751616,147.456,512.0
"Query KEY: K_A3CEB864CA08
Return only its VALUE.",0.511967232,['V_3D225F705B25'],MB,62985.0,3472.0,62982,32,9287.51616,synthetic_kv_64k,511.967232,context_0000,0.9448757640708105,8E6F96DA1DAC,3472.0,Answer: ,9.28751616,147.456,512.0
"Query KEY: K_1AF7E6E59B32
Return only its VALUE.",0.511967232,['V_72452DE982F8'],MB,62985.0,3472.0,62982,32,9287.51616,synthetic_kv_64k,511.967232,context_0000,0.9448757640708105,892310423A8E,3472.0,Answer: ,9.28751616,147.456,512.0
"Query KEY: K_1783FB3DF063
Return only its VALUE.",0.511967232,['V_CD46F43E8C48'],MB,62985.0,3472.0,62982,32,9287.51616,synthetic_kv_64k,511.967232,context_0000,0.9448757640708105,627394767076,3472.0,Answer: ,9.28751616,147.456,512.0
"Query KEY: K_9F13D847DC53
Return only its VALUE.",0.511967232,['V_2C3A53C9FE59'],MB,62985.0,3472.0,62982,32,9287.51616,synthetic_kv_64k,511.967232,context_0000,0.9448757640708105,897679F7F30C,3472.0,Answer: ,9.28751616,147.456,512.0
"Query KEY: K_E9DA8D9765C7
Return only its VALUE.",0.511967232,['V_BCE2020A4497'],MB,62985.0,3472.0,62982,32,9287.51616,synthetic_kv_64k,511.967232,context_0000,0.9448757640708105,8E943CEDDF2D,3472.0,Answer: ,9.28751616,147.456,512.0
"Query KEY: K_954B335F2F59
Return only its VALUE.",0.511967232,['V_7C339F6A6A65'],MB,62985.0,3472.0,62982,32,9287.51616,synthetic_kv_64k,511.967232,context_0000,0.9448757640708105,8E6F96DA1DAC,3472.0,Answer: ,9.28751616,147.456,512.0
"Query KEY: K_BC8E76C3E642
Return only its VALUE.",0.511967232,['V_4D173EC0A285'],MB,62985.0,3472.0,62982,32,9287.51616,synthetic_kv_64k,511.967232,context_0000,0.9448757640708105,146E0D093C73,3472.0,Answer: ,9.28751616,147.456,512.0
"Query KEY: K_0C3D68F82063
Return only its VALUE.",0.511967232,['V_04E9E09016B6'],MB,62985.0,3472.0,62982,32,9287.51616,synthetic_kv_64k,511.967232,context_0000,0.9448757640708105,62E030807A5D,3472.0,Answer: ,9.28751616,147.456,512.0
"Query KEY: K_AB87F374190D
Return only its VALUE.",0.511967232,['V_C0A7A84510A1'],MB,62985.0,3472.0,62982,32,9287.51616,synthetic_kv_64k,511.967232,context_0000,0.9448757640708105,192310423A8E,3472.0,Answer: ,9.28751616,147.456,512.0
"Query KEY: K_9D72BA2AC3D9
Return only its VALUE.",0.511967232,['V_690F1A9C672A'],MB,62985.0,3472.0,62982,32,9287.51616,synthetic_kv_64k,511.967232,context_0000,0.9448757640708105, V_085480E1BE4D,3472.0,Answer: ,9.28751616,147.456,512.0
"Query KEY: K_D6F23CF88D20
Return only its VALUE.",0.511967232,['V_48E5FF38B918'],MB,62985.0,3472.0,62982,32,9287.51616,synthetic_kv_64k,511.967232,context_0000,0.9448757640708105,58B9210C78D9,3472.0,Answer: ,9.28751616,147.456,512.0
"Query KEY: K_8F45B62EDB49
Return only its VALUE.",0.511967232,['V_167A17D09810'],MB,62985.0,3472.0,62982,32,9287.51616,synthetic_kv_64k,511.967232,context_0000,0.9448757640708105,893448898888,3472.0,Answer: ,9.28751616,147.456,512.0
"Query KEY: K_7683EBD8A3B1
Return only its VALUE.",0.511967232,['V_D37C850EF0AD'],MB,62985.0,3472.0,62982,32,9287.51616,synthetic_kv_64k,511.967232,context_0000,0.9448757640708105,69411A958F6D,3472.0,Answer: ,9.28751616,147.456,512.0
"Query KEY: K_EABB5F5BA255
Return only its VALUE.",0.511967232,['V_C9E8D1E91691'],MB,62985.0,3472.0,62982,32,9287.51616,synthetic_kv_64k,511.967232,context_0000,0.9448757640708105,65A6D6442365,3472.0,Answer: ,9.28751616,147.456,512.0
"Query KEY: K_1FE3915CB31B
Return only its VALUE.",0.511967232,['V_42ECF6D70248'],MB,62985.0,3472.0,62982,32,9287.51616,synthetic_kv_64k,511.967232,context_0000,0.9448757640708105,658E66323A8E,3472.0,Answer: ,9.28751616,147.456,512.0
"Query KEY: K_95563C9D128A
Return only its VALUE.",0.511967232,['V_C931CD0254DB'],MB,62985.0,3472.0,62982,32,9287.51616,synthetic_kv_64k,511.967232,context_0000,0.9448757640708105,62183FA75A6A,3472.0,Answer: ,9.28751616,147.456,512.0
"Query KEY: K_A70ABC4015FA
Return only its VALUE.",0.511967232,['V_E7CF516C3B0A'],MB,62985.0,3472.0,62982,32,9287.51616,synthetic_kv_64k,511.967232,context_0000,0.9448757640708105,884236588413,3472.0,Answer: ,9.28751616,147.456,512.0
"Query KEY: K_779B459EE674
Return only its VALUE.",0.511967232,['V_45B033E4F986'],MB,62985.0,3472.0,62982,32,9287.51616,synthetic_kv_64k,511.967232,context_0000,0.9448757640708105,684235858543,3472.0,Answer: ,9.28751616,147.456,512.0
"Query KEY: K_37CB95AF6D0C
Return only its VALUE.",0.511967232,['V_361827C8FC6C'],MB,62985.0,3472.0,62982,32,9287.51616,synthetic_kv_64k,511.967232,context_0000,0.9448757640708105,684235858543,3472.0,Answer: ,9.28751616,147.456,512.0
"Query KEY: K_E62D2A147A96
Return only its VALUE.",0.511967232,['V_A0C8774F6354'],MB,62985.0,3472.0,62982,32,9287.51616,synthetic_kv_64k,511.967232,context_0000,0.9448757640708105,629435684231,3472.0,Answer: ,9.28751616,147.456,512.0
"Query KEY: K_3DD1681134E2
Return only its VALUE.",0.511967232,['V_B771893259F3'],MB,62985.0,3472.0,62982,32,9287.51616,synthetic_kv_64k,511.967232,context_0000,0.9448757640708105,62E030807A5D,3472.0,Answer: ,9.28751616,147.456,512.0
"Query KEY: K_E7613527A5C8
Return only its VALUE.",0.511967232,['V_ED3B4EED4124'],MB,62985.0,3472.0,62982,32,9287.51616,synthetic_kv_64k,511.967232,context_0000,0.9448757640708105,897679F7F38C,3472.0,Answer: ,9.28751616,147.456,512.0
"Query KEY: K_2E4B1EB2A7B8
Return only its VALUE.",0.511967232,['V_9BC2AFA14A55'],MB,62985.0,3472.0,62982,32,9287.51616,synthetic_kv_64k,511.967232,context_0000,0.9448757640708105,52F5D83333C3,3472.0,Answer: ,9.28751616,147.456,512.0
"Query KEY: K_6E170A530DF9
Return only its VALUE.",0.511967232,['V_4BF153EA4919'],MB,62985.0,3472.0,62982,32,9287.51616,synthetic_kv_64k,511.967232,context_0000,0.9448757640708105,605EF87405CA,3472.0,Answer: ,9.28751616,147.456,512.0
"Query KEY: K_CAE05B11F51F
Return only its VALUE.",0.511967232,['V_1910837217E0'],MB,62985.0,3472.0,62982,32,9287.51616,synthetic_kv_64k,511.967232,context_0000,0.9448757640708105,8E9435901039,3472.0,Answer: ,9.28751616,147.456,512.0
"Query KEY: K_9901AD5BE3C8
Return only its VALUE.",0.511967232,['V_5905FD9CFBB0'],MB,62985.0,3472.0,62982,32,9287.51616,synthetic_kv_64k,511.967232,context_0000,0.9448757640708105,897679F5884E,3472.0,Answer: ,9.28751616,147.456,512.0
"Query KEY: K_307F3FF6579E
Return only its VALUE.",0.511967232,['V_342D7648776E'],MB,62985.0,3472.0,62982,32,9287.51616,synthetic_kv_64k,511.967232,context_0000,0.9448757640708105,6802B6AC1C8E,3472.0,Answer: ,9.28751616,147.456,512.0
"Query KEY: K_3E2F23C97A1E
Return only its VALUE.",0.511967232,['V_1F93030F9BE9'],MB,62985.0,3472.0,62982,32,9287.51616,synthetic_kv_64k,511.967232,context_0000,0.9448757640708105,65D80553945A,3472.0,Answer: ,9.28751616,147.456,512.0
"Query KEY: K_71CFFB8986C8
Return only its VALUE.",0.511967232,['V_657121768DD7'],MB,62985.0,3472.0,62982,32,9287.51616,synthetic_kv_64k,511.967232,context_0000,0.9448757640708105,897679F7F38C,3472.0,Answer: ,9.28751616,147.456,512.0
"Query KEY: K_CD19D2DC42C8
Return only its VALUE.",0.511967232,['V_2B07A50A13DC'],MB,62985.0,3472.0,62982,32,9287.51616,synthetic_kv_64k,511.967232,context_0000,0.9448757640708105,897679F7F30C,3472.0,Answer: ,9.28751616,147.456,512.0
"Query KEY: K_2664D010318A
Return only its VALUE.",0.511967232,['V_653F10813D45'],MB,62985.0,3472.0,62982,32,9287.51616,synthetic_kv_64k,511.967232,context_0000,0.9448757640708105,1E24A18FF6B6,3472.0,Answer: ,9.28751616,147.456,512.0
"Query KEY: K_2F1720F87BA2
Return only its VALUE.",0.511967232,['V_3EBB54E07431'],MB,62985.0,3472.0,62982,32,9287.51616,synthetic_kv_64k,511.967232,context_0000,0.9448757640708105,651319235642,3472.0,Answer: ,9.28751616,147.456,512.0
"Query KEY: K_19ED7603C36C
Return only its VALUE.",0.511967232,['V_DDC692EA1324'],MB,62985.0,3472.0,62982,32,9287.51616,synthetic_kv_64k,511.967232,context_0000,0.9448757640708105,897654321098,3472.0,Answer: ,9.28751616,147.456,512.0
"Query KEY: K_FE04651EA252
Return only its VALUE.",0.511967232,['V_C3F5078C26CE'],MB,62985.0,3472.0,62982,32,9287.51616,synthetic_kv_64k,511.967232,context_0000,0.9448757640708105,627393268552,3472.0,Answer: ,9.28751616,147.456,512.0
"Query KEY: K_DA73AEE70AB2
Return only its VALUE.",0.511967232,['V_B5382C3D17E2'],MB,62985.0,3472.0,62982,32,9287.51616,synthetic_kv_64k,511.967232,context_0000,0.9448757640708105,19AC0EA2622B,3472.0,Answer: ,9.28751616,147.456,512.0
"Query KEY: K_8CCA2FE922AA
Return only its VALUE.",0.511967232,['V_E45B47A48C42'],MB,62985.0,3472.0,62982,32,9287.51616,synthetic_kv_64k,511.967232,context_0000,0.9448757640708105,897679F7F30C,3472.0,Answer: ,9.28751616,147.456,512.0
"Query KEY: K_4C19E2280FE3
Return only its VALUE.",0.511967232,['V_FF6E4B8C031F'],MB,62985.0,3472.0,62982,32,9287.51616,synthetic_kv_64k,511.967232,context_0000,0.9448757640708105,62183FA75A10,3472.0,Answer: ,9.28751616,147.456,512.0
"Query KEY: K_F5438CF9EEA9
Return only its VALUE.",0.511967232,['V_2CE90F9C5300'],MB,62985.0,3472.0,62982,32,9287.51616,synthetic_kv_64k,511.967232,context_0000,0.9448757640708105,897679008F6D,3472.0,Answer: ,9.28751616,147.456,512.0
"Query KEY: K_C41A479F6628
Return only its VALUE.",0.511967232,['V_D6A52321E64E'],MB,62985.0,3472.0,62982,32,9287.51616,synthetic_kv_64k,511.967232,context_0000,0.9448757640708105,897679F7F30C,3472.0,Answer: ,9.28751616,147.456,512.0
"Query KEY: K_7F90869BC00F
Return only its VALUE.",0.511967232,['V_09FFCB7B0B3A'],MB,62985.0,3472.0,62982,32,9287.51616,synthetic_kv_64k,511.967232,context_0000,0.9448757640708105,897679F7F38C,3472.0,Answer: ,9.28751616,147.456,512.0
"Query KEY: K_C3D6FD498E20
Return only its VALUE.",0.511967232,['V_F5995BEEC570'],MB,62985.0,3472.0,62982,32,9287.51616,synthetic_kv_64k,511.967232,context_0000,0.9448757640708105,897679F7F38C,3472.0,Answer: ,9.28751616,147.456,512.0
"Query KEY: K_B0257C13F47A
Return only its VALUE.",0.511967232,['V_A4A9809CD839'],MB,62985.0,3472.0,62982,32,9287.51616,synthetic_kv_64k,511.967232,context_0000,0.9448757640708105,897679F5884E,3472.0,Answer: ,9.28751616,147.456,512.0
"Query KEY: K_8A76636CF499
Return only its VALUE.",0.511967232,['V_0D582E0869C1'],MB,62985.0,3472.0,62982,32,9287.51616,synthetic_kv_64k,511.967232,context_0000,0.9448757640708105,8E6F96DA1DAC,3472.0,Answer: ,9.28751616,147.456,512.0
"Query KEY: K_0F003811B519
Return only its VALUE.",0.511967232,['V_8FD6C74E48FF'],MB,62985.0,3472.0,62982,32,9287.51616,synthetic_kv_64k,511.967232,context_0000,0.9448757640708105,0A0C78B3842A,3472.0,Answer: ,9.28751616,147.456,512.0
"Query KEY: K_F180FDD4FF21
Return only its VALUE.",0.511967232,['V_B7018788DFED'],MB,62985.0,3472.0,62982,32,9287.51616,synthetic_kv_64k,511.967232,context_0000,0.9448757640708105,892310423A8E,3472.0,Answer: ,9.28751616,147.456,512.0
"Query KEY: K_772CFFE62994
Return only its VALUE.",0.511967232,['V_51BAF956BE95'],MB,62985.0,3472.0,62982,32,9287.51616,synthetic_kv_64k,511.967232,context_0000,0.9448757640708105,89765842310A,3472.0,Answer: ,9.28751616,147.456,512.0
"Query KEY: K_7EE719A2676F
Return only its VALUE.",0.511967232,['V_7B78A8284442'],MB,62985.0,3472.0,62982,32,9287.51616,synthetic_kv_64k,511.967232,context_0000,0.9448757640708105,627394767625,3472.0,Answer: ,9.28751616,147.456,512.0
"Query KEY: K_C6DFCC21CBDB
Return only its VALUE.",0.511967232,['V_58F0D86065A2'],MB,62985.0,3472.0,62982,32,9287.51616,synthetic_kv_64k,511.967232,context_0000,0.9448757640708105,19A6588C736E,3472.0,Answer: ,9.28751616,147.456,512.0
"Query KEY: K_791D2D14E9F4
Return only its VALUE.",0.511967232,['V_A2D197AF5BDE'],MB,62985.0,3472.0,62982,32,9287.51616,synthetic_kv_64k,511.967232,context_0000,0.9448757640708105,687654321098,3472.0,Answer: ,9.28751616,147.456,512.0
"Query KEY: K_B7B2B297A782
Return only its VALUE.",0.511967232,['V_B40FB357F3F9'],MB,62985.0,3472.0,62982,32,9287.51616,synthetic_kv_64k,511.967232,context_0000,0.9448757640708105, V_085480E1BE4D,3472.0,Answer: ,9.28751616,147.456,512.0
"Query KEY: K_48C1904883C1
Return only its VALUE.",0.511967232,['V_59E24F1E1A37'],MB,62985.0,3472.0,62982,32,9287.51616,synthetic_kv_64k,511.967232,context_0000,0.9448757640708105,627394755412,3472.0,Answer: ,9.28751616,147.456,512.0
"Query KEY: K_136F7D8D3DDD
Return only its VALUE.",0.511967232,['V_1CC2171B1B80'],MB,62985.0,3472.0,62982,32,9287.51616,synthetic_kv_64k,511.967232,context_0000,0.9448757640708105,897679F5885E,3472.0,Answer: ,9.28751616,147.456,512.0
"Query KEY: K_0A343803DCEE
Return only its VALUE.",0.511967232,['V_F4BA86C5547C'],MB,62985.0,3472.0,62982,32,9287.51616,synthetic_kv_64k,511.967232,context_0000,0.9448757640708105,1E24A18FF6B6,3472.0,Answer: ,9.28751616,147.456,512.0
"Query KEY: K_A9D9002CCB25
Return only its VALUE.",0.511967232,['V_AE772167C35E'],MB,62985.0,3472.0,62982,32,9287.51616,synthetic_kv_64k,511.967232,context_0000,0.9448757640708105, V_085480E1BE4D,3472.0,Answer: ,9.28751616,147.456,512.0
"Query KEY: K_5ADCB7893986
Return only its VALUE.",0.511967232,['V_1E7E52D6B779'],MB,62985.0,3472.0,62982,32,9287.51616,synthetic_kv_64k,511.967232,context_0000,0.9448757640708105,627393268596,3472.0,Answer: ,9.28751616,147.456,512.0
"Query KEY: K_4BA0059C1574
Return only its VALUE.",0.511967232,['V_4886EACF33A9'],MB,62985.0,3472.0,62982,32,9287.51616,synthetic_kv_64k,511.967232,context_0000,0.9448757640708105,897679F58875,3472.0,Answer: ,9.28751616,147.456,512.0
"Query KEY: K_38CAC63CE21D
Return only its VALUE.",0.511967232,['V_BAD2DC54D59B'],MB,62985.0,3472.0,62982,32,9287.51616,synthetic_kv_64k,511.967232,context_0000,0.9448757640708105,897679F50B8C,3472.0,Answer: ,9.28751616,147.456,512.0
"Query KEY: K_2522F5E72DAF
Return only its VALUE.",0.511967232,['V_AC5119DD3E8C'],MB,62985.0,3472.0,62982,32,9287.51616,synthetic_kv_64k,511.967232,context_0000,0.9448757640708105,29966185543A,3472.0,Answer: ,9.28751616,147.456,512.0
"Query KEY: K_A52C4D407B28
Return only its VALUE.",0.511967232,['V_DFADF2DD9456'],MB,62985.0,3472.0,62982,32,9287.51616,synthetic_kv_64k,511.967232,context_0000,0.9448757640708105,8E6F9042E163,3472.0,Answer: ,9.28751616,147.456,512.0
"Query KEY: K_F972F5EDF382
Return only its VALUE.",0.511967232,['V_A272A630AD9D'],MB,62985.0,3472.0,62982,32,9287.51616,synthetic_kv_64k,511.967232,context_0000,0.9448757640708105,8976543210AB,3472.0,Answer: ,9.28751616,147.456,512.0
"Query KEY: K_B6B1C9784B52
Return only its VALUE.",0.511967232,['V_C1BB2CE3D822'],MB,62985.0,3472.0,62982,32,9287.51616,synthetic_kv_64k,511.967232,context_0000,0.9448757640708105, V_0A0C78E84B52,3472.0,Answer: ,9.28751616,147.456,512.0
"Query KEY: K_96CAB0416F19
Return only its VALUE.",0.511967232,['V_5AFC2099E71F'],MB,62985.0,3472.0,62982,32,9287.51616,synthetic_kv_64k,511.967232,context_0000,0.9448757640708105,897679F7F30C,3472.0,Answer: ,9.28751616,147.456,512.0
"Query KEY: K_00EBBA94AA66
Return only its VALUE.",0.511967232,['V_5D39084A3C4B'],MB,62985.0,3472.0,62982,32,9287.51616,synthetic_kv_64k,511.967232,context_0000,0.9448757640708105,00EBBA94AA66,3472.0,Answer: ,9.28751616,147.456,512.0
"Query KEY: K_A2ED9A3624D6
Return only its VALUE.",0.511967232,['V_354D90C7E6AC'],MB,62985.0,3472.0,62982,32,9287.51616,synthetic_kv_64k,511.967232,context_0000,0.9448757640708105,627393268594,3472.0,Answer: ,9.28751616,147.456,512.0
"Query KEY: K_FE0BEFCAC577
Return only its VALUE.",0.511967232,['V_A98E2401342A'],MB,62985.0,3472.0,62982,32,9287.51616,synthetic_kv_64k,511.967232,context_0000,0.9448757640708105,892310423A8E,3472.0,Answer: ,9.28751616,147.456,512.0
"Query KEY: K_27D6BECED21A
Return only its VALUE.",0.511967232,['V_B1913CED4D1F'],MB,62985.0,3472.0,62982,32,9287.51616,synthetic_kv_64k,511.967232,context_0000,0.9448757640708105,8E6F96DA1DAC,3472.0,Answer: ,9.28751616,147.456,512.0
"Query KEY: K_A397FB7D3BA1
Return only its VALUE.",0.511967232,['V_ABE7E2FBB984'],MB,62985.0,3472.0,62982,32,9287.51616,synthetic_kv_64k,511.967232,context_0000,0.9448757640708105,8E6F96DA1DAC,3472.0,Answer: ,9.28751616,147.456,512.0
"Query KEY: K_05D5725656E3
Return only its VALUE.",0.511967232,['V_6B5B43E4F668'],MB,62985.0,3472.0,62982,32,9287.51616,synthetic_kv_64k,511.967232,context_0000,0.9448757640708105,146E0D093C73,3472.0,Answer: ,9.28751616,147.456,512.0
"Query KEY: K_B372115AFFAC
Return only its VALUE.",0.511967232,['V_18A60053F649'],MB,62985.0,3472.0,62982,32,9287.51616,synthetic_kv_64k,511.967232,context_0000,0.9448757640708105,897679008423,3472.0,Answer: ,9.28751616,147.456,512.0
"Query KEY: K_E05E62CCC604
Return only its VALUE.",0.511967232,['V_D6DCBB8AA843'],MB,62985.0,3472.0,62982,32,9287.51616,synthetic_kv_64k,511.967232,context_0000,0.9448757640708105,605EF87405CA,3472.0,Answer: ,9.28751616,147.456,512.0
"Query KEY: K_552AF8170EBF
Return only its VALUE.",0.511967232,['V_D3FAE271FFF9'],MB,62985.0,3472.0,62982,32,9287.51616,synthetic_kv_64k,511.967232,context_0000,0.9448757640708105,5214B69D5334,3472.0,Answer: ,9.28751616,147.456,512.0
"Query KEY: K_B3D460F34EBC
Return only its VALUE.",0.511967232,['V_C02D8BC83A02'],MB,62985.0,3472.0,62982,32,9287.51616,synthetic_kv_64k,511.967232,context_0000,0.9448757640708105,684235896543,3472.0,Answer: ,9.28751616,147.456,512.0
"Query KEY: K_737FAFE9BE90
Return only its VALUE.",0.511967232,['V_E70F29A3DB6D'],MB,62985.0,3472.0,62982,32,9287.51616,synthetic_kv_64k,511.967232,context_0000,0.9448757640708105,658A58C58875,3472.0,Answer: ,9.28751616,147.456,512.0
"Query KEY: K_111BD883E3F8
Return only its VALUE.",0.511967232,['V_0A474B7F2183'],MB,62985.0,3472.0,62982,32,9287.51616,synthetic_kv_64k,511.967232,context_0000,0.9448757640708105,146E0D093C73,3472.0,Answer: ,9.28751616,147.456,512.0
"Query KEY: K_85B251976E75
Return only its VALUE.",0.511967232,['V_359EF3A02120'],MB,62985.0,3472.0,62982,32,9287.51616,synthetic_kv_64k,511.967232,context_0000,0.9448757640708105,8E6F96DA1DAC,3472.0,Answer: ,9.28751616,147.456,512.0
"Query KEY: K_AF0112FECC2B
Return only its VALUE.",0.511967232,['V_5262601E0211'],MB,62985.0,3472.0,62982,32,9287.51616,synthetic_kv_64k,511.967232,context_0000,0.9448757640708105,892310423A8E,3472.0,Answer: ,9.28751616,147.456,512.0
"Query KEY: K_2666BB635FF5
Return only its VALUE.",0.511967232,['V_AD0717D5B563'],MB,62985.0,3472.0,62982,32,9287.51616,synthetic_kv_64k,511.967232,context_0000,0.9448757640708105,897679F58875,3472.0,Answer: ,9.28751616,147.456,512.0
"Query KEY: K_DCD607EF2BA8
Return only its VALUE.",0.511967232,['V_DE4FE3C6DEDB'],MB,62985.0,3472.0,62982,32,9287.51616,synthetic_kv_64k,511.967232,context_0000,0.9448757640708105,627393CD5962,3472.0,Answer: ,9.28751616,147.456,512.0
"Query KEY: K_1B6B2837F418
Return only its VALUE.",0.511967232,['V_A98519EC0829'],MB,62985.0,3472.0,62982,32,9287.51616,synthetic_kv_64k,511.967232,context_0000,0.9448757640708105,897679F7F30C,3472.0,Answer: ,9.28751616,147.456,512.0
"Query KEY: K_D18D30A2CEE8
Return only its VALUE.",0.511967232,['V_98444811E562'],MB,62985.0,3472.0,62982,32,9287.51616,synthetic_kv_64k,511.967232,context_0000,0.9448757640708105,897679F7F38C,3472.0,Answer: ,9.28751616,147.456,512.0
"Query KEY: K_311B3CCFF6EB
Return only its VALUE.",0.511967232,['V_C92A0CB4E891'],MB,62985.0,3472.0,62982,32,9287.51616,synthetic_kv_64k,511.967232,context_0000,0.9448757640708105,897679F7F38C,3472.0,Answer: ,9.28751616,147.456,512.0
"Query KEY: K_FB5DD700B461
Return only its VALUE.",0.511967232,['V_1BE82751AB86'],MB,62985.0,3472.0,62982,32,9287.51616,synthetic_kv_64k,511.967232,context_0000,0.9448757640708105,892310423A8E,3472.0,Answer: ,9.28751616,147.456,512.0
"Query KEY: K_01F45C5F48D4
Return only its VALUE.",0.511967232,['V_2CDD6D779595'],MB,62985.0,3472.0,62982,32,9287.51616,synthetic_kv_64k,511.967232,context_0000,0.9448757640708105,6A179F310FFF,3472.0,Answer: ,9.28751616,147.456,512.0
"Query KEY: K_F5ED99A7B99B
Return only its VALUE.",0.511967232,['V_31A8331DE35C'],MB,62985.0,3472.0,62982,32,9287.51616,synthetic_kv_64k,511.967232,context_0000,0.9448757640708105,684285888888,3472.0,Answer: ,9.28751616,147.456,512.0
"Query KEY: K_69F506969D48
Return only its VALUE.",0.511967232,['V_F27714F9C394'],MB,62985.0,3472.0,62982,32,9287.51616,synthetic_kv_64k,511.967232,context_0000,0.9448757640708105,892310423A8E,3472.0,Answer: ,9.28751616,147.456,512.0
"Query KEY: K_3B23D8014004
Return only its VALUE.",0.511967232,['V_F11F65C06B93'],MB,62985.0,3472.0,62982,32,9287.51616,synthetic_kv_64k,511.967232,context_0000,0.9448757640708105,688888888888,3472.0,Answer: ,9.28751616,147.456,512.0
"Query KEY: K_87AEA939EBD1
Return only its VALUE.",0.511967232,['V_C6698B4BD7E7'],MB,62985.0,3472.0,62982,32,9287.51616,synthetic_kv_64k,511.967232,context_0000,0.9448757640708105,684235891234,3472.0,Answer: ,9.28751616,147.456,512.0
"Query KEY: K_BDF62F546033
Return only its VALUE.",0.511967232,['V_C34CE2AFA629'],MB,62985.0,3472.0,62982,32,9287.51616,synthetic_kv_64k,511.967232,context_0000,0.9448757640708105,62E030807A5D,3472.0,Answer: ,9.28751616,147.456,512.0
"Query KEY: K_5F875E911B91
Return only its VALUE.",0.511967232,['V_16D8721E5419'],MB,62985.0,3472.0,62982,32,9287.51616,synthetic_kv_64k,511.967232,context_0000,0.9448757640708105,5214A6588E6A,3472.0,Answer: ,9.28751616,147.456,512.0
"Query KEY: K_E12543675D58
Return only its VALUE.",0.511967232,['V_86DC770E09DB'],MB,62985.0,3472.0,62982,32,9287.51616,synthetic_kv_64k,511.967232,context_0000,0.9448757640708105, V_0A0C78E58A6,3472.0,Answer: ,9.28751616,147.456,512.0
"Query KEY: K_4D600FC79913
Return only its VALUE.",0.511967232,['V_3183AADF3692'],MB,62985.0,3472.0,62982,32,9287.51616,synthetic_kv_64k,511.967232,context_0000,0.9448757640708105,605EF87405CA,3472.0,Answer: ,9.28751616,147.456,512.0
"Query KEY: K_D3F68A9C66F7
Return only its VALUE.",0.511967232,['V_747C96F84FF7'],MB,62985.0,3472.0,62982,32,9287.51616,synthetic_kv_64k,511.967232,context_0000,0.9448757640708105,688888888888,3472.0,Answer: ,9.28751616,147.456,512.0
"Query KEY: K_1F398DB8DADF
Return only its VALUE.",0.511967232,['V_C632D73E7BB9'],MB,62985.0,3472.0,62982,32,9287.51616,synthetic_kv_64k,511.967232,context_0000,0.9448757640708105,892310423A8E,3472.0,Answer: ,9.28751616,147.456,512.0
"Query KEY: K_78A6E1B41171
Return only its VALUE.",0.511967232,['V_990379EC533C'],MB,62985.0,3472.0,62982,32,9287.51616,synthetic_kv_64k,511.967232,context_0000,0.9448757640708105,897654321098,3472.0,Answer: ,9.28751616,147.456,512.0
"Query KEY: K_CA23143665F5
Return only its VALUE.",0.511967232,['V_11C7B6DCBD05'],MB,62985.0,3472.0,62982,32,9287.51616,synthetic_kv_64k,511.967232,context_0000,0.9448757640708105, V_146688888888,3472.0,Answer: ,9.28751616,147.456,512.0
"Query KEY: K_4B7E9ECA381B
Return only its VALUE.",0.511967232,['V_E5E8C1D71F4A'],MB,62985.0,3472.0,62982,32,9287.51616,synthetic_kv_64k,511.967232,context_0000,0.9448757640708105,627394553423,3472.0,Answer: ,9.28751616,147.456,512.0
"Query KEY: K_5596FBFF8A7D
Return only its VALUE.",0.511967232,['V_6C7CF8DFCC3A'],MB,62985.0,3472.0,62982,32,9287.51616,synthetic_kv_64k,511.967232,context_0000,0.9448757640708105,5008331165E0,3472.0,Answer: ,9.28751616,147.456,512.0
"Query KEY: K_62ACCEF74829
Return only its VALUE.",0.511967232,['V_15D9204DB9DA'],MB,62985.0,3472.0,62982,32,9287.51616,synthetic_kv_64k,511.967232,context_0000,0.9448757640708105,605EF87405CA,3472.0,Answer: ,9.28751616,147.456,512.0
"Query KEY: K_281F6C624C2C
Return only its VALUE.",0.511967232,['V_67616F75EE8A'],MB,62985.0,3472.0,62982,32,9287.51616,synthetic_kv_64k,511.967232,context_0000,0.9448757640708105,892310423A8E,3472.0,Answer: ,9.28751616,147.456,512.0
"Query KEY: K_4BB6A091E5B4
Return only its VALUE.",0.511967232,['V_A3B64204D733'],MB,62985.0,3472.0,62982,32,9287.51616,synthetic_kv_64k,511.967232,context_0000,0.9448757640708105,627393268594,3472.0,Answer: ,9.28751616,147.456,512.0
"Query KEY: K_2C8E1127B207
Return only its VALUE.",0.511967232,['V_0654DF9B7C1F'],MB,62985.0,3472.0,62982,32,9287.51616,synthetic_kv_64k,511.967232,context_0000,0.9448757640708105,627393CD59BF,3472.0,Answer: ,9.28751616,147.456,512.0
"Query KEY: K_399C6B6A8061
Return only its VALUE.",0.511967232,['V_4C9D6A18E5AF'],MB,62985.0,3472.0,62982,32,9287.51616,synthetic_kv_64k,511.967232,context_0000,0.9448757640708105, V_858A58C58875,3472.0,Answer: ,9.28751616,147.456,512.0
"Query KEY: K_334DF08CE6C2
Return only its VALUE.",0.511967232,['V_3615ECC817A6'],MB,62985.0,3472.0,62982,32,9287.51616,synthetic_kv_64k,511.967232,context_0000,0.9448757640708105,627393268598,3472.0,Answer: ,9.28751616,147.456,512.0
"Query KEY: K_873C693016EA
Return only its VALUE.",0.511967232,['V_F2339BE4F19F'],MB,62985.0,3472.0,62982,32,9287.51616,synthetic_kv_64k,511.967232,context_0000,0.9448757640708105,897679F7F38C,3472.0,Answer: ,9.28751616,147.456,512.0
"Query KEY: K_582A099759A3
Return only its VALUE.",0.511967232,['V_CE5246818A88'],MB,62985.0,3472.0,62982,32,9287.51616,synthetic_kv_64k,511.967232,context_0000,0.9448757640708105,897654321098,3472.0,Answer: ,9.28751616,147.456,512.0
"Query KEY: K_CDAEB193C8B8
Return only its VALUE.",0.511967232,['V_CAA509EDA6F5'],MB,62985.0,3472.0,62982,32,9287.51616,synthetic_kv_64k,511.967232,context_0000,0.9448757640708105,8E6F96DA1DAC,3472.0,Answer: ,9.28751616,147.456,512.0
"Query KEY: K_193C3CD1FF3F
Return only its VALUE.",0.511967232,['V_F34FBEE975DA'],MB,62985.0,3472.0,62982,32,9287.51616,synthetic_kv_64k,511.967232,context_0000,0.9448757640708105,146A5553920C,3472.0,Answer: ,9.28751616,147.456,512.0
"Query KEY: K_8983EBBBD763
Return only its VALUE.",0.511967232,['V_BEB0E5A3D8E9'],MB,62985.0,3472.0,62982,32,9287.51616,synthetic_kv_64k,511.967232,context_0000,0.9448757640708105,897679F7F38C,3472.0,Answer: ,9.28751616,147.456,512.0
"Query KEY: K_ACFC052DFB9A
Return only its VALUE.",0.511967232,['V_9F344D950273'],MB,62985.0,3472.0,62982,32,9287.51616,synthetic_kv_64k,511.967232,context_0000,0.9448757640708105,627393CD5962,3472.0,Answer: ,9.28751616,147.456,512.0
"Query KEY: K_74B6DE703B72
Return only its VALUE.",0.511967232,['V_99D8226716E3'],MB,62985.0,3472.0,62982,32,9287.51616,synthetic_kv_64k,511.967232,context_0000,0.9448757640708105,897679008843,3472.0,Answer: ,9.28751616,147.456,512.0
"Query KEY: K_A448D3692867
Return only its VALUE.",0.511967232,['V_2DB7A543148E'],MB,62985.0,3472.0,62982,32,9287.51616,synthetic_kv_64k,511.967232,context_0000,0.9448757640708105,8E9435901039,3472.0,Answer: ,9.28751616,147.456,512.0
"Query KEY: K_E228301C8DB3
Return only its VALUE.",0.511967232,['V_D078D2EFA93B'],MB,62985.0,3472.0,62982,32,9287.51616,synthetic_kv_64k,511.967232,context_0000,0.9448757640708105, V_0A0C78D588E6,3472.0,Answer: ,9.28751616,147.456,512.0
"Query KEY: K_F80BBDAE8EFF
Return only its VALUE.",0.511967232,['V_BF71DE0018AA'],MB,62985.0,3472.0,62982,32,9287.51616,synthetic_kv_64k,511.967232,context_0000,0.9448757640708105,892310423A8E,3472.0,Answer: ,9.28751616,147.456,512.0
"Query KEY: K_1CC7D22E3226
Return only its VALUE.",0.511967232,['V_219828B26B1B'],MB,62985.0,3472.0,62982,32,9287.51616,synthetic_kv_64k,511.967232,context_0000,0.9448757640708105,19A6488E554C,3472.0,Answer: ,9.28751616,147.456,512.0
"Query KEY: K_CE8881BD55D5
Return only its VALUE.",0.511967232,['V_58F407692583'],MB,62985.0,3472.0,62982,32,9287.51616,synthetic_kv_64k,511.967232,context_0000,0.9448757640708105,199812345678,3472.0,Answer: ,9.28751616,147.456,512.0
"Query KEY: K_66C5D53AE57F
Return only its VALUE.",0.511967232,['V_1D81D6441A9D'],MB,62985.0,3472.0,62982,32,9287.51616,synthetic_kv_64k,511.967232,context_0000,0.9448757640708105,62739364582A,3472.0,Answer: ,9.28751616,147.456,512.0
"Query KEY: K_10EE3FDE9814
Return only its VALUE.",0.511967232,['V_19E274D9D1F5'],MB,62985.0,3472.0,62982,32,9287.51616,synthetic_kv_64k,511.967232,context_0000,0.9448757640708105,145684854832,3472.0,Answer: ,9.28751616,147.456,512.0
"Query KEY: K_B883EB04159C
Return only its VALUE.",0.511967232,['V_65F1B462E3E8'],MB,62985.0,3472.0,62982,32,9287.51616,synthetic_kv_64k,511.967232,context_0000,0.9448757640708105,8E6F96DA1DAC,3472.0,Answer: ,9.28751616,147.456,512.0
"Query KEY: K_BC98462363A9
Return only its VALUE.",0.511967232,['V_EDAED2D14EF5'],MB,62985.0,3472.0,62982,32,9287.51616,synthetic_kv_64k,511.967232,context_0000,0.9448757640708105,199512345678,3472.0,Answer: ,9.28751616,147.456,512.0
"Query KEY: K_CB3C814FF657
Return only its VALUE.",0.511967232,['V_7BDF07D2FD4D'],MB,62985.0,3472.0,62982,32,9287.51616,synthetic_kv_64k,511.967232,context_0000,0.9448757640708105,627393268594,3472.0,Answer: ,9.28751616,147.456,512.0
"Query KEY: K_FA425F59FB4D
Return only its VALUE.",0.511967232,['V_E46798133DA1'],MB,62985.0,3472.0,62982,32,9287.51616,synthetic_kv_64k,511.967232,context_0000,0.9448757640708105,629436858963,3472.0,Answer: ,9.28751616,147.456,512.0
"Query KEY: K_F2FCDED7D3EF
Return only its VALUE.",0.511967232,['V_B0415989DD6C'],MB,62985.0,3472.0,62982,32,9287.51616,synthetic_kv_64k,511.967232,context_0000,0.9448757640708105,897679F7F38C,3472.0,Answer: ,9.28751616,147.456,512.0
"Query KEY: K_846FE4FD6C34
Return only its VALUE.",0.511967232,['V_2E47B0588256'],MB,62985.0,3472.0,62982,32,9287.51616,synthetic_kv_64k,511.967232,context_0000,0.9448757640708105,892310423A8E,3472.0,Answer: ,9.28751616,147.456,512.0
"Query KEY: K_0E0D48FA4E98
Return only its VALUE.",0.511967232,['V_196B62F5F7C2'],MB,62985.0,3472.0,62982,32,9287.51616,synthetic_kv_64k,511.967232,context_0000,0.9448757640708105,8E943568854A,3472.0,Answer: ,9.28751616,147.456,512.0
"Query KEY: K_6DBBF704D72F
Return only its VALUE.",0.511967232,['V_7154DB6BA39B'],MB,62985.0,3472.0,62982,32,9287.51616,synthetic_kv_64k,511.967232,context_0000,0.9448757640708105,897679F7F30C,3472.0,Answer: ,9.28751616,147.456,512.0
"Query KEY: K_7341A5BAB050
Return only its VALUE.",0.511967232,['V_69D8AD7D6F81'],MB,62985.0,3472.0,62982,32,9287.51616,synthetic_kv_64k,511.967232,context_0000,0.9448757640708105,656326858875,3472.0,Answer: ,9.28751616,147.456,512.0
"Query KEY: K_F2BC02472360
Return only its VALUE.",0.511967232,['V_43BEE959137F'],MB,62985.0,3472.0,62982,32,9287.51616,synthetic_kv_64k,511.967232,context_0000,0.9448757640708105,897679F5884E,3472.0,Answer: ,9.28751616,147.456,512.0
"Query KEY: K_58ADA5BA2472
Return only its VALUE.",0.511967232,['V_7291022AADDA'],MB,62985.0,3472.0,62982,32,9287.51616,synthetic_kv_64k,511.967232,context_0000,0.9448757640708105,62183FA7525A,3472.0,Answer: ,9.28751616,147.456,512.0
"Query KEY: K_8CFEA48AA108
Return only its VALUE.",0.511967232,['V_EB0159450186'],MB,62985.0,3472.0,62982,32,9287.51616,synthetic_kv_64k,511.967232,context_0000,0.9448757640708105,897679F7F38C,3472.0,Answer: ,9.28751616,147.456,512.0
"Query KEY: K_6FB94082FCDA
Return only its VALUE.",0.511967232,['V_9AB27779857F'],MB,62985.0,3472.0,62982,32,9287.51616,synthetic_kv_64k,511.967232,context_0000,0.9448757640708105,897679F7F38C,3472.0,Answer: ,9.28751616,147.456,512.0
"Query KEY: K_03C31A312044
Return only its VALUE.",0.511967232,['V_90BB9BEAB529'],MB,62985.0,3472.0,62982,32,9287.51616,synthetic_kv_64k,511.967232,context_0000,0.9448757640708105,88730E588770,3472.0,Answer: ,9.28751616,147.456,512.0
"Query KEY: K_F6A61BACBD0D
Return only its VALUE.",0.511967232,['V_AC2D1057A002'],MB,62985.0,3472.0,62982,32,9287.51616,synthetic_kv_64k,511.967232,context_0000,0.9448757640708105,892310423A8E,3472.0,Answer: ,9.28751616,147.456,512.0
"Query KEY: K_8D8FFD053963
Return only its VALUE.",0.511967232,['V_A678A3FE0479'],MB,62985.0,3472.0,62982,32,9287.51616,synthetic_kv_64k,511.967232,context_0000,0.9448757640708105,8E6F96DA1BBC,3472.0,Answer: ,9.28751616,147.456,512.0
"Query KEY: K_8DC3DC8AB6A7
Return only its VALUE.",0.511967232,['V_60704C7D9313'],MB,62985.0,3472.0,62982,32,9287.51616,synthetic_kv_64k,511.967232,context_0000,0.9448757640708105,897679F7F30C,3472.0,Answer: ,9.28751616,147.456,512.0
"Query KEY: K_7B08C3F62136
Return only its VALUE.",0.511967232,['V_1D11E651E3E1'],MB,62985.0,3472.0,62982,32,9287.51616,synthetic_kv_64k,511.967232,context_0000,0.9448757640708105,697679F7F38C,3472.0,Answer: ,9.28751616,147.456,512.0
"Query KEY: K_CEE5999BC859
Return only its VALUE.",0.511967232,['V_A3A0A91883FC'],MB,62985.0,3472.0,62982,32,9287.51616,synthetic_kv_64k,511.967232,context_0000,0.9448757640708105,621A66995E0A,3472.0,Answer: ,9.28751616,147.456,512.0
"Query KEY: K_47A4AE46024D
Return only its VALUE.",0.511967232,['V_0D08B8A60402'],MB,62985.0,3472.0,62982,32,9287.51616,synthetic_kv_64k,511.967232,context_0000,0.9448757640708105, V_00456854321A,3472.0,Answer: ,9.28751616,147.456,512.0
"Query KEY: K_FEA7A7C854E4
Return only its VALUE.",0.511967232,['V_9759FF5A229E'],MB,62985.0,3472.0,62982,32,9287.51616,synthetic_kv_64k,511.967232,context_0000,0.9448757640708105,684588888888,3472.0,Answer: ,9.28751616,147.456,512.0
"Query KEY: K_CF276B271EFF
Return only its VALUE.",0.511967232,['V_AFB3309E47BA'],MB,62985.0,3472.0,62982,32,9287.51616,synthetic_kv_64k,511.967232,context_0000,0.9448757640708105,627394767076,3472.0,Answer: ,9.28751616,147.456,512.0
"Query KEY: K_F393C8EF0377
Return only its VALUE.",0.511967232,['V_B78CABFF9286'],MB,62985.0,3472.0,62982,32,9287.51616,synthetic_kv_64k,511.967232,context_0000,0.9448757640708105,684238588856,3472.0,Answer: ,9.28751616,147.456,512.0
"Query KEY: K_99B381DF62F4
Return only its VALUE.",0.511967232,['V_5708D86D655D'],MB,62985.0,3472.0,62982,32,9287.51616,synthetic_kv_64k,511.967232,context_0000,0.9448757640708105,8E6F96DA1DAC,3472.0,Answer: ,9.28751616,147.456,512.0
"Query KEY: K_966A2E5EEB6A
Return only its VALUE.",0.511967232,['V_F10A18FC83B7'],MB,62985.0,3472.0,62982,32,9287.51616,synthetic_kv_64k,511.967232,context_0000,0.9448757640708105,627393268563,3472.0,Answer: ,9.28751616,147.456,512.0
"Query KEY: K_71CB16DC5A6E
Return only its VALUE.",0.511967232,['V_72585AF3DA5A'],MB,62985.0,3472.0,62982,32,9287.51616,synthetic_kv_64k,511.967232,context_0000,0.9448757640708105, V_0A8D88756E6A,3472.0,Answer: ,9.28751616,147.456,512.0
"Query KEY: K_D7484E9D23E9
Return only its VALUE.",0.511967232,['V_BE4D54D1332A'],MB,62985.0,3472.0,62982,32,9287.51616,synthetic_kv_64k,511.967232,context_0000,0.9448757640708105,627393CD5962,3472.0,Answer: ,9.28751616,147.456,512.0
"Query KEY: K_ED724B46EF33
Return only its VALUE.",0.511967232,['V_3C4DD9E92758'],MB,62985.0,3472.0,62982,32,9287.51616,synthetic_kv_64k,511.967232,context_0000,0.9448757640708105, V_0A8016D50B84,3472.0,Answer: ,9.28751616,147.456,512.0
"Query KEY: K_1B7B787515B9
Return only its VALUE.",0.511967232,['V_F1C6123B31CF'],MB,62985.0,3472.0,62982,32,9287.51616,synthetic_kv_64k,511.967232,context_0000,0.9448757640708105,199512345678,3472.0,Answer: ,9.28751616,147.456,512.0
"Query KEY: K_639BE3B16D36
Return only its VALUE.",0.511967232,['V_3D58801F4909'],MB,62985.0,3472.0,62982,32,9287.51616,synthetic_kv_64k,511.967232,context_0000,0.9448757640708105,658E666C786E,3472.0,Answer: ,9.28751616,147.456,512.0
"Query KEY: K_D3824C610AE8
Return only its VALUE.",0.511967232,['V_4D32DAAF7529'],MB,62985.0,3472.0,62982,32,9287.51616,synthetic_kv_64k,511.967232,context_0000,0.9448757640708105,8E6F96DA1DAC,3472.0,Answer: ,9.28751616,147.456,512.0
"Query KEY: K_AF723346A332
Return only its VALUE.",0.511967232,['V_4954752366CE'],MB,62985.0,3472.0,62982,32,9287.51616,synthetic_kv_64k,511.967232,context_0000,0.9448757640708105,8873B68D4037,3472.0,Answer: ,9.28751616,147.456,512.0
"Query KEY: K_5C57B7360C4F
Return only its VALUE.",0.511967232,['V_2960C768B07F'],MB,62985.0,3472.0,62982,32,9287.51616,synthetic_kv_64k,511.967232,context_0000,0.9448757640708105,5BD66ACAC954,3472.0,Answer: ,9.28751616,147.456,512.0
"Query KEY: K_AA4E7CD2192F
Return only its VALUE.",0.511967232,['V_A0772D445AF8'],MB,62985.0,3472.0,62982,32,9287.51616,synthetic_kv_64k,511.967232,context_0000,0.9448757640708105,895488888888,3472.0,Answer: ,9.28751616,147.456,512.0
"Query KEY: K_1DB3A26E865B
Return only its VALUE.",0.511967232,['V_E7730134E76B'],MB,62985.0,3472.0,62982,32,9287.51616,synthetic_kv_64k,511.967232,context_0000,0.9448757640708105,199810231234,3472.0,Answer: ,9.28751616,147.456,512.0
"Query KEY: K_6B344605EC0E
Return only its VALUE.",0.511967232,['V_511EC3B534DB'],MB,62985.0,3472.0,62982,32,9287.51616,synthetic_kv_64k,511.967232,context_0000,0.9448757640708105,897679F7F30C,3472.0,Answer: ,9.28751616,147.456,512.0
"Query KEY: K_42411689E0B8
Return only its VALUE.",0.511967232,['V_DE0F9D4E8B5D'],MB,62985.0,3472.0,62982,32,9287.51616,synthetic_kv_64k,511.967232,context_0000,0.9448757640708105,892310423A8E,3472.0,Answer: ,9.28751616,147.456,512.0
"Query KEY: K_DBDBA22C3D4F
Return only its VALUE.",0.511967232,['V_DBA96744CB9E'],MB,62985.0,3472.0,62982,32,9287.51616,synthetic_kv_64k,511.967232,context_0000,0.9448757640708105,62E030807A5D,3472.0,Answer: ,9.28751616,147.456,512.0
"Query KEY: K_F46DF71FB9A6
Return only its VALUE.",0.511967232,['V_026362210670'],MB,62985.0,3472.0,62982,32,9287.51616,synthetic_kv_64k,511.967232,context_0000,0.9448757640708105,684238568465,3472.0,Answer: ,9.28751616,147.456,512.0
"Query KEY: K_092C30C9A2BE
Return only its VALUE.",0.511967232,['V_021CAD3F5DD4'],MB,62985.0,3472.0,62982,32,9287.51616,synthetic_kv_64k,511.967232,context_0000,0.9448757640708105,892310423A8E,3472.0,Answer: ,9.28751616,147.456,512.0
"Query KEY: K_73D93FB2DF47
Return only its VALUE.",0.511967232,['V_9FCA58274E80'],MB,62985.0,3472.0,62982,32,9287.51616,synthetic_kv_64k,511.967232,context_0000,0.9448757640708105,627393268543,3472.0,Answer: ,9.28751616,147.456,512.0
"Query KEY: K_349621019BFF
Return only its VALUE.",0.511967232,['V_9CBB96B31F4A'],MB,62985.0,3472.0,62982,32,9287.51616,synthetic_kv_64k,511.967232,context_0000,0.9448757640708105,684588658875,3472.0,Answer: ,9.28751616,147.456,512.0
"Query KEY: K_216D2AC1D5CA
Return only its VALUE.",0.511967232,['V_1768D2E76DEB'],MB,62985.0,3472.0,62982,32,9287.51616,synthetic_kv_64k,511.967232,context_0000,0.9448757640708105,299607437C11,3472.0,Answer: ,9.28751616,147.456,512.0
"Query KEY: K_E96F4A73B0BF
Return only its VALUE.",0.511967232,['V_DE09567C5D44'],MB,62985.0,3472.0,62982,32,9287.51616,synthetic_kv_64k,511.967232,context_0000,0.9448757640708105,897679F7F38C,3472.0,Answer: ,9.28751616,147.456,512.0
"Query KEY: K_4480FED747BE
Return only its VALUE.",0.511967232,['V_FAF8E6C11650'],MB,62985.0,3472.0,62982,32,9287.51616,synthetic_kv_64k,511.967232,context_0000,0.9448757640708105,895838888888,3472.0,Answer: ,9.28751616,147.456,512.0
"Query KEY: K_546B303CB04B
Return only its VALUE.",0.511967232,['V_09CA6744ACD4'],MB,62985.0,3472.0,62982,32,9287.51616,synthetic_kv_64k,511.967232,context_0000,0.9448757640708105,892310423A8E,3472.0,Answer: ,9.28751616,147.456,512.0
"Query KEY: K_72DA3A799EFA
Return only its VALUE.",0.511967232,['V_6C212196B3B5'],MB,62985.0,3472.0,62982,32,9287.51616,synthetic_kv_64k,511.967232,context_0000,0.9448757640708105,684238548867,3472.0,Answer: ,9.28751616,147.456,512.0
"Query KEY: K_0B38BBEC721D
Return only its VALUE.",0.511967232,['V_3F0F2B429596'],MB,62985.0,3472.0,62982,32,9287.51616,synthetic_kv_64k,511.967232,context_0000,0.9448757640708105, V_042D88423A8E,3472.0,Answer: ,9.28751616,147.456,512.0
"Query KEY: K_C0190990A647
Return only its VALUE.",0.511967232,['V_188EFEA35D37'],MB,62985.0,3472.0,62982,32,9287.51616,synthetic_kv_64k,511.967232,context_0000,0.9448757640708105, V_004884856283,3472.0,Answer: ,9.28751616,147.456,512.0
"Query KEY: K_375AA976DC4D
Return only its VALUE.",0.511967232,['V_18B2050DCBFE'],MB,62985.0,3472.0,62982,32,9287.51616,synthetic_kv_64k,511.967232,context_0000,0.9448757640708105,627394767521,3472.0,Answer: ,9.28751616,147.456,512.0
"Query KEY: K_3B48B0937085
Return only its VALUE.",0.511967232,['V_E37D6AB1CDB6'],MB,62985.0,3472.0,62982,32,9287.51616,synthetic_kv_64k,511.967232,context_0000,0.9448757640708105,627393268594,3472.0,Answer: ,9.28751616,147.456,512.0
"Query KEY: K_3F4761584F88
Return only its VALUE.",0.511967232,['V_81668C1AB2C7'],MB,62985.0,3472.0,62982,32,9287.51616,synthetic_kv_64k,511.967232,context_0000,0.9448757640708105,892310423A8E,3472.0,Answer: ,9.28751616,147.456,512.0
"Query KEY: K_693627335670
Return only its VALUE.",0.511967232,['V_04C3A15C159A'],MB,62985.0,3472.0,62982,32,9287.51616,synthetic_kv_64k,511.967232,context_0000,0.9448757640708105,892310423A8E,3472.0,Answer: ,9.28751616,147.456,512.0
"Query KEY: K_D77C4D15F7D8
Return only its VALUE.",0.511967232,['V_33B3A962D996'],MB,62985.0,3472.0,62982,32,9287.51616,synthetic_kv_64k,511.967232,context_0000,0.9448757640708105,897679F7F30C,3472.0,Answer: ,9.28751616,147.456,512.0
"Query KEY: K_D670231D260B
Return only its VALUE.",0.511967232,['V_90BE1E23DA4B'],MB,62985.0,3472.0,62982,32,9287.51616,synthetic_kv_64k,511.967232,context_0000,0.9448757640708105, V_06485885888A,3472.0,Answer: ,9.28751616,147.456,512.0
"Query KEY: K_FED71B341937
Return only its VALUE.",0.511967232,['V_B74133A0DAA7'],MB,62985.0,3472.0,62982,32,9287.51616,synthetic_kv_64k,511.967232,context_0000,0.9448757640708105,897679F50C8E,3472.0,Answer: ,9.28751616,147.456,512.0
"Query KEY: K_D1CBB4146E4A
Return only its VALUE.",0.511967232,['V_521C4B9C22F4'],MB,62985.0,3472.0,62982,32,9287.51616,synthetic_kv_64k,511.967232,context_0000,0.9448757640708105, V_1F14B6DBBB2C,3472.0,Answer: ,9.28751616,147.456,512.0
"Query KEY: K_F619EEE13CAE
Return only its VALUE.",0.511967232,['V_781154A27051'],MB,62985.0,3472.0,62982,32,9287.51616,synthetic_kv_64k,511.967232,context_0000,0.9448757640708105,897679F7F38C,3472.0,Answer: ,9.28751616,147.456,512.0
"Query KEY: K_068700B3700F
Return only its VALUE.",0.511967232,['V_2D91ABF0263E'],MB,62985.0,3472.0,62982,32,9287.51616,synthetic_kv_64k,511.967232,context_0000,0.9448757640708105,0A0C78B3842A,3472.0,Answer: ,9.28751616,147.456,512.0
"Query KEY: K_388AE8294A67
Return only its VALUE.",0.511967232,['V_FCFBAB450578'],MB,62985.0,3472.0,62982,32,9287.51616,synthetic_kv_64k,511.967232,context_0000,0.9448757640708105,8E6F96DA1DAC,3472.0,Answer: ,9.28751616,147.456,512.0
"Query KEY: K_266C82FF1F2E
Return only its VALUE.",0.511967232,['V_E9DB3B2D520B'],MB,62985.0,3472.0,62982,32,9287.51616,synthetic_kv_64k,511.967232,context_0000,0.9448757640708105,2C21BFCF214E,3472.0,Answer: ,9.28751616,147.456,512.0
"Query KEY: K_873B4BC81C16
Return only its VALUE.",0.511967232,['V_19A476DAE194'],MB,62985.0,3472.0,62982,32,9287.51616,synthetic_kv_64k,511.967232,context_0000,0.9448757640708105,8E6F96DA1DAC,3472.0,Answer: ,9.28751616,147.456,512.0
"Query KEY: K_B86E4A629C5E
Return only its VALUE.",0.511967232,['V_DA1C500D92A7'],MB,62985.0,3472.0,62982,32,9287.51616,synthetic_kv_64k,511.967232,context_0000,0.9448757640708105,897658845863,3472.0,Answer: ,9.28751616,147.456,512.0
"Query KEY: K_3B57BD10F87C
Return only its VALUE.",0.511967232,['V_04F30BBF6334'],MB,62985.0,3472.0,62982,32,9287.51616,synthetic_kv_64k,511.967232,context_0000,0.9448757640708105,8E6F96DA1DAC,3472.0,Answer: ,9.28751616,147.456,512.0
"Query KEY: K_46DBDA1C96AE
Return only its VALUE.",0.511967232,['V_A8462BA6B158'],MB,62985.0,3472.0,62982,32,9287.51616,synthetic_kv_64k,511.967232,context_0000,0.9448757640708105,627394767076,3472.0,Answer: ,9.28751616,147.456,512.0
"Query KEY: K_895F9F2EBEFC
Return only its VALUE.",0.511967232,['V_BEC817CBA85D'],MB,62985.0,3472.0,62982,32,9287.51616,synthetic_kv_64k,511.967232,context_0000,0.9448757640708105,8E6F96DA1DAC,3472.0,Answer: ,9.28751616,147.456,512.0
"Query KEY: K_AF79D0A17FE8
Return only its VALUE.",0.511967232,['V_3A482ED087D4'],MB,62985.0,3472.0,62982,32,9287.51616,synthetic_kv_64k,511.967232,context_0000,0.9448757640708105,8E6F96DA1DAC,3472.0,Answer: ,9.28751616,147.456,512.0
"Query KEY: K_CCED66995AF5
Return only its VALUE.",0.511967232,['V_E9BFF659F188'],MB,62985.0,3472.0,62982,32,9287.51616,synthetic_kv_64k,511.967232,context_0000,0.9448757640708105, V_0A0C78F588E6,3472.0,Answer: ,9.28751616,147.456,512.0
"Query KEY: K_F4DCD9C59CD9
Return only its VALUE.",0.511967232,['V_D7EECCC62FED'],MB,62985.0,3472.0,62982,32,9287.51616,synthetic_kv_64k,511.967232,context_0000,0.9448757640708105,897679F7F30C,3472.0,Answer: ,9.28751616,147.456,512.0
"Query KEY: K_5564CC0243C6
Return only its VALUE.",0.511967232,['V_43D81CF14654'],MB,62985.0,3472.0,62982,32,9287.51616,synthetic_kv_64k,511.967232,context_0000,0.9448757640708105,585288888888,3472.0,Answer: ,9.28751616,147.456,512.0
"Query KEY: K_351928CE231E
Return only its VALUE.",0.511967232,['V_F721973B6977'],MB,62985.0,3472.0,62982,32,9287.51616,synthetic_kv_64k,511.967232,context_0000,0.9448757640708105,621458638421,3472.0,Answer: ,9.28751616,147.456,512.0
"Query KEY: K_E056ADAB2C2F
Return only its VALUE.",0.511967232,['V_F7562172A0AA'],MB,62985.0,3472.0,62982,32,9287.51616,synthetic_kv_64k,511.967232,context_0000,0.9448757640708105, V_008D848E688C,3472.0,Answer: ,9.28751616,147.456,512.0
"Query KEY: K_F9EBEB9F33CB
Return only its VALUE.",0.511967232,['V_E1A16949ECE5'],MB,62985.0,3472.0,62982,32,9287.51616,synthetic_kv_64k,511.967232,context_0000,0.9448757640708105,897679F7F30C,3472.0,Answer: ,9.28751616,147.456,512.0
"Query KEY: K_206D0BC4D7BA
Return only its VALUE.",0.511967232,['V_06545071E5F0'],MB,62985.0,3472.0,62982,32,9287.51616,synthetic_kv_64k,511.967232,context_0000,0.9448757640708105,897679F7F38C,3472.0,Answer: ,9.28751616,147.456,512.0
"Query KEY: K_72AE90A4A421
Return only its VALUE.",0.511967232,['V_DD9E1861C9F3'],MB,62985.0,3472.0,62982,32,9287.51616,synthetic_kv_64k,511.967232,context_0000,0.9448757640708105,897679F7F38C,3472.0,Answer: ,9.28751616,147.456,512.0
"Query KEY: K_F6BF3FA2BDE0
Return only its VALUE.",0.511967232,['V_4C1C62874624'],MB,62985.0,3472.0,62982,32,9287.51616,synthetic_kv_64k,511.967232,context_0000,0.9448757640708105,897679F588E0,3472.0,Answer: ,9.28751616,147.456,512.0
"Query KEY: K_05F60DF80B89
Return only its VALUE.",0.511967232,['V_F046D94DF188'],MB,62985.0,3472.0,62982,32,9287.51616,synthetic_kv_64k,511.967232,context_0000,0.9448757640708105,8E6F96DA1DAC,3472.0,Answer: ,9.28751616,147.456,512.0
"Query KEY: K_FDDEDA143A47
Return only its VALUE.",0.511967232,['V_54AFDE9205EA'],MB,62985.0,3472.0,62982,32,9287.51616,synthetic_kv_64k,511.967232,context_0000,0.9448757640708105,684588888888,3472.0,Answer: ,9.28751616,147.456,512.0
"Query KEY: K_A42A7DDCA413
Return only its VALUE.",0.511967232,['V_A96B3DAB1614'],MB,62985.0,3472.0,62982,32,9287.51616,synthetic_kv_64k,511.967232,context_0000,0.9448757640708105,627394767984,3472.0,Answer: ,9.28751616,147.456,512.0
"Query KEY: K_8E6AF85B6D0A
Return only its VALUE.",0.511967232,['V_C1DCA4B0718E'],MB,62985.0,3472.0,62982,32,9287.51616,synthetic_kv_64k,511.967232,context_0000,0.9448757640708105,8E6F96DA1DAC,3472.0,Answer: ,9.28751616,147.456,512.0
"Query KEY: K_285C3C28F5DC
Return only its VALUE.",0.511967232,['V_E36C75873920'],MB,62985.0,3472.0,62982,32,9287.51616,synthetic_kv_64k,511.967232,context_0000,0.9448757640708105,684588658875,3472.0,Answer: ,9.28751616,147.456,512.0
"Query KEY: K_2D1072B696CA
Return only its VALUE.",0.511967232,['V_FF35DB496E6D'],MB,62985.0,3472.0,62982,32,9287.51616,synthetic_kv_64k,511.967232,context_0000,0.9448757640708105,146E0BE3534A,3472.0,Answer: ,9.28751616,147.456,512.0
"Query KEY: K_A1D272730E7B
Return only its VALUE.",0.511967232,['V_0919A7437402'],MB,62985.0,3472.0,62982,32,9287.51616,synthetic_kv_64k,511.967232,context_0000,0.9448757640708105,897679F7F38C,3472.0,Answer: ,9.28751616,147.456,512.0
"Query KEY: K_CE8F1A46D536
Return only its VALUE.",0.511967232,['V_1258698F04F8'],MB,62985.0,3472.0,62982,32,9287.51616,synthetic_kv_64k,511.967232,context_0000,0.9448757640708105,148563845693,3472.0,Answer: ,9.28751616,147.456,512.0
"Query KEY: K_E994ABE5BE96
Return only its VALUE.",0.511967232,['V_AE84F34A7949'],MB,62985.0,3472.0,62982,32,9287.51616,synthetic_kv_64k,511.967232,context_0000,0.9448757640708105,8E9435901039,3472.0,Answer: ,9.28751616,147.456,512.0
"Query KEY: K_A9F874577D47
Return only its VALUE.",0.511967232,['V_BA01A83C1C2B'],MB,62985.0,3472.0,62982,32,9287.51616,synthetic_kv_64k,511.967232,context_0000,0.9448757640708105,8E6F96DA1DAC,3472.0,Answer: ,9.28751616,147.456,512.0
"Query KEY: K_E7B2B7461B72
Return only its VALUE.",0.511967232,['V_31E31D30A290'],MB,62985.0,3472.0,62982,32,9287.51616,synthetic_kv_64k,511.967232,context_0000,0.9448757640708105,897679F7F38C,3472.0,Answer: ,9.28751616,147.456,512.0
"Query KEY: K_011F38C46B38
Return only its VALUE.",0.511967232,['V_B5D457632E1E'],MB,62985.0,3472.0,62982,32,9287.51616,synthetic_kv_64k,511.967232,context_0000,0.9448757640708105,856E05539A50,3472.0,Answer: ,9.28751616,147.456,512.0
"Query KEY: K_BF6E85A0D089
Return only its VALUE.",0.511967232,['V_366FB3BC912F'],MB,62985.0,3472.0,62982,32,9287.51616,synthetic_kv_64k,511.967232,context_0000,0.9448757640708105,8E6F96DA1DAC,3472.0,Answer: ,9.28751616,147.456,512.0
"Query KEY: K_FC1E2A061609
Return only its VALUE.",0.511967232,['V_D184B8B818CF'],MB,62985.0,3472.0,62982,32,9287.51616,synthetic_kv_64k,511.967232,context_0000,0.9448757640708105,1E24A18FF65A,3472.0,Answer: ,9.28751616,147.456,512.0
"Query KEY: K_82321B61D453
Return only its VALUE.",0.511967232,['V_644F9C60C81B'],MB,62985.0,3472.0,62982,32,9287.51616,synthetic_kv_64k,511.967232,context_0000,0.9448757640708105,897679265894,3472.0,Answer: ,9.28751616,147.456,512.0
"Query KEY: K_3DD23002D831
Return only its VALUE.",0.511967232,['V_6E616494DD5C'],MB,62985.0,3472.0,62982,32,9287.51616,synthetic_kv_64k,511.967232,context_0000,0.9448757640708105,627394767076,3472.0,Answer: ,9.28751616,147.456,512.0
"Query KEY: K_6193C80B2AF7
Return only its VALUE.",0.511967232,['V_AD05B77F69B9'],MB,62985.0,3472.0,62982,32,9287.51616,synthetic_kv_64k,511.967232,context_0000,0.9448757640708105,605EF87405CA,3472.0,Answer: ,9.28751616,147.456,512.0
"Query KEY: K_17CE6A1ABA9D
Return only its VALUE.",0.511967232,['V_3F1696BC532D'],MB,62985.0,3472.0,62982,32,9287.51616,synthetic_kv_64k,511.967232,context_0000,0.9448757640708105,892310423A8E,3472.0,Answer: ,9.28751616,147.456,512.0
"Query KEY: K_EA2E735444FB
Return only its VALUE.",0.511967232,['V_02387FB33BE5'],MB,62985.0,3472.0,62982,32,9287.51616,synthetic_kv_64k,511.967232,context_0000,0.9448757640708105,8D42388E528A,3472.0,Answer: ,9.28751616,147.456,512.0
"Query KEY: K_DD99EF705D01
Return only its VALUE.",0.511967232,['V_58E8941C23FA'],MB,62985.0,3472.0,62982,32,9287.51616,synthetic_kv_64k,511.967232,context_0000,0.9448757640708105,199568855555,3472.0,Answer: ,9.28751616,147.456,512.0
"Query KEY: K_350520DDA0FF
Return only its VALUE.",0.511967232,['V_A4C8E1F85B33'],MB,62985.0,3472.0,62982,32,9287.51616,synthetic_kv_64k,511.967232,context_0000,0.9448757640708105,627394767565,3472.0,Answer: ,9.28751616,147.456,512.0
"Query KEY: K_D65B6279403C
Return only its VALUE.",0.511967232,['V_7F19C32AFC4A'],MB,62985.0,3472.0,62982,32,9287.51616,synthetic_kv_64k,511.967232,context_0000,0.9448757640708105, V_085480E1BE4D,3472.0,Answer: ,9.28751616,147.456,512.0
"Query KEY: K_CBB5460A6125
Return only its VALUE.",0.511967232,['V_AF8BF6AE10E8'],MB,62985.0,3472.0,62982,32,9287.51616,synthetic_kv_64k,511.967232,context_0000,0.9448757640708105, V_085480E1BE4D,3472.0,Answer: ,9.28751616,147.456,512.0
"Query KEY: K_969DF8722413
Return only its VALUE.",0.511967232,['V_46BF2224A806'],MB,62985.0,3472.0,62982,32,9287.51616,synthetic_kv_64k,511.967232,context_0000,0.9448757640708105,148563423896,3472.0,Answer: ,9.28751616,147.456,512.0
"Query KEY: K_A0B8DC57546D
Return only its VALUE.",0.511967232,['V_6F47A1F0FA7A'],MB,62985.0,3472.0,62982,32,9287.51616,synthetic_kv_64k,511.967232,context_0000,0.9448757640708105, V_06485868486A,3472.0,Answer: ,9.28751616,147.456,512.0
"Query KEY: K_6B5F336D7786
Return only its VALUE.",0.511967232,['V_43EDAC20AF11'],MB,62985.0,3472.0,62982,32,9287.51616,synthetic_kv_64k,511.967232,context_0000,0.9448757640708105,897679F5884E,3472.0,Answer: ,9.28751616,147.456,512.0
"Query KEY: K_5B0AF554E1F8
Return only its VALUE.",0.511967232,['V_D843D8E8B97C'],MB,62985.0,3472.0,62982,32,9287.51616,synthetic_kv_64k,511.967232,context_0000,0.9448757640708105,8E6F96DA1DAC,3472.0,Answer: ,9.28751616,147.456,512.0
"Query KEY: K_0689CEED0FFC
Return only its VALUE.",0.511967232,['V_368385D1A1EF'],MB,62985.0,3472.0,62982,32,9287.51616,synthetic_kv_64k,511.967232,context_0000,0.9448757640708105,897679F7F38C,3472.0,Answer: ,9.28751616,147.456,512.0
"Query KEY: K_C30106783C34
Return only its VALUE.",0.511967232,['V_1B2B253421BC'],MB,62985.0,3472.0,62982,32,9287.51616,synthetic_kv_64k,511.967232,context_0000,0.9448757640708105, V_58B9210C78D9,3472.0,Answer: ,9.28751616,147.456,512.0
"Query KEY: K_1CFBAB95C72F
Return only its VALUE.",0.511967232,['V_88B1332CCE0A'],MB,62985.0,3472.0,62982,32,9287.51616,synthetic_kv_64k,511.967232,context_0000,0.9448757640708105,19AC0EA2622B,3472.0,Answer: ,9.28751616,147.456,512.0
"Query KEY: K_4AF84024C424
Return only its VALUE.",0.511967232,['V_1FC2D6E1BA00'],MB,62985.0,3472.0,62982,32,9287.51616,synthetic_kv_64k,511.967232,context_0000,0.9448757640708105,658A58C58875,3472.0,Answer: ,9.28751616,147.456,512.0
"Query KEY: K_68724B8E5509
Return only its VALUE.",0.511967232,['V_B7A508453B2F'],MB,62985.0,3472.0,62982,32,9287.51616,synthetic_kv_64k,511.967232,context_0000,0.9448757640708105,892310423A8E,3472.0,Answer: ,9.28751616,147.456,512.0
"Query KEY: K_E7BAD06405A8
Return only its VALUE.",0.511967232,['V_72D8DD664071'],MB,62985.0,3472.0,62982,32,9287.51616,synthetic_kv_64k,511.967232,context_0000,0.9448757640708105,897679F7F38C,3472.0,Answer: ,9.28751616,147.456,512.0
"Query KEY: K_C71C8FAF6D4A
Return only its VALUE.",0.511967232,['V_180DAA1C4023'],MB,62985.0,3472.0,62982,32,9287.51616,synthetic_kv_64k,511.967232,context_0000,0.9448757640708105,897679F7F38C,3472.0,Answer: ,9.28751616,147.456,512.0
"Query KEY: K_C35EED2E1BCD
Return only its VALUE.",0.511967232,['V_D5486336C815'],MB,62985.0,3472.0,62982,32,9287.51616,synthetic_kv_64k,511.967232,context_0000,0.9448757640708105, V_1F358ACD4E10,3472.0,Answer: ,9.28751616,147.456,512.0
"Query KEY: K_1B8B8D5809B7
Return only its VALUE.",0.511967232,['V_67FB4057E470'],MB,62985.0,3472.0,62982,32,9287.51616,synthetic_kv_64k,511.967232,context_0000,0.9448757640708105,8E9435901039,3472.0,Answer: ,9.28751616,147.456,512.0
"Query KEY: K_E2D9DEC00F3A
Return only its VALUE.",0.511967232,['V_737BD479CC36'],MB,62985.0,3472.0,62982,32,9287.51616,synthetic_kv_64k,511.967232,context_0000,0.9448757640708105,897679F7F38C,3472.0,Answer: ,9.28751616,147.456,512.0
"Query KEY: K_BC48A5CB3C6E
Return only its VALUE.",0.511967232,['V_64979A7791A2'],MB,62985.0,3472.0,62982,32,9287.51616,synthetic_kv_64k,511.967232,context_0000,0.9448757640708105, V_085480E1BE4D,3472.0,Answer: ,9.28751616,147.456,512.0
"Query KEY: K_6312F6DBB2B6
Return only its VALUE.",0.511967232,['V_E5CB4B4F3B2E'],MB,62985.0,3472.0,62982,32,9287.51616,synthetic_kv_64k,511.967232,context_0000,0.9448757640708105,605EF87405CA,3472.0,Answer: ,9.28751616,147.456,512.0
"Query KEY: K_2620AEC2BB19
Return only its VALUE.",0.511967232,['V_3D1B838B77AD'],MB,62985.0,3472.0,62982,32,9287.51616,synthetic_kv_64k,511.967232,context_0000,0.9448757640708105,2852F26B4776,3472.0,Answer: ,9.28751616,147.456,512.0
"Query KEY: K_14CE6090103C
Return only its VALUE.",0.511967232,['V_8EE76DB2B020'],MB,62985.0,3472.0,62982,32,9287.51616,synthetic_kv_64k,511.967232,context_0000,0.9448757640708105,19A34E65548C,3472.0,Answer: ,9.28751616,147.456,512.0
"Query KEY: K_874A8E7D3F5A
Return only its VALUE.",0.511967232,['V_5265214C0A4D'],MB,62985.0,3472.0,62982,32,9287.51616,synthetic_kv_64k,511.967232,context_0000,0.9448757640708105,8E6F96DA1DAC,3472.0,Answer: ,9.28751616,147.456,512.0
"Query KEY: K_02E34148BD11
Return only its VALUE.",0.511967232,['V_EEC2549FC34C'],MB,62985.0,3472.0,62982,32,9287.51616,synthetic_kv_64k,511.967232,context_0000,0.9448757640708105,0A0C78B3842A,3472.0,Answer: ,9.28751616,147.456,512.0
"Query KEY: K_147327A158A0
Return only its VALUE.",0.511967232,['V_9A30A971A31F'],MB,62985.0,3472.0,62982,32,9287.51616,synthetic_kv_64k,511.967232,context_0000,0.9448757640708105,58B9583333C3,3472.0,Answer: ,9.28751616,147.456,512.0
"Query KEY: K_25505BAB7F4A
Return only its VALUE.",0.511967232,['V_51998150E0C9'],MB,62985.0,3472.0,62982,32,9287.51616,synthetic_kv_64k,511.967232,context_0000,0.9448757640708105,5218D30BEF65,3472.0,Answer: ,9.28751616,147.456,512.0
"Query KEY: K_CE8C897B303D
Return only its VALUE.",0.511967232,['V_B2E41789BE63'],MB,62985.0,3472.0,62982,32,9287.51616,synthetic_kv_64k,511.967232,context_0000,0.9448757640708105,897679F7F38C,3472.0,Answer: ,9.28751616,147.456,512.0
"Query KEY: K_A98154F6516E
Return only its VALUE.",0.511967232,['V_964F5C5D3F1B'],MB,62985.0,3472.0,62982,32,9287.51616,synthetic_kv_64k,511.967232,context_0000,0.9448757640708105,8E9435901039,3472.0,Answer: ,9.28751616,147.456,512.0
"Query KEY: K_F32087CEC69D
Return only its VALUE.",0.511967232,['V_3ABC0240F59A'],MB,62985.0,3472.0,62982,32,9287.51616,synthetic_kv_64k,511.967232,context_0000,0.9448757640708105,89767900842A,3472.0,Answer: ,9.28751616,147.456,512.0
"Query KEY: K_B127AB3F8D22
Return only its VALUE.",0.511967232,['V_7B0E72173FA3'],MB,62985.0,3472.0,62982,32,9287.51616,synthetic_kv_64k,511.967232,context_0000,0.9448757640708105, V_085480E1BE4D,3472.0,Answer: ,9.28751616,147.456,512.0
"Query KEY: K_7CD69F027CBF
Return only its VALUE.",0.511967232,['V_146AF57A431E'],MB,62985.0,3472.0,62982,32,9287.51616,synthetic_kv_64k,511.967232,context_0000,0.9448757640708105,627393CD59BF,3472.0,Answer: ,9.28751616,147.456,512.0
"Query KEY: K_C3435228ED8D
Return only its VALUE.",0.511967232,['V_3A0CF1EAB64A'],MB,62985.0,3472.0,62982,32,9287.51616,synthetic_kv_64k,511.967232,context_0000,0.9448757640708105, V_1F14B6DBBB2C,3472.0,Answer: ,9.28751616,147.456,512.0
"Query KEY: K_835F62C8C3F4
Return only its VALUE.",0.511967232,['V_0CA648677B30'],MB,62985.0,3472.0,62982,32,9287.51616,synthetic_kv_64k,511.967232,context_0000,0.9448757640708105,897679285430,3472.0,Answer: ,9.28751616,147.456,512.0
"Query KEY: K_F93E7210045A
Return only its VALUE.",0.511967232,['V_97C60B39DCCF'],MB,62985.0,3472.0,62982,32,9287.51616,synthetic_kv_64k,511.967232,context_0000,0.9448757640708105,895432856413,3472.0,Answer: ,9.28751616,147.456,512.0
"Query KEY: K_A40031487DF8
Return only its VALUE.",0.511967232,['V_2A29838E9A61'],MB,62985.0,3472.0,62982,32,9287.51616,synthetic_kv_64k,511.967232,context_0000,0.9448757640708105,8873B685884A,3472.0,Answer: ,9.28751616,147.456,512.0
"Query KEY: K_3121F2BE029F
Return only its VALUE.",0.511967232,['V_6BEB10C2C2E5'],MB,62985.0,3472.0,62982,32,9287.51616,synthetic_kv_64k,511.967232,context_0000,0.9448757640708105,6A179F310FFF,3472.0,Answer: ,9.28751616,147.456,512.0
"Query KEY: K_6D25C6097CD8
Return only its VALUE.",0.511967232,['V_69411A9AF29E'],MB,62985.0,3472.0,62982,32,9287.51616,synthetic_kv_64k,511.967232,context_0000,0.9448757640708105,8E6F96DA1DAC,3472.0,Answer: ,9.28751616,147.456,512.0
"Query KEY: K_DED7C673F2E0
Return only its VALUE.",0.511967232,['V_24ECF0938776'],MB,62985.0,3472.0,62982,32,9287.51616,synthetic_kv_64k,511.967232,context_0000,0.9448757640708105, V_085480E1BE4D,3472.0,Answer: ,9.28751616,147.456,512.0
"Query KEY: K_0C29275C75DC
Return only its VALUE.",0.511967232,['V_136554EB4C91'],MB,62985.0,3472.0,62982,32,9287.51616,synthetic_kv_64k,511.967232,context_0000,0.9448757640708105,0A0C78B3842A,3472.0,Answer: ,9.28751616,147.456,512.0
"Query KEY: K_25801667C518
Return only its VALUE.",0.511967232,['V_5B210DE4833E'],MB,62985.0,3472.0,62982,32,9287.51616,synthetic_kv_64k,511.967232,context_0000,0.9448757640708105,897679265890,3472.0,Answer: ,9.28751616,147.456,512.0
"Query KEY: K_80FACB51A911
Return only its VALUE.",0.511967232,['V_24108EDE9B46'],MB,62985.0,3472.0,62982,32,9287.51616,synthetic_kv_64k,511.967232,context_0000,0.9448757640708105,884238548843,3472.0,Answer: ,9.28751616,147.456,512.0
"Query KEY: K_D0B54236C0BF
Return only its VALUE.",0.511967232,['V_E6F963561ADD'],MB,62985.0,3472.0,62982,32,9287.51616,synthetic_kv_64k,511.967232,context_0000,0.9448757640708105,897679F7F30C,3472.0,Answer: ,9.28751616,147.456,512.0
"Query KEY: K_CF13A155EB2C
Return only its VALUE.",0.511967232,['V_A1FF6EDABA8C'],MB,62985.0,3472.0,62982,32,9287.51616,synthetic_kv_64k,511.967232,context_0000,0.9448757640708105,897679F7F38C,3472.0,Answer: ,9.28751616,147.456,512.0
"Query KEY: K_C76C0452F779
Return only its VALUE.",0.511967232,['V_3C92AC5D4E57'],MB,62985.0,3472.0,62982,32,9287.51616,synthetic_kv_64k,511.967232,context_0000,0.9448757640708105,897679F7F38C,3472.0,Answer: ,9.28751616,147.456,512.0
"Query KEY: K_030588EAE7D4
Return only its VALUE.",0.511967232,['V_20609E4C24DD'],MB,62985.0,3472.0,62982,32,9287.51616,synthetic_kv_64k,511.967232,context_0000,0.9448757640708105,658A58C58875,3472.0,Answer: ,9.28751616,147.456,512.0
"Query KEY: K_174D95EA6825
Return only its VALUE.",0.511967232,['V_B724129538DF'],MB,62985.0,3472.0,62982,32,9287.51616,synthetic_kv_64k,511.967232,context_0000,0.9448757640708105,892310423A8E,3472.0,Answer: ,9.28751616,147.456,512.0
"Query KEY: K_94651B2BB2EC
Return only its VALUE.",0.511967232,['V_9023162534CA'],MB,62985.0,3472.0,62982,32,9287.51616,synthetic_kv_64k,511.967232,context_0000,0.9448757640708105,19A66172E58A,3472.0,Answer: ,9.28751616,147.456,512.0
"Query KEY: K_C348700B8B43
Return only its VALUE.",0.511967232,['V_0FC7A9252745'],MB,62985.0,3472.0,62982,32,9287.51616,synthetic_kv_64k,511.967232,context_0000,0.9448757640708105,892310423A8E,3472.0,Answer: ,9.28751616,147.456,512.0
"Query KEY: K_5009795741BB
Return only its VALUE.",0.511967232,['V_7092889157FD'],MB,62985.0,3472.0,62982,32,9287.51616,synthetic_kv_64k,511.967232,context_0000,0.9448757640708105,892310423A8E,3472.0,Answer: ,9.28751616,147.456,512.0
"Query KEY: K_97078BB4995A
Return only its VALUE.",0.511967232,['V_989A24E2226C'],MB,62985.0,3472.0,62982,32,9287.51616,synthetic_kv_64k,511.967232,context_0000,0.9448757640708105,897679F50C8E,3472.0,Answer: ,9.28751616,147.456,512.0
"Query KEY: K_05B5F3102525
Return only its VALUE.",0.511967232,['V_48628E190D07'],MB,62985.0,3472.0,62982,32,9287.51616,synthetic_kv_64k,511.967232,context_0000,0.9448757640708105,036318423585,3472.0,Answer: ,9.28751616,147.456,512.0
"Query KEY: K_15631F8C56E0
Return only its VALUE.",0.511967232,['V_C9C598BE5FF0'],MB,62985.0,3472.0,62982,32,9287.51616,synthetic_kv_64k,511.967232,context_0000,0.9448757640708105,146E0D093C73,3472.0,Answer: ,9.28751616,147.456,512.0
"Query KEY: K_2B95F26D3DD3
Return only its VALUE.",0.511967232,['V_6B8C4E003D55'],MB,62985.0,3472.0,62982,32,9287.51616,synthetic_kv_64k,511.967232,context_0000,0.9448757640708105,2996038D888A,3472.0,Answer: ,9.28751616,147.456,512.0
"Query KEY: K_6C685806A961
Return only its VALUE.",0.511967232,['V_48EF8336A758'],MB,62985.0,3472.0,62982,32,9287.51616,synthetic_kv_64k,511.967232,context_0000,0.9448757640708105,684588858885,3472.0,Answer: ,9.28751616,147.456,512.0
"Query KEY: K_5E3429344E15
Return only its VALUE.",0.511967232,['V_8167D5B211A9'],MB,62985.0,3472.0,62982,32,9287.51616,synthetic_kv_64k,511.967232,context_0000,0.9448757640708105,658A58C58875,3472.0,Answer: ,9.28751616,147.456,512.0
"Query KEY: K_3AAF31BF5CF6
Return only its VALUE.",0.511967232,['V_1BD8DA2D2156'],MB,62985.0,3472.0,62982,32,9287.51616,synthetic_kv_64k,511.967232,context_0000,0.9448757640708105,65A6D6442365,3472.0,Answer: ,9.28751616,147.456,512.0
"Query KEY: K_25738CB6D1F0
Return only its VALUE.",0.511967232,['V_805A113EAF84'],MB,62985.0,3472.0,62982,32,9287.51616,synthetic_kv_64k,511.967232,context_0000,0.9448757640708105,6A179F310FFF,3472.0,Answer: ,9.28751616,147.456,512.0
"Query KEY: K_65131923CAFC
Return only its VALUE.",0.511967232,['V_B6DA54B2A582'],MB,62985.0,3472.0,62982,32,9287.51616,synthetic_kv_64k,511.967232,context_0000,0.9448757640708105, V_0A0C78F41AB8,3472.0,Answer: ,9.28751616,147.456,512.0
"Query KEY: K_7814A7CD13CB
Return only its VALUE.",0.511967232,['V_91FD199C8D94'],MB,62985.0,3472.0,62982,32,9287.51616,synthetic_kv_64k,511.967232,context_0000,0.9448757640708105, V_0A8016D5039F,3472.0,Answer: ,9.28751616,147.456,512.0
"Query KEY: K_23BD9E98961D
Return only its VALUE.",0.511967232,['V_6312E66E2C11'],MB,62985.0,3472.0,62982,32,9287.51616,synthetic_kv_64k,511.967232,context_0000,0.9448757640708105,62739329610A,3472.0,Answer: ,9.28751616,147.456,512.0
"Query KEY: K_F8C2515A6B43
Return only its VALUE.",0.511967232,['V_A81C735D88F3'],MB,62985.0,3472.0,62982,32,9287.51616,synthetic_kv_64k,511.967232,context_0000,0.9448757640708105,897679F58875,3472.0,Answer: ,9.28751616,147.456,512.0
"Query KEY: K_4E06958C2936
Return only its VALUE.",0.511967232,['V_56576DA58DAD'],MB,62985.0,3472.0,62982,32,9287.51616,synthetic_kv_64k,511.967232,context_0000,0.9448757640708105,8E6F96DA1BBC,3472.0,Answer: ,9.28751616,147.456,512.0
"Query KEY: K_A05D013CA998
Return only its VALUE.",0.511967232,['V_8DA86FA5D3B0'],MB,62985.0,3472.0,62982,32,9287.51616,synthetic_kv_64k,511.967232,context_0000,0.9448757640708105,8E943CEDDF2D,3472.0,Answer: ,9.28751616,147.456,512.0
"Query KEY: K_B80ED71173E4
Return only its VALUE.",0.511967232,['V_A9C2BBA41AE0'],MB,62985.0,3472.0,62982,32,9287.51616,synthetic_kv_64k,511.967232,context_0000,0.9448757640708105, V_084238561E6A,3472.0,Answer: ,9.28751616,147.456,512.0
"Query KEY: K_F5BCE0BD202C
Return only its VALUE.",0.511967232,['V_E405767D3B27'],MB,62985.0,3472.0,62982,32,9287.51616,synthetic_kv_64k,511.967232,context_0000,0.9448757640708105,897679F7F38C,3472.0,Answer: ,9.28751616,147.456,512.0
"Query KEY: K_F9544E336644
Return only its VALUE.",0.511967232,['V_37B88D3A5D76'],MB,62985.0,3472.0,62982,32,9287.51616,synthetic_kv_64k,511.967232,context_0000,0.9448757640708105,892310423A8E,3472.0,Answer: ,9.28751616,147.456,512.0
"Query KEY: K_29F89B4BF377
Return only its VALUE.",0.511967232,['V_8FACD77FBEEB'],MB,62985.0,3472.0,62982,32,9287.51616,synthetic_kv_64k,511.967232,context_0000,0.9448757640708105,627394767552,3472.0,Answer: ,9.28751616,147.456,512.0
"Query KEY: K_649289E2DF24
Return only its VALUE.",0.511967232,['V_6CEE970C9EB4'],MB,62985.0,3472.0,62982,32,9287.51616,synthetic_kv_64k,511.967232,context_0000,0.9448757640708105,605EF87405CA,3472.0,Answer: ,9.28751616,147.456,512.0
"Query KEY: K_12C4E80382EB
Return only its VALUE.",0.511967232,['V_856F8D3543BE'],MB,62985.0,3472.0,62982,32,9287.51616,synthetic_kv_64k,511.967232,context_0000,0.9448757640708105,19A6888E688E,3472.0,Answer: ,9.28751616,147.456,512.0
"Query KEY: K_4C19C6735380
Return only its VALUE.",0.511967232,['V_C8F55DA64A3A'],MB,62985.0,3472.0,62982,32,9287.51616,synthetic_kv_64k,511.967232,context_0000,0.9448757640708105,8845E334163A,3472.0,Answer: ,9.28751616,147.456,512.0
"Query KEY: K_448C4A7EEBC2
Return only its VALUE.",0.511967232,['V_2E5D82AA5C46'],MB,62985.0,3472.0,62982,32,9287.51616,synthetic_kv_64k,511.967232,context_0000,0.9448757640708105,897679F7F38C,3472.0,Answer: ,9.28751616,147.456,512.0
"Query KEY: K_BA4C6593B659
Return only its VALUE.",0.511967232,['V_056C808E08D2'],MB,62985.0,3472.0,62982,32,9287.51616,synthetic_kv_64k,511.967232,context_0000,0.9448757640708105,892310423A8E,3472.0,Answer: ,9.28751616,147.456,512.0
"Query KEY: K_7A4EA9A54C24
Return only its VALUE.",0.511967232,['V_47DE839E7623'],MB,62985.0,3472.0,62982,32,9287.51616,synthetic_kv_64k,511.967232,context_0000,0.9448757640708105,658A58C58875,3472.0,Answer: ,9.28751616,147.456,512.0
"Query KEY: K_5185723B80D4
Return only its VALUE.",0.511967232,['V_4ADAF7BD8499'],MB,62985.0,3472.0,62982,32,9287.51616,synthetic_kv_64k,511.967232,context_0000,0.9448757640708105,5BD6949ACA46,3472.0,Answer: ,9.28751616,147.456,512.0
"Query KEY: K_14B15BDA0655
Return only its VALUE.",0.511967232,['V_76A77CD61DA4'],MB,62985.0,3472.0,62982,32,9287.51616,synthetic_kv_64k,511.967232,context_0000,0.9448757640708105,19AC0EA2622B,3472.0,Answer: ,9.28751616,147.456,512.0
"Query KEY: K_87591017AB44
Return only its VALUE.",0.511967232,['V_77D15E934DE0'],MB,62985.0,3472.0,62982,32,9287.51616,synthetic_kv_64k,511.967232,context_0000,0.9448757640708105,892310423A8E,3472.0,Answer: ,9.28751616,147.456,512.0
"Query KEY: K_C6B45C7AF83D
Return only its VALUE.",0.511967232,['V_146E0BE3534A'],MB,62985.0,3472.0,62982,32,9287.51616,synthetic_kv_64k,511.967232,context_0000,0.9448757640708105, V_1F358ACD4E10,3472.0,Answer: ,9.28751616,147.456,512.0
"Query KEY: K_34D952F6531F
Return only its VALUE.",0.511967232,['V_8C07D463C183'],MB,62985.0,3472.0,62982,32,9287.51616,synthetic_kv_64k,511.967232,context_0000,0.9448757640708105,627393CD5962,3472.0,Answer: ,9.28751616,147.456,512.0
"Query KEY: K_C0D92C816BF0
Return only its VALUE.",0.511967232,['V_C1CDA75743F9'],MB,62985.0,3472.0,62982,32,9287.51616,synthetic_kv_64k,511.967232,context_0000,0.9448757640708105, V_19AC0EA2622B,3472.0,Answer: ,9.28751616,147.456,512.0
"Query KEY: K_27DAD5E14D1F
Return only its VALUE.",0.511967232,['V_80CF84440504'],MB,62985.0,3472.0,62982,32,9287.51616,synthetic_kv_64k,511.967232,context_0000,0.9448757640708105,685888888888,3472.0,Answer: ,9.28751616,147.456,512.0
"Query KEY: K_721FE8410A39
Return only its VALUE.",0.511967232,['V_CFCA8430F0FA'],MB,62985.0,3472.0,62982,32,9287.51616,synthetic_kv_64k,511.967232,context_0000,0.9448757640708105, V_084855888888,3472.0,Answer: ,9.28751616,147.456,512.0
"Query KEY: K_B0A8DE22DC3F
Return only its VALUE.",0.511967232,['V_03609AAD9234'],MB,62985.0,3472.0,62982,32,9287.51616,synthetic_kv_64k,511.967232,context_0000,0.9448757640708105, V_085480E1BE4D,3472.0,Answer: ,9.28751616,147.456,512.0
"Query KEY: K_E13A23936D45
Return only its VALUE.",0.511967232,['V_75C12A6524AF'],MB,62985.0,3472.0,62982,32,9287.51616,synthetic_kv_64k,511.967232,context_0000,0.9448757640708105,897679F7F30C,3472.0,Answer: ,9.28751616,147.456,512.0
"Query KEY: K_8FC6A4BAE8BF
Return only its VALUE.",0.511967232,['V_4CEC3625FC20'],MB,62985.0,3472.0,62982,32,9287.51616,synthetic_kv_64k,511.967232,context_0000,0.9448757640708105,897679F7F38C,3472.0,Answer: ,9.28751616,147.456,512.0
"Query KEY: K_50912FD90CE1
Return only its VALUE.",0.511967232,['V_D4483AF7FA21'],MB,62985.0,3472.0,62982,32,9287.51616,synthetic_kv_64k,511.967232,context_0000,0.9448757640708105,892310423A8E,3472.0,Answer: ,9.28751616,147.456,512.0
"Query KEY: K_A913CFA9026B
Return only its VALUE.",0.511967232,['V_3A07B862ACC3'],MB,62985.0,3472.0,62982,32,9287.51616,synthetic_kv_64k,511.967232,context_0000,0.9448757640708105,8E9435901039,3472.0,Answer: ,9.28751616,147.456,512.0
"Query KEY: K_F5427A9398BB
Return only its VALUE.",0.511967232,['V_D261D5576899'],MB,62985.0,3472.0,62982,32,9287.51616,synthetic_kv_64k,511.967232,context_0000,0.9448757640708105,8E6F96DA1DAC,3472.0,Answer: ,9.28751616,147.456,512.0
"Query KEY: K_7CC205BF0618
Return only its VALUE.",0.511967232,['V_417A0B0B81DE'],MB,62985.0,3472.0,62982,32,9287.51616,synthetic_kv_64k,511.967232,context_0000,0.9448757640708105,149288855555,3472.0,Answer: ,9.28751616,147.456,512.0
"Query KEY: K_44FA293FC266
Return only its VALUE.",0.511967232,['V_4B3192803DA2'],MB,62985.0,3472.0,62982,32,9287.51616,synthetic_kv_64k,511.967232,context_0000,0.9448757640708105,627394767552,3472.0,Answer: ,9.28751616,147.456,512.0
"Query KEY: K_552A0E503FD8
Return only its VALUE.",0.511967232,['V_CF97F54F1B92'],MB,62985.0,3472.0,62982,32,9287.51616,synthetic_kv_64k,511.967232,context_0000,0.9448757640708105,52F5D83333C3,3472.0,Answer: ,9.28751616,147.456,512.0
"Query KEY: K_6EE515F39D39
Return only its VALUE.",0.511967232,['V_F15DFE268E77'],MB,62985.0,3472.0,62982,32,9287.51616,synthetic_kv_64k,511.967232,context_0000,0.9448757640708105,626688888888,3472.0,Answer: ,9.28751616,147.456,512.0
"Query KEY: K_F69DDE0787B1
Return only its VALUE.",0.511967232,['V_70502BAA43C9'],MB,62985.0,3472.0,62982,32,9287.51616,synthetic_kv_64k,511.967232,context_0000,0.9448757640708105,895748855854,3472.0,Answer: ,9.28751616,147.456,512.0
"Query KEY: K_D250D492B51A
Return only its VALUE.",0.511967232,['V_491199D090FD'],MB,62985.0,3472.0,62982,32,9287.51616,synthetic_kv_64k,511.967232,context_0000,0.9448757640708105, V_06485488584A,3472.0,Answer: ,9.28751616,147.456,512.0
"Query KEY: K_55DF43B7A0EF
Return only its VALUE.",0.511967232,['V_233F97314C91'],MB,62985.0,3472.0,62982,32,9287.51616,synthetic_kv_64k,511.967232,context_0000,0.9448757640708105,585288888888,3472.0,Answer: ,9.28751616,147.456,512.0
"Query KEY: K_C1A43AD51382
Return only its VALUE.",0.511967232,['V_43B162ADA157'],MB,62985.0,3472.0,62982,32,9287.51616,synthetic_kv_64k,511.967232,context_0000,0.9448757640708105,8E6F96DA1BBC,3472.0,Answer: ,9.28751616,147.456,512.0
"Query KEY: K_087A1BCB404C
Return only its VALUE.",0.511967232,['V_5AD718A70609'],MB,62985.0,3472.0,62982,32,9287.51616,synthetic_kv_64k,511.967232,context_0000,0.9448757640708105,19A6885C348E,3472.0,Answer: ,9.28751616,147.456,512.0
"Query KEY: K_2FB61E158E2F
Return only its VALUE.",0.511967232,['V_009DD3D877A8'],MB,62985.0,3472.0,62982,32,9287.51616,synthetic_kv_64k,511.967232,context_0000,0.9448757640708105,28528885588A,3472.0,Answer: ,9.28751616,147.456,512.0
"Query KEY: K_DCEDA6340D1A
Return only its VALUE.",0.511967232,['V_D76385A4B0CB'],MB,62985.0,3472.0,62982,32,9287.51616,synthetic_kv_64k,511.967232,context_0000,0.9448757640708105,199812345678,3472.0,Answer: ,9.28751616,147.456,512.0
"Query KEY: K_DBA087A20E22
Return only its VALUE.",0.511967232,['V_F6D8CD638BA8'],MB,62985.0,3472.0,62982,32,9287.51616,synthetic_kv_64k,511.967232,context_0000,0.9448757640708105, V_0425464458DA,3472.0,Answer: ,9.28751616,147.456,512.0
"Query KEY: K_B3776198B718
Return only its VALUE.",0.511967232,['V_D9D91903F9B3'],MB,62985.0,3472.0,62982,32,9287.51616,synthetic_kv_64k,511.967232,context_0000,0.9448757640708105,8E6F96DA1DAC,3472.0,Answer: ,9.28751616,147.456,512.0
"Query KEY: K_8250224629CD
Return only its VALUE.",0.511967232,['V_2AEADBEAE9F8'],MB,62985.0,3472.0,62982,32,9287.51616,synthetic_kv_64k,511.967232,context_0000,0.9448757640708105,198408251234,3472.0,Answer: ,9.28751616,147.456,512.0
"Query KEY: K_83FF689D1205
Return only its VALUE.",0.511967232,['V_02CC3063AE7F'],MB,62985.0,3472.0,62982,32,9287.51616,synthetic_kv_64k,511.967232,context_0000,0.9448757640708105,892310423A8E,3472.0,Answer: ,9.28751616,147.456,512.0
"Query KEY: K_03A4CA179780
Return only its VALUE.",0.511967232,['V_C00301D77831'],MB,62985.0,3472.0,62982,32,9287.51616,synthetic_kv_64k,511.967232,context_0000,0.9448757640708105,895765432109,3472.0,Answer: ,9.28751616,147.456,512.0
"Query KEY: K_692CA79055B0
Return only its VALUE.",0.511967232,['V_D15450DEEF43'],MB,62985.0,3472.0,62982,32,9287.51616,synthetic_kv_64k,511.967232,context_0000,0.9448757640708105,8E6F96DA1DAC,3472.0,Answer: ,9.28751616,147.456,512.0
"Query KEY: K_36925CBDB682
Return only its VALUE.",0.511967232,['V_DA26279F91AB'],MB,62985.0,3472.0,62982,32,9287.51616,synthetic_kv_64k,511.967232,context_0000,0.9448757640708105,627393268591,3472.0,Answer: ,9.28751616,147.456,512.0
"Query KEY: K_85C940EE131D
Return only its VALUE.",0.511967232,['V_CB7FAE3C2CE6'],MB,62985.0,3472.0,62982,32,9287.51616,synthetic_kv_64k,511.967232,context_0000,0.9448757640708105,8E6F96DA1DAC,3472.0,Answer: ,9.28751616,147.456,512.0
"Query KEY: K_684AC145D6BA
Return only its VALUE.",0.511967232,['V_5B817B8301CF'],MB,62985.0,3472.0,62982,32,9287.51616,synthetic_kv_64k,511.967232,context_0000,0.9448757640708105,897679F7F38C,3472.0,Answer: ,9.28751616,147.456,512.0
"Query KEY: K_F7AF8E0EABB7
Return only its VALUE.",0.511967232,['V_CBD7B49B4B72'],MB,62985.0,3472.0,62982,32,9287.51616,synthetic_kv_64k,511.967232,context_0000,0.9448757640708105,89E4F4881671,3472.0,Answer: ,9.28751616,147.456,512.0
"Query KEY: K_46B0BC5C3CD8
Return only its VALUE.",0.511967232,['V_3CF8A8C6C2DF'],MB,62985.0,3472.0,62982,32,9287.51616,synthetic_kv_64k,511.967232,context_0000,0.9448757640708105,897679F7F38C,3472.0,Answer: ,9.28751616,147.456,512.0
"Query KEY: K_75A4BF70C042
Return only its VALUE.",0.511967232,['V_3357296B67BF'],MB,62985.0,3472.0,62982,32,9287.51616,synthetic_kv_64k,511.967232,context_0000,0.9448757640708105,62183FA7529A,3472.0,Answer: ,9.28751616,147.456,512.0
"Query KEY: K_1AA6B4F02F6F
Return only its VALUE.",0.511967232,['V_C7382926205D'],MB,62985.0,3472.0,62982,32,9287.51616,synthetic_kv_64k,511.967232,context_0000,0.9448757640708105,892310423A8E,3472.0,Answer: ,9.28751616,147.456,512.0
"Query KEY: K_F17E25343E85
Return only its VALUE.",0.511967232,['V_2D206F74E55D'],MB,62985.0,3472.0,62982,32,9287.51616,synthetic_kv_64k,511.967232,context_0000,0.9448757640708105,895748855856,3472.0,Answer: ,9.28751616,147.456,512.0
"Query KEY: K_86B3106793B6
Return only its VALUE.",0.511967232,['V_BDDE38C5EF5E'],MB,62985.0,3472.0,62982,32,9287.51616,synthetic_kv_64k,511.967232,context_0000,0.9448757640708105,897679F5A82A,3472.0,Answer: ,9.28751616,147.456,512.0
"Query KEY: K_CD21FC04CA7A
Return only its VALUE.",0.511967232,['V_92AC85609E8A'],MB,62985.0,3472.0,62982,32,9287.51616,synthetic_kv_64k,511.967232,context_0000,0.9448757640708105,897654321098,3472.0,Answer: ,9.28751616,147.456,512.0
"Query KEY: K_1D6B98F3F640
Return only its VALUE.",0.511967232,['V_59BDD1FA82A6'],MB,62985.0,3472.0,62982,32,9287.51616,synthetic_kv_64k,511.967232,context_0000,0.9448757640708105,892310423A8E,3472.0,Answer: ,9.28751616,147.456,512.0
"Query KEY: K_FD1DA3EA21A2
Return only its VALUE.",0.511967232,['V_057B706078EB'],MB,62985.0,3472.0,62982,32,9287.51616,synthetic_kv_64k,511.967232,context_0000,0.9448757640708105,897679F7F38C,3472.0,Answer: ,9.28751616,147.456,512.0
"Query KEY: K_63B54937B90F
Return only its VALUE.",0.511967232,['V_B82F093B4D72'],MB,62985.0,3472.0,62982,32,9287.51616,synthetic_kv_64k,511.967232,context_0000,0.9448757640708105,62E030807A5D,3472.0,Answer: ,9.28751616,147.456,512.0
"Query KEY: K_2C76284E4CD4
Return only its VALUE.",0.511967232,['V_8D47FF2F6883'],MB,62985.0,3472.0,62982,32,9287.51616,synthetic_kv_64k,511.967232,context_0000,0.9448757640708105,58B9210C78D9,3472.0,Answer: ,9.28751616,147.456,512.0
"Query KEY: K_CC82C798A445
Return only its VALUE.",0.511967232,['V_CF9765281970'],MB,62985.0,3472.0,62982,32,9287.51616,synthetic_kv_64k,511.967232,context_0000,0.9448757640708105,199508231234,3472.0,Answer: ,9.28751616,147.456,512.0
"Query KEY: K_668F9609598E
Return only its VALUE.",0.511967232,['V_07DE848AC924'],MB,62985.0,3472.0,62982,32,9287.51616,synthetic_kv_64k,511.967232,context_0000,0.9448757640708105,8E6F96DA1DAC,3472.0,Answer: ,9.28751616,147.456,512.0
"Query KEY: K_B1E8591CC524
Return only its VALUE.",0.511967232,['V_73DD46C937E0'],MB,62985.0,3472.0,62982,32,9287.51616,synthetic_kv_64k,511.967232,context_0000,0.9448757640708105, V_085480E1BE4D,3472.0,Answer: ,9.28751616,147.456,512.0
"Query KEY: K_E8D631CC6738
Return only its VALUE.",0.511967232,['V_CED3EE01B9E0'],MB,62985.0,3472.0,62982,32,9287.51616,synthetic_kv_64k,511.967232,context_0000,0.9448757640708105, V_085480E1BE4D,3472.0,Answer: ,9.28751616,147.456,512.0
"Query KEY: K_0261932D1648
Return only its VALUE.",0.511967232,['V_599E42D7F112'],MB,62985.0,3472.0,62982,32,9287.51616,synthetic_kv_64k,511.967232,context_0000,0.9448757640708105,892310423A8E,3472.0,Answer: ,9.28751616,147.456,512.0
"Query KEY: K_AE104B541670
Return only its VALUE.",0.511967232,['V_3BE8F26F9B19'],MB,62985.0,3472.0,62982,32,9287.51616,synthetic_kv_64k,511.967232,context_0000,0.9448757640708105,8E9435901039,3472.0,Answer: ,9.28751616,147.456,512.0
"Query KEY: K_83F0F4EAE769
Return only its VALUE.",0.511967232,['V_8012932C3EC9'],MB,62985.0,3472.0,62982,32,9287.51616,synthetic_kv_64k,511.967232,context_0000,0.9448757640708105,892310423A8E,3472.0,Answer: ,9.28751616,147.456,512.0
"Query KEY: K_E2B2B1B68ECD
Return only its VALUE.",0.511967232,['V_C110F74F6900'],MB,62985.0,3472.0,62982,32,9287.51616,synthetic_kv_64k,511.967232,context_0000,0.9448757640708105,8C8E66315A6E,3472.0,Answer: ,9.28751616,147.456,512.0
"Query KEY: K_F79E902BD154
Return only its VALUE.",0.511967232,['V_7C8EC51C91F4'],MB,62985.0,3472.0,62982,32,9287.51616,synthetic_kv_64k,511.967232,context_0000,0.9448757640708105,8E6F96D858E6,3472.0,Answer: ,9.28751616,147.456,512.0
"Query KEY: K_ADE8C1E9C4FA
Return only its VALUE.",0.511967232,['V_F6C40700749A'],MB,62985.0,3472.0,62982,32,9287.51616,synthetic_kv_64k,511.967232,context_0000,0.9448757640708105,8E9435901039,3472.0,Answer: ,9.28751616,147.456,512.0
"Query KEY: K_84001DC3C26E
Return only its VALUE.",0.511967232,['V_C3ED114B3C79'],MB,62985.0,3472.0,62982,32,9287.51616,synthetic_kv_64k,511.967232,context_0000,0.9448757640708105,892310423A8E,3472.0,Answer: ,9.28751616,147.456,512.0
"Query KEY: K_70D5FE83C32A
Return only its VALUE.",0.511967232,['V_D32950D3BA03'],MB,62985.0,3472.0,62982,32,9287.51616,synthetic_kv_64k,511.967232,context_0000,0.9448757640708105,897654321098,3472.0,Answer: ,9.28751616,147.456,512.0
"Query KEY: K_B4C9F49816AD
Return only its VALUE.",0.511967232,['V_86D5D5098E07'],MB,62985.0,3472.0,62982,32,9287.51616,synthetic_kv_64k,511.967232,context_0000,0.9448757640708105,897679F7F38C,3472.0,Answer: ,9.28751616,147.456,512.0
"Query KEY: K_93173F8DCF96
Return only its VALUE.",0.511967232,['V_CC4017CF775F'],MB,62985.0,3472.0,62982,32,9287.51616,synthetic_kv_64k,511.967232,context_0000,0.9448757640708105,8E6F96DA1DAC,3472.0,Answer: ,9.28751616,147.456,512.0
"Query KEY: K_AF19D231F372
Return only its VALUE.",0.511967232,['V_5B62EE6FFBEA'],MB,62985.0,3472.0,62982,32,9287.51616,synthetic_kv_64k,511.967232,context_0000,0.9448757640708105,62183FA75A6E,3472.0,Answer: ,9.28751616,147.456,512.0
"Query KEY: K_A0B379FF89D9
Return only its VALUE.",0.511967232,['V_6FE75A81762A'],MB,62985.0,3472.0,62982,32,9287.51616,synthetic_kv_64k,511.967232,context_0000,0.9448757640708105,19A68852842A,3472.0,Answer: ,9.28751616,147.456,512.0
"Query KEY: K_5D9544E22691
Return only its VALUE.",0.511967232,['V_615DE8F10194'],MB,62985.0,3472.0,62982,32,9287.51616,synthetic_kv_64k,511.967232,context_0000,0.9448757640708105,5214A655596C,3472.0,Answer: ,9.28751616,147.456,512.0
"Query KEY: K_783F331D58BB
Return only its VALUE.",0.511967232,['V_7BEEBC45144A'],MB,62985.0,3472.0,62982,32,9287.51616,synthetic_kv_64k,511.967232,context_0000,0.9448757640708105,892310423A8E,3472.0,Answer: ,9.28751616,147.456,512.0
"Query KEY: K_87E3DF6C0D60
Return only its VALUE.",0.511967232,['V_755A34EF71DF'],MB,62985.0,3472.0,62982,32,9287.51616,synthetic_kv_64k,511.967232,context_0000,0.9448757640708105,897654321098,3472.0,Answer: ,9.28751616,147.456,512.0
"Query KEY: K_B6499E5C5DCD
Return only its VALUE.",0.511967232,['V_3D601B4FFD5F'],MB,62985.0,3472.0,62982,32,9287.51616,synthetic_kv_64k,511.967232,context_0000,0.9448757640708105,897679F58875,3472.0,Answer: ,9.28751616,147.456,512.0
"Query KEY: K_282FEB91731A
Return only its VALUE.",0.511967232,['V_FC3EA9D6290D'],MB,62985.0,3472.0,62982,32,9287.51616,synthetic_kv_64k,511.967232,context_0000,0.9448757640708105,62739475568A,3472.0,Answer: ,9.28751616,147.456,512.0
"Query KEY: K_03649D23C3CF
Return only its VALUE.",0.511967232,['V_BE0D7B777E71'],MB,62985.0,3472.0,62982,32,9287.51616,synthetic_kv_64k,511.967232,context_0000,0.9448757640708105,199812345678,3472.0,Answer: ,9.28751616,147.456,512.0
"Query KEY: K_A17E9EE4105D
Return only its VALUE.",0.511967232,['V_8CA9DE67A278'],MB,62985.0,3472.0,62982,32,9287.51616,synthetic_kv_64k,511.967232,context_0000,0.9448757640708105, V_06485885886A,3472.0,Answer: ,9.28751616,147.456,512.0
"Query KEY: K_5DA17DA56B6E
Return only its VALUE.",0.511967232,['V_CBB647BF8DB7'],MB,62985.0,3472.0,62982,32,9287.51616,synthetic_kv_64k,511.967232,context_0000,0.9448757640708105,8E6F96DA1DAC,3472.0,Answer: ,9.28751616,147.456,512.0
"Query KEY: K_41A993A05478
Return only its VALUE.",0.511967232,['V_D8AACC9CF41C'],MB,62985.0,3472.0,62982,32,9287.51616,synthetic_kv_64k,511.967232,context_0000,0.9448757640708105,895748848884,3472.0,Answer: ,9.28751616,147.456,512.0
"Query KEY: K_10AC8A6FC4B3
Return only its VALUE.",0.511967232,['V_B1CF80A23721'],MB,62985.0,3472.0,62982,32,9287.51616,synthetic_kv_64k,511.967232,context_0000,0.9448757640708105,19A6588C348E,3472.0,Answer: ,9.28751616,147.456,512.0
"Query KEY: K_EA152CBFB769
Return only its VALUE.",0.511967232,['V_3DA0F9FC6034'],MB,62985.0,3472.0,62982,32,9287.51616,synthetic_kv_64k,511.967232,context_0000,0.9448757640708105,8E943CEDDF2D,3472.0,Answer: ,9.28751616,147.456,512.0
"Query KEY: K_A19D75C72FB6
Return only its VALUE.",0.511967232,['V_044FB0701A53'],MB,62985.0,3472.0,62982,32,9287.51616,synthetic_kv_64k,511.967232,context_0000,0.9448757640708105,8E943CEDDF2D,3472.0,Answer: ,9.28751616,147.456,512.0
"Query KEY: K_C24435F3DE4A
Return only its VALUE.",0.511967232,['V_339594BCF47A'],MB,62985.0,3472.0,62982,32,9287.51616,synthetic_kv_64k,511.967232,context_0000,0.9448757640708105, V_0A8D8423E68E,3472.0,Answer: ,9.28751616,147.456,512.0
"Query KEY: K_B923534FC96D
Return only its VALUE.",0.511967232,['V_5FD2427BBFFB'],MB,62985.0,3472.0,62982,32,9287.51616,synthetic_kv_64k,511.967232,context_0000,0.9448757640708105, V_627393CD59BF,3472.0,Answer: ,9.28751616,147.456,512.0
"Query KEY: K_86948C6EA6AD
Return only its VALUE.",0.511967232,['V_89EF3CB526D7'],MB,62985.0,3472.0,62982,32,9287.51616,synthetic_kv_64k,511.967232,context_0000,0.9448757640708105,897679F7F38C,3472.0,Answer: ,9.28751616,147.456,512.0
"Query KEY: K_AFAA9CF3137E
Return only its VALUE.",0.511967232,['V_5E295DAD348E'],MB,62985.0,3472.0,62982,32,9287.51616,synthetic_kv_64k,511.967232,context_0000,0.9448757640708105,8E9435901039,3472.0,Answer: ,9.28751616,147.456,512.0
"Query KEY: K_D90F7FAF6458
Return only its VALUE.",0.511967232,['V_D69335E574E0'],MB,62985.0,3472.0,62982,32,9287.51616,synthetic_kv_64k,511.967232,context_0000,0.9448757640708105,8E6261A95ED3,3472.0,Answer: ,9.28751616,147.456,512.0
"Query KEY: K_BAEB5F4FAF10
Return only its VALUE.",0.511967232,['V_CD1ADAB51D55'],MB,62985.0,3472.0,62982,32,9287.51616,synthetic_kv_64k,511.967232,context_0000,0.9448757640708105, V_085480E1BE4D,3472.0,Answer: ,9.28751616,147.456,512.0
"Query KEY: K_E6C54795CD1D
Return only its VALUE.",0.511967232,['V_6462618192DE'],MB,62985.0,3472.0,62982,32,9287.51616,synthetic_kv_64k,511.967232,context_0000,0.9448757640708105, V_06584850884A,3472.0,Answer: ,9.28751616,147.456,512.0
"Query KEY: K_F22B2648C819
Return only its VALUE.",0.511967232,['V_04FCCE40483B'],MB,62985.0,3472.0,62982,32,9287.51616,synthetic_kv_64k,511.967232,context_0000,0.9448757640708105,8E943CEDDF2D,3472.0,Answer: ,9.28751616,147.456,512.0
"Query KEY: K_D7D12D36226C
Return only its VALUE.",0.511967232,['V_44D97FE5A4B6'],MB,62985.0,3472.0,62982,32,9287.51616,synthetic_kv_64k,511.967232,context_0000,0.9448757640708105,149288888888,3472.0,Answer: ,9.28751616,147.456,512.0
"Query KEY: K_A1A7B876A455
Return only its VALUE.",0.511967232,['V_F926C90B9454'],MB,62985.0,3472.0,62982,32,9287.51616,synthetic_kv_64k,511.967232,context_0000,0.9448757640708105,892310423A8E,3472.0,Answer: ,9.28751616,147.456,512.0
"Query KEY: K_807F4CCF0A4B
Return only its VALUE.",0.511967232,['V_186D915D9A63'],MB,62985.0,3472.0,62982,32,9287.51616,synthetic_kv_64k,511.967232,context_0000,0.9448757640708105,892310423A8E,3472.0,Answer: ,9.28751616,147.456,512.0
"Query KEY: K_32AC65FDAADB
Return only its VALUE.",0.511967232,['V_53A1B0C77002'],MB,62985.0,3472.0,62982,32,9287.51616,synthetic_kv_64k,511.967232,context_0000,0.9448757640708105,65A6D6442365,3472.0,Answer: ,9.28751616,147.456,512.0
"Query KEY: K_6E510F5E8B47
Return only its VALUE.",0.511967232,['V_8232D0566199'],MB,62985.0,3472.0,62982,32,9287.51616,synthetic_kv_64k,511.967232,context_0000,0.9448757640708105,6F358854884A,3472.0,Answer: ,9.28751616,147.456,512.0
"Query KEY: K_314EA13EA66D
Return only its VALUE.",0.511967232,['V_850055AC0D06'],MB,62985.0,3472.0,62982,32,9287.51616,synthetic_kv_64k,511.967232,context_0000,0.9448757640708105,627394767076,3472.0,Answer: ,9.28751616,147.456,512.0
"Query KEY: K_B87A5C6801D6
Return only its VALUE.",0.511967232,['V_B03341F9994A'],MB,62985.0,3472.0,62982,32,9287.51616,synthetic_kv_64k,511.967232,context_0000,0.9448757640708105, V_085480E1BE4D,3472.0,Answer: ,9.28751616,147.456,512.0
"Query KEY: K_D2D20513EDA8
Return only its VALUE.",0.511967232,['V_B3C21F096B9D'],MB,62985.0,3472.0,62982,32,9287.51616,synthetic_kv_64k,511.967232,context_0000,0.9448757640708105,52F5D83333C3,3472.0,Answer: ,9.28751616,147.456,512.0
"Query KEY: K_91B8C7C2564A
Return only its VALUE.",0.511967232,['V_A6725AE86D18'],MB,62985.0,3472.0,62982,32,9287.51616,synthetic_kv_64k,511.967232,context_0000,0.9448757640708105,897679F50C8E,3472.0,Answer: ,9.28751616,147.456,512.0
"Query KEY: K_E4D4BC8CFA8F
Return only its VALUE.",0.511967232,['V_2825E3BEF3D6'],MB,62985.0,3472.0,62982,32,9287.51616,synthetic_kv_64k,511.967232,context_0000,0.9448757640708105,19AC0EA2622B,3472.0,Answer: ,9.28751616,147.456,512.0
"Query KEY: K_ED7049599BED
Return only its VALUE.",0.511967232,['V_D7F8565F1491'],MB,62985.0,3472.0,62982,32,9287.51616,synthetic_kv_64k,511.967232,context_0000,0.9448757640708105,892310423A8E,3472.0,Answer: ,9.28751616,147.456,512.0
"Query KEY: K_CF3E9256D707
Return only its VALUE.",0.511967232,['V_288112439B0F'],MB,62985.0,3472.0,62982,32,9287.51616,synthetic_kv_64k,511.967232,context_0000,0.9448757640708105,658A56442365,3472.0,Answer: ,9.28751616,147.456,512.0
"Query KEY: K_AFEF2978CC73
Return only its VALUE.",0.511967232,['V_A0803A6C7DA6'],MB,62985.0,3472.0,62982,32,9287.51616,synthetic_kv_64k,511.967232,context_0000,0.9448757640708105,8E6F96DA1DAC,3472.0,Answer: ,9.28751616,147.456,512.0
"Query KEY: K_CA79A5076897
Return only its VALUE.",0.511967232,['V_E68CF72CB6C8'],MB,62985.0,3472.0,62982,32,9287.51616,synthetic_kv_64k,511.967232,context_0000,0.9448757640708105, V_008854208453,3472.0,Answer: ,9.28751616,147.456,512.0
"Query KEY: K_55AA69FB2FE6
Return only its VALUE.",0.511967232,['V_400505E9F407'],MB,62985.0,3472.0,62982,32,9287.51616,synthetic_kv_64k,511.967232,context_0000,0.9448757640708105,5008331165E0,3472.0,Answer: ,9.28751616,147.456,512.0
"Query KEY: K_7821BA4F4B03
Return only its VALUE.",0.511967232,['V_80D7A97A4F4E'],MB,62985.0,3472.0,62982,32,9287.51616,synthetic_kv_64k,511.967232,context_0000,0.9448757640708105,8976543210AB,3472.0,Answer: ,9.28751616,147.456,512.0
"Query KEY: K_6BD0147F1F67
Return only its VALUE.",0.511967232,['V_CB492ABAA4F9'],MB,62985.0,3472.0,62982,32,9287.51616,synthetic_kv_64k,511.967232,context_0000,0.9448757640708105,627393CD5962,3472.0,Answer: ,9.28751616,147.456,512.0
"Query KEY: K_30EC1A5ED196
Return only its VALUE.",0.511967232,['V_F245E0F1E44C'],MB,62985.0,3472.0,62982,32,9287.51616,synthetic_kv_64k,511.967232,context_0000,0.9448757640708105,627394767543,3472.0,Answer: ,9.28751616,147.456,512.0
"Query KEY: K_1B8F8C662766
Return only its VALUE.",0.511967232,['V_3536154FF37D'],MB,62985.0,3472.0,62982,32,9287.51616,synthetic_kv_64k,511.967232,context_0000,0.9448757640708105,897679F7F38C,3472.0,Answer: ,9.28751616,147.456,512.0
"Query KEY: K_2B2A27C00F89
Return only its VALUE.",0.511967232,['V_C799E2AE3F87'],MB,62985.0,3472.0,62982,32,9287.51616,synthetic_kv_64k,511.967232,context_0000,0.9448757640708105,8E6F96DA1DAC,3472.0,Answer: ,9.28751616,147.456,512.0
"Query KEY: K_756E4F32EA54
Return only its VALUE.",0.511967232,['V_E2E548BFB602'],MB,62985.0,3472.0,62982,32,9287.51616,synthetic_kv_64k,511.967232,context_0000,0.9448757640708105,656654645665,3472.0,Answer: ,9.28751616,147.456,512.0
"Query KEY: K_40B9A06109DB
Return only its VALUE.",0.511967232,['V_5759D6A919E8'],MB,62985.0,3472.0,62982,32,9287.51616,synthetic_kv_64k,511.967232,context_0000,0.9448757640708105,895868888888,3472.0,Answer: ,9.28751616,147.456,512.0
"Query KEY: K_11FF075072D6
Return only its VALUE.",0.511967232,['V_B6B3A9DE5B26'],MB,62985.0,3472.0,62982,32,9287.51616,synthetic_kv_64k,511.967232,context_0000,0.9448757640708105,199208885543,3472.0,Answer: ,9.28751616,147.456,512.0
"Query KEY: K_EF3379E546E7
Return only its VALUE.",0.511967232,['V_452D71E15B9F'],MB,62985.0,3472.0,62982,32,9287.51616,synthetic_kv_64k,511.967232,context_0000,0.9448757640708105,89576238486A,3472.0,Answer: ,9.28751616,147.456,512.0
"Query KEY: K_E9C098FB4727
Return only its VALUE.",0.511967232,['V_DEB59061498F'],MB,62985.0,3472.0,62982,32,9287.51616,synthetic_kv_64k,511.967232,context_0000,0.9448757640708105,8E943CED5962,3472.0,Answer: ,9.28751616,147.456,512.0
"Query KEY: K_F69B58E0058F
Return only its VALUE.",0.511967232,['V_744A8A27B0B0'],MB,62985.0,3472.0,62982,32,9287.51616,synthetic_kv_64k,511.967232,context_0000,0.9448757640708105,897679F5885E,3472.0,Answer: ,9.28751616,147.456,512.0
"Query KEY: K_2DDACE015413
Return only its VALUE.",0.511967232,['V_9DA0711DC1DD'],MB,62985.0,3472.0,62982,32,9287.51616,synthetic_kv_64k,511.967232,context_0000,0.9448757640708105,2338E1805081,3472.0,Answer: ,9.28751616,147.456,512.0
"Query KEY: K_D30C5DA3F9CF
Return only its VALUE.",0.511967232,['V_4FBA4282B6E4'],MB,62985.0,3472.0,62982,32,9287.51616,synthetic_kv_64k,511.967232,context_0000,0.9448757640708105,19A6588E548A,3472.0,Answer: ,9.28751616,147.456,512.0
"Query KEY: K_05674DB6F475
Return only its VALUE.",0.511967232,['V_45C9D913057D'],MB,62985.0,3472.0,62982,32,9287.51616,synthetic_kv_64k,511.967232,context_0000,0.9448757640708105,009038546789,3472.0,Answer: ,9.28751616,147.456,512.0
"Query KEY: K_92D25808D790
Return only its VALUE.",0.511967232,['V_FBDEEC0DFC3A'],MB,62985.0,3472.0,62982,32,9287.51616,synthetic_kv_64k,511.967232,context_0000,0.9448757640708105,8E6F96DA1DAC,3472.0,Answer: ,9.28751616,147.456,512.0
"Query KEY: K_99667A211151
Return only its VALUE.",0.511967232,['V_608C5FA72012'],MB,62985.0,3472.0,62982,32,9287.51616,synthetic_kv_64k,511.967232,context_0000,0.9448757640708105,897679F58875,3472.0,Answer: ,9.28751616,147.456,512.0
"Query KEY: K_DFCC8F807D8B
Return only its VALUE.",0.511967232,['V_7FF2650E78E4'],MB,62985.0,3472.0,62982,32,9287.51616,synthetic_kv_64k,511.967232,context_0000,0.9448757640708105,19AC0EA2622B,3472.0,Answer: ,9.28751616,147.456,512.0
"Query KEY: K_70F160DC12EB
Return only its VALUE.",0.511967232,['V_288E4352ACEA'],MB,62985.0,3472.0,62982,32,9287.51616,synthetic_kv_64k,511.967232,context_0000,0.9448757640708105,897679F5884E,3472.0,Answer: ,9.28751616,147.456,512.0
"Query KEY: K_8B31AF449605
Return only its VALUE.",0.511967232,['V_89A3CF0E1567'],MB,62985.0,3472.0,62982,32,9287.51616,synthetic_kv_64k,511.967232,context_0000,0.9448757640708105,8E6F96DA1DAC,3472.0,Answer: ,9.28751616,147.456,512.0
"Query KEY: K_604169B41194
Return only its VALUE.",0.511967232,['V_230DDA7DCC53'],MB,62985.0,3472.0,62982,32,9287.51616,synthetic_kv_64k,511.967232,context_0000,0.9448757640708105,897679F58875,3472.0,Answer: ,9.28751616,147.456,512.0
"Query KEY: K_45F32EB23CA3
Return only its VALUE.",0.511967232,['V_38804A22EAE9'],MB,62985.0,3472.0,62982,32,9287.51616,synthetic_kv_64k,511.967232,context_0000,0.9448757640708105,658A58C58875,3472.0,Answer: ,9.28751616,147.456,512.0
"Query KEY: K_E922A30B669C
Return only its VALUE.",0.511967232,['V_E7D19E2383D0'],MB,62985.0,3472.0,62982,32,9287.51616,synthetic_kv_64k,511.967232,context_0000,0.9448757640708105,897679F7F38C,3472.0,Answer: ,9.28751616,147.456,512.0
"Query KEY: K_FBE69F6CCAB4
Return only its VALUE.",0.511967232,['V_A42B3012F819'],MB,62985.0,3472.0,62982,32,9287.51616,synthetic_kv_64k,511.967232,context_0000,0.9448757640708105,58B9210C78D9,3472.0,Answer: ,9.28751616,147.456,512.0
"Query KEY: K_4DE604F718C8
Return only its VALUE.",0.511967232,['V_0B5488F3D7EA'],MB,62985.0,3472.0,62982,32,9287.51616,synthetic_kv_64k,511.967232,context_0000,0.9448757640708105,897679F7F38C,3472.0,Answer: ,9.28751616,147.456,512.0
"Query KEY: K_90711A2E9864
Return only its VALUE.",0.511967232,['V_400544E9F8FB'],MB,62985.0,3472.0,62982,32,9287.51616,synthetic_kv_64k,511.967232,context_0000,0.9448757640708105,892310423A8E,3472.0,Answer: ,9.28751616,147.456,512.0
"Query KEY: K_E078B71714CD
Return only its VALUE.",0.511967232,['V_0433BA23B07A'],MB,62985.0,3472.0,62982,32,9287.51616,synthetic_kv_64k,511.967232,context_0000,0.9448757640708105,892310423A8E,3472.0,Answer: ,9.28751616,147.456,512.0
"Query KEY: K_2E2E3B997815
Return only its VALUE.",0.511967232,['V_078A269334EF'],MB,62985.0,3472.0,62982,32,9287.51616,synthetic_kv_64k,511.967232,context_0000,0.9448757640708105,6060A655574C,3472.0,Answer: ,9.28751616,147.456,512.0
"Query KEY: K_6F337E5B3AC9
Return only its VALUE.",0.511967232,['V_D72A578799D9'],MB,62985.0,3472.0,62982,32,9287.51616,synthetic_kv_64k,511.967232,context_0000,0.9448757640708105,65A6D6442365,3472.0,Answer: ,9.28751616,147.456,512.0
"Query KEY: K_FF2DCCA99089
Return only its VALUE.",0.511967232,['V_BE27FF7A884D'],MB,62985.0,3472.0,62982,32,9287.51616,synthetic_kv_64k,511.967232,context_0000,0.9448757640708105,895748896543,3472.0,Answer: ,9.28751616,147.456,512.0
"Query KEY: K_103FCA9ACF77
Return only its VALUE.",0.511967232,['V_2913548B2CE3'],MB,62985.0,3472.0,62982,32,9287.51616,synthetic_kv_64k,511.967232,context_0000,0.9448757640708105,897679F7F38C,3472.0,Answer: ,9.28751616,147.456,512.0
"Query KEY: K_4ACCF39EF1BE
Return only its VALUE.",0.511967232,['V_88730E588770'],MB,62985.0,3472.0,62982,32,9287.51616,synthetic_kv_64k,511.967232,context_0000,0.9448757640708105,65A30968588A,3472.0,Answer: ,9.28751616,147.456,512.0
"Query KEY: K_C8EBC6913069
Return only its VALUE.",0.511967232,['V_5CFB785B8A07'],MB,62985.0,3472.0,62982,32,9287.51616,synthetic_kv_64k,511.967232,context_0000,0.9448757640708105, V_0A0C78D588E6,3472.0,Answer: ,9.28751616,147.456,512.0
"Query KEY: K_800AD76F1E65
Return only its VALUE.",0.511967232,['V_C35ED13757E1'],MB,62985.0,3472.0,62982,32,9287.51616,synthetic_kv_64k,511.967232,context_0000,0.9448757640708105,897679F7F30C,3472.0,Answer: ,9.28751616,147.456,512.0
"Query KEY: K_0675D4085391
Return only its VALUE.",0.511967232,['V_C5043FBBFF57'],MB,62985.0,3472.0,62982,32,9287.51616,synthetic_kv_64k,511.967232,context_0000,0.9448757640708105,0A0C78B3842A,3472.0,Answer: ,9.28751616,147.456,512.0
"Query KEY: K_7E8C7165E36B
Return only its VALUE.",0.511967232,['V_65FA08942176'],MB,62985.0,3472.0,62982,32,9287.51616,synthetic_kv_64k,511.967232,context_0000,0.9448757640708105,897654321098,3472.0,Answer: ,9.28751616,147.456,512.0
"Query KEY: K_301BC55FFDE8
Return only its VALUE.",0.511967232,['V_6AB9FB6BF1DC'],MB,62985.0,3472.0,62982,32,9287.51616,synthetic_kv_64k,511.967232,context_0000,0.9448757640708105,6B23D508E58A,3472.0,Answer: ,9.28751616,147.456,512.0
"Query KEY: K_C73B790B185C
Return only its VALUE.",0.511967232,['V_513552B444E8'],MB,62985.0,3472.0,62982,32,9287.51616,synthetic_kv_64k,511.967232,context_0000,0.9448757640708105, V_0A0C78E58875,3472.0,Answer: ,9.28751616,147.456,512.0
"Query KEY: K_3E89855B6C5B
Return only its VALUE.",0.511967232,['V_F66340D91A8E'],MB,62985.0,3472.0,62982,32,9287.51616,synthetic_kv_64k,511.967232,context_0000,0.9448757640708105,627393CD59BF,3472.0,Answer: ,9.28751616,147.456,512.0
"Query KEY: K_98FEA3760C2D
Return only its VALUE.",0.511967232,['V_B88932DF8D45'],MB,62985.0,3472.0,62982,32,9287.51616,synthetic_kv_64k,511.967232,context_0000,0.9448757640708105,897679F58875,3472.0,Answer: ,9.28751616,147.456,512.0
"Query KEY: K_1AABE3347BAC
Return only its VALUE.",0.511967232,['V_78D01CE8E12F'],MB,62985.0,3472.0,62982,32,9287.51616,synthetic_kv_64k,511.967232,context_0000,0.9448757640708105,8E6F96DA1DAC,3472.0,Answer: ,9.28751616,147.456,512.0
"Query KEY: K_DE4AA206527C
Return only its VALUE.",0.511967232,['V_07B6531350E0'],MB,62985.0,3472.0,62982,32,9287.51616,synthetic_kv_64k,511.967232,context_0000,0.9448757640708105, V_085480E1BE4D,3472.0,Answer: ,9.28751616,147.456,512.0
"Query KEY: K_CAA71EA15B0F
Return only its VALUE.",0.511967232,['V_7C76CA0553A2'],MB,62985.0,3472.0,62982,32,9287.51616,synthetic_kv_64k,511.967232,context_0000,0.9448757640708105,8E9435901039,3472.0,Answer: ,9.28751616,147.456,512.0
"Query KEY: K_4F5B98A15E4F
Return only its VALUE.",0.511967232,['V_7F5816E827B0'],MB,62985.0,3472.0,62982,32,9287.51616,synthetic_kv_64k,511.967232,context_0000,0.9448757640708105,8E6F96DA1DAC,3472.0,Answer: ,9.28751616,147.456,512.0
"Query KEY: K_FFF5285EED0A
Return only its VALUE.",0.511967232,['V_AD459E5F8273'],MB,62985.0,3472.0,62982,32,9287.51616,synthetic_kv_64k,511.967232,context_0000,0.9448757640708105,892310423A8E,3472.0,Answer: ,9.28751616,147.456,512.0
"Query KEY: K_1EBFA008AC20
Return only its VALUE.",0.511967232,['V_B6060F4D6C40'],MB,62985.0,3472.0,62982,32,9287.51616,synthetic_kv_64k,511.967232,context_0000,0.9448757640708105,892310423A8E,3472.0,Answer: ,9.28751616,147.456,512.0
"Query KEY: K_4ECEA502DC4B
Return only its VALUE.",0.511967232,['V_36FCCA9D8831'],MB,62985.0,3472.0,62982,32,9287.51616,synthetic_kv_64k,511.967232,context_0000,0.9448757640708105,658A58C58875,3472.0,Answer: ,9.28751616,147.456,512.0
"Query KEY: K_F9C620363A73
Return only its VALUE.",0.511967232,['V_A22B3B90908E'],MB,62985.0,3472.0,62982,32,9287.51616,synthetic_kv_64k,511.967232,context_0000,0.9448757640708105,897679F5885C,3472.0,Answer: ,9.28751616,147.456,512.0
"Query KEY: K_B1D3C1B6EDD4
Return only its VALUE.",0.511967232,['V_0AEE31662C94'],MB,62985.0,3472.0,62982,32,9287.51616,synthetic_kv_64k,511.967232,context_0000,0.9448757640708105, V_1F358A388C6E,3472.0,Answer: ,9.28751616,147.456,512.0
"Query KEY: K_C16AB072AFC8
Return only its VALUE.",0.511967232,['V_805B227DCECC'],MB,62985.0,3472.0,62982,32,9287.51616,synthetic_kv_64k,511.967232,context_0000,0.9448757640708105,805B227DCECC,3472.0,Answer: ,9.28751616,147.456,512.0
"Query KEY: K_1437E60EC813
Return only its VALUE.",0.511967232,['V_FAEDB271115B'],MB,62985.0,3472.0,62982,32,9287.51616,synthetic_kv_64k,511.967232,context_0000,0.9448757640708105,19AC0EA2622B,3472.0,Answer: ,9.28751616,147.456,512.0
"Query KEY: K_A5B959008D65
Return only its VALUE.",0.511967232,['V_EFD1BB7EB979'],MB,62985.0,3472.0,62982,32,9287.51616,synthetic_kv_64k,511.967232,context_0000,0.9448757640708105,8E9435901039,3472.0,Answer: ,9.28751616,147.456,512.0
"Query KEY: K_52188DF50B01
Return only its VALUE.",0.511967232,['V_E61527AFBFF9'],MB,62985.0,3472.0,62982,32,9287.51616,synthetic_kv_64k,511.967232,context_0000,0.9448757640708105,199504051234,3472.0,Answer: ,9.28751616,147.456,512.0
"Query KEY: K_E87D5DFB1922
Return only its VALUE.",0.511967232,['V_BA68DB592A19'],MB,62985.0,3472.0,62982,32,9287.51616,synthetic_kv_64k,511.967232,context_0000,0.9448757640708105,8E6F96DA1DAC,3472.0,Answer: ,9.28751616,147.456,512.0
"Query KEY: K_A4323D211DAF
Return only its VALUE.",0.511967232,['V_206EB893B08A'],MB,62985.0,3472.0,62982,32,9287.51616,synthetic_kv_64k,511.967232,context_0000,0.9448757640708105,199561845863,3472.0,Answer: ,9.28751616,147.456,512.0
"Query KEY: K_613663329992
Return only its VALUE.",0.511967232,['V_4EEA8D2CFE83'],MB,62985.0,3472.0,62982,32,9287.51616,synthetic_kv_64k,511.967232,context_0000,0.9448757640708105,605EF87405CA,3472.0,Answer: ,9.28751616,147.456,512.0
"Query KEY: K_90F69CF023DD
Return only its VALUE.",0.511967232,['V_D1D15295EA96'],MB,62985.0,3472.0,62982,32,9287.51616,synthetic_kv_64k,511.967232,context_0000,0.9448757640708105,892310423A8E,3472.0,Answer: ,9.28751616,147.456,512.0
"Query KEY: K_A4E0A41247A2
Return only its VALUE.",0.511967232,['V_31481C4760A5'],MB,62985.0,3472.0,62982,32,9287.51616,synthetic_kv_64k,511.967232,context_0000,0.9448757640708105, V_19E64881688A,3472.0,Answer: ,9.28751616,147.456,512.0
"Query KEY: K_16691111EE29
Return only its VALUE.",0.511967232,['V_5B762138E2E6'],MB,62985.0,3472.0,62982,32,9287.51616,synthetic_kv_64k,511.967232,context_0000,0.9448757640708105,1E8F4C274E5A,3472.0,Answer: ,9.28751616,147.456,512.0
"Query KEY: K_1003DF9D3910
Return only its VALUE.",0.511967232,['V_36CF33BB7382'],MB,62985.0,3472.0,62982,32,9287.51616,synthetic_kv_64k,511.967232,context_0000,0.9448757640708105,8E6F96DA1BBC,3472.0,Answer: ,9.28751616,147.456,512.0
"Query KEY: K_621B7C413A2A
Return only its VALUE.",0.511967232,['V_104A1947EA42'],MB,62985.0,3472.0,62982,32,9287.51616,synthetic_kv_64k,511.967232,context_0000,0.9448757640708105,605EF87405CA,3472.0,Answer: ,9.28751616,147.456,512.0
"Query KEY: K_C6F6D617B9C0
Return only its VALUE.",0.511967232,['V_FAD5A86D8706'],MB,62985.0,3472.0,62982,32,9287.51616,synthetic_kv_64k,511.967232,context_0000,0.9448757640708105,897679F7F38C,3472.0,Answer: ,9.28751616,147.456,512.0
"Query KEY: K_19214185300D
Return only its VALUE.",0.511967232,['V_71025DC96097'],MB,62985.0,3472.0,62982,32,9287.51616,synthetic_kv_64k,511.967232,context_0000,0.9448757640708105,876266666666,3472.0,Answer: ,9.28751616,147.456,512.0
"Query KEY: K_06B31224CBD2
Return only its VALUE.",0.511967232,['V_EFA514780C9D'],MB,62985.0,3472.0,62982,32,9287.51616,synthetic_kv_64k,511.967232,context_0000,0.9448757640708105,0A0C78B3842A,3472.0,Answer: ,9.28751616,147.456,512.0
"Query KEY: K_B8CB0F8A0C2C
Return only its VALUE.",0.511967232,['V_1DD9B55BEAAA'],MB,62985.0,3472.0,62982,32,9287.51616,synthetic_kv_64k,511.967232,context_0000,0.9448757640708105, V_0A0C78D588E0,3472.0,Answer: ,9.28751616,147.456,512.0
"Query KEY: K_27E74DCCB05D
Return only its VALUE.",0.511967232,['V_6E8AF1D188B9'],MB,62985.0,3472.0,62982,32,9287.51616,synthetic_kv_64k,511.967232,context_0000,0.9448757640708105,627394755413,3472.0,Answer: ,9.28751616,147.456,512.0
"Query KEY: K_33D318DCCEB6
Return only its VALUE.",0.511967232,['V_7647B9A4DE2B'],MB,62985.0,3472.0,62982,32,9287.51616,synthetic_kv_64k,511.967232,context_0000,0.9448757640708105,658A58C58875,3472.0,Answer: ,9.28751616,147.456,512.0
"Query KEY: K_C54A881AF04F
Return only its VALUE.",0.511967232,['V_62E030807A5D'],MB,62985.0,3472.0,62982,32,9287.51616,synthetic_kv_64k,511.967232,context_0000,0.9448757640708105, V_0858E58A5875,3472.0,Answer: ,9.28751616,147.456,512.0
"Query KEY: K_DAA9AA4D52A8
Return only its VALUE.",0.511967232,['V_354CE200C157'],MB,62985.0,3472.0,62982,32,9287.51616,synthetic_kv_64k,511.967232,context_0000,0.9448757640708105,627393CD59BF,3472.0,Answer: ,9.28751616,147.456,512.0
"Query KEY: K_D31E5F290290
Return only its VALUE.",0.511967232,['V_A59BB9D276F4'],MB,62985.0,3472.0,62982,32,9287.51616,synthetic_kv_64k,511.967232,context_0000,0.9448757640708105, V_085480E1BE4D,3472.0,Answer: ,9.28751616,147.456,512.0
"Query KEY: K_7B3F9BC0FA93
Return only its VALUE.",0.511967232,['V_C00836C3FE85'],MB,62985.0,3472.0,62982,32,9287.51616,synthetic_kv_64k,511.967232,context_0000,0.9448757640708105,684588658875,3472.0,Answer: ,9.28751616,147.456,512.0
"Query KEY: K_B853410BFC29
Return only its VALUE.",0.511967232,['V_E7A1F62ECF88'],MB,62985.0,3472.0,62982,32,9287.51616,synthetic_kv_64k,511.967232,context_0000,0.9448757640708105,199812345678,3472.0,Answer: ,9.28751616,147.456,512.0
"Query KEY: K_001965A7BA30
Return only its VALUE.",0.511967232,['V_11BFB9EFAAD6'],MB,62985.0,3472.0,62982,32,9287.51616,synthetic_kv_64k,511.967232,context_0000,0.9448757640708105,1E24A18FF6B6,3472.0,Answer: ,9.28751616,147.456,512.0
"Query KEY: K_91A7FBA3091F
Return only its VALUE.",0.511967232,['V_08589883E9B1'],MB,62985.0,3472.0,62982,32,9287.51616,synthetic_kv_64k,511.967232,context_0000,0.9448757640708105,892310423A8E,3472.0,Answer: ,9.28751616,147.456,512.0
"Query KEY: K_452984820C08
Return only its VALUE.",0.511967232,['V_035C4D457EA5'],MB,62985.0,3472.0,62982,32,9287.51616,synthetic_kv_64k,511.967232,context_0000,0.9448757640708105,89576284130A,3472.0,Answer: ,9.28751616,147.456,512.0
"Query KEY: K_6DFD38CD9122
Return only its VALUE.",0.511967232,['V_A13BDB107E7F'],MB,62985.0,3472.0,62982,32,9287.51616,synthetic_kv_64k,511.967232,context_0000,0.9448757640708105,688888888888,3472.0,Answer: ,9.28751616,147.456,512.0
"Query KEY: K_3046279B637C
Return only its VALUE.",0.511967232,['V_EBB509A9161A'],MB,62985.0,3472.0,62982,32,9287.51616,synthetic_kv_64k,511.967232,context_0000,0.9448757640708105,19A308C58875,3472.0,Answer: ,9.28751616,147.456,512.0
"Query KEY: K_4FED5B0C4170
Return only its VALUE.",0.511967232,['V_87AC236EB832'],MB,62985.0,3472.0,62982,32,9287.51616,synthetic_kv_64k,511.967232,context_0000,0.9448757640708105,1E24A18FF6B6,3472.0,Answer: ,9.28751616,147.456,512.0
"Query KEY: K_7FED95082801
Return only its VALUE.",0.511967232,['V_83323BA58126'],MB,62985.0,3472.0,62982,32,9287.51616,synthetic_kv_64k,511.967232,context_0000,0.9448757640708105,148563845896,3472.0,Answer: ,9.28751616,147.456,512.0
"Query KEY: K_99C1CFA28FB8
Return only its VALUE.",0.511967232,['V_6F53EAFA4D5B'],MB,62985.0,3472.0,62982,32,9287.51616,synthetic_kv_64k,511.967232,context_0000,0.9448757640708105,897679F7F38C,3472.0,Answer: ,9.28751616,147.456,512.0
"Query KEY: K_2786BBF8DA91
Return only its VALUE.",0.511967232,['V_A63EB93C92D5'],MB,62985.0,3472.0,62982,32,9287.51616,synthetic_kv_64k,511.967232,context_0000,0.9448757640708105,8E6F96DA1DAC,3472.0,Answer: ,9.28751616,147.456,512.0
"Query KEY: K_F70ECAFBC4FE
Return only its VALUE.",0.511967232,['V_F9FF2C435667'],MB,62985.0,3472.0,62982,32,9287.51616,synthetic_kv_64k,511.967232,context_0000,0.9448757640708105,892310423A8E,3472.0,Answer: ,9.28751616,147.456,512.0
"Query KEY: K_30D3E85C1EC9
Return only its VALUE.",0.511967232,['V_13224CE6928B'],MB,62985.0,3472.0,62982,32,9287.51616,synthetic_kv_64k,511.967232,context_0000,0.9448757640708105,684235858561,3472.0,Answer: ,9.28751616,147.456,512.0
"Query KEY: K_C35A93875413
Return only its VALUE.",0.511967232,['V_AB35C559CD0F'],MB,62985.0,3472.0,62982,32,9287.51616,synthetic_kv_64k,511.967232,context_0000,0.9448757640708105,199512345678,3472.0,Answer: ,9.28751616,147.456,512.0
"Query KEY: K_DE5DD13032DB
Return only its VALUE.",0.511967232,['V_3DB7DE2A2DDF'],MB,62985.0,3472.0,62982,32,9287.51616,synthetic_kv_64k,511.967232,context_0000,0.9448757640708105, V_085480E1BE4D,3472.0,Answer: ,9.28751616,147.456,512.0
"Query KEY: K_1BB661EAAA65
Return only its VALUE.",0.511967232,['V_A37D0A8AEB94'],MB,62985.0,3472.0,62982,32,9287.51616,synthetic_kv_64k,511.967232,context_0000,0.9448757640708105,19A661E95E0A,3472.0,Answer: ,9.28751616,147.456,512.0
"Query KEY: K_A756264AE04F
Return only its VALUE.",0.511967232,['V_4E6F388629FF'],MB,62985.0,3472.0,62982,32,9287.51616,synthetic_kv_64k,511.967232,context_0000,0.9448757640708105,8E6F96DA1DAC,3472.0,Answer: ,9.28751616,147.456,512.0
"Query KEY: K_2E1F8135F15A
Return only its VALUE.",0.511967232,['V_DD2638DA9A90'],MB,62985.0,3472.0,62982,32,9287.51616,synthetic_kv_64k,511.967232,context_0000,0.9448757640708105,605EF87405CA,3472.0,Answer: ,9.28751616,147.456,512.0
"Query KEY: K_4BC864F2502E
Return only its VALUE.",0.511967232,['V_AC1E21D72432'],MB,62985.0,3472.0,62982,32,9287.51616,synthetic_kv_64k,511.967232,context_0000,0.9448757640708105,897679F5884E,3472.0,Answer: ,9.28751616,147.456,512.0
"Query KEY: K_F3A31521AD35
Return only its VALUE.",0.511967232,['V_866D663166A7'],MB,62985.0,3472.0,62982,32,9287.51616,synthetic_kv_64k,511.967232,context_0000,0.9448757640708105,65A6D6442365,3472.0,Answer: ,9.28751616,147.456,512.0
"Query KEY: K_CC0B15C7BC83
Return only its VALUE.",0.511967232,['V_DE7580777AC5'],MB,62985.0,3472.0,62982,32,9287.51616,synthetic_kv_64k,511.967232,context_0000,0.9448757640708105, V_0A8016D50B84,3472.0,Answer: ,9.28751616,147.456,512.0
"Query KEY: K_F63B2286E3F8
Return only its VALUE.",0.511967232,['V_656E8F2E08D3'],MB,62985.0,3472.0,62982,32,9287.51616,synthetic_kv_64k,511.967232,context_0000,0.9448757640708105,8976543210AB,3472.0,Answer: ,9.28751616,147.456,512.0
"Query KEY: K_CA677CE4770E
Return only its VALUE.",0.511967232,['V_7C103F09F7A6'],MB,62985.0,3472.0,62982,32,9287.51616,synthetic_kv_64k,511.967232,context_0000,0.9448757640708105, V_085888888888,3472.0,Answer: ,9.28751616,147.456,512.0
"Query KEY: K_88521257429E
Return only its VALUE.",0.511967232,['V_DC31C6DA85F1'],MB,62985.0,3472.0,62982,32,9287.51616,synthetic_kv_64k,511.967232,context_0000,0.9448757640708105,8976543210AB,3472.0,Answer: ,9.28751616,147.456,512.0
"Query KEY: K_399D16EFACDF
Return only its VALUE.",0.511967232,['V_D3C1ABF7A5D0'],MB,62985.0,3472.0,62982,32,9287.51616,synthetic_kv_64k,511.967232,context_0000,0.9448757640708105,19A0C338856E,3472.0,Answer: ,9.28751616,147.456,512.0
"Query KEY: K_BB046C6D282B
Return only its VALUE.",0.511967232,['V_6187592AB43D'],MB,62985.0,3472.0,62982,32,9287.51616,synthetic_kv_64k,511.967232,context_0000,0.9448757640708105,199508231234,3472.0,Answer: ,9.28751616,147.456,512.0
"Query KEY: K_B065521BE8C2
Return only its VALUE.",0.511967232,['V_56A84E089BB4'],MB,62985.0,3472.0,62982,32,9287.51616,synthetic_kv_64k,511.967232,context_0000,0.9448757640708105, V_0654886E5290,3472.0,Answer: ,9.28751616,147.456,512.0
"Query KEY: K_B30EFCD6C18E
Return only its VALUE.",0.511967232,['V_E18425545C1A'],MB,62985.0,3472.0,62982,32,9287.51616,synthetic_kv_64k,511.967232,context_0000,0.9448757640708105,8E6F96DA1DAC,3472.0,Answer: ,9.28751616,147.456,512.0
"Query KEY: K_778BD173B70B
Return only its VALUE.",0.511967232,['V_4FDE5FB2B838'],MB,62985.0,3472.0,62982,32,9287.51616,synthetic_kv_64k,511.967232,context_0000,0.9448757640708105, V_04885805684A,3472.0,Answer: ,9.28751616,147.456,512.0
"Query KEY: K_2BEFDA4EC04C
Return only its VALUE.",0.511967232,['V_7C700DF63417'],MB,62985.0,3472.0,62982,32,9287.51616,synthetic_kv_64k,511.967232,context_0000,0.9448757640708105,89C2B38A588C,3472.0,Answer: ,9.28751616,147.456,512.0
"Query KEY: K_4B9CED3E2846
Return only its VALUE.",0.511967232,['V_934BD1F44C8D'],MB,62985.0,3472.0,62982,32,9287.51616,synthetic_kv_64k,511.967232,context_0000,0.9448757640708105,627393CD5962,3472.0,Answer: ,9.28751616,147.456,512.0
"Query KEY: K_AFC103840661
Return only its VALUE.",0.511967232,['V_9C381C7CB6ED'],MB,62985.0,3472.0,62982,32,9287.51616,synthetic_kv_64k,511.967232,context_0000,0.9448757640708105,895762341685,3472.0,Answer: ,9.28751616,147.456,512.0
"Query KEY: K_F13F73373C2F
Return only its VALUE.",0.511967232,['V_A9EB05D2D205'],MB,62985.0,3472.0,62982,32,9287.51616,synthetic_kv_64k,511.967232,context_0000,0.9448757640708105,897679F5885E,3472.0,Answer: ,9.28751616,147.456,512.0
"Query KEY: K_6C7A89BAB9C8
Return only its VALUE.",0.511967232,['V_C0D204B51C12'],MB,62985.0,3472.0,62982,32,9287.51616,synthetic_kv_64k,511.967232,context_0000,0.9448757640708105,897679F7F38C,3472.0,Answer: ,9.28751616,147.456,512.0
"Query KEY: K_82CB0B21A308
Return only its VALUE.",0.511967232,['V_1EC62B9A118E'],MB,62985.0,3472.0,62982,32,9287.51616,synthetic_kv_64k,511.967232,context_0000,0.9448757640708105,897679F50C8E,3472.0,Answer: ,9.28751616,147.456,512.0
"Query KEY: K_66C148B51C88
Return only its VALUE.",0.511967232,['V_8AE59E32F085'],MB,62985.0,3472.0,62982,32,9287.51616,synthetic_kv_64k,511.967232,context_0000,0.9448757640708105,897679F7F38C,3472.0,Answer: ,9.28751616,147.456,512.0
"Query KEY: K_EE0F0D96FEB3
Return only its VALUE.",0.511967232,['V_22190222305D'],MB,62985.0,3472.0,62982,32,9287.51616,synthetic_kv_64k,511.967232,context_0000,0.9448757640708105,897679008423,3472.0,Answer: ,9.28751616,147.456,512.0
"Query KEY: K_B86EA8FC5690
Return only its VALUE.",0.511967232,['V_373DDD419A67'],MB,62985.0,3472.0,62982,32,9287.51616,synthetic_kv_64k,511.967232,context_0000,0.9448757640708105,8E6F96DA1DAC,3472.0,Answer: ,9.28751616,147.456,512.0
"Query KEY: K_95C104E25132
Return only its VALUE.",0.511967232,['V_C5E6A63FCF12'],MB,62985.0,3472.0,62982,32,9287.51616,synthetic_kv_64k,511.967232,context_0000,0.9448757640708105,897658548561,3472.0,Answer: ,9.28751616,147.456,512.0
"Query KEY: K_F82550C1B8F7
Return only its VALUE.",0.511967232,['V_2D1188145BDE'],MB,62985.0,3472.0,62982,32,9287.51616,synthetic_kv_64k,511.967232,context_0000,0.9448757640708105,89574885588A,3472.0,Answer: ,9.28751616,147.456,512.0
"Query KEY: K_65D22FB90CCF
Return only its VALUE.",0.511967232,['V_145A05804493'],MB,62985.0,3472.0,62982,32,9287.51616,synthetic_kv_64k,511.967232,context_0000,0.9448757640708105,626D888E553C,3472.0,Answer: ,9.28751616,147.456,512.0
"Query KEY: K_9C1F8787C3F4
Return only its VALUE.",0.511967232,['V_FAD85564D1D3'],MB,62985.0,3472.0,62982,32,9287.51616,synthetic_kv_64k,511.967232,context_0000,0.9448757640708105,897654321098,3472.0,Answer: ,9.28751616,147.456,512.0
"Query KEY: K_096828317F0D
Return only its VALUE.",0.511967232,['V_B5F45A16F9D9'],MB,62985.0,3472.0,62982,32,9287.51616,synthetic_kv_64k,511.967232,context_0000,0.9448757640708105,1E24A18FF6B6,3472.0,Answer: ,9.28751616,147.456,512.0
"Query KEY: K_9ACAA00F230B
Return only its VALUE.",0.511967232,['V_8D3F80520405'],MB,62985.0,3472.0,62982,32,9287.51616,synthetic_kv_64k,511.967232,context_0000,0.9448757640708105,198810485881,3472.0,Answer: ,9.28751616,147.456,512.0
"Query KEY: K_1FBFCFD835FC
Return only its VALUE.",0.511967232,['V_83EEA033EDAD'],MB,62985.0,3472.0,62982,32,9287.51616,synthetic_kv_64k,511.967232,context_0000,0.9448757640708105,895748855885,3472.0,Answer: ,9.28751616,147.456,512.0
"Query KEY: K_C63BE0F0FE79
Return only its VALUE.",0.511967232,['V_737F47BAC8AA'],MB,62985.0,3472.0,62982,32,9287.51616,synthetic_kv_64k,511.967232,context_0000,0.9448757640708105, V_04568540812A,3472.0,Answer: ,9.28751616,147.456,512.0
"Query KEY: K_AEFE26D658FB
Return only its VALUE.",0.511967232,['V_C923E5AD481D'],MB,62985.0,3472.0,62982,32,9287.51616,synthetic_kv_64k,511.967232,context_0000,0.9448757640708105,8E943CEDDF2D,3472.0,Answer: ,9.28751616,147.456,512.0
"Query KEY: K_4647A82CAE18
Return only its VALUE.",0.511967232,['V_D5AC3A38B844'],MB,62985.0,3472.0,62982,32,9287.51616,synthetic_kv_64k,511.967232,context_0000,0.9448757640708105,897654321098,3472.0,Answer: ,9.28751616,147.456,512.0
"Query KEY: K_DA59271A919F
Return only its VALUE.",0.511967232,['V_9FF0F8751FD4'],MB,62985.0,3472.0,62982,32,9287.51616,synthetic_kv_64k,511.967232,context_0000,0.9448757640708105, V_06485805848A,3472.0,Answer: ,9.28751616,147.456,512.0
"Query KEY: K_E5F9544C0132
Return only its VALUE.",0.511967232,['V_43778ACFD4D6'],MB,62985.0,3472.0,62982,32,9287.51616,synthetic_kv_64k,511.967232,context_0000,0.9448757640708105, V_06485885888A,3472.0,Answer: ,9.28751616,147.456,512.0
"Query KEY: K_6795CCD3AF7C
Return only its VALUE.",0.511967232,['V_46B6DCD28B97'],MB,62985.0,3472.0,62982,32,9287.51616,synthetic_kv_64k,511.967232,context_0000,0.9448757640708105,621583855843,3472.0,Answer: ,9.28751616,147.456,512.0
"Query KEY: K_DC31229FE85B
Return only its VALUE.",0.511967232,['V_50EBEAC7DC2E'],MB,62985.0,3472.0,62982,32,9287.51616,synthetic_kv_64k,511.967232,context_0000,0.9448757640708105, V_1E24A18FF6B6,3472.0,Answer: ,9.28751616,147.456,512.0
"Query KEY: K_22B851476E86
Return only its VALUE.",0.511967232,['V_5E461E4EA133'],MB,62985.0,3472.0,62982,32,9287.51616,synthetic_kv_64k,511.967232,context_0000,0.9448757640708105,627394767086,3472.0,Answer: ,9.28751616,147.456,512.0
"Query KEY: K_4A81E12FF6CD
Return only its VALUE.",0.511967232,['V_0F18BA21E269'],MB,62985.0,3472.0,62982,32,9287.51616,synthetic_kv_64k,511.967232,context_0000,0.9448757640708105,627393CD59BF,3472.0,Answer: ,9.28751616,147.456,512.0
"Query KEY: K_A32BC3F38C8C
Return only its VALUE.",0.511967232,['V_9B506947CBAC'],MB,62985.0,3472.0,62982,32,9287.51616,synthetic_kv_64k,511.967232,context_0000,0.9448757640708105,8E9435901039,3472.0,Answer: ,9.28751616,147.456,512.0
"Query KEY: K_4DCD46178161
Return only its VALUE.",0.511967232,['V_6038C7739D46'],MB,62985.0,3472.0,62982,32,9287.51616,synthetic_kv_64k,511.967232,context_0000,0.9448757640708105,199568548861,3472.0,Answer: ,9.28751616,147.456,512.0
"Query KEY: K_43591B555F6D
Return only its VALUE.",0.511967232,['V_0D692F4B8BE8'],MB,62985.0,3472.0,62982,32,9287.51616,synthetic_kv_64k,511.967232,context_0000,0.9448757640708105,897654321098,3472.0,Answer: ,9.28751616,147.456,512.0
"Query KEY: K_763A3B705092
Return only its VALUE.",0.511967232,['V_0D5AAFF7FF5D'],MB,62985.0,3472.0,62982,32,9287.51616,synthetic_kv_64k,511.967232,context_0000,0.9448757640708105,689465585289,3472.0,Answer: ,9.28751616,147.456,512.0
"Query KEY: K_28B15BF88D1D
Return only its VALUE.",0.511967232,['V_44A77A029A6D'],MB,62985.0,3472.0,62982,32,9287.51616,synthetic_kv_64k,511.967232,context_0000,0.9448757640708105,688888888888,3472.0,Answer: ,9.28751616,147.456,512.0
"Query KEY: K_F0019ACE63CC
Return only its VALUE.",0.511967232,['V_5E325FBBCDA5'],MB,62985.0,3472.0,62982,32,9287.51616,synthetic_kv_64k,511.967232,context_0000,0.9448757640708105,892310423A8E,3472.0,Answer: ,9.28751616,147.456,512.0
"Query KEY: K_C661DA252795
Return only its VALUE.",0.511967232,['V_F29C7DCF60FD'],MB,62985.0,3472.0,62982,32,9287.51616,synthetic_kv_64k,511.967232,context_0000,0.9448757640708105, V_065438858875,3472.0,Answer: ,9.28751616,147.456,512.0
"Query KEY: K_53DB233408BA
Return only its VALUE.",0.511967232,['V_73DA317979F9'],MB,62985.0,3472.0,62982,32,9287.51616,synthetic_kv_64k,511.967232,context_0000,0.9448757640708105,5BD66ACAC954,3472.0,Answer: ,9.28751616,147.456,512.0
"Query KEY: K_D13208403234
Return only its VALUE.",0.511967232,['V_71F269BD40D8'],MB,62985.0,3472.0,62982,32,9287.51616,synthetic_kv_64k,511.967232,context_0000,0.9448757640708105,123456789012,3472.0,Answer: ,9.28751616,147.456,512.0
"Query KEY: K_67D9FCFD8547
Return only its VALUE.",0.511967232,['V_68BCC1FDA581'],MB,62985.0,3472.0,62982,32,9287.51616,synthetic_kv_64k,511.967232,context_0000,0.9448757640708105,8E6F96DA1DAC,3472.0,Answer: ,9.28751616,147.456,512.0
"Query KEY: K_5AA910EE4F77
Return only its VALUE.",0.511967232,['V_E0E9FC5217CC'],MB,62985.0,3472.0,62982,32,9287.51616,synthetic_kv_64k,511.967232,context_0000,0.9448757640708105,627393268594,3472.0,Answer: ,9.28751616,147.456,512.0
"Query KEY: K_DAE83F2D39C8
Return only its VALUE.",0.511967232,['V_C9CE501A0CCF'],MB,62985.0,3472.0,62982,32,9287.51616,synthetic_kv_64k,511.967232,context_0000,0.9448757640708105,8E6F96DA1DAC,3472.0,Answer: ,9.28751616,147.456,512.0
"Query KEY: K_13B7C9739495
Return only its VALUE.",0.511967232,['V_37F885494255'],MB,62985.0,3472.0,62982,32,9287.51616,synthetic_kv_64k,511.967232,context_0000,0.9448757640708105,199812345678,3472.0,Answer: ,9.28751616,147.456,512.0
"Query KEY: K_E9EE739CAFA5
Return only its VALUE.",0.511967232,['V_7DCFFEEF21F8'],MB,62985.0,3472.0,62982,32,9287.51616,synthetic_kv_64k,511.967232,context_0000,0.9448757640708105,8E943CED5962,3472.0,Answer: ,9.28751616,147.456,512.0
"Query KEY: K_1418BC341B4F
Return only its VALUE.",0.511967232,['V_C6598EC57D47'],MB,62985.0,3472.0,62982,32,9287.51616,synthetic_kv_64k,511.967232,context_0000,0.9448757640708105,897679F7F38C,3472.0,Answer: ,9.28751616,147.456,512.0
"Query KEY: K_61340C9EA060
Return only its VALUE.",0.511967232,['V_E10D4A8ABB17'],MB,62985.0,3472.0,62982,32,9287.51616,synthetic_kv_64k,511.967232,context_0000,0.9448757640708105,605EF87405CA,3472.0,Answer: ,9.28751616,147.456,512.0
"Query KEY: K_9263D3DEF87C
Return only its VALUE.",0.511967232,['V_553D761AD914'],MB,62985.0,3472.0,62982,32,9287.51616,synthetic_kv_64k,511.967232,context_0000,0.9448757640708105,897679F7F38C,3472.0,Answer: ,9.28751616,147.456,512.0
"Query KEY: K_96BE6C267B56
Return only its VALUE.",0.511967232,['V_ED5A2469D0C2'],MB,62985.0,3472.0,62982,32,9287.51616,synthetic_kv_64k,511.967232,context_0000,0.9448757640708105,626655555555,3472.0,Answer: ,9.28751616,147.456,512.0
"Query KEY: K_2E4E73A27C7B
Return only its VALUE.",0.511967232,['V_5C0A1CF8D03F'],MB,62985.0,3472.0,62982,32,9287.51616,synthetic_kv_64k,511.967232,context_0000,0.9448757640708105,621B8D57EF69,3472.0,Answer: ,9.28751616,147.456,512.0
"Query KEY: K_C94022A37556
Return only its VALUE.",0.511967232,['V_A59C69DF05C7'],MB,62985.0,3472.0,62982,32,9287.51616,synthetic_kv_64k,511.967232,context_0000,0.9448757640708105, V_065880528463,3472.0,Answer: ,9.28751616,147.456,512.0
"Query KEY: K_0CC1736D417C
Return only its VALUE.",0.511967232,['V_E8482DCAFC82'],MB,62985.0,3472.0,62982,32,9287.51616,synthetic_kv_64k,511.967232,context_0000,0.9448757640708105,0A0C78B3842A,3472.0,Answer: ,9.28751616,147.456,512.0
"Query KEY: K_2E2C74661E6F
Return only its VALUE.",0.511967232,['V_A5ED400564B8'],MB,62985.0,3472.0,62982,32,9287.51616,synthetic_kv_64k,511.967232,context_0000,0.9448757640708105,605EF87405CA,3472.0,Answer: ,9.28751616,147.456,512.0
"Query KEY: K_53F7CBE68571
Return only its VALUE.",0.511967232,['V_2EB01FA09802'],MB,62985.0,3472.0,62982,32,9287.51616,synthetic_kv_64k,511.967232,context_0000,0.9448757640708105,658D58658875,3472.0,Answer: ,9.28751616,147.456,512.0
"Query KEY: K_2BAD5CE9DBBC
Return only its VALUE.",0.511967232,['V_51DEF323123E'],MB,62985.0,3472.0,62982,32,9287.51616,synthetic_kv_64k,511.967232,context_0000,0.9448757640708105,22823C38588A,3472.0,Answer: ,9.28751616,147.456,512.0
"Query KEY: K_167A616F760A
Return only its VALUE.",0.511967232,['V_577EC4ACB57D'],MB,62985.0,3472.0,62982,32,9287.51616,synthetic_kv_64k,511.967232,context_0000,0.9448757640708105,897654321098,3472.0,Answer: ,9.28751616,147.456,512.0
"Query KEY: K_AB9EE98965F2
Return only its VALUE.",0.511967232,['V_5301266C47FB'],MB,62985.0,3472.0,62982,32,9287.51616,synthetic_kv_64k,511.967232,context_0000,0.9448757640708105, V_085480E1BE4D,3472.0,Answer: ,9.28751616,147.456,512.0
"Query KEY: K_4A09DE6AE459
Return only its VALUE.",0.511967232,['V_1A45B648BE8A'],MB,62985.0,3472.0,62982,32,9287.51616,synthetic_kv_64k,511.967232,context_0000,0.9448757640708105,19A64868588E,3472.0,Answer: ,9.28751616,147.456,512.0
"Query KEY: K_9DBA6B69B4AE
Return only its VALUE.",0.511967232,['V_93DB723DFACD'],MB,62985.0,3472.0,62982,32,9287.51616,synthetic_kv_64k,511.967232,context_0000,0.9448757640708105,8E6F96DA1DAC,3472.0,Answer: ,9.28751616,147.456,512.0
"Query KEY: K_5C84A05F36C8
Return only its VALUE.",0.511967232,['V_01CF33EE16E7'],MB,62985.0,3472.0,62982,32,9287.51616,synthetic_kv_64k,511.967232,context_0000,0.9448757640708105,897679F50C8E,3472.0,Answer: ,9.28751616,147.456,512.0
"Query KEY: K_064040CBE188
Return only its VALUE.",0.511967232,['V_FEC975699AEF'],MB,62985.0,3472.0,62982,32,9287.51616,synthetic_kv_64k,511.967232,context_0000,0.9448757640708105,892310423A8E,3472.0,Answer: ,9.28751616,147.456,512.0
"Query KEY: K_FF4EDAFC3805
Return only its VALUE.",0.511967232,['V_FCA7E1F8D192'],MB,62985.0,3472.0,62982,32,9287.51616,synthetic_kv_64k,511.967232,context_0000,0.9448757640708105,895748658843,3472.0,Answer: ,9.28751616,147.456,512.0
"Query KEY: K_6F0A3CE5988C
Return only its VALUE.",0.511967232,['V_E85079C842CB'],MB,62985.0,3472.0,62982,32,9287.51616,synthetic_kv_64k,511.967232,context_0000,0.9448757640708105,897679F7F38C,3472.0,Answer: ,9.28751616,147.456,512.0
"Query KEY: K_E23D68FFAE17
Return only its VALUE.",0.511967232,['V_035D99A04ABB'],MB,62985.0,3472.0,62982,32,9287.51616,synthetic_kv_64k,511.967232,context_0000,0.9448757640708105,8E6F96DA1DAC,3472.0,Answer: ,9.28751616,147.456,512.0
"Query KEY: K_8E648C1E9464
Return only its VALUE.",0.511967232,['V_6A4FD343BF88'],MB,62985.0,3472.0,62982,32,9287.51616,synthetic_kv_64k,511.967232,context_0000,0.9448757640708105,897679F7F38C,3472.0,Answer: ,9.28751616,147.456,512.0
"Query KEY: K_5EA30C85F154
Return only its VALUE.",0.511967232,['V_1C3125F41DD6'],MB,62985.0,3472.0,62982,32,9287.51616,synthetic_kv_64k,511.967232,context_0000,0.9448757640708105,58B9210C78D9,3472.0,Answer: ,9.28751616,147.456,512.0
"Query KEY: K_B2B2A73D2746
Return only its VALUE.",0.511967232,['V_4A6E09668D08'],MB,62985.0,3472.0,62982,32,9287.51616,synthetic_kv_64k,511.967232,context_0000,0.9448757640708105, V_0E24A18FF6D,3472.0,Answer: ,9.28751616,147.456,512.0
"Query KEY: K_109ADA948E70
Return only its VALUE.",0.511967232,['V_A9874C66AA4D'],MB,62985.0,3472.0,62982,32,9287.51616,synthetic_kv_64k,511.967232,context_0000,0.9448757640708105,1E24A18FF6B6,3472.0,Answer: ,9.28751616,147.456,512.0
"Query KEY: K_2CE7EB9E54E0
Return only its VALUE.",0.511967232,['V_37C00C8D51D2'],MB,62985.0,3472.0,62982,32,9287.51616,synthetic_kv_64k,511.967232,context_0000,0.9448757640708105,294626855465,3472.0,Answer: ,9.28751616,147.456,512.0
"Query KEY: K_529A2DA1AFDA
Return only its VALUE.",0.511967232,['V_919AAC0E1F71'],MB,62985.0,3472.0,62982,32,9287.51616,synthetic_kv_64k,511.967232,context_0000,0.9448757640708105,52F5D83333C3,3472.0,Answer: ,9.28751616,147.456,512.0
"Query KEY: K_B86A94372280
Return only its VALUE.",0.511967232,['V_1259EE757637'],MB,62985.0,3472.0,62982,32,9287.51616,synthetic_kv_64k,511.967232,context_0000,0.9448757640708105,897679F5084E,3472.0,Answer: ,9.28751616,147.456,512.0
"Query KEY: K_A5484C9E903A
Return only its VALUE.",0.511967232,['V_213D8CEBAC57'],MB,62985.0,3472.0,62982,32,9287.51616,synthetic_kv_64k,511.967232,context_0000,0.9448757640708105,62739364588A,3472.0,Answer: ,9.28751616,147.456,512.0
"Query KEY: K_F10E4AF715B7
Return only its VALUE.",0.511967232,['V_3E79227197CA'],MB,62985.0,3472.0,62982,32,9287.51616,synthetic_kv_64k,511.967232,context_0000,0.9448757640708105,892310423A8E,3472.0,Answer: ,9.28751616,147.456,512.0
"Query KEY: K_A88E46404B2A
Return only its VALUE.",0.511967232,['V_D3D886ECED99'],MB,62985.0,3472.0,62982,32,9287.51616,synthetic_kv_64k,511.967232,context_0000,0.9448757640708105,897679F5A68E,3472.0,Answer: ,9.28751616,147.456,512.0
"Query KEY: K_6B70864F36DD
Return only its VALUE.",0.511967232,['V_6B08B221E1C5'],MB,62985.0,3472.0,62982,32,9287.51616,synthetic_kv_64k,511.967232,context_0000,0.9448757640708105,897679F7F38C,3472.0,Answer: ,9.28751616,147.456,512.0
"Query KEY: K_1DCA9CAF8DF1
Return only its VALUE.",0.511967232,['V_2CE3FCB86F9E'],MB,62985.0,3472.0,62982,32,9287.51616,synthetic_kv_64k,511.967232,context_0000,0.9448757640708105,19A658E5884E,3472.0,Answer: ,9.28751616,147.456,512.0
"Query KEY: K_DAA649851B79
Return only its VALUE.",0.511967232,['V_84F2510564F9'],MB,62985.0,3472.0,62982,32,9287.51616,synthetic_kv_64k,511.967232,context_0000,0.9448757640708105,8E943C8D5962,3472.0,Answer: ,9.28751616,147.456,512.0
"Query KEY: K_FE279008CDC9
Return only its VALUE.",0.511967232,['V_FED7A1C16B96'],MB,62985.0,3472.0,62982,32,9287.51616,synthetic_kv_64k,511.967232,context_0000,0.9448757640708105,897679F7F38C,3472.0,Answer: ,9.28751616,147.456,512.0
"Query KEY: K_77279C02040D
Return only its VALUE.",0.511967232,['V_94BAB565F64E'],MB,62985.0,3472.0,62982,32,9287.51616,synthetic_kv_64k,511.967232,context_0000,0.9448757640708105,7873BC0DBD13,3472.0,Answer: ,9.28751616,147.456,512.0
"Query KEY: K_6319FAB0A15D
Return only its VALUE.",0.511967232,['V_3C8500679B62'],MB,62985.0,3472.0,62982,32,9287.51616,synthetic_kv_64k,511.967232,context_0000,0.9448757640708105,627393588843,3472.0,Answer: ,9.28751616,147.456,512.0
"Query KEY: K_EE050623FFBF
Return only its VALUE.",0.511967232,['V_6A27D91B1A04'],MB,62985.0,3472.0,62982,32,9287.51616,synthetic_kv_64k,511.967232,context_0000,0.9448757640708105,892310423A8E,3472.0,Answer: ,9.28751616,147.456,512.0
"Query KEY: K_D44AFFBD9CDD
Return only its VALUE.",0.511967232,['V_174A69FE99A9'],MB,62985.0,3472.0,62982,32,9287.51616,synthetic_kv_64k,511.967232,context_0000,0.9448757640708105,605EF87405CA,3472.0,Answer: ,9.28751616,147.456,512.0
"Query KEY: K_B305557368CF
Return only its VALUE.",0.511967232,['V_6CB7A3336EA8'],MB,62985.0,3472.0,62982,32,9287.51616,synthetic_kv_64k,511.967232,context_0000,0.9448757640708105, V_0892358A5875,3472.0,Answer: ,9.28751616,147.456,512.0
"Query KEY: K_82434818B004
Return only its VALUE.",0.511967232,['V_22BBCA4A40BC'],MB,62985.0,3472.0,62982,32,9287.51616,synthetic_kv_64k,511.967232,context_0000,0.9448757640708105,892310423A8E,3472.0,Answer: ,9.28751616,147.456,512.0
"Query KEY: K_99BE4ECA2E96
Return only its VALUE.",0.511967232,['V_3A480191D19D'],MB,62985.0,3472.0,62982,32,9287.51616,synthetic_kv_64k,511.967232,context_0000,0.9448757640708105,8E6D888D4037,3472.0,Answer: ,9.28751616,147.456,512.0
"Query KEY: K_AAA4AF92EF22
Return only its VALUE.",0.511967232,['V_CAC657637902'],MB,62985.0,3472.0,62982,32,9287.51616,synthetic_kv_64k,511.967232,context_0000,0.9448757640708105,897679F7F30C,3472.0,Answer: ,9.28751616,147.456,512.0
"Query KEY: K_63562CF6073B
Return only its VALUE.",0.511967232,['V_F54DAC273009'],MB,62985.0,3472.0,62982,32,9287.51616,synthetic_kv_64k,511.967232,context_0000,0.9448757640708105,627393645534,3472.0,Answer: ,9.28751616,147.456,512.0
"Query KEY: K_F2F1EA89A979
Return only its VALUE.",0.511967232,['V_1234CC18DD0E'],MB,62985.0,3472.0,62982,32,9287.51616,synthetic_kv_64k,511.967232,context_0000,0.9448757640708105,8E6F96DA1DAC,3472.0,Answer: ,9.28751616,147.456,512.0
"Query KEY: K_4581A54976D0
Return only its VALUE.",0.511967232,['V_4F8E7B434A72'],MB,62985.0,3472.0,62982,32,9287.51616,synthetic_kv_64k,511.967232,context_0000,0.9448757640708105,605EF87405CA,3472.0,Answer: ,9.28751616,147.456,512.0
"Query KEY: K_EBD6A090360D
Return only its VALUE.",0.511967232,['V_ECC855C9BF0F'],MB,62985.0,3472.0,62982,32,9287.51616,synthetic_kv_64k,511.967232,context_0000,0.9448757640708105, V_085480E1BE4D,3472.0,Answer: ,9.28751616,147.456,512.0
"Query KEY: K_1CAEBE1A070F
Return only its VALUE.",0.511967232,['V_0995892FCA69'],MB,62985.0,3472.0,62982,32,9287.51616,synthetic_kv_64k,511.967232,context_0000,0.9448757640708105,1E24A18FF6B6,3472.0,Answer: ,9.28751616,147.456,512.0
"Query KEY: K_A9D7AF7C7D2B
Return only its VALUE.",0.511967232,['V_21E65A853CD8'],MB,62985.0,3472.0,62982,32,9287.51616,synthetic_kv_64k,511.967232,context_0000,0.9448757640708105,8E6F96DA1DAC,3472.0,Answer: ,9.28751616,147.456,512.0
"Query KEY: K_4C71F83893A2
Return only its VALUE.",0.511967232,['V_ADA507FAF6F7'],MB,62985.0,3472.0,62982,32,9287.51616,synthetic_kv_64k,511.967232,context_0000,0.9448757640708105,621430589321,3472.0,Answer: ,9.28751616,147.456,512.0
"Query KEY: K_C01FFBCE7087
Return only its VALUE.",0.511967232,['V_54F9D7A7E7B1'],MB,62985.0,3472.0,62982,32,9287.51616,synthetic_kv_64k,511.967232,context_0000,0.9448757640708105, V_0A0C78D5884E,3472.0,Answer: ,9.28751616,147.456,512.0
"Query KEY: K_5FF063BA9D86
Return only its VALUE.",0.511967232,['V_3BD3985E7E89'],MB,62985.0,3472.0,62982,32,9287.51616,synthetic_kv_64k,511.967232,context_0000,0.9448757640708105,58B9210C78D9,3472.0,Answer: ,9.28751616,147.456,512.0
"Query KEY: K_9DD7C064F074
Return only its VALUE.",0.511967232,['V_8B010818C965'],MB,62985.0,3472.0,62982,32,9287.51616,synthetic_kv_64k,511.967232,context_0000,0.9448757640708105,52F5D83333C3,3472.0,Answer: ,9.28751616,147.456,512.0
"Query KEY: K_2C7069F35B2D
Return only its VALUE.",0.511967232,['V_BE403CD61F5E'],MB,62985.0,3472.0,62982,32,9287.51616,synthetic_kv_64k,511.967232,context_0000,0.9448757640708105,897679F588E3,3472.0,Answer: ,9.28751616,147.456,512.0
"Query KEY: K_9AF2F362D408
Return only its VALUE.",0.511967232,['V_599B4D64BB63'],MB,62985.0,3472.0,62982,32,9287.51616,synthetic_kv_64k,511.967232,context_0000,0.9448757640708105,897679F7F38C,3472.0,Answer: ,9.28751616,147.456,512.0
"Query KEY: K_BF991CBB304B
Return only its VALUE.",0.511967232,['V_1325C8F216C1'],MB,62985.0,3472.0,62982,32,9287.51616,synthetic_kv_64k,511.967232,context_0000,0.9448757640708105,605EF87405CA,3472.0,Answer: ,9.28751616,147.456,512.0
"Query KEY: K_6779C71D4564
Return only its VALUE.",0.511967232,['V_2F69E9D18EC2'],MB,62985.0,3472.0,62982,32,9287.51616,synthetic_kv_64k,511.967232,context_0000,0.9448757640708105,6A179F310FFF,3472.0,Answer: ,9.28751616,147.456,512.0
"Query KEY: K_4EE380038F26
Return only its VALUE.",0.511967232,['V_AE2330B1B67B'],MB,62985.0,3472.0,62982,32,9287.51616,synthetic_kv_64k,511.967232,context_0000,0.9448757640708105,605EF87405CA,3472.0,Answer: ,9.28751616,147.456,512.0
"Query KEY: K_F789EC737598
Return only its VALUE.",0.511967232,['V_9EE7860C7B68'],MB,62985.0,3472.0,62982,32,9287.51616,synthetic_kv_64k,511.967232,context_0000,0.9448757640708105,897679F58875,3472.0,Answer: ,9.28751616,147.456,512.0
"Query KEY: K_A798C6895836
Return only its VALUE.",0.511967232,['V_324EDF2E37E7'],MB,62985.0,3472.0,62982,32,9287.51616,synthetic_kv_64k,511.967232,context_0000,0.9448757640708105,8E943568548A,3472.0,Answer: ,9.28751616,147.456,512.0
"Query KEY: K_690E21F9C072
Return only its VALUE.",0.511967232,['V_12B7B97D7617'],MB,62985.0,3472.0,62982,32,9287.51616,synthetic_kv_64k,511.967232,context_0000,0.9448757640708105,605EF87405CA,3472.0,Answer: ,9.28751616,147.456,512.0
"Query KEY: K_C67175992B0A
Return only its VALUE.",0.511967232,['V_3B4E85B864D4'],MB,62985.0,3472.0,62982,32,9287.51616,synthetic_kv_64k,511.967232,context_0000,0.9448757640708105, V_1F14B6DBBB2C,3472.0,Answer: ,9.28751616,147.456,512.0
"Query KEY: K_9F38010D583F
Return only its VALUE.",0.511967232,['V_168BEEADA90C'],MB,62985.0,3472.0,62982,32,9287.51616,synthetic_kv_64k,511.967232,context_0000,0.9448757640708105,897654321098,3472.0,Answer: ,9.28751616,147.456,512.0
"Query KEY: K_AAA4164A9B18
Return only its VALUE.",0.511967232,['V_34C90BCFD0FC'],MB,62985.0,3472.0,62982,32,9287.51616,synthetic_kv_64k,511.967232,context_0000,0.9448757640708105,892310423A8E,3472.0,Answer: ,9.28751616,147.456,512.0
"Query KEY: K_0B824FFEBDFD
Return only its VALUE.",0.511967232,['V_6B70E462FF64'],MB,62985.0,3472.0,62982,32,9287.51616,synthetic_kv_64k,511.967232,context_0000,0.9448757640708105,627393CD59BF,3472.0,Answer: ,9.28751616,147.456,512.0
"Query KEY: K_66AF5225374A
Return only its VALUE.",0.511967232,['V_92B8314AABDD'],MB,62985.0,3472.0,62982,32,9287.51616,synthetic_kv_64k,511.967232,context_0000,0.9448757640708105,605EF87405CA,3472.0,Answer: ,9.28751616,147.456,512.0
"Query KEY: K_8B991E1E5D91
Return only its VALUE.",0.511967232,['V_50A32639E214'],MB,62985.0,3472.0,62982,32,9287.51616,synthetic_kv_64k,511.967232,context_0000,0.9448757640708105,8E6F96DA1DAC,3472.0,Answer: ,9.28751616,147.456,512.0
"Query KEY: K_3A9A460D113D
Return only its VALUE.",0.511967232,['V_346A83997AC5'],MB,62985.0,3472.0,62982,32,9287.51616,synthetic_kv_64k,511.967232,context_0000,0.9448757640708105,627393CD5962,3472.0,Answer: ,9.28751616,147.456,512.0
"Query KEY: K_8AC751883A26
Return only its VALUE.",0.511967232,['V_57B13EACDB28'],MB,62985.0,3472.0,62982,32,9287.51616,synthetic_kv_64k,511.967232,context_0000,0.9448757640708105,8E6F96DA1DAC,3472.0,Answer: ,9.28751616,147.456,512.0
"Query KEY: K_9F6C123CF911
Return only its VALUE.",0.511967232,['V_19F87192E443'],MB,62985.0,3472.0,62982,32,9287.51616,synthetic_kv_64k,511.967232,context_0000,0.9448757640708105,895748623A8E,3472.0,Answer: ,9.28751616,147.456,512.0
"Query KEY: K_0ED8214C87B1
Return only its VALUE.",0.511967232,['V_19D5ACED4D55'],MB,62985.0,3472.0,62982,32,9287.51616,synthetic_kv_64k,511.967232,context_0000,0.9448757640708105,00968D341A8C,3472.0,Answer: ,9.28751616,147.456,512.0
"Query KEY: K_C4671B1E06C3
Return only its VALUE.",0.511967232,['V_2C170DC5D42E'],MB,62985.0,3472.0,62982,32,9287.51616,synthetic_kv_64k,511.967232,context_0000,0.9448757640708105,897658858843,3472.0,Answer: ,9.28751616,147.456,512.0
"Query KEY: K_C8A96D2CDBF9
Return only its VALUE.",0.511967232,['V_E444B3099E0D'],MB,62985.0,3472.0,62982,32,9287.51616,synthetic_kv_64k,511.967232,context_0000,0.9448757640708105,897679F7F30C,3472.0,Answer: ,9.28751616,147.456,512.0
"Query KEY: K_B6149DC6D783
Return only its VALUE.",0.511967232,['V_AA274FFC1C54'],MB,62985.0,3472.0,62982,32,9287.51616,synthetic_kv_64k,511.967232,context_0000,0.9448757640708105,897679084863,3472.0,Answer: ,9.28751616,147.456,512.0
"Query KEY: K_6573D143E0A2
Return only its VALUE.",0.511967232,['V_2837889277FE'],MB,62985.0,3472.0,62982,32,9287.51616,synthetic_kv_64k,511.967232,context_0000,0.9448757640708105,626D8842E163,3472.0,Answer: ,9.28751616,147.456,512.0
"Query KEY: K_2F9221BD55EB
Return only its VALUE.",0.511967232,['V_31CC77E0EE02'],MB,62985.0,3472.0,62982,32,9287.51616,synthetic_kv_64k,511.967232,context_0000,0.9448757640708105,8E6F96DA1DAC,3472.0,Answer: ,9.28751616,147.456,512.0
"Query KEY: K_9EEB74A12A0D
Return only its VALUE.",0.511967232,['V_F0EB77243AA3'],MB,62985.0,3472.0,62982,32,9287.51616,synthetic_kv_64k,511.967232,context_0000,0.9448757640708105,627393CD59BF,3472.0,Answer: ,9.28751616,147.456,512.0
"Query KEY: K_4995394A97FD
Return only its VALUE.",0.511967232,['V_841F9DEFEAB9'],MB,62985.0,3472.0,62982,32,9287.51616,synthetic_kv_64k,511.967232,context_0000,0.9448757640708105,892310423A8E,3472.0,Answer: ,9.28751616,147.456,512.0
"Query KEY: K_BA16E9B14C76
Return only its VALUE.",0.511967232,['V_5DE0645F273C'],MB,62985.0,3472.0,62982,32,9287.51616,synthetic_kv_64k,511.967232,context_0000,0.9448757640708105,897679F7F38C,3472.0,Answer: ,9.28751616,147.456,512.0
"Query KEY: K_A920AA4946F4
Return only its VALUE.",0.511967232,['V_A647E1E538A1'],MB,62985.0,3472.0,62982,32,9287.51616,synthetic_kv_64k,511.967232,context_0000,0.9448757640708105,897679F5884E,3472.0,Answer: ,9.28751616,147.456,512.0
"Query KEY: K_F99A740A5BED
Return only its VALUE.",0.511967232,['V_217707BF63EE'],MB,62985.0,3472.0,62982,32,9287.51616,synthetic_kv_64k,511.967232,context_0000,0.9448757640708105,895488888888,3472.0,Answer: ,9.28751616,147.456,512.0
"Query KEY: K_39CC79AF8348
Return only its VALUE.",0.511967232,['V_F51159F8068E'],MB,62985.0,3472.0,62982,32,9287.51616,synthetic_kv_64k,511.967232,context_0000,0.9448757640708105, V_7D6246685257,3472.0,Answer: ,9.28751616,147.456,512.0
"Query KEY: K_90842BB9A661
Return only its VALUE.",0.511967232,['V_B27DC497D0A8'],MB,62985.0,3472.0,62982,32,9287.51616,synthetic_kv_64k,511.967232,context_0000,0.9448757640708105,892310423A8E,3472.0,Answer: ,9.28751616,147.456,512.0
"Query KEY: K_CFB61A59C3EB
Return only its VALUE.",0.511967232,['V_36C6CBF85149'],MB,62985.0,3472.0,62982,32,9287.51616,synthetic_kv_64k,511.967232,context_0000,0.9448757640708105,892310423A8E,3472.0,Answer: ,9.28751616,147.456,512.0
"Query KEY: K_2450A64272A2
Return only its VALUE.",0.511967232,['V_9AAFCADCC10F'],MB,62985.0,3472.0,62982,32,9287.51616,synthetic_kv_64k,511.967232,context_0000,0.9448757640708105,2C21BFCF214E,3472.0,Answer: ,9.28751616,147.456,512.0
"Query KEY: K_EC048862036F
Return only its VALUE.",0.511967232,['V_7A2669D75427'],MB,62985.0,3472.0,62982,32,9287.51616,synthetic_kv_64k,511.967232,context_0000,0.9448757640708105, V_96586485486A,3472.0,Answer: ,9.28751616,147.456,512.0
"Query KEY: K_7CC59EF1A74F
Return only its VALUE.",0.511967232,['V_516B8C466308'],MB,62985.0,3472.0,62982,32,9287.51616,synthetic_kv_64k,511.967232,context_0000,0.9448757640708105,6894583333C3,3472.0,Answer: ,9.28751616,147.456,512.0
"Query KEY: K_F6F9F950F7FA
Return only its VALUE.",0.511967232,['V_21D26241CBA3'],MB,62985.0,3472.0,62982,32,9287.51616,synthetic_kv_64k,511.967232,context_0000,0.9448757640708105,895762384210,3472.0,Answer: ,9.28751616,147.456,512.0
"Query KEY: K_6A9E57390B03
Return only its VALUE.",0.511967232,['V_DCBF9749D2B0'],MB,62985.0,3472.0,62982,32,9287.51616,synthetic_kv_64k,511.967232,context_0000,0.9448757640708105,897654321098,3472.0,Answer: ,9.28751616,147.456,512.0
"Query KEY: K_AF34C98E3F5B
Return only its VALUE.",0.511967232,['V_589E3C749C16'],MB,62985.0,3472.0,62982,32,9287.51616,synthetic_kv_64k,511.967232,context_0000,0.9448757640708105,895748867623,3472.0,Answer: ,9.28751616,147.456,512.0
"Query KEY: K_3A887C93CDC3
Return only its VALUE.",0.511967232,['V_A69776812AD7'],MB,62985.0,3472.0,62982,32,9287.51616,synthetic_kv_64k,511.967232,context_0000,0.9448757640708105,19A6638D842A,3472.0,Answer: ,9.28751616,147.456,512.0
"Query KEY: K_31FF8E1A3A51
Return only its VALUE.",0.511967232,['V_E3F3D2701A52'],MB,62985.0,3472.0,62982,32,9287.51616,synthetic_kv_64k,511.967232,context_0000,0.9448757640708105,6A179F310FFF,3472.0,Answer: ,9.28751616,147.456,512.0
"Query KEY: K_9DB62D19BD52
Return only its VALUE.",0.511967232,['V_CFC4F4B4C704'],MB,62985.0,3472.0,62982,32,9287.51616,synthetic_kv_64k,511.967232,context_0000,0.9448757640708105,626858923A8E,3472.0,Answer: ,9.28751616,147.456,512.0
"Query KEY: K_A7A261004FFE
Return only its VALUE.",0.511967232,['V_1F7AA9008ECD'],MB,62985.0,3472.0,62982,32,9287.51616,synthetic_kv_64k,511.967232,context_0000,0.9448757640708105,8E6F96DA1DAC,3472.0,Answer: ,9.28751616,147.456,512.0
"Query KEY: K_6F6A172D2BD0
Return only its VALUE.",0.511967232,['V_4720D1291D13'],MB,62985.0,3472.0,62982,32,9287.51616,synthetic_kv_64k,511.967232,context_0000,0.9448757640708105,897679F5884E,3472.0,Answer: ,9.28751616,147.456,512.0
"Query KEY: K_E7EC26330C43
Return only its VALUE.",0.511967232,['V_953F880061B6'],MB,62985.0,3472.0,62982,32,9287.51616,synthetic_kv_64k,511.967232,context_0000,0.9448757640708105,897679F5884E,3472.0,Answer: ,9.28751616,147.456,512.0
"Query KEY: K_E4F293F3503D
Return only its VALUE.",0.511967232,['V_694C32173525'],MB,62985.0,3472.0,62982,32,9287.51616,synthetic_kv_64k,511.967232,context_0000,0.9448757640708105, V_085480E1BE4D,3472.0,Answer: ,9.28751616,147.456,512.0
"Query KEY: K_9976510C8C48
Return only its VALUE.",0.511967232,['V_1FF44B4FAFAF'],MB,62985.0,3472.0,62982,32,9287.51616,synthetic_kv_64k,511.967232,context_0000,0.9448757640708105,892310423A8E,3472.0,Answer: ,9.28751616,147.456,512.0
"Query KEY: K_006E0D99C071
Return only its VALUE.",0.511967232,['V_382A5BF774CF'],MB,62985.0,3472.0,62982,32,9287.51616,synthetic_kv_64k,511.967232,context_0000,0.9448757640708105,006E0D99C071,3472.0,Answer: ,9.28751616,147.456,512.0
"Query KEY: K_907DDC7ABD16
Return only its VALUE.",0.511967232,['V_0FF7DD9D2E4D'],MB,62985.0,3472.0,62982,32,9287.51616,synthetic_kv_64k,511.967232,context_0000,0.9448757640708105,897679F7F38C,3472.0,Answer: ,9.28751616,147.456,512.0
"Query KEY: K_DD093C38C3F0
Return only its VALUE.",0.511967232,['V_CFE361FE800A'],MB,62985.0,3472.0,62982,32,9287.51616,synthetic_kv_64k,511.967232,context_0000,0.9448757640708105,199568548863,3472.0,Answer: ,9.28751616,147.456,512.0
"Query KEY: K_DED161AE3F21
Return only its VALUE.",0.511967232,['V_6C248B8CE7BE'],MB,62985.0,3472.0,62982,32,9287.51616,synthetic_kv_64k,511.967232,context_0000,0.9448757640708105, V_085480E1BE4D,3472.0,Answer: ,9.28751616,147.456,512.0
"Query KEY: K_58C9A998C8E1
Return only its VALUE.",0.511967232,['V_473479912C51'],MB,62985.0,3472.0,62982,32,9287.51616,synthetic_kv_64k,511.967232,context_0000,0.9448757640708105,892310423A8E,3472.0,Answer: ,9.28751616,147.456,512.0
"Query KEY: K_B877ECAADAFB
Return only its VALUE.",0.511967232,['V_D59FD707CB6D'],MB,62985.0,3472.0,62982,32,9287.51616,synthetic_kv_64k,511.967232,context_0000,0.9448757640708105,8E6F96DA1DAC,3472.0,Answer: ,9.28751616,147.456,512.0
"Query KEY: K_93B2277E0FBC
Return only its VALUE.",0.511967232,['V_4047AB89736B'],MB,62985.0,3472.0,62982,32,9287.51616,synthetic_kv_64k,511.967232,context_0000,0.9448757640708105,8E6F96DA1DAC,3472.0,Answer: ,9.28751616,147.456,512.0
"Query KEY: K_05F0226001C6
Return only its VALUE.",0.511967232,['V_49B904056D2B'],MB,62985.0,3472.0,62982,32,9287.51616,synthetic_kv_64k,511.967232,context_0000,0.9448757640708105,0A0C78B3842A,3472.0,Answer: ,9.28751616,147.456,512.0
"Query KEY: K_4584FD7EE75C
Return only its VALUE.",0.511967232,['V_464115AC80E4'],MB,62985.0,3472.0,62982,32,9287.51616,synthetic_kv_64k,511.967232,context_0000,0.9448757640708105,627393641638,3472.0,Answer: ,9.28751616,147.456,512.0
"Query KEY: K_E8A62E07336D
Return only its VALUE.",0.511967232,['V_D9268269041A'],MB,62985.0,3472.0,62982,32,9287.51616,synthetic_kv_64k,511.967232,context_0000,0.9448757640708105, V_06485884886A,3472.0,Answer: ,9.28751616,147.456,512.0
"Query KEY: K_C4F973363302
Return only its VALUE.",0.511967232,['V_73945AF56A23'],MB,62985.0,3472.0,62982,32,9287.51616,synthetic_kv_64k,511.967232,context_0000,0.9448757640708105, V_085480E58875,3472.0,Answer: ,9.28751616,147.456,512.0
"Query KEY: K_D97B2F900058
Return only its VALUE.",0.511967232,['V_03CD9AC55023'],MB,62985.0,3472.0,62982,32,9287.51616,synthetic_kv_64k,511.967232,context_0000,0.9448757640708105,19A6588E548A,3472.0,Answer: ,9.28751616,147.456,512.0
"Query KEY: K_FF0E93F3C702
Return only its VALUE.",0.511967232,['V_89DB80714C8A'],MB,62985.0,3472.0,62982,32,9287.51616,synthetic_kv_64k,511.967232,context_0000,0.9448757640708105,199888888888,3472.0,Answer: ,9.28751616,147.456,512.0
"Query KEY: K_11215DF1BF6F
Return only its VALUE.",0.511967232,['V_1363FA6D81EE'],MB,62985.0,3472.0,62982,32,9287.51616,synthetic_kv_64k,511.967232,context_0000,0.9448757640708105,199534855465,3472.0,Answer: ,9.28751616,147.456,512.0
"Query KEY: K_F76E91724023
Return only its VALUE.",0.511967232,['V_BCB6B4732EB6'],MB,62985.0,3472.0,62982,32,9287.51616,synthetic_kv_64k,511.967232,context_0000,0.9448757640708105, V_085480E1BE4D,3472.0,Answer: ,9.28751616,147.456,512.0
"Query KEY: K_28FEB0C46DDC
Return only its VALUE.",0.511967232,['V_8F10C764032E'],MB,62985.0,3472.0,62982,32,9287.51616,synthetic_kv_64k,511.967232,context_0000,0.9448757640708105,684235868543,3472.0,Answer: ,9.28751616,147.456,512.0
"Query KEY: K_7D8E16A46B83
Return only its VALUE.",0.511967232,['V_0585C74D8DF0'],MB,62985.0,3472.0,62982,32,9287.51616,synthetic_kv_64k,511.967232,context_0000,0.9448757640708105,897658341206,3472.0,Answer: ,9.28751616,147.456,512.0
"Query KEY: K_E8777807C947
Return only its VALUE.",0.511967232,['V_A9BCBBDB4536'],MB,62985.0,3472.0,62982,32,9287.51616,synthetic_kv_64k,511.967232,context_0000,0.9448757640708105, V_00858885885A,3472.0,Answer: ,9.28751616,147.456,512.0
"Query KEY: K_B4B16BC7B635
Return only its VALUE.",0.511967232,['V_96D8CC585B60'],MB,62985.0,3472.0,62982,32,9287.51616,synthetic_kv_64k,511.967232,context_0000,0.9448757640708105,627393CD5962,3472.0,Answer: ,9.28751616,147.456,512.0
"Query KEY: K_55C34A099088
Return only its VALUE.",0.511967232,['V_9BAFBFDA55C9'],MB,62985.0,3472.0,62982,32,9287.51616,synthetic_kv_64k,511.967232,context_0000,0.9448757640708105,897654321098,3472.0,Answer: ,9.28751616,147.456,512.0
"Query KEY: K_8558904F0DF7
Return only its VALUE.",0.511967232,['V_9560FD888CBD'],MB,62985.0,3472.0,62982,32,9287.51616,synthetic_kv_64k,511.967232,context_0000,0.9448757640708105,892310488E5A,3472.0,Answer: ,9.28751616,147.456,512.0
"Query KEY: K_0DFA9FD33D40
Return only its VALUE.",0.511967232,['V_F832496CC03A'],MB,62985.0,3472.0,62982,32,9287.51616,synthetic_kv_64k,511.967232,context_0000,0.9448757640708105,895748855555,3472.0,Answer: ,9.28751616,147.456,512.0
"Query KEY: K_40EE151F62F9
Return only its VALUE.",0.511967232,['V_275A816EBF32'],MB,62985.0,3472.0,62982,32,9287.51616,synthetic_kv_64k,511.967232,context_0000,0.9448757640708105,8E04F11F61F1,3472.0,Answer: ,9.28751616,147.456,512.0
"Query KEY: K_810C4721194B
Return only its VALUE.",0.511967232,['V_8CE947EDC6DD'],MB,62985.0,3472.0,62982,32,9287.51616,synthetic_kv_64k,511.967232,context_0000,0.9448757640708105,892310423A8E,3472.0,Answer: ,9.28751616,147.456,512.0
"Query KEY: K_838FDB9C9B7C
Return only its VALUE.",0.511967232,['V_BD527257DCB6'],MB,62985.0,3472.0,62982,32,9287.51616,synthetic_kv_64k,511.967232,context_0000,0.9448757640708105,897679F58875,3472.0,Answer: ,9.28751616,147.456,512.0
"Query KEY: K_59CDCECEA5D3
Return only its VALUE.",0.511967232,['V_78EEB365FB7C'],MB,62985.0,3472.0,62982,32,9287.51616,synthetic_kv_64k,511.967232,context_0000,0.9448757640708105,58B9210C78D9,3472.0,Answer: ,9.28751616,147.456,512.0
"Query KEY: K_5C937C239EBC
Return only its VALUE.",0.511967232,['V_10F1DCACFA54'],MB,62985.0,3472.0,62982,32,9287.51616,synthetic_kv_64k,511.967232,context_0000,0.9448757640708105,62183FA7F10A,3472.0,Answer: ,9.28751616,147.456,512.0
"Query KEY: K_D36DFE5B9FC9
Return only its VALUE.",0.511967232,['V_C42EC536D2CE'],MB,62985.0,3472.0,62982,32,9287.51616,synthetic_kv_64k,511.967232,context_0000,0.9448757640708105,6873BC0DBD13,3472.0,Answer: ,9.28751616,147.456,512.0
"Query KEY: K_55A6A33817FA
Return only its VALUE.",0.511967232,['V_1BD05856E1FC'],MB,62985.0,3472.0,62982,32,9287.51616,synthetic_kv_64k,511.967232,context_0000,0.9448757640708105,5BD6949ACA46,3472.0,Answer: ,9.28751616,147.456,512.0
"Query KEY: K_875EA46B3932
Return only its VALUE.",0.511967232,['V_1AE41DB1CE86'],MB,62985.0,3472.0,62982,32,9287.51616,synthetic_kv_64k,511.967232,context_0000,0.9448757640708105,627394767543,3472.0,Answer: ,9.28751616,147.456,512.0
"Query KEY: K_ED932AE7DC19
Return only its VALUE.",0.511967232,['V_F3D4661423A7'],MB,62985.0,3472.0,62982,32,9287.51616,synthetic_kv_64k,511.967232,context_0000,0.9448757640708105,8E9435901039,3472.0,Answer: ,9.28751616,147.456,512.0
"Query KEY: K_F3D94D266574
Return only its VALUE.",0.511967232,['V_77A28853490B'],MB,62985.0,3472.0,62982,32,9287.51616,synthetic_kv_64k,511.967232,context_0000,0.9448757640708105,895438858843,3472.0,Answer: ,9.28751616,147.456,512.0
"Query KEY: K_C7B7B4A2B699
Return only its VALUE.",0.511967232,['V_8676797EB3E4'],MB,62985.0,3472.0,62982,32,9287.51616,synthetic_kv_64k,511.967232,context_0000,0.9448757640708105,8E6F96DA1DAC,3472.0,Answer: ,9.28751616,147.456,512.0
"Query KEY: K_DE95DECA8598
Return only its VALUE.",0.511967232,['V_93DC030974C0'],MB,62985.0,3472.0,62982,32,9287.51616,synthetic_kv_64k,511.967232,context_0000,0.9448757640708105, V_085480E1BE4D,3472.0,Answer: ,9.28751616,147.456,512.0
"Query KEY: K_C39672E5E892
Return only its VALUE.",0.511967232,['V_A1A1ADB1BE7A'],MB,62985.0,3472.0,62982,32,9287.51616,synthetic_kv_64k,511.967232,context_0000,0.9448757640708105,19A68852884A,3472.0,Answer: ,9.28751616,147.456,512.0
"Query KEY: K_31D90A802167
Return only its VALUE.",0.511967232,['V_B528A32E3AB5'],MB,62985.0,3472.0,62982,32,9287.51616,synthetic_kv_64k,511.967232,context_0000,0.9448757640708105,627393CD5962,3472.0,Answer: ,9.28751616,147.456,512.0
"Query KEY: K_8B90DBBD3290
Return only its VALUE.",0.511967232,['V_8A6855C06C8E'],MB,62985.0,3472.0,62982,32,9287.51616,synthetic_kv_64k,511.967232,context_0000,0.9448757640708105,8E6F96DA1DAC,3472.0,Answer: ,9.28751616,147.456,512.0
"Query KEY: K_82BC1928AAE5
Return only its VALUE.",0.511967232,['V_EC166422A73E'],MB,62985.0,3472.0,62982,32,9287.51616,synthetic_kv_64k,511.967232,context_0000,0.9448757640708105,897679F7F38C,3472.0,Answer: ,9.28751616,147.456,512.0
"Query KEY: K_7BCCBFC46C0E
Return only its VALUE.",0.511967232,['V_A0642E0F0484'],MB,62985.0,3472.0,62982,32,9287.51616,synthetic_kv_64k,511.967232,context_0000,0.9448757640708105,627393CD59BF,3472.0,Answer: ,9.28751616,147.456,512.0
"Query KEY: K_056A8C30563F
Return only its VALUE.",0.511967232,['V_0456AC3CBE34'],MB,62985.0,3472.0,62982,32,9287.51616,synthetic_kv_64k,511.967232,context_0000,0.9448757640708105,895765432109,3472.0,Answer: ,9.28751616,147.456,512.0
"Query KEY: K_22CAD4E99A65
Return only its VALUE.",0.511967232,['V_D28F030FE73E'],MB,62985.0,3472.0,62982,32,9287.51616,synthetic_kv_64k,511.967232,context_0000,0.9448757640708105,299856845893,3472.0,Answer: ,9.28751616,147.456,512.0
"Query KEY: K_B3F9722944A9
Return only its VALUE.",0.511967232,['V_80F84886274C'],MB,62985.0,3472.0,62982,32,9287.51616,synthetic_kv_64k,511.967232,context_0000,0.9448757640708105,19AC0EA2622B,3472.0,Answer: ,9.28751616,147.456,512.0
"Query KEY: K_116D316DA914
Return only its VALUE.",0.511967232,['V_1D1F178976DE'],MB,62985.0,3472.0,62982,32,9287.51616,synthetic_kv_64k,511.967232,context_0000,0.9448757640708105,146E0D093C73,3472.0,Answer: ,9.28751616,147.456,512.0
"Query KEY: K_6F03D5E0A664
Return only its VALUE.",0.511967232,['V_3E5BA3596667'],MB,62985.0,3472.0,62982,32,9287.51616,synthetic_kv_64k,511.967232,context_0000,0.9448757640708105,897654321098,3472.0,Answer: ,9.28751616,147.456,512.0
"Query KEY: K_2C3A1EB6D1F0
Return only its VALUE.",0.511967232,['V_C07D21419A14'],MB,62985.0,3472.0,62982,32,9287.51616,synthetic_kv_64k,511.967232,context_0000,0.9448757640708105,6A179F310FFF,3472.0,Answer: ,9.28751616,147.456,512.0
"Query KEY: K_5E99F79828A2
Return only its VALUE.",0.511967232,['V_38C0E5605CFB'],MB,62985.0,3472.0,62982,32,9287.51616,synthetic_kv_64k,511.967232,context_0000,0.9448757640708105,52F5D83333C3,3472.0,Answer: ,9.28751616,147.456,512.0
"Query KEY: K_5E57B2165B5A
Return only its VALUE.",0.511967232,['V_96D140DA9C7D'],MB,62985.0,3472.0,62982,32,9287.51616,synthetic_kv_64k,511.967232,context_0000,0.9448757640708105,5008331165E0,3472.0,Answer: ,9.28751616,147.456,512.0
"Query KEY: K_26C4EFA9A0A3
Return only its VALUE.",0.511967232,['V_E829A3871E92'],MB,62985.0,3472.0,62982,32,9287.51616,synthetic_kv_64k,511.967232,context_0000,0.9448757640708105,8E6A8D5288F1,3472.0,Answer: ,9.28751616,147.456,512.0
"Query KEY: K_83C152CA9CED
Return only its VALUE.",0.511967232,['V_8DF812F178BD'],MB,62985.0,3472.0,62982,32,9287.51616,synthetic_kv_64k,511.967232,context_0000,0.9448757640708105,897679F7F38C,3472.0,Answer: ,9.28751616,147.456,512.0
"Query KEY: K_1FF1C6F06A71
Return only its VALUE.",0.511967232,['V_C6F561FF1D9A'],MB,62985.0,3472.0,62982,32,9287.51616,synthetic_kv_64k,511.967232,context_0000,0.9448757640708105,1F14BFCF214E,3472.0,Answer: ,9.28751616,147.456,512.0
"Query KEY: K_84370F6000F3
Return only its VALUE.",0.511967232,['V_5B1943C1136C'],MB,62985.0,3472.0,62982,32,9287.51616,synthetic_kv_64k,511.967232,context_0000,0.9448757640708105,892310423A8E,3472.0,Answer: ,9.28751616,147.456,512.0
"Query KEY: K_238870C98336
Return only its VALUE.",0.511967232,['V_66BEEDB7D4E4'],MB,62985.0,3472.0,62982,32,9287.51616,synthetic_kv_64k,511.967232,context_0000,0.9448757640708105,684288888888,3472.0,Answer: ,9.28751616,147.456,512.0
"Query KEY: K_C9079C3CBE9D
Return only its VALUE.",0.511967232,['V_37847DF77791'],MB,62985.0,3472.0,62982,32,9287.51616,synthetic_kv_64k,511.967232,context_0000,0.9448757640708105,897679F58C5E,3472.0,Answer: ,9.28751616,147.456,512.0
"Query KEY: K_DCCDC4CA00D7
Return only its VALUE.",0.511967232,['V_3666A4B1CF6A'],MB,62985.0,3472.0,62982,32,9287.51616,synthetic_kv_64k,511.967232,context_0000,0.9448757640708105, V_0A0C78D93C73,3472.0,Answer: ,9.28751616,147.456,512.0
"Query KEY: K_E216E9A0C20D
Return only its VALUE.",0.511967232,['V_849BB72479B7'],MB,62985.0,3472.0,62982,32,9287.51616,synthetic_kv_64k,511.967232,context_0000,0.9448757640708105, V_06485580588A,3472.0,Answer: ,9.28751616,147.456,512.0
"Query KEY: K_11D91A71064D
Return only its VALUE.",0.511967232,['V_240D12AADA4B'],MB,62985.0,3472.0,62982,32,9287.51616,synthetic_kv_64k,511.967232,context_0000,0.9448757640708105,19E6C357438A,3472.0,Answer: ,9.28751616,147.456,512.0
"Query KEY: K_099B7225539D
Return only its VALUE.",0.511967232,['V_FED2E581D601'],MB,62985.0,3472.0,62982,32,9287.51616,synthetic_kv_64k,511.967232,context_0000,0.9448757640708105,19A6588E623A,3472.0,Answer: ,9.28751616,147.456,512.0
"Query KEY: K_0071A3ED033A
Return only its VALUE.",0.511967232,['V_135FEED21F94'],MB,62985.0,3472.0,62982,32,9287.51616,synthetic_kv_64k,511.967232,context_0000,0.9448757640708105,828090896864,3472.0,Answer: ,9.28751616,147.456,512.0
"Query KEY: K_C7EDAA239BA2
Return only its VALUE.",0.511967232,['V_4D9F44352E6F'],MB,62985.0,3472.0,62982,32,9287.51616,synthetic_kv_64k,511.967232,context_0000,0.9448757640708105,897679F7F38C,3472.0,Answer: ,9.28751616,147.456,512.0
"Query KEY: K_A8DFB336D143
Return only its VALUE.",0.511967232,['V_C85CE79503FB'],MB,62985.0,3472.0,62982,32,9287.51616,synthetic_kv_64k,511.967232,context_0000,0.9448757640708105,8E6F96DA1DAC,3472.0,Answer: ,9.28751616,147.456,512.0
"Query KEY: K_01E5931B9FAE
Return only its VALUE.",0.511967232,['V_F4CE7D9D2B3B'],MB,62985.0,3472.0,62982,32,9287.51616,synthetic_kv_64k,511.967232,context_0000,0.9448757640708105,892310423A8E,3472.0,Answer: ,9.28751616,147.456,512.0
"Query KEY: K_CECD6FA179A5
Return only its VALUE.",0.511967232,['V_23E4C90EC689'],MB,62985.0,3472.0,62982,32,9287.51616,synthetic_kv_64k,511.967232,context_0000,0.9448757640708105,19A658E6842A,3472.0,Answer: ,9.28751616,147.456,512.0
"Query KEY: K_73A28A45E02E
Return only its VALUE.",0.511967232,['V_C4D300D8C046'],MB,62985.0,3472.0,62982,32,9287.51616,synthetic_kv_64k,511.967232,context_0000,0.9448757640708105,658A58C58875,3472.0,Answer: ,9.28751616,147.456,512.0
"Query KEY: K_3E0E7B68B323
Return only its VALUE.",0.511967232,['V_AAB85BE2124F'],MB,62985.0,3472.0,62982,32,9287.51616,synthetic_kv_64k,511.967232,context_0000,0.9448757640708105,65A6D6442365,3472.0,Answer: ,9.28751616,147.456,512.0
"Query KEY: K_9B0CAE8CC97B
Return only its VALUE.",0.511967232,['V_1C42668EB10E'],MB,62985.0,3472.0,62982,32,9287.51616,synthetic_kv_64k,511.967232,context_0000,0.9448757640708105,8E9435901039,3472.0,Answer: ,9.28751616,147.456,512.0
"Query KEY: K_BB0F1735F36B
Return only its VALUE.",0.511967232,['V_AE1CF5FF3705'],MB,62985.0,3472.0,62982,32,9287.51616,synthetic_kv_64k,511.967232,context_0000,0.9448757640708105,897679084863,3472.0,Answer: ,9.28751616,147.456,512.0
"Query KEY: K_9475C439DFCF
Return only its VALUE.",0.511967232,['V_67FFA5D5BBF9'],MB,62985.0,3472.0,62982,32,9287.51616,synthetic_kv_64k,511.967232,context_0000,0.9448757640708105,627393CD59BF,3472.0,Answer: ,9.28751616,147.456,512.0
"Query KEY: K_990530E59543
Return only its VALUE.",0.511967232,['V_C7BBB225574E'],MB,62985.0,3472.0,62982,32,9287.51616,synthetic_kv_64k,511.967232,context_0000,0.9448757640708105,199512251234,3472.0,Answer: ,9.28751616,147.456,512.0
"Query KEY: K_36AAE57E72D3
Return only its VALUE.",0.511967232,['V_F9165BF88967'],MB,62985.0,3472.0,62982,32,9287.51616,synthetic_kv_64k,511.967232,context_0000,0.9448757640708105,684588858885,3472.0,Answer: ,9.28751616,147.456,512.0
"Query KEY: K_E03FA1FE9BC6
Return only its VALUE.",0.511967232,['V_6101BC3E34AF'],MB,62985.0,3472.0,62982,32,9287.51616,synthetic_kv_64k,511.967232,context_0000,0.9448757640708105,897679F7F30C,3472.0,Answer: ,9.28751616,147.456,512.0
"Query KEY: K_124723D34D22
Return only its VALUE.",0.511967232,['V_0CFC316E8645'],MB,62985.0,3472.0,62982,32,9287.51616,synthetic_kv_64k,511.967232,context_0000,0.9448757640708105,1F14B6DBBB2C,3472.0,Answer: ,9.28751616,147.456,512.0
"Query KEY: K_7A1A97CB4585
Return only its VALUE.",0.511967232,['V_C70C7D3E5830'],MB,62985.0,3472.0,62982,32,9287.51616,synthetic_kv_64k,511.967232,context_0000,0.9448757640708105,628588858885,3472.0,Answer: ,9.28751616,147.456,512.0
"Query KEY: K_FFD64EC77371
Return only its VALUE.",0.511967232,['V_0867FEEEF3E1'],MB,62985.0,3472.0,62982,32,9287.51616,synthetic_kv_64k,511.967232,context_0000,0.9448757640708105, V_0A0C78F41AB8,3472.0,Answer: ,9.28751616,147.456,512.0
"Query KEY: K_ADB6097BA119
Return only its VALUE.",0.511967232,['V_ACE90E5995AA'],MB,62985.0,3472.0,62982,32,9287.51616,synthetic_kv_64k,511.967232,context_0000,0.9448757640708105,19A688528E6A,3472.0,Answer: ,9.28751616,147.456,512.0
"Query KEY: K_CF9E0AF5E4A9
Return only its VALUE.",0.511967232,['V_6C611E4182BB'],MB,62985.0,3472.0,62982,32,9287.51616,synthetic_kv_64k,511.967232,context_0000,0.9448757640708105,8E94358A56E3,3472.0,Answer: ,9.28751616,147.456,512.0
"Query KEY: K_774994500024
Return only its VALUE.",0.511967232,['V_24E1ECC0BAA6'],MB,62985.0,3472.0,62982,32,9287.51616,synthetic_kv_64k,511.967232,context_0000,0.9448757640708105,199812345678,3472.0,Answer: ,9.28751616,147.456,512.0
"Query KEY: K_FA50243F45FE
Return only its VALUE.",0.511967232,['V_09C2A76180C7'],MB,62985.0,3472.0,62982,32,9287.51616,synthetic_kv_64k,511.967232,context_0000,0.9448757640708105,8E6F96DA1DAC,3472.0,Answer: ,9.28751616,147.456,512.0
"Query KEY: K_7C400BB9A8F6
Return only its VALUE.",0.511967232,['V_075A216AEBCF'],MB,62985.0,3472.0,62982,32,9287.51616,synthetic_kv_64k,511.967232,context_0000,0.9448757640708105,689456A30C8E,3472.0,Answer: ,9.28751616,147.456,512.0
"Query KEY: K_31D0CB2FBBC3
Return only its VALUE.",0.511967232,['V_20BF974E8F83'],MB,62985.0,3472.0,62982,32,9287.51616,synthetic_kv_64k,511.967232,context_0000,0.9448757640708105,6A179F310FFF,3472.0,Answer: ,9.28751616,147.456,512.0
"Query KEY: K_3A751B388581
Return only its VALUE.",0.511967232,['V_204F387770F0'],MB,62985.0,3472.0,62982,32,9287.51616,synthetic_kv_64k,511.967232,context_0000,0.9448757640708105,626688888888,3472.0,Answer: ,9.28751616,147.456,512.0
"Query KEY: K_67C0CDF0AABA
Return only its VALUE.",0.511967232,['V_ACB86D1C31D6'],MB,62985.0,3472.0,62982,32,9287.51616,synthetic_kv_64k,511.967232,context_0000,0.9448757640708105,897679F7F38C,3472.0,Answer: ,9.28751616,147.456,512.0
"Query KEY: K_CDD4ADAB7B01
Return only its VALUE.",0.511967232,['V_3DD953010FB9'],MB,62985.0,3472.0,62982,32,9287.51616,synthetic_kv_64k,511.967232,context_0000,0.9448757640708105, V_085480E1BE4D,3472.0,Answer: ,9.28751616,147.456,512.0
"Query KEY: K_A4A72328051E
Return only its VALUE.",0.511967232,['V_6D2CCB08B605'],MB,62985.0,3472.0,62982,32,9287.51616,synthetic_kv_64k,511.967232,context_0000,0.9448757640708105,627394682852,3472.0,Answer: ,9.28751616,147.456,512.0
"Query KEY: K_1757C3A4704F
Return only its VALUE.",0.511967232,['V_58CE97D46F61'],MB,62985.0,3472.0,62982,32,9287.51616,synthetic_kv_64k,511.967232,context_0000,0.9448757640708105,52F5D83333C3,3472.0,Answer: ,9.28751616,147.456,512.0
"Query KEY: K_205E55E39295
Return only its VALUE.",0.511967232,['V_8C3B1EE92D3B'],MB,62985.0,3472.0,62982,32,9287.51616,synthetic_kv_64k,511.967232,context_0000,0.9448757640708105,8E6D8868E58A,3472.0,Answer: ,9.28751616,147.456,512.0
"Query KEY: K_560A6A478DDF
Return only its VALUE.",0.511967232,['V_BD67B24070CA'],MB,62985.0,3472.0,62982,32,9287.51616,synthetic_kv_64k,511.967232,context_0000,0.9448757640708105,58B9210C78D9,3472.0,Answer: ,9.28751616,147.456,512.0
"Query KEY: K_547B8DAC210D
Return only its VALUE.",0.511967232,['V_7CBE704C19E2'],MB,62985.0,3472.0,62982,32,9287.51616,synthetic_kv_64k,511.967232,context_0000,0.9448757640708105,895748623A8E,3472.0,Answer: ,9.28751616,147.456,512.0
"Query KEY: K_44490A6B3E3D
Return only its VALUE.",0.511967232,['V_C0949CC8F772'],MB,62985.0,3472.0,62982,32,9287.51616,synthetic_kv_64k,511.967232,context_0000,0.9448757640708105,684588888888,3472.0,Answer: ,9.28751616,147.456,512.0
"Query KEY: K_50C5C714D549
Return only its VALUE.",0.511967232,['V_29547CA9E68F'],MB,62985.0,3472.0,62982,32,9287.51616,synthetic_kv_64k,511.967232,context_0000,0.9448757640708105,8E6A813F5A8C,3472.0,Answer: ,9.28751616,147.456,512.0
"Query KEY: K_03B201A02047
Return only its VALUE.",0.511967232,['V_9145E30CDEE2'],MB,62985.0,3472.0,62982,32,9287.51616,synthetic_kv_64k,511.967232,context_0000,0.9448757640708105,892310423A8E,3472.0,Answer: ,9.28751616,147.456,512.0
"Query KEY: K_F3B7C5C6AB7D
Return only its VALUE.",0.511967232,['V_40F8B13E655F'],MB,62985.0,3472.0,62982,32,9287.51616,synthetic_kv_64k,511.967232,context_0000,0.9448757640708105,897679F7F38C,3472.0,Answer: ,9.28751616,147.456,512.0
"Query KEY: K_494234C6EA9B
Return only its VALUE.",0.511967232,['V_8AB9A3CB9E18'],MB,62985.0,3472.0,62982,32,9287.51616,synthetic_kv_64k,511.967232,context_0000,0.9448757640708105,892310423A8E,3472.0,Answer: ,9.28751616,147.456,512.0
"Query KEY: K_E69D85E9054F
Return only its VALUE.",0.511967232,['V_7A7F697AE294'],MB,62985.0,3472.0,62982,32,9287.51616,synthetic_kv_64k,511.967232,context_0000,0.9448757640708105, V_06588052850A,3472.0,Answer: ,9.28751616,147.456,512.0
"Query KEY: K_595EF026A418
Return only its VALUE.",0.511967232,['V_2D11F346BBE7'],MB,62985.0,3472.0,62982,32,9287.51616,synthetic_kv_64k,511.967232,context_0000,0.9448757640708105,895746835692,3472.0,Answer: ,9.28751616,147.456,512.0
"Query KEY: K_9A36C8575C8A
Return only its VALUE.",0.511967232,['V_D66B590CEE67'],MB,62985.0,3472.0,62982,32,9287.51616,synthetic_kv_64k,511.967232,context_0000,0.9448757640708105,892310423A8E,3472.0,Answer: ,9.28751616,147.456,512.0
"Query KEY: K_62413C52D68A
Return only its VALUE.",0.511967232,['V_EDAD38227B0D'],MB,62985.0,3472.0,62982,32,9287.51616,synthetic_kv_64k,511.967232,context_0000,0.9448757640708105,892310423A8E,3472.0,Answer: ,9.28751616,147.456,512.0
"Query KEY: K_6A8DA8C9AA31
Return only its VALUE.",0.511967232,['V_1B2B46C3E497'],MB,62985.0,3472.0,62982,32,9287.51616,synthetic_kv_64k,511.967232,context_0000,0.9448757640708105,897679F7F38C,3472.0,Answer: ,9.28751616,147.456,512.0
"Query KEY: K_39B131979167
Return only its VALUE.",0.511967232,['V_4C66CBEED3E3'],MB,62985.0,3472.0,62982,32,9287.51616,synthetic_kv_64k,511.967232,context_0000,0.9448757640708105,8E6F96DA1DAC,3472.0,Answer: ,9.28751616,147.456,512.0
"Query KEY: K_FEBA79731EA8
Return only its VALUE.",0.511967232,['V_51CC2D238ED1'],MB,62985.0,3472.0,62982,32,9287.51616,synthetic_kv_64k,511.967232,context_0000,0.9448757640708105,895762858843,3472.0,Answer: ,9.28751616,147.456,512.0
"Query KEY: K_1BA90B099FCC
Return only its VALUE.",0.511967232,['V_BA77A5159982'],MB,62985.0,3472.0,62982,32,9287.51616,synthetic_kv_64k,511.967232,context_0000,0.9448757640708105,1E24A18FF6B6,3472.0,Answer: ,9.28751616,147.456,512.0
"Query KEY: K_6B4F48F9FD0D
Return only its VALUE.",0.511967232,['V_80B56F46A41F'],MB,62985.0,3472.0,62982,32,9287.51616,synthetic_kv_64k,511.967232,context_0000,0.9448757640708105,684288888888,3472.0,Answer: ,9.28751616,147.456,512.0
"Query KEY: K_E802C2270738
Return only its VALUE.",0.511967232,['V_35760B16DAC4'],MB,62985.0,3472.0,62982,32,9287.51616,synthetic_kv_64k,511.967232,context_0000,0.9448757640708105,897679008423,3472.0,Answer: ,9.28751616,147.456,512.0
"Query KEY: K_1ADBBD8BF603
Return only its VALUE.",0.511967232,['V_50EB2D06F862'],MB,62985.0,3472.0,62982,32,9287.51616,synthetic_kv_64k,511.967232,context_0000,0.9448757640708105,19A68862E163,3472.0,Answer: ,9.28751616,147.456,512.0
"Query KEY: K_0EE1C9160147
Return only its VALUE.",0.511967232,['V_24471DB67101'],MB,62985.0,3472.0,62982,32,9287.51616,synthetic_kv_64k,511.967232,context_0000,0.9448757640708105,0A0C78B3842A,3472.0,Answer: ,9.28751616,147.456,512.0
"Query KEY: K_7879E523E8A9
Return only its VALUE.",0.511967232,['V_E3BFB8ADDF54'],MB,62985.0,3472.0,62982,32,9287.51616,synthetic_kv_64k,511.967232,context_0000,0.9448757640708105,897654321098,3472.0,Answer: ,9.28751616,147.456,512.0
"Query KEY: K_D68F5372EBED
Return only its VALUE.",0.511967232,['V_75CA536016E7'],MB,62985.0,3472.0,62982,32,9287.51616,synthetic_kv_64k,511.967232,context_0000,0.9448757640708105,897679F7F38C,3472.0,Answer: ,9.28751616,147.456,512.0
"Query KEY: K_3863C76AEC88
Return only its VALUE.",0.511967232,['V_749F537D66C6'],MB,62985.0,3472.0,62982,32,9287.51616,synthetic_kv_64k,511.967232,context_0000,0.9448757640708105,892310423A8E,3472.0,Answer: ,9.28751616,147.456,512.0
"Query KEY: K_7967191ABB3D
Return only its VALUE.",0.511967232,['V_D33FBCDD0B48'],MB,62985.0,3472.0,62982,32,9287.51616,synthetic_kv_64k,511.967232,context_0000,0.9448757640708105,58B9210C78D9,3472.0,Answer: ,9.28751616,147.456,512.0
"Query KEY: K_6660DEB0DE7D
Return only its VALUE.",0.511967232,['V_25A5387D5ADD'],MB,62985.0,3472.0,62982,32,9287.51616,synthetic_kv_64k,511.967232,context_0000,0.9448757640708105,6A179F310FFF,3472.0,Answer: ,9.28751616,147.456,512.0
"Query KEY: K_1BD27C0224E5
Return only its VALUE.",0.511967232,['V_DF29E3F713A7'],MB,62985.0,3472.0,62982,32,9287.51616,synthetic_kv_64k,511.967232,context_0000,0.9448757640708105,605EF87405CA,3472.0,Answer: ,9.28751616,147.456,512.0
"Query KEY: K_6EAD251ADF0E
Return only its VALUE.",0.511967232,['V_5B2A747A4829'],MB,62985.0,3472.0,62982,32,9287.51616,synthetic_kv_64k,511.967232,context_0000,0.9448757640708105,627394566352,3472.0,Answer: ,9.28751616,147.456,512.0
"Query KEY: K_BF396328143E
Return only its VALUE.",0.511967232,['V_EA5C22EB69B1'],MB,62985.0,3472.0,62982,32,9287.51616,synthetic_kv_64k,511.967232,context_0000,0.9448757640708105,892310423A8E,3472.0,Answer: ,9.28751616,147.456,512.0
"Query KEY: K_6368B8463413
Return only its VALUE.",0.511967232,['V_B799A1CC22D8'],MB,62985.0,3472.0,62982,32,9287.51616,synthetic_kv_64k,511.967232,context_0000,0.9448757640708105,605EF87405CA,3472.0,Answer: ,9.28751616,147.456,512.0
"Query KEY: K_8A15F9BE07F3
Return only its VALUE.",0.511967232,['V_ABF933C417D5'],MB,62985.0,3472.0,62982,32,9287.51616,synthetic_kv_64k,511.967232,context_0000,0.9448757640708105,892310423A8E,3472.0,Answer: ,9.28751616,147.456,512.0
"Query KEY: K_106E2090F35E
Return only its VALUE.",0.511967232,['V_8FAB0F4555DA'],MB,62985.0,3472.0,62982,32,9287.51616,synthetic_kv_64k,511.967232,context_0000,0.9448757640708105,19A6888E666E,3472.0,Answer: ,9.28751616,147.456,512.0
"Query KEY: K_38E322F1C32B
Return only its VALUE.",0.511967232,['V_EE5ADA05D2FC'],MB,62985.0,3472.0,62982,32,9287.51616,synthetic_kv_64k,511.967232,context_0000,0.9448757640708105,897658858854,3472.0,Answer: ,9.28751616,147.456,512.0
"Query KEY: K_D62175656DAF
Return only its VALUE.",0.511967232,['V_709057F498E0'],MB,62985.0,3472.0,62982,32,9287.51616,synthetic_kv_64k,511.967232,context_0000,0.9448757640708105, V_1F14B6DBBB2C,3472.0,Answer: ,9.28751616,147.456,512.0
"Query KEY: K_971FE2EBB2D2
Return only its VALUE.",0.511967232,['V_50469A87E357'],MB,62985.0,3472.0,62982,32,9287.51616,synthetic_kv_64k,511.967232,context_0000,0.9448757640708105,897679004E5A,3472.0,Answer: ,9.28751616,147.456,512.0
"Query KEY: K_759BDAE18B28
Return only its VALUE.",0.511967232,['V_D2C916232E87'],MB,62985.0,3472.0,62982,32,9287.51616,synthetic_kv_64k,511.967232,context_0000,0.9448757640708105,6A179F310FFF,3472.0,Answer: ,9.28751616,147.456,512.0
"Query KEY: K_6ED1FEE3DBAA
Return only its VALUE.",0.511967232,['V_F26D9771D80B'],MB,62985.0,3472.0,62982,32,9287.51616,synthetic_kv_64k,511.967232,context_0000,0.9448757640708105,897679F7F38C,3472.0,Answer: ,9.28751616,147.456,512.0
"Query KEY: K_ECEFD644E9AE
Return only its VALUE.",0.511967232,['V_076D4777BE21'],MB,62985.0,3472.0,62982,32,9287.51616,synthetic_kv_64k,511.967232,context_0000,0.9448757640708105,897679085432,3472.0,Answer: ,9.28751616,147.456,512.0
"Query KEY: K_DB31BAE27198
Return only its VALUE.",0.511967232,['V_7EE33F24BA6A'],MB,62985.0,3472.0,62982,32,9287.51616,synthetic_kv_64k,511.967232,context_0000,0.9448757640708105,8E6F96DA1DAC,3472.0,Answer: ,9.28751616,147.456,512.0
"Query KEY: K_DE5553C9AACB
Return only its VALUE.",0.511967232,['V_71DF9457F388'],MB,62985.0,3472.0,62982,32,9287.51616,synthetic_kv_64k,511.967232,context_0000,0.9448757640708105, V_085480E1BE4D,3472.0,Answer: ,9.28751616,147.456,512.0
"Query KEY: K_D5E6014CC3A1
Return only its VALUE.",0.511967232,['V_16A4FAED5777'],MB,62985.0,3472.0,62982,32,9287.51616,synthetic_kv_64k,511.967232,context_0000,0.9448757640708105,605EF87405CA,3472.0,Answer: ,9.28751616,147.456,512.0
"Query KEY: K_D9F5089B5B49
Return only its VALUE.",0.511967232,['V_C9E487F797FA'],MB,62985.0,3472.0,62982,32,9287.51616,synthetic_kv_64k,511.967232,context_0000,0.9448757640708105,52F5D83333C3,3472.0,Answer: ,9.28751616,147.456,512.0
"Query KEY: K_322CD24025EA
Return only its VALUE.",0.511967232,['V_FD9673D3328C'],MB,62985.0,3472.0,62982,32,9287.51616,synthetic_kv_64k,511.967232,context_0000,0.9448757640708105,65A6D6442365,3472.0,Answer: ,9.28751616,147.456,512.0
"Query KEY: K_2A8A3D922952
Return only its VALUE.",0.511967232,['V_D030BB56588B'],MB,62985.0,3472.0,62982,32,9287.51616,synthetic_kv_64k,511.967232,context_0000,0.9448757640708105,621485868423,3472.0,Answer: ,9.28751616,147.456,512.0
"Query KEY: K_6F9EF32EDE3C
Return only its VALUE.",0.511967232,['V_B78021F969E9'],MB,62985.0,3472.0,62982,32,9287.51616,synthetic_kv_64k,511.967232,context_0000,0.9448757640708105,684588758875,3472.0,Answer: ,9.28751616,147.456,512.0
"Query KEY: K_7A664BB8EBE2
Return only its VALUE.",0.511967232,['V_0827173A0C96'],MB,62985.0,3472.0,62982,32,9287.51616,synthetic_kv_64k,511.967232,context_0000,0.9448757640708105,897679F7F30C,3472.0,Answer: ,9.28751616,147.456,512.0
"Query KEY: K_52D74E09C596
Return only its VALUE.",0.511967232,['V_EB27B40BC353'],MB,62985.0,3472.0,62982,32,9287.51616,synthetic_kv_64k,511.967232,context_0000,0.9448757640708105,627394767563,3472.0,Answer: ,9.28751616,147.456,512.0
"Query KEY: K_ED727470724C
Return only its VALUE.",0.511967232,['V_46F9C596FAB7'],MB,62985.0,3472.0,62982,32,9287.51616,synthetic_kv_64k,511.967232,context_0000,0.9448757640708105, V_0A8016D50B84,3472.0,Answer: ,9.28751616,147.456,512.0
"Query KEY: K_5EB167C5B29B
Return only its VALUE.",0.511967232,['V_00B2A226A75B'],MB,62985.0,3472.0,62982,32,9287.51616,synthetic_kv_64k,511.967232,context_0000,0.9448757640708105,52F5D83333C3,3472.0,Answer: ,9.28751616,147.456,512.0
"Query KEY: K_C50E12194D94
Return only its VALUE.",0.511967232,['V_97DA085FF4D1'],MB,62985.0,3472.0,62982,32,9287.51616,synthetic_kv_64k,511.967232,context_0000,0.9448757640708105,897679F7F30C,3472.0,Answer: ,9.28751616,147.456,512.0
"Query KEY: K_6A0FCB62F5B6
Return only its VALUE.",0.511967232,['V_ABE0E17F348D'],MB,62985.0,3472.0,62982,32,9287.51616,synthetic_kv_64k,511.967232,context_0000,0.9448757640708105,6A179F310FFF,3472.0,Answer: ,9.28751616,147.456,512.0
"Query KEY: K_BA5CACB60E81
Return only its VALUE.",0.511967232,['V_1A66E3528539'],MB,62985.0,3472.0,62982,32,9287.51616,synthetic_kv_64k,511.967232,context_0000,0.9448757640708105,8E943CEDDF2D,3472.0,Answer: ,9.28751616,147.456,512.0
"Query KEY: K_C4121C684DB0
Return only its VALUE.",0.511967232,['V_EE425D975CDC'],MB,62985.0,3472.0,62982,32,9287.51616,synthetic_kv_64k,511.967232,context_0000,0.9448757640708105,6A179F310FFF,3472.0,Answer: ,9.28751616,147.456,512.0
"Query KEY: K_14ED9E7F87A7
Return only its VALUE.",0.511967232,['V_BB9D5D96120D'],MB,62985.0,3472.0,62982,32,9287.51616,synthetic_kv_64k,511.967232,context_0000,0.9448757640708105,19A688423A8E,3472.0,Answer: ,9.28751616,147.456,512.0
"Query KEY: K_46DD34680B6E
Return only its VALUE.",0.511967232,['V_AB7BFB334E61'],MB,62985.0,3472.0,62982,32,9287.51616,synthetic_kv_64k,511.967232,context_0000,0.9448757640708105,627393CD5962,3472.0,Answer: ,9.28751616,147.456,512.0
"Query KEY: K_A41339B6410E
Return only its VALUE.",0.511967232,['V_D88AAE2356F3'],MB,62985.0,3472.0,62982,32,9287.51616,synthetic_kv_64k,511.967232,context_0000,0.9448757640708105,895765432109,3472.0,Answer: ,9.28751616,147.456,512.0
"Query KEY: K_1BE246F2FF38
Return only its VALUE.",0.511967232,['V_BEE11038F676'],MB,62985.0,3472.0,62982,32,9287.51616,synthetic_kv_64k,511.967232,context_0000,0.9448757640708105,19A68842E163,3472.0,Answer: ,9.28751616,147.456,512.0
"Query KEY: K_E7A25860C4F4
Return only its VALUE.",0.511967232,['V_F0B91F69E2B1'],MB,62985.0,3472.0,62982,32,9287.51616,synthetic_kv_64k,511.967232,context_0000,0.9448757640708105,8E6F96DA1DAC,3472.0,Answer: ,9.28751616,147.456,512.0
"Query KEY: K_E7694AD1D634
Return only its VALUE.",0.511967232,['V_BC7D9EF6A99F'],MB,62985.0,3472.0,62982,32,9287.51616,synthetic_kv_64k,511.967232,context_0000,0.9448757640708105,897679F7F38C,3472.0,Answer: ,9.28751616,147.456,512.0
"Query KEY: K_606F10CCF85F
Return only its VALUE.",0.511967232,['V_2CB375373D14'],MB,62985.0,3472.0,62982,32,9287.51616,synthetic_kv_64k,511.967232,context_0000,0.9448757640708105,605EF87405CA,3472.0,Answer: ,9.28751616,147.456,512.0
"Query KEY: K_C80714860C2D
Return only its VALUE.",0.511967232,['V_5B8DE5DFC7AF'],MB,62985.0,3472.0,62982,32,9287.51616,synthetic_kv_64k,511.967232,context_0000,0.9448757640708105,897658040381,3472.0,Answer: ,9.28751616,147.456,512.0
"Query KEY: K_2765F4E580AA
Return only its VALUE.",0.511967232,['V_545C1BFF56F4'],MB,62985.0,3472.0,62982,32,9287.51616,synthetic_kv_64k,511.967232,context_0000,0.9448757640708105,58B9210C78D9,3472.0,Answer: ,9.28751616,147.456,512.0
"Query KEY: K_395B46A42EE1
Return only its VALUE.",0.511967232,['V_4BC0B273F93C'],MB,62985.0,3472.0,62982,32,9287.51616,synthetic_kv_64k,511.967232,context_0000,0.9448757640708105,830675858843,3472.0,Answer: ,9.28751616,147.456,512.0
"Query KEY: K_4D0E7F0F6662
Return only its VALUE.",0.511967232,['V_6894DFFF8CEA'],MB,62985.0,3472.0,62982,32,9287.51616,synthetic_kv_64k,511.967232,context_0000,0.9448757640708105,52F5D83333C3,3472.0,Answer: ,9.28751616,147.456,512.0
"Query KEY: K_0B9EA0952C4D
Return only its VALUE.",0.511967232,['V_D5444B0D2716'],MB,62985.0,3472.0,62982,32,9287.51616,synthetic_kv_64k,511.967232,context_0000,0.9448757640708105,627393CD59BF,3472.0,Answer: ,9.28751616,147.456,512.0
"Query KEY: K_F2A321CC8BA7
Return only its VALUE.",0.511967232,['V_D71B58C158E2'],MB,62985.0,3472.0,62982,32,9287.51616,synthetic_kv_64k,511.967232,context_0000,0.9448757640708105,89576238486A,3472.0,Answer: ,9.28751616,147.456,512.0
"Query KEY: K_0AFFA50A0A29
Return only its VALUE.",0.511967232,['V_60CC4AA0D842'],MB,62985.0,3472.0,62982,32,9287.51616,synthetic_kv_64k,511.967232,context_0000,0.9448757640708105,892310423A8E,3472.0,Answer: ,9.28751616,147.456,512.0
"Query KEY: K_0B48101D759E
Return only its VALUE.",0.511967232,['V_ABF8A50939F1'],MB,62985.0,3472.0,62982,32,9287.51616,synthetic_kv_64k,511.967232,context_0000,0.9448757640708105,896883848861,3472.0,Answer: ,9.28751616,147.456,512.0
"Query KEY: K_F8E85388D128
Return only its VALUE.",0.511967232,['V_EA7F71FC5136'],MB,62985.0,3472.0,62982,32,9287.51616,synthetic_kv_64k,511.967232,context_0000,0.9448757640708105,895438855555,3472.0,Answer: ,9.28751616,147.456,512.0
"Query KEY: K_9CECCA12BA49
Return only its VALUE.",0.511967232,['V_741C428FD941'],MB,62985.0,3472.0,62982,32,9287.51616,synthetic_kv_64k,511.967232,context_0000,0.9448757640708105,897679F7F30C,3472.0,Answer: ,9.28751616,147.456,512.0
"Query KEY: K_BE697BF75B57
Return only its VALUE.",0.511967232,['V_9387F8815F18'],MB,62985.0,3472.0,62982,32,9287.51616,synthetic_kv_64k,511.967232,context_0000,0.9448757640708105,8E6F96DA1BBC,3472.0,Answer: ,9.28751616,147.456,512.0
"Query KEY: K_4BF30C1D180E
Return only its VALUE.",0.511967232,['V_919A5A66219E'],MB,62985.0,3472.0,62982,32,9287.51616,synthetic_kv_64k,511.967232,context_0000,0.9448757640708105,627393CD5962,3472.0,Answer: ,9.28751616,147.456,512.0
"Query KEY: K_5253EC93E43D
Return only its VALUE.",0.511967232,['V_5D534905EB93'],MB,62985.0,3472.0,62982,32,9287.51616,synthetic_kv_64k,511.967232,context_0000,0.9448757640708105,8E6F96DA1DAC,3472.0,Answer: ,9.28751616,147.456,512.0
"Query KEY: K_59C8F92408C3
Return only its VALUE.",0.511967232,['V_528F274AC7A7'],MB,62985.0,3472.0,62982,32,9287.51616,synthetic_kv_64k,511.967232,context_0000,0.9448757640708105,58B9210C78D9,3472.0,Answer: ,9.28751616,147.456,512.0
"Query KEY: K_3BDC3CE75D1E
Return only its VALUE.",0.511967232,['V_E1BC2060917A'],MB,62985.0,3472.0,62982,32,9287.51616,synthetic_kv_64k,511.967232,context_0000,0.9448757640708105,627393CD59BF,3472.0,Answer: ,9.28751616,147.456,512.0
"Query KEY: K_BD4542AA0BC7
Return only its VALUE.",0.511967232,['V_690A2F3B2B18'],MB,62985.0,3472.0,62982,32,9287.51616,synthetic_kv_64k,511.967232,context_0000,0.9448757640708105, V_0858A58C5875,3472.0,Answer: ,9.28751616,147.456,512.0
"Query KEY: K_4BBF58065BAE
Return only its VALUE.",0.511967232,['V_E5985F775A7A'],MB,62985.0,3472.0,62982,32,9287.51616,synthetic_kv_64k,511.967232,context_0000,0.9448757640708105,627393268594,3472.0,Answer: ,9.28751616,147.456,512.0
"Query KEY: K_3E334D330569
Return only its VALUE.",0.511967232,['V_0CC2EBA18FA8'],MB,62985.0,3472.0,62982,32,9287.51616,synthetic_kv_64k,511.967232,context_0000,0.9448757640708105,658A58C58875,3472.0,Answer: ,9.28751616,147.456,512.0
"Query KEY: K_4FE651F9CD77
Return only its VALUE.",0.511967232,['V_9753B49875D0'],MB,62985.0,3472.0,62982,32,9287.51616,synthetic_kv_64k,511.967232,context_0000,0.9448757640708105,8E6F96DA1DAC,3472.0,Answer: ,9.28751616,147.456,512.0
"Query KEY: K_AD68712DD406
Return only its VALUE.",0.511967232,['V_3981B06BEFCA'],MB,62985.0,3472.0,62982,32,9287.51616,synthetic_kv_64k,511.967232,context_0000,0.9448757640708105,8E943CEDDF2D,3472.0,Answer: ,9.28751616,147.456,512.0
"Query KEY: K_F53DBB4CCB14
Return only its VALUE.",0.511967232,['V_1485E671D582'],MB,62985.0,3472.0,62982,32,9287.51616,synthetic_kv_64k,511.967232,context_0000,0.9448757640708105,897679F7F38C,3472.0,Answer: ,9.28751616,147.456,512.0
"Query KEY: K_3BD78D0BB6D7
Return only its VALUE.",0.511967232,['V_0CB24EDE79B6'],MB,62985.0,3472.0,62982,32,9287.51616,synthetic_kv_64k,511.967232,context_0000,0.9448757640708105,627393268590,3472.0,Answer: ,9.28751616,147.456,512.0
"Query KEY: K_70D3D743B5A8
Return only its VALUE.",0.511967232,['V_B6FC722B4439'],MB,62985.0,3472.0,62982,32,9287.51616,synthetic_kv_64k,511.967232,context_0000,0.9448757640708105,897654321098,3472.0,Answer: ,9.28751616,147.456,512.0
"Query KEY: K_A71917ACD7E9
Return only its VALUE.",0.511967232,['V_63EAA42D10F5'],MB,62985.0,3472.0,62982,32,9287.51616,synthetic_kv_64k,511.967232,context_0000,0.9448757640708105,8E9435901039,3472.0,Answer: ,9.28751616,147.456,512.0
"Query KEY: K_643447263C24
Return only its VALUE.",0.511967232,['V_2ACC05C5BF8D'],MB,62985.0,3472.0,62982,32,9287.51616,synthetic_kv_64k,511.967232,context_0000,0.9448757640708105,605EF87405CA,3472.0,Answer: ,9.28751616,147.456,512.0
"Query KEY: K_C9F1830481C2
Return only its VALUE.",0.511967232,['V_FB1E31C77A44'],MB,62985.0,3472.0,62982,32,9287.51616,synthetic_kv_64k,511.967232,context_0000,0.9448757640708105,897679F7F38C,3472.0,Answer: ,9.28751616,147.456,512.0
"Query KEY: K_1CB2F182CDF7
Return only its VALUE.",0.511967232,['V_CB8C5C6EBF5A'],MB,62985.0,3472.0,62982,32,9287.51616,synthetic_kv_64k,511.967232,context_0000,0.9448757640708105,897679F7F38C,3472.0,Answer: ,9.28751616,147.456,512.0
"Query KEY: K_DAF3DA92E740
Return only its VALUE.",0.511967232,['V_C5B05EA011CD'],MB,62985.0,3472.0,62982,32,9287.51616,synthetic_kv_64k,511.967232,context_0000,0.9448757640708105,627393CD5962,3472.0,Answer: ,9.28751616,147.456,512.0
"Query KEY: K_063D5F71DCC4
Return only its VALUE.",0.511967232,['V_B09948DED8BE'],MB,62985.0,3472.0,62982,32,9287.51616,synthetic_kv_64k,511.967232,context_0000,0.9448757640708105,58B9210C78D9,3472.0,Answer: ,9.28751616,147.456,512.0
"Query KEY: K_9DBD59F2674C
Return only its VALUE.",0.511967232,['V_E422FA3EFD03'],MB,62985.0,3472.0,62982,32,9287.51616,synthetic_kv_64k,511.967232,context_0000,0.9448757640708105,627393CD59BF,3472.0,Answer: ,9.28751616,147.456,512.0
"Query KEY: K_6E6F166CDD33
Return only its VALUE.",0.511967232,['V_D4CAFE1AD905'],MB,62985.0,3472.0,62982,32,9287.51616,synthetic_kv_64k,511.967232,context_0000,0.9448757640708105,605EF87405CA,3472.0,Answer: ,9.28751616,147.456,512.0
"Query KEY: K_E28FCDBE5548
Return only its VALUE.",0.511967232,['V_53DC49E3EB48'],MB,62985.0,3472.0,62982,32,9287.51616,synthetic_kv_64k,511.967232,context_0000,0.9448757640708105,8A3588555555,3472.0,Answer: ,9.28751616,147.456,512.0
"Query KEY: K_D411E57C5C02
Return only its VALUE.",0.511967232,['V_498B160934D1'],MB,62985.0,3472.0,62982,32,9287.51616,synthetic_kv_64k,511.967232,context_0000,0.9448757640708105, V_1F14B6DBBB2C,3472.0,Answer: ,9.28751616,147.456,512.0
"Query KEY: K_9B413531518A
Return only its VALUE.",0.511967232,['V_ABBBFC9454AE'],MB,62985.0,3472.0,62982,32,9287.51616,synthetic_kv_64k,511.967232,context_0000,0.9448757640708105,892310423A8E,3472.0,Answer: ,9.28751616,147.456,512.0
"Query KEY: K_C065C190B0CF
Return only its VALUE.",0.511967232,['V_036316A48BFA'],MB,62985.0,3472.0,62982,32,9287.51616,synthetic_kv_64k,511.967232,context_0000,0.9448757640708105, V_0A8016D50B84,3472.0,Answer: ,9.28751616,147.456,512.0
"Query KEY: K_8BF1EA16CE6E
Return only its VALUE.",0.511967232,['V_598B6A1D9731'],MB,62985.0,3472.0,62982,32,9287.51616,synthetic_kv_64k,511.967232,context_0000,0.9448757640708105,897679F7F38C,3472.0,Answer: ,9.28751616,147.456,512.0
"Query KEY: K_EC9A8E49D0F9
Return only its VALUE.",0.511967232,['V_6605230DA680'],MB,62985.0,3472.0,62982,32,9287.51616,synthetic_kv_64k,511.967232,context_0000,0.9448757640708105,8E943CED5962,3472.0,Answer: ,9.28751616,147.456,512.0
"Query KEY: K_943461BBA5FB
Return only its VALUE.",0.511967232,['V_FB2E8DCA3908'],MB,62985.0,3472.0,62982,32,9287.51616,synthetic_kv_64k,511.967232,context_0000,0.9448757640708105,892310423A8E,3472.0,Answer: ,9.28751616,147.456,512.0
"Query KEY: K_9A9ED3850240
Return only its VALUE.",0.511967232,['V_FCFA4DCD5534'],MB,62985.0,3472.0,62982,32,9287.51616,synthetic_kv_64k,511.967232,context_0000,0.9448757640708105,8E6261A95ED3,3472.0,Answer: ,9.28751616,147.456,512.0
"Query KEY: K_72F476A4C79B
Return only its VALUE.",0.511967232,['V_4EDC00A0586E'],MB,62985.0,3472.0,62982,32,9287.51616,synthetic_kv_64k,511.967232,context_0000,0.9448757640708105,897679F58C5E,3472.0,Answer: ,9.28751616,147.456,512.0
"Query KEY: K_99AF433ECD2C
Return only its VALUE.",0.511967232,['V_3F9478F8755F'],MB,62985.0,3472.0,62982,32,9287.51616,synthetic_kv_64k,511.967232,context_0000,0.9448757640708105,897679F7F38C,3472.0,Answer: ,9.28751616,147.456,512.0
"Query KEY: K_934BE4871AB3
Return only its VALUE.",0.511967232,['V_5BD66ACAC954'],MB,62985.0,3472.0,62982,32,9287.51616,synthetic_kv_64k,511.967232,context_0000,0.9448757640708105,627393CD5962,3472.0,Answer: ,9.28751616,147.456,512.0
"Query KEY: K_0E903EA7F419
Return only its VALUE.",0.511967232,['V_FC7146F7B20A'],MB,62985.0,3472.0,62982,32,9287.51616,synthetic_kv_64k,511.967232,context_0000,0.9448757640708105,19A6385E688A,3472.0,Answer: ,9.28751616,147.456,512.0
"Query KEY: K_B938BEDD62A7
Return only its VALUE.",0.511967232,['V_F60294C0B9E0'],MB,62985.0,3472.0,62982,32,9287.51616,synthetic_kv_64k,511.967232,context_0000,0.9448757640708105,8E62605E688A,3472.0,Answer: ,9.28751616,147.456,512.0
"Query KEY: K_DF4490C97F00
Return only its VALUE.",0.511967232,['V_840CDE4BEB12'],MB,62985.0,3472.0,62982,32,9287.51616,synthetic_kv_64k,511.967232,context_0000,0.9448757640708105,19AC0EA2622B,3472.0,Answer: ,9.28751616,147.456,512.0
"Query KEY: K_BF141E9D095B
Return only its VALUE.",0.511967232,['V_08FB93447B2F'],MB,62985.0,3472.0,62982,32,9287.51616,synthetic_kv_64k,511.967232,context_0000,0.9448757640708105,892310423A8E,3472.0,Answer: ,9.28751616,147.456,512.0
"Query KEY: K_84E2D864465A
Return only its VALUE.",0.511967232,['V_4AD20EFA8993'],MB,62985.0,3472.0,62982,32,9287.51616,synthetic_kv_64k,511.967232,context_0000,0.9448757640708105,897679F58875,3472.0,Answer: ,9.28751616,147.456,512.0
"Query KEY: K_EC0D51D69F11
Return only its VALUE.",0.511967232,['V_B6FB22AFF503'],MB,62985.0,3472.0,62982,32,9287.51616,synthetic_kv_64k,511.967232,context_0000,0.9448757640708105, V_0A8D8423588A,3472.0,Answer: ,9.28751616,147.456,512.0
"Query KEY: K_1B1429CE9BFA
Return only its VALUE.",0.511967232,['V_B8EA45CDB96B'],MB,62985.0,3472.0,62982,32,9287.51616,synthetic_kv_64k,511.967232,context_0000,0.9448757640708105,52F5D83333C3,3472.0,Answer: ,9.28751616,147.456,512.0
"Query KEY: K_18F15B21C9F0
Return only its VALUE.",0.511967232,['V_95544A34041E'],MB,62985.0,3472.0,62982,32,9287.51616,synthetic_kv_64k,511.967232,context_0000,0.9448757640708105,19E6C1A95EE2,3472.0,Answer: ,9.28751616,147.456,512.0
"Query KEY: K_2755EFB278FD
Return only its VALUE.",0.511967232,['V_633B838CC137'],MB,62985.0,3472.0,62982,32,9287.51616,synthetic_kv_64k,511.967232,context_0000,0.9448757640708105,29953F8D4037,3472.0,Answer: ,9.28751616,147.456,512.0
"Query KEY: K_5592C0AC430A
Return only its VALUE.",0.511967232,['V_A52C8B30BB4C'],MB,62985.0,3472.0,62982,32,9287.51616,synthetic_kv_64k,511.967232,context_0000,0.9448757640708105,5008331165E0,3472.0,Answer: ,9.28751616,147.456,512.0
"Query KEY: K_A1E6DF586EFF
Return only its VALUE.",0.511967232,['V_8AFC4D131338'],MB,62985.0,3472.0,62982,32,9287.51616,synthetic_kv_64k,511.967232,context_0000,0.9448757640708105,8D423A8D4037,3472.0,Answer: ,9.28751616,147.456,512.0
"Query KEY: K_B99CB0377C52
Return only its VALUE.",0.511967232,['V_B408947DEFCF'],MB,62985.0,3472.0,62982,32,9287.51616,synthetic_kv_64k,511.967232,context_0000,0.9448757640708105, V_085480E1BE4D,3472.0,Answer: ,9.28751616,147.456,512.0
"Query KEY: K_4995D2C4C286
Return only its VALUE.",0.511967232,['V_461E034D42FD'],MB,62985.0,3472.0,62982,32,9287.51616,synthetic_kv_64k,511.967232,context_0000,0.9448757640708105,895390888888,3472.0,Answer: ,9.28751616,147.456,512.0
"Query KEY: K_901584A6D693
Return only its VALUE.",0.511967232,['V_D2F07C2257A0'],MB,62985.0,3472.0,62982,32,9287.51616,synthetic_kv_64k,511.967232,context_0000,0.9448757640708105,892310423A8E,3472.0,Answer: ,9.28751616,147.456,512.0
"Query KEY: K_5378E92966BE
Return only its VALUE.",0.511967232,['V_6F8D1A380E8E'],MB,62985.0,3472.0,62982,32,9287.51616,synthetic_kv_64k,511.967232,context_0000,0.9448757640708105,5BD6949ACA4C,3472.0,Answer: ,9.28751616,147.456,512.0
"Query KEY: K_D5AE1D2CEC89
Return only its VALUE.",0.511967232,['V_3BAE138EF8CC'],MB,62985.0,3472.0,62982,32,9287.51616,synthetic_kv_64k,511.967232,context_0000,0.9448757640708105,892310423A8E,3472.0,Answer: ,9.28751616,147.456,512.0
"Query KEY: K_4330D19FCF31
Return only its VALUE.",0.511967232,['V_08E5EC6494E0'],MB,62985.0,3472.0,62982,32,9287.51616,synthetic_kv_64k,511.967232,context_0000,0.9448757640708105,656310423A8E,3472.0,Answer: ,9.28751616,147.456,512.0
"Query KEY: K_B2487AC1B4F9
Return only its VALUE.",0.511967232,['V_472C5CD14B22'],MB,62985.0,3472.0,62982,32,9287.51616,synthetic_kv_64k,511.967232,context_0000,0.9448757640708105,897679F7F38C,3472.0,Answer: ,9.28751616,147.456,512.0
"Query KEY: K_E245D12972D3
Return only its VALUE.",0.511967232,['V_582B57904515'],MB,62985.0,3472.0,62982,32,9287.51616,synthetic_kv_64k,511.967232,context_0000,0.9448757640708105, V_52F5D83333C3,3472.0,Answer: ,9.28751616,147.456,512.0
"Query KEY: K_9BFFB5BBABCE
Return only its VALUE.",0.511967232,['V_3CB8D087EDCB'],MB,62985.0,3472.0,62982,32,9287.51616,synthetic_kv_64k,511.967232,context_0000,0.9448757640708105,897679F7F38C,3472.0,Answer: ,9.28751616,147.456,512.0
"Query KEY: K_41E638EC71AA
Return only its VALUE.",0.511967232,['V_9D673A00C83E'],MB,62985.0,3472.0,62982,32,9287.51616,synthetic_kv_64k,511.967232,context_0000,0.9448757640708105,892310423A8E,3472.0,Answer: ,9.28751616,147.456,512.0
"Query KEY: K_6B7020168E6D
Return only its VALUE.",0.511967232,['V_D980141F746E'],MB,62985.0,3472.0,62982,32,9287.51616,synthetic_kv_64k,511.967232,context_0000,0.9448757640708105,605EF87405CA,3472.0,Answer: ,9.28751616,147.456,512.0
"Query KEY: K_3933C8B62C18
Return only its VALUE.",0.511967232,['V_09A013E675FD'],MB,62985.0,3472.0,62982,32,9287.51616,synthetic_kv_64k,511.967232,context_0000,0.9448757640708105,8E6F96DA1DAC,3472.0,Answer: ,9.28751616,147.456,512.0
"Query KEY: K_F7F0C6523C3D
Return only its VALUE.",0.511967232,['V_DCCCC1E0A4A1'],MB,62985.0,3472.0,62982,32,9287.51616,synthetic_kv_64k,511.967232,context_0000,0.9448757640708105,897679F7F38C,3472.0,Answer: ,9.28751616,147.456,512.0
"Query KEY: K_64880AE263E0
Return only its VALUE.",0.511967232,['V_10CA1B99EB83'],MB,62985.0,3472.0,62982,32,9287.51616,synthetic_kv_64k,511.967232,context_0000,0.9448757640708105,621488658842,3472.0,Answer: ,9.28751616,147.456,512.0
"Query KEY: K_F02B0F2C01B7
Return only its VALUE.",0.511967232,['V_162840C56CF6'],MB,62985.0,3472.0,62982,32,9287.51616,synthetic_kv_64k,511.967232,context_0000,0.9448757640708105,892310423A8E,3472.0,Answer: ,9.28751616,147.456,512.0
"Query KEY: K_9A7110F59651
Return only its VALUE.",0.511967232,['V_0542AAE6F1A1'],MB,62985.0,3472.0,62982,32,9287.51616,synthetic_kv_64k,511.967232,context_0000,0.9448757640708105,627393555555,3472.0,Answer: ,9.28751616,147.456,512.0
"Query KEY: K_3168C12A34F4
Return only its VALUE.",0.511967232,['V_3F61C8497436'],MB,62985.0,3472.0,62982,32,9287.51616,synthetic_kv_64k,511.967232,context_0000,0.9448757640708105,605EF87405CA,3472.0,Answer: ,9.28751616,147.456,512.0
"Query KEY: K_6669E6B36561
Return only its VALUE.",0.511967232,['V_0EFB59FE1C45'],MB,62985.0,3472.0,62982,32,9287.51616,synthetic_kv_64k,511.967232,context_0000,0.9448757640708105,605EF87405CA,3472.0,Answer: ,9.28751616,147.456,512.0
"Query KEY: K_4A86173D5030
Return only its VALUE.",0.511967232,['V_8E04F11CC0A4'],MB,62985.0,3472.0,62982,32,9287.51616,synthetic_kv_64k,511.967232,context_0000,0.9448757640708105,628548845864,3472.0,Answer: ,9.28751616,147.456,512.0
"Query KEY: K_B453590BD0C6
Return only its VALUE.",0.511967232,['V_22FD91FAF1C7'],MB,62985.0,3472.0,62982,32,9287.51616,synthetic_kv_64k,511.967232,context_0000,0.9448757640708105,6273947675C5,3472.0,Answer: ,9.28751616,147.456,512.0
"Query KEY: K_57F24827C440
Return only its VALUE.",0.511967232,['V_023789811F35'],MB,62985.0,3472.0,62982,32,9287.51616,synthetic_kv_64k,511.967232,context_0000,0.9448757640708105,585288888888,3472.0,Answer: ,9.28751616,147.456,512.0
"Query KEY: K_F30DB52F80C9
Return only its VALUE.",0.511967232,['V_5EC896E1A522'],MB,62985.0,3472.0,62982,32,9287.51616,synthetic_kv_64k,511.967232,context_0000,0.9448757640708105,897679F7F38C,3472.0,Answer: ,9.28751616,147.456,512.0
"Query KEY: K_36F3F52EF4A6
Return only its VALUE.",0.511967232,['V_D922612E73C7'],MB,62985.0,3472.0,62982,32,9287.51616,synthetic_kv_64k,511.967232,context_0000,0.9448757640708105,6A179F310FFF,3472.0,Answer: ,9.28751616,147.456,512.0
"Query KEY: K_D0AE3A40FE39
Return only its VALUE.",0.511967232,['V_A0E9FC0F94CD'],MB,62985.0,3472.0,62982,32,9287.51616,synthetic_kv_64k,511.967232,context_0000,0.9448757640708105,8E6F96DA1DAC,3472.0,Answer: ,9.28751616,147.456,512.0
"Query KEY: K_EE8A1FA54251
Return only its VALUE.",0.511967232,['V_FDDB22CB2720'],MB,62985.0,3472.0,62982,32,9287.51616,synthetic_kv_64k,511.967232,context_0000,0.9448757640708105,627393295543,3472.0,Answer: ,9.28751616,147.456,512.0
"Query KEY: K_B8F5C3245E35
Return only its VALUE.",0.511967232,['V_9398B4693EC4'],MB,62985.0,3472.0,62982,32,9287.51616,synthetic_kv_64k,511.967232,context_0000,0.9448757640708105,8E6F96DA1DAC,3472.0,Answer: ,9.28751616,147.456,512.0
"Query KEY: K_2A1C0A6552A5
Return only its VALUE.",0.511967232,['V_FCC753FF5F1F'],MB,62985.0,3472.0,62982,32,9287.51616,synthetic_kv_64k,511.967232,context_0000,0.9448757640708105,892310423A8E,3472.0,Answer: ,9.28751616,147.456,512.0
"Query KEY: K_C5021D9FFF25
Return only its VALUE.",0.511967232,['V_E9F4489AC27E'],MB,62985.0,3472.0,62982,32,9287.51616,synthetic_kv_64k,511.967232,context_0000,0.9448757640708105, V_0A8D8873BC0D,3472.0,Answer: ,9.28751616,147.456,512.0
"Query KEY: K_73A571A71782
Return only its VALUE.",0.511967232,['V_D0878DCD6E9B'],MB,62985.0,3472.0,62982,32,9287.51616,synthetic_kv_64k,511.967232,context_0000,0.9448757640708105,658A58C58875,3472.0,Answer: ,9.28751616,147.456,512.0
"Query KEY: K_DB1DDAF93E99
Return only its VALUE.",0.511967232,['V_BC21ADDB8943'],MB,62985.0,3472.0,62982,32,9287.51616,synthetic_kv_64k,511.967232,context_0000,0.9448757640708105,627394556665,3472.0,Answer: ,9.28751616,147.456,512.0
"Query KEY: K_068B2DE66D5B
Return only its VALUE.",0.511967232,['V_CAF01AEC8B70'],MB,62985.0,3472.0,62982,32,9287.51616,synthetic_kv_64k,511.967232,context_0000,0.9448757640708105,897679F5884E,3472.0,Answer: ,9.28751616,147.456,512.0
"Query KEY: K_3D0A15C2F297
Return only its VALUE.",0.511967232,['V_CA2424B3BC8E'],MB,62985.0,3472.0,62982,32,9287.51616,synthetic_kv_64k,511.967232,context_0000,0.9448757640708105,627393CD59BF,3472.0,Answer: ,9.28751616,147.456,512.0
"Query KEY: K_5662FA549893
Return only its VALUE.",0.511967232,['V_BA381090DC9D'],MB,62985.0,3472.0,62982,32,9287.51616,synthetic_kv_64k,511.967232,context_0000,0.9448757640708105,5218D30BEF65,3472.0,Answer: ,9.28751616,147.456,512.0
"Query KEY: K_65EEF9A732DC
Return only its VALUE.",0.511967232,['V_668856B09052'],MB,62985.0,3472.0,62982,32,9287.51616,synthetic_kv_64k,511.967232,context_0000,0.9448757640708105,605EF87405CA,3472.0,Answer: ,9.28751616,147.456,512.0
"Query KEY: K_CEFEFD9BFAF3
Return only its VALUE.",0.511967232,['V_773A1F6D5768'],MB,62985.0,3472.0,62982,32,9287.51616,synthetic_kv_64k,511.967232,context_0000,0.9448757640708105,8E6F96DA1DAC,3472.0,Answer: ,9.28751616,147.456,512.0
"Query KEY: K_D972D68E51F0
Return only its VALUE.",0.511967232,['V_FF8BB9A6BD75'],MB,62985.0,3472.0,62982,32,9287.51616,synthetic_kv_64k,511.967232,context_0000,0.9448757640708105, V_085480E1BE4D,3472.0,Answer: ,9.28751616,147.456,512.0
"Query KEY: K_B6526675D5E2
Return only its VALUE.",0.511967232,['V_4B7447656069'],MB,62985.0,3472.0,62982,32,9287.51616,synthetic_kv_64k,511.967232,context_0000,0.9448757640708105,897658234106,3472.0,Answer: ,9.28751616,147.456,512.0
"Query KEY: K_E8C5C49B9E62
Return only its VALUE.",0.511967232,['V_3E8F1BA84A91'],MB,62985.0,3472.0,62982,32,9287.51616,synthetic_kv_64k,511.967232,context_0000,0.9448757640708105,8E6F96DA1DAC,3472.0,Answer: ,9.28751616,147.456,512.0
"Query KEY: K_FA8A402D35E8
Return only its VALUE.",0.511967232,['V_762E7F4D55B9'],MB,62985.0,3472.0,62982,32,9287.51616,synthetic_kv_64k,511.967232,context_0000,0.9448757640708105,8E6F96DA1DAC,3472.0,Answer: ,9.28751616,147.456,512.0
"Query KEY: K_0F372275B1E2
Return only its VALUE.",0.511967232,['V_FF0B11776F21'],MB,62985.0,3472.0,62982,32,9287.51616,synthetic_kv_64k,511.967232,context_0000,0.9448757640708105,892310423A8E,3472.0,Answer: ,9.28751616,147.456,512.0
"Query KEY: K_0DB2AD987301
Return only its VALUE.",0.511967232,['V_5BB2F8D9BF33'],MB,62985.0,3472.0,62982,32,9287.51616,synthetic_kv_64k,511.967232,context_0000,0.9448757640708105,1E24A18FF6B6,3472.0,Answer: ,9.28751616,147.456,512.0
"Query KEY: K_A766ADE05648
Return only its VALUE.",0.511967232,['V_9B022719BFDB'],MB,62985.0,3472.0,62982,32,9287.51616,synthetic_kv_64k,511.967232,context_0000,0.9448757640708105,8E943CED5962,3472.0,Answer: ,9.28751616,147.456,512.0
"Query KEY: K_FC00C47F9B05
Return only its VALUE.",0.511967232,['V_EE9ACAF07226'],MB,62985.0,3472.0,62982,32,9287.51616,synthetic_kv_64k,511.967232,context_0000,0.9448757640708105, V_0A0C78D5884E,3472.0,Answer: ,9.28751616,147.456,512.0
"Query KEY: K_964D33B1CCA4
Return only its VALUE.",0.511967232,['V_FEECA97EF131'],MB,62985.0,3472.0,62982,32,9287.51616,synthetic_kv_64k,511.967232,context_0000,0.9448757640708105,897679F7F38C,3472.0,Answer: ,9.28751616,147.456,512.0
"Query KEY: K_090C8BEF4A76
Return only its VALUE.",0.511967232,['V_3CFFEA3973FF'],MB,62985.0,3472.0,62982,32,9287.51616,synthetic_kv_64k,511.967232,context_0000,0.9448757640708105,627393CD59BF,3472.0,Answer: ,9.28751616,147.456,512.0
"Query KEY: K_E67562359144
Return only its VALUE.",0.511967232,['V_E296605797CF'],MB,62985.0,3472.0,62982,32,9287.51616,synthetic_kv_64k,511.967232,context_0000,0.9448757640708105,192345678901,3472.0,Answer: ,9.28751616,147.456,512.0
"Query KEY: K_126C75AC0819
Return only its VALUE.",0.511967232,['V_5A8E08697FFA'],MB,62985.0,3472.0,62982,32,9287.51616,synthetic_kv_64k,511.967232,context_0000,0.9448757640708105,897658358890,3472.0,Answer: ,9.28751616,147.456,512.0
"Query KEY: K_540AB4C04BDF
Return only its VALUE.",0.511967232,['V_DC827DD19B8F'],MB,62985.0,3472.0,62982,32,9287.51616,synthetic_kv_64k,511.967232,context_0000,0.9448757640708105,897679F58875,3472.0,Answer: ,9.28751616,147.456,512.0
"Query KEY: K_9FFA226DD24F
Return only its VALUE.",0.511967232,['V_C735B739A28A'],MB,62985.0,3472.0,62982,32,9287.51616,synthetic_kv_64k,511.967232,context_0000,0.9448757640708105,892310423A8E,3472.0,Answer: ,9.28751616,147.456,512.0
"Query KEY: K_FB29ACCE693E
Return only its VALUE.",0.511967232,['V_F08C927C5EA7'],MB,62985.0,3472.0,62982,32,9287.51616,synthetic_kv_64k,511.967232,context_0000,0.9448757640708105,892310423A8E,3472.0,Answer: ,9.28751616,147.456,512.0
"Query KEY: K_5007DAB6C73D
Return only its VALUE.",0.511967232,['V_1C8981B61C87'],MB,62985.0,3472.0,62982,32,9287.51616,synthetic_kv_64k,511.967232,context_0000,0.9448757640708105,89576543210A,3472.0,Answer: ,9.28751616,147.456,512.0
"Query KEY: K_86DB6431CBBE
Return only its VALUE.",0.511967232,['V_C16EF88AFC64'],MB,62985.0,3472.0,62982,32,9287.51616,synthetic_kv_64k,511.967232,context_0000,0.9448757640708105,897679F5A82A,3472.0,Answer: ,9.28751616,147.456,512.0
"Query KEY: K_91A1FA4FFBA8
Return only its VALUE.",0.511967232,['V_1F72520B28F6'],MB,62985.0,3472.0,62982,32,9287.51616,synthetic_kv_64k,511.967232,context_0000,0.9448757640708105,892310423A8E,3472.0,Answer: ,9.28751616,147.456,512.0
"Query KEY: K_41A30B8CE21F
Return only its VALUE.",0.511967232,['V_BB9AD6415102'],MB,62985.0,3472.0,62982,32,9287.51616,synthetic_kv_64k,511.967232,context_0000,0.9448757640708105, V_048D858C358A,3472.0,Answer: ,9.28751616,147.456,512.0
"Query KEY: K_C2DA575C9669
Return only its VALUE.",0.511967232,['V_DB3618EBEED7'],MB,62985.0,3472.0,62982,32,9287.51616,synthetic_kv_64k,511.967232,context_0000,0.9448757640708105,199812345678,3472.0,Answer: ,9.28751616,147.456,512.0
"Query KEY: K_D2E85B7C57E8
Return only its VALUE.",0.511967232,['V_1CE659ECC846'],MB,62985.0,3472.0,62982,32,9287.51616,synthetic_kv_64k,511.967232,context_0000,0.9448757640708105,627393595856,3472.0,Answer: ,9.28751616,147.456,512.0
"Query KEY: K_7D0BA9470663
Return only its VALUE.",0.511967232,['V_78203F63A065'],MB,62985.0,3472.0,62982,32,9287.51616,synthetic_kv_64k,511.967232,context_0000,0.9448757640708105,627393CD59BF,3472.0,Answer: ,9.28751616,147.456,512.0
"Query KEY: K_9FCBA5E8C198
Return only its VALUE.",0.511967232,['V_2B7D97B027CE'],MB,62985.0,3472.0,62982,32,9287.51616,synthetic_kv_64k,511.967232,context_0000,0.9448757640708105,897679F7F30C,3472.0,Answer: ,9.28751616,147.456,512.0
"Query KEY: K_3A9B4E0EBE2E
Return only its VALUE.",0.511967232,['V_56ED566C93CC'],MB,62985.0,3472.0,62982,32,9287.51616,synthetic_kv_64k,511.967232,context_0000,0.9448757640708105,627393CD5962,3472.0,Answer: ,9.28751616,147.456,512.0
"Query KEY: K_1323537C64B0
Return only its VALUE.",0.511967232,['V_D84EDD05B827'],MB,62985.0,3472.0,62982,32,9287.51616,synthetic_kv_64k,511.967232,context_0000,0.9448757640708105,19A34235887C,3472.0,Answer: ,9.28751616,147.456,512.0
"Query KEY: K_D7A3E6C2CBB7
Return only its VALUE.",0.511967232,['V_0A72444122A5'],MB,62985.0,3472.0,62982,32,9287.51616,synthetic_kv_64k,511.967232,context_0000,0.9448757640708105,897679F7F38C,3472.0,Answer: ,9.28751616,147.456,512.0
"Query KEY: K_F07CB22A55A6
Return only its VALUE.",0.511967232,['V_0B6296867676'],MB,62985.0,3472.0,62982,32,9287.51616,synthetic_kv_64k,511.967232,context_0000,0.9448757640708105,897679F7F38C,3472.0,Answer: ,9.28751616,147.456,512.0
"Query KEY: K_A20EFC5B14BD
Return only its VALUE.",0.511967232,['V_A51463EAC0A1'],MB,62985.0,3472.0,62982,32,9287.51616,synthetic_kv_64k,511.967232,context_0000,0.9448757640708105,8E943CEDDF2D,3472.0,Answer: ,9.28751616,147.456,512.0
"Query KEY: K_32099291E493
Return only its VALUE.",0.511967232,['V_FA0ACEEE7D65'],MB,62985.0,3472.0,62982,32,9287.51616,synthetic_kv_64k,511.967232,context_0000,0.9448757640708105,6A179F310FFF,3472.0,Answer: ,9.28751616,147.456,512.0
"Query KEY: K_696CACD4180A
Return only its VALUE.",0.511967232,['V_FE535601F6A5'],MB,62985.0,3472.0,62982,32,9287.51616,synthetic_kv_64k,511.967232,context_0000,0.9448757640708105,897679F7F38C,3472.0,Answer: ,9.28751616,147.456,512.0
"Query KEY: K_555056EC0E55
Return only its VALUE.",0.511967232,['V_995A9D655C03'],MB,62985.0,3472.0,62982,32,9287.51616,synthetic_kv_64k,511.967232,context_0000,0.9448757640708105,52F5D83333C3,3472.0,Answer: ,9.28751616,147.456,512.0
"Query KEY: K_674C6F9D1D74
Return only its VALUE.",0.511967232,['V_2690C982A300'],MB,62985.0,3472.0,62982,32,9287.51616,synthetic_kv_64k,511.967232,context_0000,0.9448757640708105,697679F7F38C,3472.0,Answer: ,9.28751616,147.456,512.0
"Query KEY: K_6D9B892C6B33
Return only its VALUE.",0.511967232,['V_87C249902258'],MB,62985.0,3472.0,62982,32,9287.51616,synthetic_kv_64k,511.967232,context_0000,0.9448757640708105,621485605864,3472.0,Answer: ,9.28751616,147.456,512.0
"Query KEY: K_983A0C2B03E4
Return only its VALUE.",0.511967232,['V_8BF6563B04FA'],MB,62985.0,3472.0,62982,32,9287.51616,synthetic_kv_64k,511.967232,context_0000,0.9448757640708105,897654321098,3472.0,Answer: ,9.28751616,147.456,512.0
"Query KEY: K_DAAD79AB3018
Return only its VALUE.",0.511967232,['V_B1D335B1773C'],MB,62985.0,3472.0,62982,32,9287.51616,synthetic_kv_64k,511.967232,context_0000,0.9448757640708105,19AC0EA2622B,3472.0,Answer: ,9.28751616,147.456,512.0
"Query KEY: K_2740CBAFD542
Return only its VALUE.",0.511967232,['V_998DCDDB3F9E'],MB,62985.0,3472.0,62982,32,9287.51616,synthetic_kv_64k,511.967232,context_0000,0.9448757640708105,897658354861,3472.0,Answer: ,9.28751616,147.456,512.0
"Query KEY: K_A06F8A3A0129
Return only its VALUE.",0.511967232,['V_D42033383EC9'],MB,62985.0,3472.0,62982,32,9287.51616,synthetic_kv_64k,511.967232,context_0000,0.9448757640708105,897679008423,3472.0,Answer: ,9.28751616,147.456,512.0
"Query KEY: K_80A566FD3215
Return only its VALUE.",0.511967232,['V_5F82DCDA8CC1'],MB,62985.0,3472.0,62982,32,9287.51616,synthetic_kv_64k,511.967232,context_0000,0.9448757640708105,897679F58875,3472.0,Answer: ,9.28751616,147.456,512.0
"Query KEY: K_FF9793AC009A
Return only its VALUE.",0.511967232,['V_892E77A0AA7F'],MB,62985.0,3472.0,62982,32,9287.51616,synthetic_kv_64k,511.967232,context_0000,0.9448757640708105,658A55539A50,3472.0,Answer: ,9.28751616,147.456,512.0
"Query KEY: K_1EA8A0733E57
Return only its VALUE.",0.511967232,['V_66BB85B375AA'],MB,62985.0,3472.0,62982,32,9287.51616,synthetic_kv_64k,511.967232,context_0000,0.9448757640708105,892310423A8E,3472.0,Answer: ,9.28751616,147.456,512.0
"Query KEY: K_ECCB5D411AC5
Return only its VALUE.",0.511967232,['V_7B1225D287D0'],MB,62985.0,3472.0,62982,32,9287.51616,synthetic_kv_64k,511.967232,context_0000,0.9448757640708105, V_96F4338AEA2D,3472.0,Answer: ,9.28751616,147.456,512.0
"Query KEY: K_D20D6F75A3B2
Return only its VALUE.",0.511967232,['V_88AB69958FD1'],MB,62985.0,3472.0,62982,32,9287.51616,synthetic_kv_64k,511.967232,context_0000,0.9448757640708105, V_1F14B6DBB71A,3472.0,Answer: ,9.28751616,147.456,512.0
"Query KEY: K_92F7D2DEB47D
Return only its VALUE.",0.511967232,['V_5238A5630D3A'],MB,62985.0,3472.0,62982,32,9287.51616,synthetic_kv_64k,511.967232,context_0000,0.9448757640708105,627394767076,3472.0,Answer: ,9.28751616,147.456,512.0
"Query KEY: K_78E699EA5BBD
Return only its VALUE.",0.511967232,['V_7A1A67E6D49A'],MB,62985.0,3472.0,62982,32,9287.51616,synthetic_kv_64k,511.967232,context_0000,0.9448757640708105,58B9210C78D9,3472.0,Answer: ,9.28751616,147.456,512.0
"Query KEY: K_4CC71D122CCF
Return only its VALUE.",0.511967232,['V_0E2F31216863'],MB,62985.0,3472.0,62982,32,9287.51616,synthetic_kv_64k,511.967232,context_0000,0.9448757640708105, V_0A0C78D56F5,3472.0,Answer: ,9.28751616,147.456,512.0
"Query KEY: K_9EFFD3C544A3
Return only its VALUE.",0.511967232,['V_F88476D32B96'],MB,62985.0,3472.0,62982,32,9287.51616,synthetic_kv_64k,511.967232,context_0000,0.9448757640708105,897679F7F38C,3472.0,Answer: ,9.28751616,147.456,512.0
"Query KEY: K_D8126FA6681C
Return only its VALUE.",0.511967232,['V_676B097913A0'],MB,62985.0,3472.0,62982,32,9287.51616,synthetic_kv_64k,511.967232,context_0000,0.9448757640708105,895748623A8E,3472.0,Answer: ,9.28751616,147.456,512.0
"Query KEY: K_8BA028CBB7CA
Return only its VALUE.",0.511967232,['V_0EEB22ED1E25'],MB,62985.0,3472.0,62982,32,9287.51616,synthetic_kv_64k,511.967232,context_0000,0.9448757640708105,897679F5AC71,3472.0,Answer: ,9.28751616,147.456,512.0
"Query KEY: K_8E38CDB4ADAB
Return only its VALUE.",0.511967232,['V_159FDA3ED15A'],MB,62985.0,3472.0,62982,32,9287.51616,synthetic_kv_64k,511.967232,context_0000,0.9448757640708105,896888888888,3472.0,Answer: ,9.28751616,147.456,512.0
"Query KEY: K_1C530518BD4D
Return only its VALUE.",0.511967232,['V_A0B8157C6813'],MB,62985.0,3472.0,62982,32,9287.51616,synthetic_kv_64k,511.967232,context_0000,0.9448757640708105,19AC0EA2622B,3472.0,Answer: ,9.28751616,147.456,512.0
"Query KEY: K_98909A0270DA
Return only its VALUE.",0.511967232,['V_208DDDFEF849'],MB,62985.0,3472.0,62982,32,9287.51616,synthetic_kv_64k,511.967232,context_0000,0.9448757640708105,895668858888,3472.0,Answer: ,9.28751616,147.456,512.0
"Query KEY: K_CB35171E5028
Return only its VALUE.",0.511967232,['V_78DA23FBC01F'],MB,62985.0,3472.0,62982,32,9287.51616,synthetic_kv_64k,511.967232,context_0000,0.9448757640708105, V_085480E1BE4D,3472.0,Answer: ,9.28751616,147.456,512.0
"Query KEY: K_3DC4EED4DB89
Return only its VALUE.",0.511967232,['V_FE2E40767E21'],MB,62985.0,3472.0,62982,32,9287.51616,synthetic_kv_64k,511.967232,context_0000,0.9448757640708105,627393CD5962,3472.0,Answer: ,9.28751616,147.456,512.0
"Query KEY: K_2E35E272D7CA
Return only its VALUE.",0.511967232,['V_A077CE830E27'],MB,62985.0,3472.0,62982,32,9287.51616,synthetic_kv_64k,511.967232,context_0000,0.9448757640708105,8E6F96DA1DAC,3472.0,Answer: ,9.28751616,147.456,512.0
"Query KEY: K_6F9E6C412493
Return only its VALUE.",0.511967232,['V_36B024EF65A7'],MB,62985.0,3472.0,62982,32,9287.51616,synthetic_kv_64k,511.967232,context_0000,0.9448757640708105,627393CD5962,3472.0,Answer: ,9.28751616,147.456,512.0
"Query KEY: K_6D9F2CD6E8DF
Return only its VALUE.",0.511967232,['V_8C91F84CE7A9'],MB,62985.0,3472.0,62982,32,9287.51616,synthetic_kv_64k,511.967232,context_0000,0.9448757640708105,8E6F96DA1DAC,3472.0,Answer: ,9.28751616,147.456,512.0
"Query KEY: K_D116708175FD
Return only its VALUE.",0.511967232,['V_1CA296E83922'],MB,62985.0,3472.0,62982,32,9287.51616,synthetic_kv_64k,511.967232,context_0000,0.9448757640708105, V_1F14B6DBBB2C,3472.0,Answer: ,9.28751616,147.456,512.0
"Query KEY: K_39D6F2DEB798
Return only its VALUE.",0.511967232,['V_F3206C7CEEB7'],MB,62985.0,3472.0,62982,32,9287.51616,synthetic_kv_64k,511.967232,context_0000,0.9448757640708105,199812345678,3472.0,Answer: ,9.28751616,147.456,512.0
"Query KEY: K_7E21AEC7F267
Return only its VALUE.",0.511967232,['V_8E33F69BD596'],MB,62985.0,3472.0,62982,32,9287.51616,synthetic_kv_64k,511.967232,context_0000,0.9448757640708105,8E6F96DA1DAC,3472.0,Answer: ,9.28751616,147.456,512.0
"Query KEY: K_4A31EFDD6A87
Return only its VALUE.",0.511967232,['V_F3505CED7017'],MB,62985.0,3472.0,62982,32,9287.51616,synthetic_kv_64k,511.967232,context_0000,0.9448757640708105,895748856234,3472.0,Answer: ,9.28751616,147.456,512.0
"Query KEY: K_BC48B7363AD9
Return only its VALUE.",0.511967232,['V_9DC8D2450039'],MB,62985.0,3472.0,62982,32,9287.51616,synthetic_kv_64k,511.967232,context_0000,0.9448757640708105, V_0858A5C58875,3472.0,Answer: ,9.28751616,147.456,512.0
"Query KEY: K_11D29B16ACB8
Return only its VALUE.",0.511967232,['V_1BFEF0DB6ECB'],MB,62985.0,3472.0,62982,32,9287.51616,synthetic_kv_64k,511.967232,context_0000,0.9448757640708105,892310423A8E,3472.0,Answer: ,9.28751616,147.456,512.0
"Query KEY: K_81863D5B6535
Return only its VALUE.",0.511967232,['V_C4F68D7F9371'],MB,62985.0,3472.0,62982,32,9287.51616,synthetic_kv_64k,511.967232,context_0000,0.9448757640708105,897679F58875,3472.0,Answer: ,9.28751616,147.456,512.0
"Query KEY: K_7907DDF0A0A2
Return only its VALUE.",0.511967232,['V_E282DB8EC35B'],MB,62985.0,3472.0,62982,32,9287.51616,synthetic_kv_64k,511.967232,context_0000,0.9448757640708105,5BD6949ACA4D,3472.0,Answer: ,9.28751616,147.456,512.0
"Query KEY: K_04076372D635
Return only its VALUE.",0.511967232,['V_9A0E416AA7F6'],MB,62985.0,3472.0,62982,32,9287.51616,synthetic_kv_64k,511.967232,context_0000,0.9448757640708105,892310423A8E,3472.0,Answer: ,9.28751616,147.456,512.0
"Query KEY: K_98473C4722F3
Return only its VALUE.",0.511967232,['V_5209E3E735AB'],MB,62985.0,3472.0,62982,32,9287.51616,synthetic_kv_64k,511.967232,context_0000,0.9448757640708105,897679008423,3472.0,Answer: ,9.28751616,147.456,512.0
"Query KEY: K_E0B0EA77D1D6
Return only its VALUE.",0.511967232,['V_A265A1A054A9'],MB,62985.0,3472.0,62982,32,9287.51616,synthetic_kv_64k,511.967232,context_0000,0.9448757640708105,897679F7F38C,3472.0,Answer: ,9.28751616,147.456,512.0
"Query KEY: K_8C4E08AC784F
Return only its VALUE.",0.511967232,['V_2902DDCF5003'],MB,62985.0,3472.0,62982,32,9287.51616,synthetic_kv_64k,511.967232,context_0000,0.9448757640708105,897679F7F38C,3472.0,Answer: ,9.28751616,147.456,512.0
"Query KEY: K_FBBFF0C44ECB
Return only its VALUE.",0.511967232,['V_AA5AD7567D35'],MB,62985.0,3472.0,62982,32,9287.51616,synthetic_kv_64k,511.967232,context_0000,0.9448757640708105,58B9210C78D9,3472.0,Answer: ,9.28751616,147.456,512.0
"Query KEY: K_D840B7A69C32
Return only its VALUE.",0.511967232,['V_3367D1FB55B1'],MB,62985.0,3472.0,62982,32,9287.51616,synthetic_kv_64k,511.967232,context_0000,0.9448757640708105,897679F7F38C,3472.0,Answer: ,9.28751616,147.456,512.0
"Query KEY: K_5218D30BEF65
Return only its VALUE.",0.511967232,['V_859DB2CFBA8B'],MB,62985.0,3472.0,62982,32,9287.51616,synthetic_kv_64k,511.967232,context_0000,0.9448757640708105,5008331165E0,3472.0,Answer: ,9.28751616,147.456,512.0
"Query KEY: K_21FA819F2393
Return only its VALUE.",0.511967232,['V_D77C5A1341E7'],MB,62985.0,3472.0,62982,32,9287.51616,synthetic_kv_64k,511.967232,context_0000,0.9448757640708105,2C21BFCF214E,3472.0,Answer: ,9.28751616,147.456,512.0
"Query KEY: K_A74EBCDF8302
Return only its VALUE.",0.511967232,['V_5E13A43F683A'],MB,62985.0,3472.0,62982,32,9287.51616,synthetic_kv_64k,511.967232,context_0000,0.9448757640708105,8E9435901039,3472.0,Answer: ,9.28751616,147.456,512.0
"Query KEY: K_E305A151ED02
Return only its VALUE.",0.511967232,['V_019322D6F0A2'],MB,62985.0,3472.0,62982,32,9287.51616,synthetic_kv_64k,511.967232,context_0000,0.9448757640708105, V_F858F6BFFAA9,3472.0,Answer: ,9.28751616,147.456,512.0
"Query KEY: K_66706691C664
Return only its VALUE.",0.511967232,['V_9C70A0D80651'],MB,62985.0,3472.0,62982,32,9287.51616,synthetic_kv_64k,511.967232,context_0000,0.9448757640708105,605EF87405CA,3472.0,Answer: ,9.28751616,147.456,512.0
"Query KEY: K_38BE150D28EB
Return only its VALUE.",0.511967232,['V_7FCC28670D3B'],MB,62985.0,3472.0,62982,32,9287.51616,synthetic_kv_64k,511.967232,context_0000,0.9448757640708105,8E6F96DA1DAC,3472.0,Answer: ,9.28751616,147.456,512.0
"Query KEY: K_429BC35EA18A
Return only its VALUE.",0.511967232,['V_D214AF8D888D'],MB,62985.0,3472.0,62982,32,9287.51616,synthetic_kv_64k,511.967232,context_0000,0.9448757640708105,6A179F310FFF,3472.0,Answer: ,9.28751616,147.456,512.0
"Query KEY: K_E72951C4243B
Return only its VALUE.",0.511967232,['V_445BBC343D5D'],MB,62985.0,3472.0,62982,32,9287.51616,synthetic_kv_64k,511.967232,context_0000,0.9448757640708105,8E3316E8485C,3472.0,Answer: ,9.28751616,147.456,512.0
"Query KEY: K_58D242BBEAAE
Return only its VALUE.",0.511967232,['V_A7B8D3A71B83'],MB,62985.0,3472.0,62982,32,9287.51616,synthetic_kv_64k,511.967232,context_0000,0.9448757640708105,52F5D83333C3,3472.0,Answer: ,9.28751616,147.456,512.0
"Query KEY: K_9047CCADE92E
Return only its VALUE.",0.511967232,['V_2B3632DBA028'],MB,62985.0,3472.0,62982,32,9287.51616,synthetic_kv_64k,511.967232,context_0000,0.9448757640708105,892310423A8E,3472.0,Answer: ,9.28751616,147.456,512.0
"Query KEY: K_BC366A1C701B
Return only its VALUE.",0.511967232,['V_C9782E904B5C'],MB,62985.0,3472.0,62982,32,9287.51616,synthetic_kv_64k,511.967232,context_0000,0.9448757640708105,19AC0EA2622B,3472.0,Answer: ,9.28751616,147.456,512.0
"Query KEY: K_C130E05B1892
Return only its VALUE.",0.511967232,['V_0A9D3977FD2F'],MB,62985.0,3472.0,62982,32,9287.51616,synthetic_kv_64k,511.967232,context_0000,0.9448757640708105,897679F5A7E3,3472.0,Answer: ,9.28751616,147.456,512.0
"Query KEY: K_0BC2F2B74922
Return only its VALUE.",0.511967232,['V_7519A06AA68A'],MB,62985.0,3472.0,62982,32,9287.51616,synthetic_kv_64k,511.967232,context_0000,0.9448757640708105,19A6588C348E,3472.0,Answer: ,9.28751616,147.456,512.0
"Query KEY: K_2D8EE826FAC7
Return only its VALUE.",0.511967232,['V_ECC2F9606CA3'],MB,62985.0,3472.0,62982,32,9287.51616,synthetic_kv_64k,511.967232,context_0000,0.9448757640708105,22CB98542365,3472.0,Answer: ,9.28751616,147.456,512.0
"Query KEY: K_860832C192F1
Return only its VALUE.",0.511967232,['V_197D2B339734'],MB,62985.0,3472.0,62982,32,9287.51616,synthetic_kv_64k,511.967232,context_0000,0.9448757640708105,892310423A8E,3472.0,Answer: ,9.28751616,147.456,512.0
"Query KEY: K_4C6A4299B351
Return only its VALUE.",0.511967232,['V_571A5E3003E1'],MB,62985.0,3472.0,62982,32,9287.51616,synthetic_kv_64k,511.967232,context_0000,0.9448757640708105,627393595543,3472.0,Answer: ,9.28751616,147.456,512.0
"Query KEY: K_073A1E0AAF12
Return only its VALUE.",0.511967232,['V_FD01AC71B531'],MB,62985.0,3472.0,62982,32,9287.51616,synthetic_kv_64k,511.967232,context_0000,0.9448757640708105,65A6D6442365,3472.0,Answer: ,9.28751616,147.456,512.0
"Query KEY: K_72EF1E56D346
Return only its VALUE.",0.511967232,['V_6802B6AC1C8E'],MB,62985.0,3472.0,62982,32,9287.51616,synthetic_kv_64k,511.967232,context_0000,0.9448757640708105,65A6D6442365,3472.0,Answer: ,9.28751616,147.456,512.0
"Query KEY: K_884BC83924D7
Return only its VALUE.",0.511967232,['V_C39F7E81CDFA'],MB,62985.0,3472.0,62982,32,9287.51616,synthetic_kv_64k,511.967232,context_0000,0.9448757640708105,892310423A8E,3472.0,Answer: ,9.28751616,147.456,512.0
"Query KEY: K_DCD42154BE4A
Return only its VALUE.",0.511967232,['V_69C8DB38F306'],MB,62985.0,3472.0,62982,32,9287.51616,synthetic_kv_64k,511.967232,context_0000,0.9448757640708105,697679F7F38C,3472.0,Answer: ,9.28751616,147.456,512.0
"Query KEY: K_6E5E999F0691
Return only its VALUE.",0.511967232,['V_60F4AD5C3C49'],MB,62985.0,3472.0,62982,32,9287.51616,synthetic_kv_64k,511.967232,context_0000,0.9448757640708105,605EF87405CA,3472.0,Answer: ,9.28751616,147.456,512.0
"Query KEY: K_5C596B17BD75
Return only its VALUE.",0.511967232,['V_0EBB255C82C7'],MB,62985.0,3472.0,62982,32,9287.51616,synthetic_kv_64k,511.967232,context_0000,0.9448757640708105,52F5D83333C3,3472.0,Answer: ,9.28751616,147.456,512.0
"Query KEY: K_789143054A31
Return only its VALUE.",0.511967232,['V_E6E69E204AC7'],MB,62985.0,3472.0,62982,32,9287.51616,synthetic_kv_64k,511.967232,context_0000,0.9448757640708105,7C399576738A,3472.0,Answer: ,9.28751616,147.456,512.0
"Query KEY: K_7F23E846A9DF
Return only its VALUE.",0.511967232,['V_2BE5754A3E48'],MB,62985.0,3472.0,62982,32,9287.51616,synthetic_kv_64k,511.967232,context_0000,0.9448757640708105,658A58C58875,3472.0,Answer: ,9.28751616,147.456,512.0
"Query KEY: K_F01102A458E1
Return only its VALUE.",0.511967232,['V_CB8CB169FDED'],MB,62985.0,3472.0,62982,32,9287.51616,synthetic_kv_64k,511.967232,context_0000,0.9448757640708105, V_1F14B6DBBB2C,3472.0,Answer: ,9.28751616,147.456,512.0
"Query KEY: K_6CA7AFD58FE7
Return only its VALUE.",0.511967232,['V_C459B69D2F48'],MB,62985.0,3472.0,62982,32,9287.51616,synthetic_kv_64k,511.967232,context_0000,0.9448757640708105,897679F7F38C,3472.0,Answer: ,9.28751616,147.456,512.0
"Query KEY: K_D8B9B55D2FC1
Return only its VALUE.",0.511967232,['V_256741980029'],MB,62985.0,3472.0,62982,32,9287.51616,synthetic_kv_64k,511.967232,context_0000,0.9448757640708105, V_0A0C78D588D3,3472.0,Answer: ,9.28751616,147.456,512.0
"Query KEY: K_1AAE0F0A6450
Return only its VALUE.",0.511967232,['V_F11E3C1E919B'],MB,62985.0,3472.0,62982,32,9287.51616,synthetic_kv_64k,511.967232,context_0000,0.9448757640708105,1E24A18FF6B6,3472.0,Answer: ,9.28751616,147.456,512.0
"Query KEY: K_B567E88188C3
Return only its VALUE.",0.511967232,['V_02BE0BA6AA86'],MB,62985.0,3472.0,62982,32,9287.51616,synthetic_kv_64k,511.967232,context_0000,0.9448757640708105, V_085480E1BE4D,3472.0,Answer: ,9.28751616,147.456,512.0
"Query KEY: K_C30A9EA1E617
Return only its VALUE.",0.511967232,['V_43B45EF361C2'],MB,62985.0,3472.0,62982,32,9287.51616,synthetic_kv_64k,511.967232,context_0000,0.9448757640708105,627393268591,3472.0,Answer: ,9.28751616,147.456,512.0
"Query KEY: K_150E8F3F5995
Return only its VALUE.",0.511967232,['V_5BD6949ACA46'],MB,62985.0,3472.0,62982,32,9287.51616,synthetic_kv_64k,511.967232,context_0000,0.9448757640708105,627393CD5962,3472.0,Answer: ,9.28751616,147.456,512.0
"Query KEY: K_56F842A27950
Return only its VALUE.",0.511967232,['V_FC5580F58B81'],MB,62985.0,3472.0,62982,32,9287.51616,synthetic_kv_64k,511.967232,context_0000,0.9448757640708105,5008331165E0,3472.0,Answer: ,9.28751616,147.456,512.0
"Query KEY: K_ADA8EE29E80E
Return only its VALUE.",0.511967232,['V_EFA8E0BDD765'],MB,62985.0,3472.0,62982,32,9287.51616,synthetic_kv_64k,511.967232,context_0000,0.9448757640708105,19A34E5288F1,3472.0,Answer: ,9.28751616,147.456,512.0
"Query KEY: K_2DE621C57A88
Return only its VALUE.",0.511967232,['V_DDA887C9DAAC'],MB,62985.0,3472.0,62982,32,9287.51616,synthetic_kv_64k,511.967232,context_0000,0.9448757640708105,8E58A5539A50,3472.0,Answer: ,9.28751616,147.456,512.0
"Query KEY: K_8553244CB9A8
Return only its VALUE.",0.511967232,['V_A0641DE95C72'],MB,62985.0,3472.0,62982,32,9287.51616,synthetic_kv_64k,511.967232,context_0000,0.9448757640708105,897679F7F38C,3472.0,Answer: ,9.28751616,147.456,512.0
"Query KEY: K_FF9820BC2FA0
Return only its VALUE.",0.511967232,['V_8FDFD5B5B7B0'],MB,62985.0,3472.0,62982,32,9287.51616,synthetic_kv_64k,511.967232,context_0000,0.9448757640708105,8FDFD5B5B7B0,3472.0,Answer: ,9.28751616,147.456,512.0
"Query KEY: K_B89FBF715A28
Return only its VALUE.",0.511967232,['V_DC34ED1DDEFA'],MB,62985.0,3472.0,62982,32,9287.51616,synthetic_kv_64k,511.967232,context_0000,0.9448757640708105,892310423A8E,3472.0,Answer: ,9.28751616,147.456,512.0
"Query KEY: K_86C4E07EE721
Return only its VALUE.",0.511967232,['V_DF1D502171BD'],MB,62985.0,3472.0,62982,32,9287.51616,synthetic_kv_64k,511.967232,context_0000,0.9448757640708105,897679F7F38C,3472.0,Answer: ,9.28751616,147.456,512.0
"Query KEY: K_5478E48623DD
Return only its VALUE.",0.511967232,['V_FB88FE9BD0E1'],MB,62985.0,3472.0,62982,32,9287.51616,synthetic_kv_64k,511.967232,context_0000,0.9448757640708105,52F5D83333C3,3472.0,Answer: ,9.28751616,147.456,512.0
"Query KEY: K_E146CC582872
Return only its VALUE.",0.511967232,['V_60BA0D9FF83D'],MB,62985.0,3472.0,62982,32,9287.51616,synthetic_kv_64k,511.967232,context_0000,0.9448757640708105, V_1F14B6DBBB2C,3472.0,Answer: ,9.28751616,147.456,512.0
"Query KEY: K_1BF0260C037E
Return only its VALUE.",0.511967232,['V_5DC43AD82406'],MB,62985.0,3472.0,62982,32,9287.51616,synthetic_kv_64k,511.967232,context_0000,0.9448757640708105,892310423A8E,3472.0,Answer: ,9.28751616,147.456,512.0
"Query KEY: K_F0C4092E44B7
Return only its VALUE.",0.511967232,['V_53BD429E09BD'],MB,62985.0,3472.0,62982,32,9287.51616,synthetic_kv_64k,511.967232,context_0000,0.9448757640708105,897679F7F38C,3472.0,Answer: ,9.28751616,147.456,512.0
"Query KEY: K_EF2CB4B9FB73
Return only its VALUE.",0.511967232,['V_3B676FB9DE37'],MB,62985.0,3472.0,62982,32,9287.51616,synthetic_kv_64k,511.967232,context_0000,0.9448757640708105,58B9210C78D9,3472.0,Answer: ,9.28751616,147.456,512.0
"Query KEY: K_FD64ED5D6510
Return only its VALUE.",0.511967232,['V_E20E0A715350'],MB,62985.0,3472.0,62982,32,9287.51616,synthetic_kv_64k,511.967232,context_0000,0.9448757640708105, V_0858F6BFFAA9,3472.0,Answer: ,9.28751616,147.456,512.0
"Query KEY: K_EA5F7C360908
Return only its VALUE.",0.511967232,['V_39987E347F69'],MB,62985.0,3472.0,62982,32,9287.51616,synthetic_kv_64k,511.967232,context_0000,0.9448757640708105,8E943558648A,3472.0,Answer: ,9.28751616,147.456,512.0
"Query KEY: K_4BCDDDEBCD5C
Return only its VALUE.",0.511967232,['V_B2FF1FA7CDDF'],MB,62985.0,3472.0,62982,32,9287.51616,synthetic_kv_64k,511.967232,context_0000,0.9448757640708105,58B9210C78D9,3472.0,Answer: ,9.28751616,147.456,512.0
"Query KEY: K_684F17F4B85D
Return only its VALUE.",0.511967232,['V_9177DE4097C3'],MB,62985.0,3472.0,62982,32,9287.51616,synthetic_kv_64k,511.967232,context_0000,0.9448757640708105,897679F5884E,3472.0,Answer: ,9.28751616,147.456,512.0
"Query KEY: K_6CBF95EEF45C
Return only its VALUE.",0.511967232,['V_021CF8BC920C'],MB,62985.0,3472.0,62982,32,9287.51616,synthetic_kv_64k,511.967232,context_0000,0.9448757640708105,627393268591,3472.0,Answer: ,9.28751616,147.456,512.0
"Query KEY: K_5C73921F266F
Return only its VALUE.",0.511967232,['V_7E0813AB7D2C'],MB,62985.0,3472.0,62982,32,9287.51616,synthetic_kv_64k,511.967232,context_0000,0.9448757640708105,6A179F310FFF,3472.0,Answer: ,9.28751616,147.456,512.0
"Query KEY: K_FF08C4AC41B5
Return only its VALUE.",0.511967232,['V_3048AD49E072'],MB,62985.0,3472.0,62982,32,9287.51616,synthetic_kv_64k,511.967232,context_0000,0.9448757640708105,892310423A8E,3472.0,Answer: ,9.28751616,147.456,512.0
"Query KEY: K_A845E32A8787
Return only its VALUE.",0.511967232,['V_918D06A574EC'],MB,62985.0,3472.0,62982,32,9287.51616,synthetic_kv_64k,511.967232,context_0000,0.9448757640708105,897654321098,3472.0,Answer: ,9.28751616,147.456,512.0
"Query KEY: K_3E75AE3E6268
Return only its VALUE.",0.511967232,['V_BF4364E84FFC'],MB,62985.0,3472.0,62982,32,9287.51616,synthetic_kv_64k,511.967232,context_0000,0.9448757640708105,658E908E6268,3472.0,Answer: ,9.28751616,147.456,512.0
"Query KEY: K_364EF38324F7
Return only its VALUE.",0.511967232,['V_A5A6D6442365'],MB,62985.0,3472.0,62982,32,9287.51616,synthetic_kv_64k,511.967232,context_0000,0.9448757640708105,658A58C58875,3472.0,Answer: ,9.28751616,147.456,512.0
"Query KEY: K_0EC8275DD459
Return only its VALUE.",0.511967232,['V_EBA314C08F6D'],MB,62985.0,3472.0,62982,32,9287.51616,synthetic_kv_64k,511.967232,context_0000,0.9448757640708105,19AC0EA2622B,3472.0,Answer: ,9.28751616,147.456,512.0
"Query KEY: K_F5AFA8D791B6
Return only its VALUE.",0.511967232,['V_89E4F4881671'],MB,62985.0,3472.0,62982,32,9287.51616,synthetic_kv_64k,511.967232,context_0000,0.9448757640708105,897679F7F38C,3472.0,Answer: ,9.28751616,147.456,512.0
"Query KEY: K_A8AA017C75C5
Return only its VALUE.",0.511967232,['V_1673F842E163'],MB,62985.0,3472.0,62982,32,9287.51616,synthetic_kv_64k,511.967232,context_0000,0.9448757640708105,897679085694,3472.0,Answer: ,9.28751616,147.456,512.0
"Query KEY: K_E7FCF36DEB13
Return only its VALUE.",0.511967232,['V_423691B45E06'],MB,62985.0,3472.0,62982,32,9287.51616,synthetic_kv_64k,511.967232,context_0000,0.9448757640708105,897679F7F38C,3472.0,Answer: ,9.28751616,147.456,512.0
"Query KEY: K_90DFA4C5DAE5
Return only its VALUE.",0.511967232,['V_2F6261A2D612'],MB,62985.0,3472.0,62982,32,9287.51616,synthetic_kv_64k,511.967232,context_0000,0.9448757640708105,897679F7F38C,3472.0,Answer: ,9.28751616,147.456,512.0
"Query KEY: K_82A4661B9738
Return only its VALUE.",0.511967232,['V_7AEB2D921DAB'],MB,62985.0,3472.0,62982,32,9287.51616,synthetic_kv_64k,511.967232,context_0000,0.9448757640708105,897679F588E3,3472.0,Answer: ,9.28751616,147.456,512.0
"Query KEY: K_CC3EDD926CBF
Return only its VALUE.",0.511967232,['V_0A8016D50B84'],MB,62985.0,3472.0,62982,32,9287.51616,synthetic_kv_64k,511.967232,context_0000,0.9448757640708105,19A68842E163,3472.0,Answer: ,9.28751616,147.456,512.0
"Query KEY: K_6A9CDA33562C
Return only its VALUE.",0.511967232,['V_C6E929B67B14'],MB,62985.0,3472.0,62982,32,9287.51616,synthetic_kv_64k,511.967232,context_0000,0.9448757640708105,897679F7F38C,3472.0,Answer: ,9.28751616,147.456,512.0
"Query KEY: K_CE06C78CD2C3
Return only its VALUE.",0.511967232,['V_4EEAA770C217'],MB,62985.0,3472.0,62982,32,9287.51616,synthetic_kv_64k,511.967232,context_0000,0.9448757640708105, V_96F4338AEA2D,3472.0,Answer: ,9.28751616,147.456,512.0
"Query KEY: K_98DB1EDFC59E
Return only its VALUE.",0.511967232,['V_B7D4219C00CB'],MB,62985.0,3472.0,62982,32,9287.51616,synthetic_kv_64k,511.967232,context_0000,0.9448757640708105,52F5D83333C3,3472.0,Answer: ,9.28751616,147.456,512.0
"Query KEY: K_3135AA5F89CA
Return only its VALUE.",0.511967232,['V_BC23D5016ADA'],MB,62985.0,3472.0,62982,32,9287.51616,synthetic_kv_64k,511.967232,context_0000,0.9448757640708105,19A64865548A,3472.0,Answer: ,9.28751616,147.456,512.0
"Query KEY: K_6655833D3DF1
Return only its VALUE.",0.511967232,['V_E4117D57EF69'],MB,62985.0,3472.0,62982,32,9287.51616,synthetic_kv_64k,511.967232,context_0000,0.9448757640708105,6C112FEBCC33,3472.0,Answer: ,9.28751616,147.456,512.0
"Query KEY: K_C6B3E2AA6DC7
Return only its VALUE.",0.511967232,['V_897679F7F38C'],MB,62985.0,3472.0,62982,32,9287.51616,synthetic_kv_64k,511.967232,context_0000,0.9448757640708105, V_1F14B6DBBB2C,3472.0,Answer: ,9.28751616,147.456,512.0
"Query KEY: K_2E316C4E5A8C
Return only its VALUE.",0.511967232,['V_D856C1A95EE2'],MB,62985.0,3472.0,62982,32,9287.51616,synthetic_kv_64k,511.967232,context_0000,0.9448757640708105,605EF87405CA,3472.0,Answer: ,9.28751616,147.456,512.0
"Query KEY: K_BC89CF9D539C
Return only its VALUE.",0.511967232,['V_5F6A9D267076'],MB,62985.0,3472.0,62982,32,9287.51616,synthetic_kv_64k,511.967232,context_0000,0.9448757640708105,897679F7F38C,3472.0,Answer: ,9.28751616,147.456,512.0
"Query KEY: K_2F966D0F74E6
Return only its VALUE.",0.511967232,['V_2AFE86514886'],MB,62985.0,3472.0,62982,32,9287.51616,synthetic_kv_64k,511.967232,context_0000,0.9448757640708105,2C21BFCF214E,3472.0,Answer: ,9.28751616,147.456,512.0
"Query KEY: K_EFBA4A6B836B
Return only its VALUE.",0.511967232,['V_288A6FF6881F'],MB,62985.0,3472.0,62982,32,9287.51616,synthetic_kv_64k,511.967232,context_0000,0.9448757640708105,892310423A8E,3472.0,Answer: ,9.28751616,147.456,512.0
"Query KEY: K_99CD7A44BD05
Return only its VALUE.",0.511967232,['V_99CFE724B119'],MB,62985.0,3472.0,62982,32,9287.51616,synthetic_kv_64k,511.967232,context_0000,0.9448757640708105,627393CD5962,3472.0,Answer: ,9.28751616,147.456,512.0
"Query KEY: K_7F4FD76F0813
Return only its VALUE.",0.511967232,['V_DAFF85E95C6C'],MB,62985.0,3472.0,62982,32,9287.51616,synthetic_kv_64k,511.967232,context_0000,0.9448757640708105,684588888888,3472.0,Answer: ,9.28751616,147.456,512.0
"Query KEY: K_D3776CC721F0
Return only its VALUE.",0.511967232,['V_EDE718302082'],MB,62985.0,3472.0,62982,32,9287.51616,synthetic_kv_64k,511.967232,context_0000,0.9448757640708105, V_1F14B6DBBB2C,3472.0,Answer: ,9.28751616,147.456,512.0
"Query KEY: K_B5FE40DD8895
Return only its VALUE.",0.511967232,['V_085480E1BE4D'],MB,62985.0,3472.0,62982,32,9287.51616,synthetic_kv_64k,511.967232,context_0000,0.9448757640708105, V_E58A58C58875,3472.0,Answer: ,9.28751616,147.456,512.0
"Query KEY: K_ECFEA95D3271
Return only its VALUE.",0.511967232,['V_172C6498DA39'],MB,62985.0,3472.0,62982,32,9287.51616,synthetic_kv_64k,511.967232,context_0000,0.9448757640708105, V_0648D856E68A,3472.0,Answer: ,9.28751616,147.456,512.0
"Query KEY: K_D51E155287C7
Return only its VALUE.",0.511967232,['V_A0BD4C32A0A2'],MB,62985.0,3472.0,62982,32,9287.51616,synthetic_kv_64k,511.967232,context_0000,0.9448757640708105,6F8D58C58875,3472.0,Answer: ,9.28751616,147.456,512.0
"Query KEY: K_E65FAB962697
Return only its VALUE.",0.511967232,['V_AEC343DBEA42'],MB,62985.0,3472.0,62982,32,9287.51616,synthetic_kv_64k,511.967232,context_0000,0.9448757640708105,8E943CED5962,3472.0,Answer: ,9.28751616,147.456,512.0
"Query KEY: K_6C112FEBCC33
Return only its VALUE.",0.511967232,['V_280C2F61E334'],MB,62985.0,3472.0,62982,32,9287.51616,synthetic_kv_64k,511.967232,context_0000,0.9448757640708105,6A179F310FFF,3472.0,Answer: ,9.28751616,147.456,512.0
"Query KEY: K_84C59AA33580
Return only its VALUE.",0.511967232,['V_DE1A1B387C72'],MB,62985.0,3472.0,62982,32,9287.51616,synthetic_kv_64k,511.967232,context_0000,0.9448757640708105,897679F58875,3472.0,Answer: ,9.28751616,147.456,512.0
"Query KEY: K_092C88CCDDBC
Return only its VALUE.",0.511967232,['V_CA34017F319F'],MB,62985.0,3472.0,62982,32,9287.51616,synthetic_kv_64k,511.967232,context_0000,0.9448757640708105,892310423A8E,3472.0,Answer: ,9.28751616,147.456,512.0
"Query KEY: K_06CF1DDEA07D
Return only its VALUE.",0.511967232,['V_EB9A7A248720'],MB,62985.0,3472.0,62982,32,9287.51616,synthetic_kv_64k,511.967232,context_0000,0.9448757640708105,892310423A8E,3472.0,Answer: ,9.28751616,147.456,512.0
"Query KEY: K_CF68B11A3696
Return only its VALUE.",0.511967232,['V_9B087C99D86E'],MB,62985.0,3472.0,62982,32,9287.51616,synthetic_kv_64k,511.967232,context_0000,0.9448757640708105,19A68542886A,3472.0,Answer: ,9.28751616,147.456,512.0
"Query KEY: K_2CDE4D7AE829
Return only its VALUE.",0.511967232,['V_452D2005DD7E'],MB,62985.0,3472.0,62982,32,9287.51616,synthetic_kv_64k,511.967232,context_0000,0.9448757640708105,52F5D83333C3,3472.0,Answer: ,9.28751616,147.456,512.0
"Query KEY: K_61B0038D5F5A
Return only its VALUE.",0.511967232,['V_605EF87405CA'],MB,62985.0,3472.0,62982,32,9287.51616,synthetic_kv_64k,511.967232,context_0000,0.9448757640708105,605EF87405CA,3472.0,Answer: ,9.28751616,147.456,512.0
"Query KEY: K_0DBADBE83664
Return only its VALUE.",0.511967232,['V_F65435901039'],MB,62985.0,3472.0,62982,32,9287.51616,synthetic_kv_64k,511.967232,context_0000,0.9448757640708105, V_0A0C78B3842A,3472.0,Answer: ,9.28751616,147.456,512.0
"Query KEY: K_4A51A60C2BED
Return only its VALUE.",0.511967232,['V_7BCAA655596C'],MB,62985.0,3472.0,62982,32,9287.51616,synthetic_kv_64k,511.967232,context_0000,0.9448757640708105, V_0A0C78F058E3,3472.0,Answer: ,9.28751616,147.456,512.0
"Query KEY: K_2C1430DFC50C
Return only its VALUE.",0.511967232,['V_4BDC76A30EB0'],MB,62985.0,3472.0,62982,32,9287.51616,synthetic_kv_64k,511.967232,context_0000,0.9448757640708105,1A6679F7F30C,3472.0,Answer: ,9.28751616,147.456,512.0
"Query KEY: K_D8007957595F
Return only its VALUE.",0.511967232,['V_3BA00595C9A3'],MB,62985.0,3472.0,62982,32,9287.51616,synthetic_kv_64k,511.967232,context_0000,0.9448757640708105, V_3BA00595C9A3,3472.0,Answer: ,9.28751616,147.456,512.0
"Query KEY: K_E3F9B3DD7820
Return only its VALUE.",0.511967232,['V_F858F6BFFAA9'],MB,62985.0,3472.0,62982,32,9287.51616,synthetic_kv_64k,511.967232,context_0000,0.9448757640708105,58B9210C78D9,3472.0,Answer: ,9.28751616,147.456,512.0
"Query KEY: K_0A0C78B3842A
Return only its VALUE.",0.511967232,['V_E626DC1B9EB1'],MB,62985.0,3472.0,62982,32,9287.51616,synthetic_kv_64k,511.967232,context_0000,0.9448757640708105,19AC0EA2622B,3472.0,Answer: ,9.28751616,147.456,512.0
"Query KEY: K_7C3995D16384
Return only its VALUE.",0.511967232,['V_96F4338AEA2D'],MB,62985.0,3472.0,62982,32,9287.51616,synthetic_kv_64k,511.967232,context_0000,0.9448757640708105,892310423A8E,3472.0,Answer: ,9.28751616,147.456,512.0
"Query KEY: K_C891D5767137
Return only its VALUE.",0.511967232,['V_AAEE0D093C73'],MB,62985.0,3472.0,62982,32,9287.51616,synthetic_kv_64k,511.967232,context_0000,0.9448757640708105,897679058843,3472.0,Answer: ,9.28751616,147.456,512.0
"Query KEY: K_349002040C81
Return only its VALUE.",0.511967232,['V_DD13B68D4037'],MB,62985.0,3472.0,62982,32,9287.51616,synthetic_kv_64k,511.967232,context_0000,0.9448757640708105,6A179F310FFF,3472.0,Answer: ,9.28751616,147.456,512.0
"Query KEY: K_D4D4FABFA7EF
Return only its VALUE.",0.511967232,['V_FDCCD93EEA4D'],MB,62985.0,3472.0,62982,32,9287.51616,synthetic_kv_64k,511.967232,context_0000,0.9448757640708105,627393CD59BF,3472.0,Answer: ,9.28751616,147.456,512.0
"Query KEY: K_12F34A703330
Return only its VALUE.",0.511967232,['V_CCA27CCC9258'],MB,62985.0,3472.0,62982,32,9287.51616,synthetic_kv_64k,511.967232,context_0000,0.9448757640708105,12F34A703330,3472.0,Answer: ,9.28751616,147.456,512.0
"Query KEY: K_76BC7CE71CCA
Return only its VALUE.",0.511967232,['V_1F14B6DBBB2C'],MB,62985.0,3472.0,62982,32,9287.51616,synthetic_kv_64k,511.967232,context_0000,0.9448757640708105,1F14BFCF214E,3472.0,Answer: ,9.28751616,147.456,512.0
"Query KEY: K_09BC873F3F03
Return only its VALUE.",0.511967232,['V_892310423A8E'],MB,62985.0,3472.0,62982,32,9287.51616,synthetic_kv_64k,511.967232,context_0000,0.9448757640708105,892310423A8E,3472.0,Answer: ,9.28751616,147.456,512.0
"Query KEY: K_3BDF792CAD76
Return only its VALUE.",0.511967232,['V_E58A58C58875'],MB,62985.0,3472.0,62982,32,9287.51616,synthetic_kv_64k,511.967232,context_0000,0.9448757640708105,684235858561,3472.0,Answer: ,9.28751616,147.456,512.0
"Query KEY: K_DF59B2904E73
Return only its VALUE.",0.511967232,['V_529A05539A50'],MB,62985.0,3472.0,62982,32,9287.51616,synthetic_kv_64k,511.967232,context_0000,0.9448757640708105, V_529A05539A50,3472.0,Answer: ,9.28751616,147.456,512.0
"Query KEY: K_F04031341AB8
Return only its VALUE.",0.511967232,['V_E050580661F1'],MB,62985.0,3472.0,62982,32,9287.51616,synthetic_kv_64k,511.967232,context_0000,0.9448757640708105,892310423A8E,3472.0,Answer: ,9.28751616,147.456,512.0
"Query KEY: K_EFDAA82E6889
Return only its VALUE.",0.511967232,['V_C7DEB61D56F5'],MB,62985.0,3472.0,62982,32,9287.51616,synthetic_kv_64k,511.967232,context_0000,0.9448757640708105,58B9210C78D9,3472.0,Answer: ,9.28751616,147.456,512.0
"Query KEY: K_D56EF5B5AC71
Return only its VALUE.",0.511967232,['V_B873BC0DBD13'],MB,62985.0,3472.0,62982,32,9287.51616,synthetic_kv_64k,511.967232,context_0000,0.9448757640708105,199812345678,3472.0,Answer: ,9.28751616,147.456,512.0
"Query KEY: K_F1D4CBC4DD42
Return only its VALUE.",0.511967232,['V_52F5D83333C3'],MB,62985.0,3472.0,62982,32,9287.51616,synthetic_kv_64k,511.967232,context_0000,0.9448757640708105,58B9210C78D9,3472.0,Answer: ,9.28751616,147.456,512.0
"Query KEY: K_6A179F310FFF
Return only its VALUE.",0.511967232,['V_2C21BFCF214E'],MB,62985.0,3472.0,62982,32,9287.51616,synthetic_kv_64k,511.967232,context_0000,0.9448757640708105,82808D8C348A,3472.0,Answer: ,9.28751616,147.456,512.0
"Query KEY: K_F73DAAC4363F
Return only its VALUE.",0.511967232,['V_58B9210C78D9'],MB,62985.0,3472.0,62982,32,9287.51616,synthetic_kv_64k,511.967232,context_0000,0.9448757640708105,895876342105,3472.0,Answer: ,9.28751616,147.456,512.0
"Query KEY: K_5008331165E0
Return only its VALUE.",0.511967232,['V_FBFF9B125DFB'],MB,62985.0,3472.0,62982,32,9287.51616,synthetic_kv_64k,511.967232,context_0000,0.9448757640708105,5008331165E0,3472.0,Answer: ,9.28751616,147.456,512.0
