memory_budget_unit,uncompressed_kv_memory_gb,predicted_answer,retained_context_tokens,memory_budget,compression_ratio,question,token_budget,context_tokens,kv_memory_per_token_kb,context_id,answer_prefix,max_new_tokens,context_length,task,retained_kv_memory_mb,uncompressed_kv_memory_mb,retained_kv_memory_gb,answer
GB,4.280025088, No match found,61035.0,4.0,0.06542843143259636,Query key: K_1C80A3B1799D,61035.0,65308.0,65.536,context_0000,Answer: ,32,62995,synthetic_kv_64k,3999.98976,4280.025088,3.99998976,['V_BDD606671AD1']
GB,4.280025088, V_23B8392456DE,61035.0,4.0,0.06542843143259636,Query key: K_3EB146685257,61035.0,65308.0,65.536,context_0000,Answer: ,32,62995,synthetic_kv_64k,3999.98976,4280.025088,3.99998976,['V_23B8392456DE']
GB,4.280025088, V_BD9CAD3C2D6D,61035.0,4.0,0.06542843143259636,Query key: K_1A3DBC8960A9,61035.0,65308.0,65.536,context_0000,Answer: ,32,62995,synthetic_kv_64k,3999.98976,4280.025088,3.99998976,['V_BD9CAD3C2D6D']
GB,4.280025088, V_972A16419F82,61035.0,4.0,0.06542843143259636,Query key: K_8B9DE465E150,61035.0,65308.0,65.536,context_0000,Answer: ,32,62995,synthetic_kv_64k,3999.98976,4280.025088,3.99998976,['V_972A16419F82']
GB,4.280025088, V_17FC07A0CA6E,61035.0,4.0,0.06542843143259636,Query key: K_08226C031199,61035.0,65308.0,65.536,context_0000,Answer: ,32,62995,synthetic_kv_64k,3999.98976,4280.025088,3.99998976,['V_17FC07A0CA6E']
GB,4.280025088, V_9A1D815EF6D1,61035.0,4.0,0.06542843143259636,Query key: K_3B8F37F8A88B,61035.0,65308.0,65.536,context_0000,Answer: ,32,62995,synthetic_kv_64k,3999.98976,4280.025088,3.99998976,['V_9A1D815EF6D1']
GB,4.280025088, V_B74D32E70629,61035.0,4.0,0.06542843143259636,Query key: K_8FAD06CB0FB3,61035.0,65308.0,65.536,context_0000,Answer: ,32,62995,synthetic_kv_64k,3999.98976,4280.025088,3.99998976,['V_B74D32E70629']
GB,4.280025088, V_6B658B8148F6,61035.0,4.0,0.06542843143259636,Query key: K_B38AA65ED389,61035.0,65308.0,65.536,context_0000,Answer: ,32,62995,synthetic_kv_64k,3999.98976,4280.025088,3.99998976,['V_6B658B8148F6']
GB,4.280025088,473796DA1DAC,61035.0,4.0,0.06542843143259636,Query key: K_72FF386ECBE0,61035.0,65308.0,65.536,context_0000,Answer: ,32,62995,synthetic_kv_64k,3999.98976,4280.025088,3.99998976,['V_473796DA1DAC']
GB,4.280025088, V_C24101A9E71F,61035.0,4.0,0.06542843143259636,Query key: K_DE8ACF36D58B,61035.0,65308.0,65.536,context_0000,Answer: ,32,62995,synthetic_kv_64k,3999.98976,4280.025088,3.99998976,['V_C24101A9E71F']
GB,4.280025088,6C30B2B9437A,61035.0,4.0,0.06542843143259636,Query key: K_28DFCE4A2BBD,61035.0,65308.0,65.536,context_0000,Answer: ,32,62995,synthetic_kv_64k,3999.98976,4280.025088,3.99998976,['V_6C30B2B9437A']
GB,4.280025088, V_371E27CD8130,61035.0,4.0,0.06542843143259636,Query key: K_4722571AA876,61035.0,65308.0,65.536,context_0000,Answer: ,32,62995,synthetic_kv_64k,3999.98976,4280.025088,3.99998976,['V_371E27CD8130']
GB,4.280025088,1A2A562B0F79,61035.0,4.0,0.06542843143259636,Query key: K_C374F50BEA63,61035.0,65308.0,65.536,context_0000,Answer: ,32,62995,synthetic_kv_64k,3999.98976,4280.025088,3.99998976,['V_1A2A562B0F79']
GB,4.280025088, V_5BE618C26797,61035.0,4.0,0.06542843143259636,Query key: K_614217BE3111,61035.0,65308.0,65.536,context_0000,Answer: ,32,62995,synthetic_kv_64k,3999.98976,4280.025088,3.99998976,['V_5BE618C26797']
GB,4.280025088, V_43B79A8DCA03,61035.0,4.0,0.06542843143259636,Query key: K_580DD8F56413,61035.0,65308.0,65.536,context_0000,Answer: ,32,62995,synthetic_kv_64k,3999.98976,4280.025088,3.99998976,['V_43B79A8DCA03']
GB,4.280025088, V_759CBACFB3D0,61035.0,4.0,0.06542843143259636,Query key: K_0B1FCE9FF57F,61035.0,65308.0,65.536,context_0000,Answer: ,32,62995,synthetic_kv_64k,3999.98976,4280.025088,3.99998976,['V_759CBACFB3D0']
GB,4.280025088, V_EC1BF91E1D4C,61035.0,4.0,0.06542843143259636,Query key: K_1FF489463E85,61035.0,65308.0,65.536,context_0000,Answer: ,32,62995,synthetic_kv_64k,3999.98976,4280.025088,3.99998976,['V_EC1BF91E1D4C']
GB,4.280025088, V_4B0D8D5288F1,61035.0,4.0,0.06542843143259636,Query key: K_142C60E7A113,61035.0,65308.0,65.536,context_0000,Answer: ,32,62995,synthetic_kv_64k,3999.98976,4280.025088,3.99998976,['V_4B0D8D5288F1']
GB,4.280025088, V_E2AC9E574F7A,61035.0,4.0,0.06542843143259636,Query key: K_A0EED453DD32,61035.0,65308.0,65.536,context_0000,Answer: ,32,62995,synthetic_kv_64k,3999.98976,4280.025088,3.99998976,['V_E2AC9E574F7A']
GB,4.280025088,313993CD59BF,61035.0,4.0,0.06542843143259636,Query key: K_5C94DC98D2C1,61035.0,65308.0,65.536,context_0000,Answer: ,32,62995,synthetic_kv_64k,3999.98976,4280.025088,3.99998976,['V_313993CD59BF']
GB,4.280025088, V_A9480BBB2599,61035.0,4.0,0.06542843143259636,Query key: K_11CEB45ED1F0,61035.0,65308.0,65.536,context_0000,Answer: ,32,62995,synthetic_kv_64k,3999.98976,4280.025088,3.99998976,['V_A9480BBB2599']
GB,4.280025088, V_FC374A15544D,61035.0,4.0,0.06542843143259636,Query key: K_C5E73A578A8E,61035.0,65308.0,65.536,context_0000,Answer: ,32,62995,synthetic_kv_64k,3999.98976,4280.025088,3.99998976,['V_FC374A15544D']
GB,4.280025088, V_DDD13B982EF8,61035.0,4.0,0.06542843143259636,Query key: K_DAF6146D3F31,61035.0,65308.0,65.536,context_0000,Answer: ,32,62995,synthetic_kv_64k,3999.98976,4280.025088,3.99998976,['V_DDD13B982EF8']
GB,4.280025088,741247294739,61035.0,4.0,0.06542843143259636,Query key: K_614F19DB3AD0,61035.0,65308.0,65.536,context_0000,Answer: ,32,62995,synthetic_kv_64k,3999.98976,4280.025088,3.99998976,['V_741247294739']
GB,4.280025088,29A35D65A441,61035.0,4.0,0.06542843143259636,Query key: K_D588A2BC372F,61035.0,65308.0,65.536,context_0000,Answer: ,32,62995,synthetic_kv_64k,3999.98976,4280.025088,3.99998976,['V_29A35D65A441']
GB,4.280025088, V_AB9035A240AE,61035.0,4.0,0.06542843143259636,Query key: K_5AF35EC42E08,61035.0,65308.0,65.536,context_0000,Answer: ,32,62995,synthetic_kv_64k,3999.98976,4280.025088,3.99998976,['V_AB9035A240AE']
GB,4.280025088, V_AEFCEFC89849,61035.0,4.0,0.06542843143259636,Query key: K_B3AA4458A885,61035.0,65308.0,65.536,context_0000,Answer: ,32,62995,synthetic_kv_64k,3999.98976,4280.025088,3.99998976,['V_AEFCEFC89849']
GB,4.280025088, V_A28D9BF00273,61035.0,4.0,0.06542843143259636,Query key: K_1247A5E5A5AB,61035.0,65308.0,65.536,context_0000,Answer: ,32,62995,synthetic_kv_64k,3999.98976,4280.025088,3.99998976,['V_A28D9BF00273']
GB,4.280025088,3EABBAA80DD4,61035.0,4.0,0.06542843143259636,Query key: K_88BD2BCFBE01,61035.0,65308.0,65.536,context_0000,Answer: ,32,62995,synthetic_kv_64k,3999.98976,4280.025088,3.99998976,['V_3EABBAA80DD4']
GB,4.280025088,451B6123FDF7,61035.0,4.0,0.06542843143259636,Query key: K_765629D4BEEF,61035.0,65308.0,65.536,context_0000,Answer: ,32,62995,synthetic_kv_64k,3999.98976,4280.025088,3.99998976,['V_451B6123FDF7']
GB,4.280025088, V_B02BA3D70628,61035.0,4.0,0.06542843143259636,Query key: K_ECE6FD5166E6,61035.0,65308.0,65.536,context_0000,Answer: ,32,62995,synthetic_kv_64k,3999.98976,4280.025088,3.99998976,['V_B02BA3D70628']
GB,4.280025088,5304AF42E12F,61035.0,4.0,0.06542843143259636,Query key: K_38388E944239,61035.0,65308.0,65.536,context_0000,Answer: ,32,62995,synthetic_kv_64k,3999.98976,4280.025088,3.99998976,['V_5304AF42E12F']
GB,4.280025088,0E51C6A7EE39,61035.0,4.0,0.06542843143259636,Query key: K_C4B0D7C524A5,61035.0,65308.0,65.536,context_0000,Answer: ,32,62995,synthetic_kv_64k,3999.98976,4280.025088,3.99998976,['V_0E51C6A7EE39']
GB,4.280025088, V_CE170837B8A3,61035.0,4.0,0.06542843143259636,Query key: K_D2613AA2E4F9,61035.0,65308.0,65.536,context_0000,Answer: ,32,62995,synthetic_kv_64k,3999.98976,4280.025088,3.99998976,['V_CE170837B8A3']
GB,4.280025088,10F1448AAA9E,61035.0,4.0,0.06542843143259636,Query key: K_66B250C187FC,61035.0,65308.0,65.536,context_0000,Answer: ,32,62995,synthetic_kv_64k,3999.98976,4280.025088,3.99998976,['V_10F1448AAA9E']
GB,4.280025088,9132F16287E4,61035.0,4.0,0.06542843143259636,Query key: K_E9C33602F8AC,61035.0,65308.0,65.536,context_0000,Answer: ,32,62995,synthetic_kv_64k,3999.98976,4280.025088,3.99998976,['V_9132F16287E4']
GB,4.280025088,366E508EBAD7,61035.0,4.0,0.06542843143259636,Query key: K_B7C9E059A0EE,61035.0,65308.0,65.536,context_0000,Answer: ,32,62995,synthetic_kv_64k,3999.98976,4280.025088,3.99998976,['V_366E508EBAD7']
GB,4.280025088, V_E27A654821D0,61035.0,4.0,0.06542843143259636,Query key: K_7FCDA7CAD415,61035.0,65308.0,65.536,context_0000,Answer: ,32,62995,synthetic_kv_64k,3999.98976,4280.025088,3.99998976,['V_E27A654821D0']
GB,4.280025088,2493757750A9,61035.0,4.0,0.06542843143259636,Query key: K_A491EA1FCA65,61035.0,65308.0,65.536,context_0000,Answer: ,32,62995,synthetic_kv_64k,3999.98976,4280.025088,3.99998976,['V_2493757750A9']
GB,4.280025088, V_BEB73F22FAF8,61035.0,4.0,0.06542843143259636,Query key: K_23BE43CF2FDE,61035.0,65308.0,65.536,context_0000,Answer: ,32,62995,synthetic_kv_64k,3999.98976,4280.025088,3.99998976,['V_BEB73F22FAF8']
GB,4.280025088, V_BF3C434308BC,61035.0,4.0,0.06542843143259636,Query key: K_89FA8FB5D27B,61035.0,65308.0,65.536,context_0000,Answer: ,32,62995,synthetic_kv_64k,3999.98976,4280.025088,3.99998976,['V_BF3C434308BC']
GB,4.280025088,9562E5D7B875,61035.0,4.0,0.06542843143259636,Query key: K_6DAD95A76D79,61035.0,65308.0,65.536,context_0000,Answer: ,32,62995,synthetic_kv_64k,3999.98976,4280.025088,3.99998976,['V_9562E5D7B875']
GB,4.280025088, V_FF50382567B8,61035.0,4.0,0.06542843143259636,Query key: K_5CAB663F1C97,61035.0,65308.0,65.536,context_0000,Answer: ,32,62995,synthetic_kv_64k,3999.98976,4280.025088,3.99998976,['V_FF50382567B8']
GB,4.280025088, V_7E57827050A8,61035.0,4.0,0.06542843143259636,Query key: K_2369FF5E9FF0,61035.0,65308.0,65.536,context_0000,Answer: ,32,62995,synthetic_kv_64k,3999.98976,4280.025088,3.99998976,['V_7E57827050A8']
GB,4.280025088, V_DC710C0FD195,61035.0,4.0,0.06542843143259636,Query key: K_C17A1745D6D8,61035.0,65308.0,65.536,context_0000,Answer: ,32,62995,synthetic_kv_64k,3999.98976,4280.025088,3.99998976,['V_DC710C0FD195']
GB,4.280025088, V_28F4A0A04DC4,61035.0,4.0,0.06542843143259636,Query key: K_27201C11F735,61035.0,65308.0,65.536,context_0000,Answer: ,32,62995,synthetic_kv_64k,3999.98976,4280.025088,3.99998976,['V_28F4A0A04DC4']
GB,4.280025088,98AE6C12ACE8,61035.0,4.0,0.06542843143259636,Query key: K_AE34CAC5B68C,61035.0,65308.0,65.536,context_0000,Answer: ,32,62995,synthetic_kv_64k,3999.98976,4280.025088,3.99998976,['V_98AE6C12ACE8']
GB,4.280025088, V_988C61B1CD22,61035.0,4.0,0.06542843143259636,Query key: K_628010435A10,61035.0,65308.0,65.536,context_0000,Answer: ,32,62995,synthetic_kv_64k,3999.98976,4280.025088,3.99998976,['V_988C61B1CD22']
GB,4.280025088,405C877409A9,61035.0,4.0,0.06542843143259636,Query key: K_77D2FF01CF99,61035.0,65308.0,65.536,context_0000,Answer: ,32,62995,synthetic_kv_64k,3999.98976,4280.025088,3.99998976,['V_405C877409A9']
GB,4.280025088, V_F143DC5C0EED,61035.0,4.0,0.06542843143259636,Query key: K_8DA0F89897B9,61035.0,65308.0,65.536,context_0000,Answer: ,32,62995,synthetic_kv_64k,3999.98976,4280.025088,3.99998976,['V_F143DC5C0EED']
GB,4.280025088, V_1D53B88139B9,61035.0,4.0,0.06542843143259636,Query key: K_AE2702F06B90,61035.0,65308.0,65.536,context_0000,Answer: ,32,62995,synthetic_kv_64k,3999.98976,4280.025088,3.99998976,['V_1D53B88139B9']
GB,4.280025088, V_C0398976E334,61035.0,4.0,0.06542843143259636,Query key: K_E281AE849217,61035.0,65308.0,65.536,context_0000,Answer: ,32,62995,synthetic_kv_64k,3999.98976,4280.025088,3.99998976,['V_C0398976E334']
GB,4.280025088, V_5715A4161293,61035.0,4.0,0.06542843143259636,Query key: K_C4C2444EA7C8,61035.0,65308.0,65.536,context_0000,Answer: ,32,62995,synthetic_kv_64k,3999.98976,4280.025088,3.99998976,['V_5715A4161293']
GB,4.280025088,287D6F4CC69A,61035.0,4.0,0.06542843143259636,Query key: K_4B221C8EAEE9,61035.0,65308.0,65.536,context_0000,Answer: ,32,62995,synthetic_kv_64k,3999.98976,4280.025088,3.99998976,['V_287D6F4CC69A']
GB,4.280025088, V_B8DBF42D47CC,61035.0,4.0,0.06542843143259636,Query key: K_00D474273CA3,61035.0,65308.0,65.536,context_0000,Answer: ,32,62995,synthetic_kv_64k,3999.98976,4280.025088,3.99998976,['V_B8DBF42D47CC']
GB,4.280025088, V_F8CD436D76E2,61035.0,4.0,0.06542843143259636,Query key: K_B83CE037E5ED,61035.0,65308.0,65.536,context_0000,Answer: ,32,62995,synthetic_kv_64k,3999.98976,4280.025088,3.99998976,['V_F8CD436D76E2']
GB,4.280025088, V_81F72DBC2134,61035.0,4.0,0.06542843143259636,Query key: K_C30F8026695F,61035.0,65308.0,65.536,context_0000,Answer: ,32,62995,synthetic_kv_64k,3999.98976,4280.025088,3.99998976,['V_81F72DBC2134']
GB,4.280025088, V_A013DEDA4E16,61035.0,4.0,0.06542843143259636,Query key: K_1B3DE9A1FA6F,61035.0,65308.0,65.536,context_0000,Answer: ,32,62995,synthetic_kv_64k,3999.98976,4280.025088,3.99998976,['V_A013DEDA4E16']
GB,4.280025088, V_81F6A39231A7,61035.0,4.0,0.06542843143259636,Query key: K_D7774C66E0A8,61035.0,65308.0,65.536,context_0000,Answer: ,32,62995,synthetic_kv_64k,3999.98976,4280.025088,3.99998976,['V_81F6A39231A7']
GB,4.280025088,5FB82720797D,61035.0,4.0,0.06542843143259636,Query key: K_32EB9BE578C7,61035.0,65308.0,65.536,context_0000,Answer: ,32,62995,synthetic_kv_64k,3999.98976,4280.025088,3.99998976,['V_5FB82720797D']
GB,4.280025088, V_F4188A14BE62,61035.0,4.0,0.06542843143259636,Query key: K_295BC333E861,61035.0,65308.0,65.536,context_0000,Answer: ,32,62995,synthetic_kv_64k,3999.98976,4280.025088,3.99998976,['V_F4188A14BE62']
GB,4.280025088, V_EB2287C5421E,61035.0,4.0,0.06542843143259636,Query key: K_EC24C754108F,61035.0,65308.0,65.536,context_0000,Answer: ,32,62995,synthetic_kv_64k,3999.98976,4280.025088,3.99998976,['V_EB2287C5421E']
GB,4.280025088, V_7D1552FBE43B,61035.0,4.0,0.06542843143259636,Query key: K_995400257AD1,61035.0,65308.0,65.536,context_0000,Answer: ,32,62995,synthetic_kv_64k,3999.98976,4280.025088,3.99998976,['V_7D1552FBE43B']
GB,4.280025088,5CECEDD96831,61035.0,4.0,0.06542843143259636,Query key: K_1CA304FC6D82,61035.0,65308.0,65.536,context_0000,Answer: ,32,62995,synthetic_kv_64k,3999.98976,4280.025088,3.99998976,['V_5CECEDD96831']
GB,4.280025088, V_CE88D4E80839,61035.0,4.0,0.06542843143259636,Query key: K_FC3EE0F3EAB0,61035.0,65308.0,65.536,context_0000,Answer: ,32,62995,synthetic_kv_64k,3999.98976,4280.025088,3.99998976,['V_CE88D4E80839']
GB,4.280025088,3DA90ED42F1A,61035.0,4.0,0.06542843143259636,Query key: K_3D4C4EB93EFF,61035.0,65308.0,65.536,context_0000,Answer: ,32,62995,synthetic_kv_64k,3999.98976,4280.025088,3.99998976,['V_3DA90ED42F1A']
GB,4.280025088,1429F26B4776,61035.0,4.0,0.06542843143259636,Query key: K_913EE0C53CB8,61035.0,65308.0,65.536,context_0000,Answer: ,32,62995,synthetic_kv_64k,3999.98976,4280.025088,3.99998976,['V_1429F26B4776']
GB,4.280025088, V_D0E67C69DEE1,61035.0,4.0,0.06542843143259636,Query key: K_BB5E15ED6269,61035.0,65308.0,65.536,context_0000,Answer: ,32,62995,synthetic_kv_64k,3999.98976,4280.025088,3.99998976,['V_D0E67C69DEE1']
GB,4.280025088,885FC2B6D2C5,61035.0,4.0,0.06542843143259636,Query key: K_FA5D11B7E948,61035.0,65308.0,65.536,context_0000,Answer: ,32,62995,synthetic_kv_64k,3999.98976,4280.025088,3.99998976,['V_885FC2B6D2C5']
GB,4.280025088, V_A8E520DE435D,61035.0,4.0,0.06542843143259636,Query key: K_2031C40DB9B4,61035.0,65308.0,65.536,context_0000,Answer: ,32,62995,synthetic_kv_64k,3999.98976,4280.025088,3.99998976,['V_A8E520DE435D']
GB,4.280025088,2A458CBFEDB0,61035.0,4.0,0.06542843143259636,Query key: K_F26479AC1B1E,61035.0,65308.0,65.536,context_0000,Answer: ,32,62995,synthetic_kv_64k,3999.98976,4280.025088,3.99998976,['V_2A458CBFEDB0']
GB,4.280025088,9B49DF57C59A,61035.0,4.0,0.06542843143259636,Query key: K_871543DAC043,61035.0,65308.0,65.536,context_0000,Answer: ,32,62995,synthetic_kv_64k,3999.98976,4280.025088,3.99998976,['V_9B49DF57C59A']
GB,4.280025088, V_EDCD36386821,61035.0,4.0,0.06542843143259636,Query key: K_F6E06C52C49F,61035.0,65308.0,65.536,context_0000,Answer: ,32,62995,synthetic_kv_64k,3999.98976,4280.025088,3.99998976,['V_EDCD36386821']
GB,4.280025088, V_B09BBADCC32A,61035.0,4.0,0.06542843143259636,Query key: K_C1598A0F4EFB,61035.0,65308.0,65.536,context_0000,Answer: ,32,62995,synthetic_kv_64k,3999.98976,4280.025088,3.99998976,['V_B09BBADCC32A']
GB,4.280025088,66244FCCA39A,61035.0,4.0,0.06542843143259636,Query key: K_B683337EA2DF,61035.0,65308.0,65.536,context_0000,Answer: ,32,62995,synthetic_kv_64k,3999.98976,4280.025088,3.99998976,['V_66244FCCA39A']
GB,4.280025088,5F98A65E688E,61035.0,4.0,0.06542843143259636,Query key: K_ABF3FEC21BBE,61035.0,65308.0,65.536,context_0000,Answer: ,32,62995,synthetic_kv_64k,3999.98976,4280.025088,3.99998976,['V_5F98A65E688E']
GB,4.280025088, V_7394847FD9B4,61035.0,4.0,0.06542843143259636,Query key: K_E64D702753A1,61035.0,65308.0,65.536,context_0000,Answer: ,32,62995,synthetic_kv_64k,3999.98976,4280.025088,3.99998976,['V_7394847FD9B4']
GB,4.280025088,10643985C3CF,61035.0,4.0,0.06542843143259636,Query key: K_3F761EFA2197,61035.0,65308.0,65.536,context_0000,Answer: ,32,62995,synthetic_kv_64k,3999.98976,4280.025088,3.99998976,['V_10643985C3CF']
GB,4.280025088,8DCD969B6662,61035.0,4.0,0.06542843143259636,Query key: K_0562568CC69B,61035.0,65308.0,65.536,context_0000,Answer: ,32,62995,synthetic_kv_64k,3999.98976,4280.025088,3.99998976,['V_8DCD969B6662']
GB,4.280025088,01D738602AB6,61035.0,4.0,0.06542843143259636,Query key: K_96A43AE8CC93,61035.0,65308.0,65.536,context_0000,Answer: ,32,62995,synthetic_kv_64k,3999.98976,4280.025088,3.99998976,['V_01D738602AB6']
GB,4.280025088,0F12A18FF6B6,61035.0,4.0,0.06542843143259636,Query key: K_B535122C9A56,61035.0,65308.0,65.536,context_0000,Answer: ,32,62995,synthetic_kv_64k,3999.98976,4280.025088,3.99998976,['V_0F12A18FF6B6']
GB,4.280025088,080AE7C99B26,61035.0,4.0,0.06542843143259636,Query key: K_11413A9BEDD4,61035.0,65308.0,65.536,context_0000,Answer: ,32,62995,synthetic_kv_64k,3999.98976,4280.025088,3.99998976,['V_080AE7C99B26']
GB,4.280025088, V_839F1223B513,61035.0,4.0,0.06542843143259636,Query key: K_5496DC1110C1,61035.0,65308.0,65.536,context_0000,Answer: ,32,62995,synthetic_kv_64k,3999.98976,4280.025088,3.99998976,['V_839F1223B513']
GB,4.280025088,7C44AB4220A7,61035.0,4.0,0.06542843143259636,Query key: K_474A3CEDDF2D,61035.0,65308.0,65.536,context_0000,Answer: ,32,62995,synthetic_kv_64k,3999.98976,4280.025088,3.99998976,['V_7C44AB4220A7']
GB,4.280025088, V_B92D21DF306F,61035.0,4.0,0.06542843143259636,Query key: K_8A0B36D8393A,61035.0,65308.0,65.536,context_0000,Answer: ,32,62995,synthetic_kv_64k,3999.98976,4280.025088,3.99998976,['V_B92D21DF306F']
GB,4.280025088,9382922FE15A,61035.0,4.0,0.06542843143259636,Query key: K_E1E3EF7DDC76,61035.0,65308.0,65.536,context_0000,Answer: ,32,62995,synthetic_kv_64k,3999.98976,4280.025088,3.99998976,['V_9382922FE15A']
GB,4.280025088,7914C8DCD19F,61035.0,4.0,0.06542843143259636,Query key: K_3E357900F7F9,61035.0,65308.0,65.536,context_0000,Answer: ,32,62995,synthetic_kv_64k,3999.98976,4280.025088,3.99998976,['V_7914C8DCD19F']
GB,4.280025088,182530BEB45F,61035.0,4.0,0.06542843143259636,Query key: K_6835CEB81F9D,61035.0,65308.0,65.536,context_0000,Answer: ,32,62995,synthetic_kv_64k,3999.98976,4280.025088,3.99998976,['V_182530BEB45F']
GB,4.280025088, V_5AB36E595ED3,61035.0,4.0,0.06542843143259636,Query key: K_A8B318D0752B,61035.0,65308.0,65.536,context_0000,Answer: ,32,62995,synthetic_kv_64k,3999.98976,4280.025088,3.99998976,['V_5AB36E595ED3']
GB,4.280025088, V_DD24778EEDB3,61035.0,4.0,0.06542843143259636,Query key: K_693D6C6FA611,61035.0,65308.0,65.536,context_0000,Answer: ,32,62995,synthetic_kv_64k,3999.98976,4280.025088,3.99998976,['V_DD24778EEDB3']
GB,4.280025088, V_A748AC619E63,61035.0,4.0,0.06542843143259636,Query key: K_0DDEBAA4B71A,61035.0,65308.0,65.536,context_0000,Answer: ,32,62995,synthetic_kv_64k,3999.98976,4280.025088,3.99998976,['V_A748AC619E63']
GB,4.280025088, V_0F841931E9EE,61035.0,4.0,0.06542843143259636,Query key: K_A56CFBF24050,61035.0,65308.0,65.536,context_0000,Answer: ,32,62995,synthetic_kv_64k,3999.98976,4280.025088,3.99998976,['V_0F841931E9EE']
GB,4.280025088, V_CCF356DC8907,61035.0,4.0,0.06542843143259636,Query key: K_BA6C6712303A,61035.0,65308.0,65.536,context_0000,Answer: ,32,62995,synthetic_kv_64k,3999.98976,4280.025088,3.99998976,['V_CCF356DC8907']
GB,4.280025088,310C3FA7F104,61035.0,4.0,0.06542843143259636,Query key: K_1BF9DC96925E,61035.0,65308.0,65.536,context_0000,Answer: ,32,62995,synthetic_kv_64k,3999.98976,4280.025088,3.99998976,['V_310C3FA7F104']
GB,4.280025088, V_23E272D8567D,61035.0,4.0,0.06542843143259636,Query key: K_894A30B187EF,61035.0,65308.0,65.536,context_0000,Answer: ,32,62995,synthetic_kv_64k,3999.98976,4280.025088,3.99998976,['V_23E272D8567D']
GB,4.280025088,766E474EBC19,61035.0,4.0,0.06542843143259636,Query key: K_2EF96C006F61,61035.0,65308.0,65.536,context_0000,Answer: ,32,62995,synthetic_kv_64k,3999.98976,4280.025088,3.99998976,['V_766E474EBC19']
GB,4.280025088,134CEC5B227C,61035.0,4.0,0.06542843143259636,Query key: K_DFDE3FF350BF,61035.0,65308.0,65.536,context_0000,Answer: ,32,62995,synthetic_kv_64k,3999.98976,4280.025088,3.99998976,['V_134CEC5B227C']
GB,4.280025088, V_DB20DC815FE7,61035.0,4.0,0.06542843143259636,Query key: K_CEDA71710434,61035.0,65308.0,65.536,context_0000,Answer: ,32,62995,synthetic_kv_64k,3999.98976,4280.025088,3.99998976,['V_DB20DC815FE7']
GB,4.280025088, V_A6F20CF35B58,61035.0,4.0,0.06542843143259636,Query key: K_19108CE21EA3,61035.0,65308.0,65.536,context_0000,Answer: ,32,62995,synthetic_kv_64k,3999.98976,4280.025088,3.99998976,['V_A6F20CF35B58']
GB,4.280025088,03C7D605E770,61035.0,4.0,0.06542843143259636,Query key: K_8A63FFD0F9D5,61035.0,65308.0,65.536,context_0000,Answer: ,32,62995,synthetic_kv_64k,3999.98976,4280.025088,3.99998976,['V_03C7D605E770']
GB,4.280025088, V_C0E9ED2662E9,61035.0,4.0,0.06542843143259636,Query key: K_17E0F8102383,61035.0,65308.0,65.536,context_0000,Answer: ,32,62995,synthetic_kv_64k,3999.98976,4280.025088,3.99998976,['V_C0E9ED2662E9']
GB,4.280025088,680A2A935D62,61035.0,4.0,0.06542843143259636,Query key: K_3C83D9441FA5,61035.0,65308.0,65.536,context_0000,Answer: ,32,62995,synthetic_kv_64k,3999.98976,4280.025088,3.99998976,['V_680A2A935D62']
GB,4.280025088, V_DD5936B82481,61035.0,4.0,0.06542843143259636,Query key: K_7B3A7C52FA17,61035.0,65308.0,65.536,context_0000,Answer: ,32,62995,synthetic_kv_64k,3999.98976,4280.025088,3.99998976,['V_DD5936B82481']
GB,4.280025088, V_2A250F02BAD0,61035.0,4.0,0.06542843143259636,Query key: K_E70666AA9385,61035.0,65308.0,65.536,context_0000,Answer: ,32,62995,synthetic_kv_64k,3999.98976,4280.025088,3.99998976,['V_2A250F02BAD0']
GB,4.280025088, V_63F2FC3D3348,61035.0,4.0,0.06542843143259636,Query key: K_008D610461E3,61035.0,65308.0,65.536,context_0000,Answer: ,32,62995,synthetic_kv_64k,3999.98976,4280.025088,3.99998976,['V_63F2FC3D3348']
GB,4.280025088, V_C8FEC8B8D9C6,61035.0,4.0,0.06542843143259636,Query key: K_ED3043E458FC,61035.0,65308.0,65.536,context_0000,Answer: ,32,62995,synthetic_kv_64k,3999.98976,4280.025088,3.99998976,['V_C8FEC8B8D9C6']
GB,4.280025088, V_B2536C4A37EA,61035.0,4.0,0.06542843143259636,Query key: K_4906747B6DBA,61035.0,65308.0,65.536,context_0000,Answer: ,32,62995,synthetic_kv_64k,3999.98976,4280.025088,3.99998976,['V_B2536C4A37EA']
GB,4.280025088, V_C88AFED4057D,61035.0,4.0,0.06542843143259636,Query key: K_BB02F512C4C3,61035.0,65308.0,65.536,context_0000,Answer: ,32,62995,synthetic_kv_64k,3999.98976,4280.025088,3.99998976,['V_C88AFED4057D']
GB,4.280025088, V_7C96B7E99ACA,61035.0,4.0,0.06542843143259636,Query key: K_A9708E46D534,61035.0,65308.0,65.536,context_0000,Answer: ,32,62995,synthetic_kv_64k,3999.98976,4280.025088,3.99998976,['V_7C96B7E99ACA']
GB,4.280025088,37BB4BF50B52,61035.0,4.0,0.06542843143259636,Query key: K_309D27A0C3D7,61035.0,65308.0,65.536,context_0000,Answer: ,32,62995,synthetic_kv_64k,3999.98976,4280.025088,3.99998976,['V_37BB4BF50B52']
GB,4.280025088, V_BC59944528C0,61035.0,4.0,0.06542843143259636,Query key: K_0EF8F7FD5646,61035.0,65308.0,65.536,context_0000,Answer: ,32,62995,synthetic_kv_64k,3999.98976,4280.025088,3.99998976,['V_BC59944528C0']
GB,4.280025088, V_5048BF7B539B,61035.0,4.0,0.06542843143259636,Query key: K_0F9A8ACD4E10,61035.0,65308.0,65.536,context_0000,Answer: ,32,62995,synthetic_kv_64k,3999.98976,4280.025088,3.99998976,['V_5048BF7B539B']
GB,4.280025088, V_7A0E958CA9BA,61035.0,4.0,0.06542843143259636,Query key: K_0CD60EA2622B,61035.0,65308.0,65.536,context_0000,Answer: ,32,62995,synthetic_kv_64k,3999.98976,4280.025088,3.99998976,['V_7A0E958CA9BA']
GB,4.280025088,87F7DA4BD9CA,61035.0,4.0,0.06542843143259636,Query key: K_EB5C80BACD64,61035.0,65308.0,65.536,context_0000,Answer: ,32,62995,synthetic_kv_64k,3999.98976,4280.025088,3.99998976,['V_87F7DA4BD9CA']
GB,4.280025088, V_8201F5F59B22,61035.0,4.0,0.06542843143259636,Query key: K_0E8F284D82E5,61035.0,65308.0,65.536,context_0000,Answer: ,32,62995,synthetic_kv_64k,3999.98976,4280.025088,3.99998976,['V_8201F5F59B22']
GB,4.280025088,118A2F923996,61035.0,4.0,0.06542843143259636,Query key: K_D9F114822F53,61035.0,65308.0,65.536,context_0000,Answer: ,32,62995,synthetic_kv_64k,3999.98976,4280.025088,3.99998976,['V_118A2F923996']
GB,4.280025088, V_DCA0ACDABACC,61035.0,4.0,0.06542843143259636,Query key: K_116598543881,61035.0,65308.0,65.536,context_0000,Answer: ,32,62995,synthetic_kv_64k,3999.98976,4280.025088,3.99998976,['V_DCA0ACDABACC']
GB,4.280025088, V_F10C1EB0E38A,61035.0,4.0,0.06542843143259636,Query key: K_675D3C365296,61035.0,65308.0,65.536,context_0000,Answer: ,32,62995,synthetic_kv_64k,3999.98976,4280.025088,3.99998976,['V_F10C1EB0E38A']
GB,4.280025088,94343F07F814,61035.0,4.0,0.06542843143259636,Query key: K_91D6E3E9DE99,61035.0,65308.0,65.536,context_0000,Answer: ,32,62995,synthetic_kv_64k,3999.98976,4280.025088,3.99998976,['V_94343F07F814']
GB,4.280025088,14FC9E8FC965,61035.0,4.0,0.06542843143259636,Query key: K_0A2C98326856,61035.0,65308.0,65.536,context_0000,Answer: ,32,62995,synthetic_kv_64k,3999.98976,4280.025088,3.99998976,['V_14FC9E8FC965']
GB,4.280025088,90B2956B8C0C,61035.0,4.0,0.06542843143259636,Query key: K_A8496B5252E3,61035.0,65308.0,65.536,context_0000,Answer: ,32,62995,synthetic_kv_64k,3999.98976,4280.025088,3.99998976,['V_90B2956B8C0C']
GB,4.280025088, V_42C1EF48E8D5,61035.0,4.0,0.06542843143259636,Query key: K_50FD85D51695,61035.0,65308.0,65.536,context_0000,Answer: ,32,62995,synthetic_kv_64k,3999.98976,4280.025088,3.99998976,['V_42C1EF48E8D5']
GB,4.280025088,506EB758588D,61035.0,4.0,0.06542843143259636,Query key: K_AB73344A54B8,61035.0,65308.0,65.536,context_0000,Answer: ,32,62995,synthetic_kv_64k,3999.98976,4280.025088,3.99998976,['V_506EB758588D']
GB,4.280025088,2181655238A6,61035.0,4.0,0.06542843143259636,Query key: K_43FF3D1A85DD,61035.0,65308.0,65.536,context_0000,Answer: ,32,62995,synthetic_kv_64k,3999.98976,4280.025088,3.99998976,['V_2181655238A6']
GB,4.280025088, V_750C4CCC9BC2,61035.0,4.0,0.06542843143259636,Query key: K_A53FABF3E3FC,61035.0,65308.0,65.536,context_0000,Answer: ,32,62995,synthetic_kv_64k,3999.98976,4280.025088,3.99998976,['V_750C4CCC9BC2']
GB,4.280025088, V_EF8CC07A30F2,61035.0,4.0,0.06542843143259636,Query key: K_EDD450F0FD0A,61035.0,65308.0,65.536,context_0000,Answer: ,32,62995,synthetic_kv_64k,3999.98976,4280.025088,3.99998976,['V_EF8CC07A30F2']
GB,4.280025088,9F0475523327,61035.0,4.0,0.06542843143259636,Query key: K_026212922F83,61035.0,65308.0,65.536,context_0000,Answer: ,32,62995,synthetic_kv_64k,3999.98976,4280.025088,3.99998976,['V_9F0475523327']
GB,4.280025088,1998FF002D4D,61035.0,4.0,0.06542843143259636,Query key: K_9020FF9AB5C2,61035.0,65308.0,65.536,context_0000,Answer: ,32,62995,synthetic_kv_64k,3999.98976,4280.025088,3.99998976,['V_1998FF002D4D']
GB,4.280025088,8181369147EB,61035.0,4.0,0.06542843143259636,Query key: K_89A212C136E0,61035.0,65308.0,65.536,context_0000,Answer: ,32,62995,synthetic_kv_64k,3999.98976,4280.025088,3.99998976,['V_8181369147EB']
GB,4.280025088,5958EEEA163E,61035.0,4.0,0.06542843143259636,Query key: K_21E843E42CAF,61035.0,65308.0,65.536,context_0000,Answer: ,32,62995,synthetic_kv_64k,3999.98976,4280.025088,3.99998976,['V_5958EEEA163E']
GB,4.280025088, V_3E89E117DAC3,61035.0,4.0,0.06542843143259636,Query key: K_119CE1805081,61035.0,65308.0,65.536,context_0000,Answer: ,32,62995,synthetic_kv_64k,3999.98976,4280.025088,3.99998976,['V_3E89E117DAC3']
GB,4.280025088,702C286218B8,61035.0,4.0,0.06542843143259636,Query key: K_48F45E9953D2,61035.0,65308.0,65.536,context_0000,Answer: ,32,62995,synthetic_kv_64k,3999.98976,4280.025088,3.99998976,['V_702C286218B8']
GB,4.280025088,4D71B41B3143,61035.0,4.0,0.06542843143259636,Query key: K_8B10D5704F32,61035.0,65308.0,65.536,context_0000,Answer: ,32,62995,synthetic_kv_64k,3999.98976,4280.025088,3.99998976,['V_4D71B41B3143']
GB,4.280025088, V_CE9EFCBB4E59,61035.0,4.0,0.06542843143259636,Query key: K_FBDD9C96E9EC,61035.0,65308.0,65.536,context_0000,Answer: ,32,62995,synthetic_kv_64k,3999.98976,4280.025088,3.99998976,['V_CE9EFCBB4E59']
GB,4.280025088, V_AAF90200B1F0,61035.0,4.0,0.06542843143259636,Query key: K_8768A76AFDE6,61035.0,65308.0,65.536,context_0000,Answer: ,32,62995,synthetic_kv_64k,3999.98976,4280.025088,3.99998976,['V_AAF90200B1F0']
GB,4.280025088, V_EE874CA415EA,61035.0,4.0,0.06542843143259636,Query key: K_8DFAD12DBC9A,61035.0,65308.0,65.536,context_0000,Answer: ,32,62995,synthetic_kv_64k,3999.98976,4280.025088,3.99998976,['V_EE874CA415EA']
GB,4.280025088, V_E0CCF05DB76E,61035.0,4.0,0.06542843143259636,Query key: K_1A84A9D3D7C7,61035.0,65308.0,65.536,context_0000,Answer: ,32,62995,synthetic_kv_64k,3999.98976,4280.025088,3.99998976,['V_E0CCF05DB76E']
GB,4.280025088, V_E3C41D8CBBAC,61035.0,4.0,0.06542843143259636,Query key: K_43B42260E70F,61035.0,65308.0,65.536,context_0000,Answer: ,32,62995,synthetic_kv_64k,3999.98976,4280.025088,3.99998976,['V_E3C41D8CBBAC']
GB,4.280025088,27CB8DA01097,61035.0,4.0,0.06542843143259636,Query key: K_BE0F1B66B5A9,61035.0,65308.0,65.536,context_0000,Answer: ,32,62995,synthetic_kv_64k,3999.98976,4280.025088,3.99998976,['V_27CB8DA01097']
GB,4.280025088,35EB9AD620AB,61035.0,4.0,0.06542843143259636,Query key: K_482145B89CD9,61035.0,65308.0,65.536,context_0000,Answer: ,32,62995,synthetic_kv_64k,3999.98976,4280.025088,3.99998976,['V_35EB9AD620AB']
GB,4.280025088, V_AFFF341EF40B,61035.0,4.0,0.06542843143259636,Query key: K_57C7B7B56EA7,61035.0,65308.0,65.536,context_0000,Answer: ,32,62995,synthetic_kv_64k,3999.98976,4280.025088,3.99998976,['V_AFFF341EF40B']
GB,4.280025088,8162439472E6,61035.0,4.0,0.06542843143259636,Query key: K_DA58A25D6B29,61035.0,65308.0,65.536,context_0000,Answer: ,32,62995,synthetic_kv_64k,3999.98976,4280.025088,3.99998976,['V_8162439472E6']
GB,4.280025088, V_E87DE7C421C7,61035.0,4.0,0.06542843143259636,Query key: K_40497D106C60,61035.0,65308.0,65.536,context_0000,Answer: ,32,62995,synthetic_kv_64k,3999.98976,4280.025088,3.99998976,['V_E87DE7C421C7']
GB,4.280025088, V_A26017A0DF49,61035.0,4.0,0.06542843143259636,Query key: K_0D01D89A40C0,61035.0,65308.0,65.536,context_0000,Answer: ,32,62995,synthetic_kv_64k,3999.98976,4280.025088,3.99998976,['V_A26017A0DF49']
GB,4.280025088,0B4946D483F3,61035.0,4.0,0.06542843143259636,Query key: K_D4506C6F7633,61035.0,65308.0,65.536,context_0000,Answer: ,32,62995,synthetic_kv_64k,3999.98976,4280.025088,3.99998976,['V_0B4946D483F3']
GB,4.280025088,217DC56811CD,61035.0,4.0,0.06542843143259636,Query key: K_556300E85ECE,61035.0,65308.0,65.536,context_0000,Answer: ,32,62995,synthetic_kv_64k,3999.98976,4280.025088,3.99998976,['V_217DC56811CD']
GB,4.280025088,295D430F801D,61035.0,4.0,0.06542843143259636,Query key: K_FAD4A319DCB4,61035.0,65308.0,65.536,context_0000,Answer: ,32,62995,synthetic_kv_64k,3999.98976,4280.025088,3.99998976,['V_295D430F801D']
GB,4.280025088, V_B4A68D3AED99,61035.0,4.0,0.06542843143259636,Query key: K_711CBDC14F1F,61035.0,65308.0,65.536,context_0000,Answer: ,32,62995,synthetic_kv_64k,3999.98976,4280.025088,3.99998976,['V_B4A68D3AED99']
GB,4.280025088,1CA30279B6A6,61035.0,4.0,0.06542843143259636,Query key: K_8F976D7CE3C9,61035.0,65308.0,65.536,context_0000,Answer: ,32,62995,synthetic_kv_64k,3999.98976,4280.025088,3.99998976,['V_1CA30279B6A6']
GB,4.280025088, V_B0E6E21342B0,61035.0,4.0,0.06542843143259636,Query key: K_F1EE13432E61,61035.0,65308.0,65.536,context_0000,Answer: ,32,62995,synthetic_kv_64k,3999.98976,4280.025088,3.99998976,['V_B0E6E21342B0']
GB,4.280025088,09398BABCE3B,61035.0,4.0,0.06542843143259636,Query key: K_2628E767DCEA,61035.0,65308.0,65.536,context_0000,Answer: ,32,62995,synthetic_kv_64k,3999.98976,4280.025088,3.99998976,['V_09398BABCE3B']
GB,4.280025088,8D72951F58D0,61035.0,4.0,0.06542843143259636,Query key: K_5E84D5A804EB,61035.0,65308.0,65.536,context_0000,Answer: ,32,62995,synthetic_kv_64k,3999.98976,4280.025088,3.99998976,['V_8D72951F58D0']
GB,4.280025088, V_0AB520A04502,61035.0,4.0,0.06542843143259636,Query key: K_6E0625E97977,61035.0,65308.0,65.536,context_0000,Answer: ,32,62995,synthetic_kv_64k,3999.98976,4280.025088,3.99998976,['V_0AB520A04502']
GB,4.280025088, V_EEDEE623A689,61035.0,4.0,0.06542843143259636,Query key: K_5D594EEA04E7,61035.0,65308.0,65.536,context_0000,Answer: ,32,62995,synthetic_kv_64k,3999.98976,4280.025088,3.99998976,['V_EEDEE623A689']
GB,4.280025088,0A36DC570131,61035.0,4.0,0.06542843143259636,Query key: K_F8E1CBCEABDE,61035.0,65308.0,65.536,context_0000,Answer: ,32,62995,synthetic_kv_64k,3999.98976,4280.025088,3.99998976,['V_0A36DC570131']
GB,4.280025088, V_AE9B35C7936C,61035.0,4.0,0.06542843143259636,Query key: K_5B99E61FECC0,61035.0,65308.0,65.536,context_0000,Answer: ,32,62995,synthetic_kv_64k,3999.98976,4280.025088,3.99998976,['V_AE9B35C7936C']
GB,4.280025088,5A8A1A50AEC3,61035.0,4.0,0.06542843143259636,Query key: K_AABC3FE12E47,61035.0,65308.0,65.536,context_0000,Answer: ,32,62995,synthetic_kv_64k,3999.98976,4280.025088,3.99998976,['V_5A8A1A50AEC3']
GB,4.280025088, V_DFEDE256A6DC,61035.0,4.0,0.06542843143259636,Query key: K_8F54C7B5B2BC,61035.0,65308.0,65.536,context_0000,Answer: ,32,62995,synthetic_kv_64k,3999.98976,4280.025088,3.99998976,['V_DFEDE256A6DC']
GB,4.280025088, V_BFDD9EE3AC2A,61035.0,4.0,0.06542843143259636,Query key: K_F94D6808593F,61035.0,65308.0,65.536,context_0000,Answer: ,32,62995,synthetic_kv_64k,3999.98976,4280.025088,3.99998976,['V_BFDD9EE3AC2A']
GB,4.280025088,3C9AEE0CAEB5,61035.0,4.0,0.06542843143259636,Query key: K_ECFE2790CEBD,61035.0,65308.0,65.536,context_0000,Answer: ,32,62995,synthetic_kv_64k,3999.98976,4280.025088,3.99998976,['V_3C9AEE0CAEB5']
GB,4.280025088, V_CCC5F9E8A369,61035.0,4.0,0.06542843143259636,Query key: K_2999DD56CC94,61035.0,65308.0,65.536,context_0000,Answer: ,32,62995,synthetic_kv_64k,3999.98976,4280.025088,3.99998976,['V_CCC5F9E8A369']
GB,4.280025088,698CE1A47E10,61035.0,4.0,0.06542843143259636,Query key: K_2D53CF8EBC5A,61035.0,65308.0,65.536,context_0000,Answer: ,32,62995,synthetic_kv_64k,3999.98976,4280.025088,3.99998976,['V_698CE1A47E10']
GB,4.280025088, V_ECABBC8F7D29,61035.0,4.0,0.06542843143259636,Query key: K_2DEA0658663A,61035.0,65308.0,65.536,context_0000,Answer: ,32,62995,synthetic_kv_64k,3999.98976,4280.025088,3.99998976,['V_ECABBC8F7D29']
GB,4.280025088,6966EE49F329,61035.0,4.0,0.06542843143259636,Query key: K_C84A550A1B46,61035.0,65308.0,65.536,context_0000,Answer: ,32,62995,synthetic_kv_64k,3999.98976,4280.025088,3.99998976,['V_6966EE49F329']
GB,4.280025088, V_BC2CDD334CC7,61035.0,4.0,0.06542843143259636,Query key: K_AB7FCD5F4822,61035.0,65308.0,65.536,context_0000,Answer: ,32,62995,synthetic_kv_64k,3999.98976,4280.025088,3.99998976,['V_BC2CDD334CC7']
GB,4.280025088,28C1444D610B,61035.0,4.0,0.06542843143259636,Query key: K_3F87CF8D446A,61035.0,65308.0,65.536,context_0000,Answer: ,32,62995,synthetic_kv_64k,3999.98976,4280.025088,3.99998976,['V_28C1444D610B']
GB,4.280025088,61EE1BAC27A7,61035.0,4.0,0.06542843143259636,Query key: K_B386C991603F,61035.0,65308.0,65.536,context_0000,Answer: ,32,62995,synthetic_kv_64k,3999.98976,4280.025088,3.99998976,['V_61EE1BAC27A7']
GB,4.280025088,787FDBCCC477,61035.0,4.0,0.06542843143259636,Query key: K_09E9DF465290,61035.0,65308.0,65.536,context_0000,Answer: ,32,62995,synthetic_kv_64k,3999.98976,4280.025088,3.99998976,['V_787FDBCCC477']
GB,4.280025088, V_EB1FD10BD1D0,61035.0,4.0,0.06542843143259636,Query key: K_331738F16A81,61035.0,65308.0,65.536,context_0000,Answer: ,32,62995,synthetic_kv_64k,3999.98976,4280.025088,3.99998976,['V_EB1FD10BD1D0']
GB,4.280025088, V_D20E4E20FD1A,61035.0,4.0,0.06542843143259636,Query key: K_598375D66ED4,61035.0,65308.0,65.536,context_0000,Answer: ,32,62995,synthetic_kv_64k,3999.98976,4280.025088,3.99998976,['V_D20E4E20FD1A']
GB,4.280025088,39113A43B2BA,61035.0,4.0,0.06542843143259636,Query key: K_DF0FCB9BC326,61035.0,65308.0,65.536,context_0000,Answer: ,32,62995,synthetic_kv_64k,3999.98976,4280.025088,3.99998976,['V_39113A43B2BA']
GB,4.280025088,66013170F437,61035.0,4.0,0.06542843143259636,Query key: K_A8F7060EDF5B,61035.0,65308.0,65.536,context_0000,Answer: ,32,62995,synthetic_kv_64k,3999.98976,4280.025088,3.99998976,['V_66013170F437']
GB,4.280025088,11C5DD463C09,61035.0,4.0,0.06542843143259636,Query key: K_47525408F9AC,61035.0,65308.0,65.536,context_0000,Answer: ,32,62995,synthetic_kv_64k,3999.98976,4280.025088,3.99998976,['V_11C5DD463C09']
GB,4.280025088,59E44774BC58,61035.0,4.0,0.06542843143259636,Query key: K_C5F8F7860B50,61035.0,65308.0,65.536,context_0000,Answer: ,32,62995,synthetic_kv_64k,3999.98976,4280.025088,3.99998976,['V_59E44774BC58']
GB,4.280025088, V_ADF46651529E,61035.0,4.0,0.06542843143259636,Query key: K_8268A43825B5,61035.0,65308.0,65.536,context_0000,Answer: ,32,62995,synthetic_kv_64k,3999.98976,4280.025088,3.99998976,['V_ADF46651529E']
GB,4.280025088,54C689456F27,61035.0,4.0,0.06542843143259636,Query key: K_D7FAFB2CA025,61035.0,65308.0,65.536,context_0000,Answer: ,32,62995,synthetic_kv_64k,3999.98976,4280.025088,3.99998976,['V_54C689456F27']
GB,4.280025088, V_E0851D870966,61035.0,4.0,0.06542843143259636,Query key: K_0710F071D879,61035.0,65308.0,65.536,context_0000,Answer: ,32,62995,synthetic_kv_64k,3999.98976,4280.025088,3.99998976,['V_E0851D870966']
GB,4.280025088,94A12DB69EDB,61035.0,4.0,0.06542843143259636,Query key: K_42DEF86C2CA2,61035.0,65308.0,65.536,context_0000,Answer: ,32,62995,synthetic_kv_64k,3999.98976,4280.025088,3.99998976,['V_94A12DB69EDB']
GB,4.280025088,09CB43F59A85,61035.0,4.0,0.06542843143259636,Query key: K_FBC9F668A617,61035.0,65308.0,65.536,context_0000,Answer: ,32,62995,synthetic_kv_64k,3999.98976,4280.025088,3.99998976,['V_09CB43F59A85']
GB,4.280025088,587E6F3F920C,61035.0,4.0,0.06542843143259636,Query key: K_98B81BC044FC,61035.0,65308.0,65.536,context_0000,Answer: ,32,62995,synthetic_kv_64k,3999.98976,4280.025088,3.99998976,['V_587E6F3F920C']
GB,4.280025088,6FB7504D281F,61035.0,4.0,0.06542843143259636,Query key: K_C953BA81EDD9,61035.0,65308.0,65.536,context_0000,Answer: ,32,62995,synthetic_kv_64k,3999.98976,4280.025088,3.99998976,['V_6FB7504D281F']
GB,4.280025088,1D9A82EC9F2D,61035.0,4.0,0.06542843143259636,Query key: K_FBF69B3080D5,61035.0,65308.0,65.536,context_0000,Answer: ,32,62995,synthetic_kv_64k,3999.98976,4280.025088,3.99998976,['V_1D9A82EC9F2D']
GB,4.280025088,30A9939B462D,61035.0,4.0,0.06542843143259636,Query key: K_E645629C2AE3,61035.0,65308.0,65.536,context_0000,Answer: ,32,62995,synthetic_kv_64k,3999.98976,4280.025088,3.99998976,['V_30A9939B462D']
GB,4.280025088, V_6FA1B572F3D0,61035.0,4.0,0.06542843143259636,Query key: K_0B5C41357E8C,61035.0,65308.0,65.536,context_0000,Answer: ,32,62995,synthetic_kv_64k,3999.98976,4280.025088,3.99998976,['V_6FA1B572F3D0']
GB,4.280025088, V_CE77ECF27E76,61035.0,4.0,0.06542843143259636,Query key: K_8519006ED6E3,61035.0,65308.0,65.536,context_0000,Answer: ,32,62995,synthetic_kv_64k,3999.98976,4280.025088,3.99998976,['V_CE77ECF27E76']
GB,4.280025088, V_F0B5B82C9074,61035.0,4.0,0.06542843143259636,Query key: K_AFD589D7FD6C,61035.0,65308.0,65.536,context_0000,Answer: ,32,62995,synthetic_kv_64k,3999.98976,4280.025088,3.99998976,['V_F0B5B82C9074']
GB,4.280025088,3270ABAE4F43,61035.0,4.0,0.06542843143259636,Query key: K_BCAEBDF070AA,61035.0,65308.0,65.536,context_0000,Answer: ,32,62995,synthetic_kv_64k,3999.98976,4280.025088,3.99998976,['V_3270ABAE4F43']
GB,4.280025088, V_F2E911E9CDAA,61035.0,4.0,0.06542843143259636,Query key: K_6E695D3D9E56,61035.0,65308.0,65.536,context_0000,Answer: ,32,62995,synthetic_kv_64k,3999.98976,4280.025088,3.99998976,['V_F2E911E9CDAA']
GB,4.280025088,9F875487FD4F,61035.0,4.0,0.06542843143259636,Query key: K_EBB7AA0B7B14,61035.0,65308.0,65.536,context_0000,Answer: ,32,62995,synthetic_kv_64k,3999.98976,4280.025088,3.99998976,['V_9F875487FD4F']
GB,4.280025088, V_1FE7D9178793,61035.0,4.0,0.06542843143259636,Query key: K_A9D3505CC686,61035.0,65308.0,65.536,context_0000,Answer: ,32,62995,synthetic_kv_64k,3999.98976,4280.025088,3.99998976,['V_1FE7D9178793']
GB,4.280025088, V_81D24CE1EB90,61035.0,4.0,0.06542843143259636,Query key: K_E669B841D0A0,61035.0,65308.0,65.536,context_0000,Answer: ,32,62995,synthetic_kv_64k,3999.98976,4280.025088,3.99998976,['V_81D24CE1EB90']
GB,4.280025088, V_5380688C7015,61035.0,4.0,0.06542843143259636,Query key: K_AAB94F2D4796,61035.0,65308.0,65.536,context_0000,Answer: ,32,62995,synthetic_kv_64k,3999.98976,4280.025088,3.99998976,['V_5380688C7015']
GB,4.280025088, V_8DED4BB00F20,61035.0,4.0,0.06542843143259636,Query key: K_B27C6703B636,61035.0,65308.0,65.536,context_0000,Answer: ,32,62995,synthetic_kv_64k,3999.98976,4280.025088,3.99998976,['V_8DED4BB00F20']
GB,4.280025088, V_AA386BA25EFE,61035.0,4.0,0.06542843143259636,Query key: K_311C2095EEF6,61035.0,65308.0,65.536,context_0000,Answer: ,32,62995,synthetic_kv_64k,3999.98976,4280.025088,3.99998976,['V_AA386BA25EFE']
GB,4.280025088, V_BF85AD64B56C,61035.0,4.0,0.06542843143259636,Query key: K_610FF0BBAC67,61035.0,65308.0,65.536,context_0000,Answer: ,32,62995,synthetic_kv_64k,3999.98976,4280.025088,3.99998976,['V_BF85AD64B56C']
GB,4.280025088,91B09D9262AF,61035.0,4.0,0.06542843143259636,Query key: K_2C8DE71E43A6,61035.0,65308.0,65.536,context_0000,Answer: ,32,62995,synthetic_kv_64k,3999.98976,4280.025088,3.99998976,['V_91B09D9262AF']
GB,4.280025088, V_D56F8C459CE2,61035.0,4.0,0.06542843143259636,Query key: K_67F44D0B0D1A,61035.0,65308.0,65.536,context_0000,Answer: ,32,62995,synthetic_kv_64k,3999.98976,4280.025088,3.99998976,['V_D56F8C459CE2']
GB,4.280025088,35CE49732D6C,61035.0,4.0,0.06542843143259636,Query key: K_4DCA001A9A8B,61035.0,65308.0,65.536,context_0000,Answer: ,32,62995,synthetic_kv_64k,3999.98976,4280.025088,3.99998976,['V_35CE49732D6C']
GB,4.280025088,9B4E9479E1E6,61035.0,4.0,0.06542843143259636,Query key: K_C9276E0D2648,61035.0,65308.0,65.536,context_0000,Answer: ,32,62995,synthetic_kv_64k,3999.98976,4280.025088,3.99998976,['V_9B4E9479E1E6']
GB,4.280025088,711877097749,61035.0,4.0,0.06542843143259636,Query key: K_527EA79AC9AA,61035.0,65308.0,65.536,context_0000,Answer: ,32,62995,synthetic_kv_64k,3999.98976,4280.025088,3.99998976,['V_711877097749']
GB,4.280025088,82DC36B5229A,61035.0,4.0,0.06542843143259636,Query key: K_ACF571316269,61035.0,65308.0,65.536,context_0000,Answer: ,32,62995,synthetic_kv_64k,3999.98976,4280.025088,3.99998976,['V_82DC36B5229A']
GB,4.280025088, V_F5B7E6B3C944,61035.0,4.0,0.06542843143259636,Query key: K_CB327922BAC2,61035.0,65308.0,65.536,context_0000,Answer: ,32,62995,synthetic_kv_64k,3999.98976,4280.025088,3.99998976,['V_F5B7E6B3C944']
GB,4.280025088, V_A8AA2B70E525,61035.0,4.0,0.06542843143259636,Query key: K_BC67CBC84759,61035.0,65308.0,65.536,context_0000,Answer: ,32,62995,synthetic_kv_64k,3999.98976,4280.025088,3.99998976,['V_A8AA2B70E525']
GB,4.280025088, V_A9F283F4A9A9,61035.0,4.0,0.06542843143259636,Query key: K_48A615B52908,61035.0,65308.0,65.536,context_0000,Answer: ,32,62995,synthetic_kv_64k,3999.98976,4280.025088,3.99998976,['V_A9F283F4A9A9']
GB,4.280025088,17E855CEE5DB,61035.0,4.0,0.06542843143259636,Query key: K_9E87A2086977,61035.0,65308.0,65.536,context_0000,Answer: ,32,62995,synthetic_kv_64k,3999.98976,4280.025088,3.99998976,['V_17E855CEE5DB']
GB,4.280025088, V_3C20C04A96C4,61035.0,4.0,0.06542843143259636,Query key: K_F3B6D1843324,61035.0,65308.0,65.536,context_0000,Answer: ,32,62995,synthetic_kv_64k,3999.98976,4280.025088,3.99998976,['V_3C20C04A96C4']
GB,4.280025088, V_CE7A39820CFF,61035.0,4.0,0.06542843143259636,Query key: K_4F77AC3C5640,61035.0,65308.0,65.536,context_0000,Answer: ,32,62995,synthetic_kv_64k,3999.98976,4280.025088,3.99998976,['V_CE7A39820CFF']
GB,4.280025088,0BD40640BE0F,61035.0,4.0,0.06542843143259636,Query key: K_25B832FA2DE8,61035.0,65308.0,65.536,context_0000,Answer: ,32,62995,synthetic_kv_64k,3999.98976,4280.025088,3.99998976,['V_0BD40640BE0F']
GB,4.280025088,9C7C79A28903,61035.0,4.0,0.06542843143259636,Query key: K_FBE33EAE0032,61035.0,65308.0,65.536,context_0000,Answer: ,32,62995,synthetic_kv_64k,3999.98976,4280.025088,3.99998976,['V_9C7C79A28903']
GB,4.280025088,749612A4DEF0,61035.0,4.0,0.06542843143259636,Query key: K_C4BBD98868DD,61035.0,65308.0,65.536,context_0000,Answer: ,32,62995,synthetic_kv_64k,3999.98976,4280.025088,3.99998976,['V_749612A4DEF0']
GB,4.280025088,935FA1384DDC,61035.0,4.0,0.06542843143259636,Query key: K_E2D96A18CE4C,61035.0,65308.0,65.536,context_0000,Answer: ,32,62995,synthetic_kv_64k,3999.98976,4280.025088,3.99998976,['V_935FA1384DDC']
GB,4.280025088,624CB24445A7,61035.0,4.0,0.06542843143259636,Query key: K_B7E531C681EC,61035.0,65308.0,65.536,context_0000,Answer: ,32,62995,synthetic_kv_64k,3999.98976,4280.025088,3.99998976,['V_624CB24445A7']
GB,4.280025088,25C73E75C3B4,61035.0,4.0,0.06542843143259636,Query key: K_664F7E8F8095,61035.0,65308.0,65.536,context_0000,Answer: ,32,62995,synthetic_kv_64k,3999.98976,4280.025088,3.99998976,['V_25C73E75C3B4']
GB,4.280025088, V_E485016B6287,61035.0,4.0,0.06542843143259636,Query key: K_B008A7F36AE9,61035.0,65308.0,65.536,context_0000,Answer: ,32,62995,synthetic_kv_64k,3999.98976,4280.025088,3.99998976,['V_E485016B6287']
GB,4.280025088, V_E2ADC521BF2D,61035.0,4.0,0.06542843143259636,Query key: K_DC45C03F3538,61035.0,65308.0,65.536,context_0000,Answer: ,32,62995,synthetic_kv_64k,3999.98976,4280.025088,3.99998976,['V_E2ADC521BF2D']
GB,4.280025088,38056CD66193,61035.0,4.0,0.06542843143259636,Query key: K_C7461B494E15,61035.0,65308.0,65.536,context_0000,Answer: ,32,62995,synthetic_kv_64k,3999.98976,4280.025088,3.99998976,['V_38056CD66193']
GB,4.280025088, V_B227F53D4330,61035.0,4.0,0.06542843143259636,Query key: K_CDDA2D06E8CF,61035.0,65308.0,65.536,context_0000,Answer: ,32,62995,synthetic_kv_64k,3999.98976,4280.025088,3.99998976,['V_B227F53D4330']
GB,4.280025088, V_8EB20CDB1CA4,61035.0,4.0,0.06542843143259636,Query key: K_76EC8498E113,61035.0,65308.0,65.536,context_0000,Answer: ,32,62995,synthetic_kv_64k,3999.98976,4280.025088,3.99998976,['V_8EB20CDB1CA4']
GB,4.280025088,1F11D92C9227,61035.0,4.0,0.06542843143259636,Query key: K_EADF3FCB7546,61035.0,65308.0,65.536,context_0000,Answer: ,32,62995,synthetic_kv_64k,3999.98976,4280.025088,3.99998976,['V_1F11D92C9227']
GB,4.280025088,76F2CD29A36F,61035.0,4.0,0.06542843143259636,Query key: K_222274DAAEBF,61035.0,65308.0,65.536,context_0000,Answer: ,32,62995,synthetic_kv_64k,3999.98976,4280.025088,3.99998976,['V_76F2CD29A36F']
GB,4.280025088,8F15FCE68504,61035.0,4.0,0.06542843143259636,Query key: K_87F8AAE65FC1,61035.0,65308.0,65.536,context_0000,Answer: ,32,62995,synthetic_kv_64k,3999.98976,4280.025088,3.99998976,['V_8F15FCE68504']
GB,4.280025088, V_C158F335CBA3,61035.0,4.0,0.06542843143259636,Query key: K_513A986F9025,61035.0,65308.0,65.536,context_0000,Answer: ,32,62995,synthetic_kv_64k,3999.98976,4280.025088,3.99998976,['V_C158F335CBA3']
GB,4.280025088, V_D0A49CD6C852,61035.0,4.0,0.06542843143259636,Query key: K_714CE4347D51,61035.0,65308.0,65.536,context_0000,Answer: ,32,62995,synthetic_kv_64k,3999.98976,4280.025088,3.99998976,['V_D0A49CD6C852']
GB,4.280025088,6D3E81392443,61035.0,4.0,0.06542843143259636,Query key: K_E45BB8225688,61035.0,65308.0,65.536,context_0000,Answer: ,32,62995,synthetic_kv_64k,3999.98976,4280.025088,3.99998976,['V_6D3E81392443']
GB,4.280025088,72278C41561B,61035.0,4.0,0.06542843143259636,Query key: K_E827D4A02E53,61035.0,65308.0,65.536,context_0000,Answer: ,32,62995,synthetic_kv_64k,3999.98976,4280.025088,3.99998976,['V_72278C41561B']
GB,4.280025088, V_DC8ABE6033F7,61035.0,4.0,0.06542843143259636,Query key: K_28BEE5AF6E39,61035.0,65308.0,65.536,context_0000,Answer: ,32,62995,synthetic_kv_64k,3999.98976,4280.025088,3.99998976,['V_DC8ABE6033F7']
GB,4.280025088, V_C074425A609F,61035.0,4.0,0.06542843143259636,Query key: K_733779844388,61035.0,65308.0,65.536,context_0000,Answer: ,32,62995,synthetic_kv_64k,3999.98976,4280.025088,3.99998976,['V_C074425A609F']
GB,4.280025088,46FDA33DC7AF,61035.0,4.0,0.06542843143259636,Query key: K_D7013F4B1A70,61035.0,65308.0,65.536,context_0000,Answer: ,32,62995,synthetic_kv_64k,3999.98976,4280.025088,3.99998976,['V_46FDA33DC7AF']
GB,4.280025088,7C0E8573E793,61035.0,4.0,0.06542843143259636,Query key: K_C715C40C5D91,61035.0,65308.0,65.536,context_0000,Answer: ,32,62995,synthetic_kv_64k,3999.98976,4280.025088,3.99998976,['V_7C0E8573E793']
GB,4.280025088,709B464C04AF,61035.0,4.0,0.06542843143259636,Query key: K_3D3FA07295E9,61035.0,65308.0,65.536,context_0000,Answer: ,32,62995,synthetic_kv_64k,3999.98976,4280.025088,3.99998976,['V_709B464C04AF']
GB,4.280025088,3C0749257AF1,61035.0,4.0,0.06542843143259636,Query key: K_B6AA13D5F2F7,61035.0,65308.0,65.536,context_0000,Answer: ,32,62995,synthetic_kv_64k,3999.98976,4280.025088,3.99998976,['V_3C0749257AF1']
GB,4.280025088, V_E49D51D87C64,61035.0,4.0,0.06542843143259636,Query key: K_55FA458F1F19,61035.0,65308.0,65.536,context_0000,Answer: ,32,62995,synthetic_kv_64k,3999.98976,4280.025088,3.99998976,['V_E49D51D87C64']
GB,4.280025088,269C236C7B87,61035.0,4.0,0.06542843143259636,Query key: K_14A08A476A87,61035.0,65308.0,65.536,context_0000,Answer: ,32,62995,synthetic_kv_64k,3999.98976,4280.025088,3.99998976,['V_269C236C7B87']
GB,4.280025088,271EB1A6B1F1,61035.0,4.0,0.06542843143259636,Query key: K_620E3B33F3D8,61035.0,65308.0,65.536,context_0000,Answer: ,32,62995,synthetic_kv_64k,3999.98976,4280.025088,3.99998976,['V_271EB1A6B1F1']
GB,4.280025088,6A3410714D51,61035.0,4.0,0.06542843143259636,Query key: K_36C5B4D7E28E,61035.0,65308.0,65.536,context_0000,Answer: ,32,62995,synthetic_kv_64k,3999.98976,4280.025088,3.99998976,['V_6A3410714D51']
GB,4.280025088,77468AE8905B,61035.0,4.0,0.06542843143259636,Query key: K_54B468586EBA,61035.0,65308.0,65.536,context_0000,Answer: ,32,62995,synthetic_kv_64k,3999.98976,4280.025088,3.99998976,['V_77468AE8905B']
GB,4.280025088, V_D53834F3193C,61035.0,4.0,0.06542843143259636,Query key: K_0FF06A702E2F,61035.0,65308.0,65.536,context_0000,Answer: ,32,62995,synthetic_kv_64k,3999.98976,4280.025088,3.99998976,['V_D53834F3193C']
GB,4.280025088, V_C511E7A37E81,61035.0,4.0,0.06542843143259636,Query key: K_63B46B8E869F,61035.0,65308.0,65.536,context_0000,Answer: ,32,62995,synthetic_kv_64k,3999.98976,4280.025088,3.99998976,['V_C511E7A37E81']
GB,4.280025088,0500B20DCB6E,61035.0,4.0,0.06542843143259636,Query key: K_F23195863A76,61035.0,65308.0,65.536,context_0000,Answer: ,32,62995,synthetic_kv_64k,3999.98976,4280.025088,3.99998976,['V_0500B20DCB6E']
GB,4.280025088,9360C3FE0183,61035.0,4.0,0.06542843143259636,Query key: K_E172DB52CA58,61035.0,65308.0,65.536,context_0000,Answer: ,32,62995,synthetic_kv_64k,3999.98976,4280.025088,3.99998976,['V_9360C3FE0183']
GB,4.280025088, V_F157018267C4,61035.0,4.0,0.06542843143259636,Query key: K_7A1B6160A6B4,61035.0,65308.0,65.536,context_0000,Answer: ,32,62995,synthetic_kv_64k,3999.98976,4280.025088,3.99998976,['V_F157018267C4']
GB,4.280025088,63D6C0E3BEFD,61035.0,4.0,0.06542843143259636,Query key: K_4C715A0CDD7C,61035.0,65308.0,65.536,context_0000,Answer: ,32,62995,synthetic_kv_64k,3999.98976,4280.025088,3.99998976,['V_63D6C0E3BEFD']
GB,4.280025088, V_D5F2F41402B1,61035.0,4.0,0.06542843143259636,Query key: K_E442DA7B9095,61035.0,65308.0,65.536,context_0000,Answer: ,32,62995,synthetic_kv_64k,3999.98976,4280.025088,3.99998976,['V_D5F2F41402B1']
GB,4.280025088, V_BC10BF5D2FDF,61035.0,4.0,0.06542843143259636,Query key: K_89C86B44FA8D,61035.0,65308.0,65.536,context_0000,Answer: ,32,62995,synthetic_kv_64k,3999.98976,4280.025088,3.99998976,['V_BC10BF5D2FDF']
GB,4.280025088, V_E5D69A6EC2F5,61035.0,4.0,0.06542843143259636,Query key: K_CCC48BCF53A1,61035.0,65308.0,65.536,context_0000,Answer: ,32,62995,synthetic_kv_64k,3999.98976,4280.025088,3.99998976,['V_E5D69A6EC2F5']
GB,4.280025088,45DF382C043F,61035.0,4.0,0.06542843143259636,Query key: K_7CFC3875394C,61035.0,65308.0,65.536,context_0000,Answer: ,32,62995,synthetic_kv_64k,3999.98976,4280.025088,3.99998976,['V_45DF382C043F']
GB,4.280025088,638C076E2BBA,61035.0,4.0,0.06542843143259636,Query key: K_7C536F92F25E,61035.0,65308.0,65.536,context_0000,Answer: ,32,62995,synthetic_kv_64k,3999.98976,4280.025088,3.99998976,['V_638C076E2BBA']
GB,4.280025088, V_CC53ADDC3E13,61035.0,4.0,0.06542843143259636,Query key: K_AB3B560C95EE,61035.0,65308.0,65.536,context_0000,Answer: ,32,62995,synthetic_kv_64k,3999.98976,4280.025088,3.99998976,['V_CC53ADDC3E13']
GB,4.280025088, V_D72B2A405F12,61035.0,4.0,0.06542843143259636,Query key: K_B96367814C1F,61035.0,65308.0,65.536,context_0000,Answer: ,32,62995,synthetic_kv_64k,3999.98976,4280.025088,3.99998976,['V_D72B2A405F12']
GB,4.280025088, V_FB1020AC3703,61035.0,4.0,0.06542843143259636,Query key: K_EB6777A6E17C,61035.0,65308.0,65.536,context_0000,Answer: ,32,62995,synthetic_kv_64k,3999.98976,4280.025088,3.99998976,['V_FB1020AC3703']
GB,4.280025088, V_E82C06E745F9,61035.0,4.0,0.06542843143259636,Query key: K_88BC9F4C3B79,61035.0,65308.0,65.536,context_0000,Answer: ,32,62995,synthetic_kv_64k,3999.98976,4280.025088,3.99998976,['V_E82C06E745F9']
GB,4.280025088, V_A9BA907BFE36,61035.0,4.0,0.06542843143259636,Query key: K_978664DE82E6,61035.0,65308.0,65.536,context_0000,Answer: ,32,62995,synthetic_kv_64k,3999.98976,4280.025088,3.99998976,['V_A9BA907BFE36']
GB,4.280025088,6DB9A48B3DBE,61035.0,4.0,0.06542843143259636,Query key: K_157D06F028FF,61035.0,65308.0,65.536,context_0000,Answer: ,32,62995,synthetic_kv_64k,3999.98976,4280.025088,3.99998976,['V_6DB9A48B3DBE']
GB,4.280025088,2E857631DE9D,61035.0,4.0,0.06542843143259636,Query key: K_DDE922BD3388,61035.0,65308.0,65.536,context_0000,Answer: ,32,62995,synthetic_kv_64k,3999.98976,4280.025088,3.99998976,['V_2E857631DE9D']
GB,4.280025088,53CD610CF373,61035.0,4.0,0.06542843143259636,Query key: K_42990CDF742B,61035.0,65308.0,65.536,context_0000,Answer: ,32,62995,synthetic_kv_64k,3999.98976,4280.025088,3.99998976,['V_53CD610CF373']
GB,4.280025088,566653AC2AB9,61035.0,4.0,0.06542843143259636,Query key: K_7467362F5E5C,61035.0,65308.0,65.536,context_0000,Answer: ,32,62995,synthetic_kv_64k,3999.98976,4280.025088,3.99998976,['V_566653AC2AB9']
GB,4.280025088,473B610E6A64,61035.0,4.0,0.06542843143259636,Query key: K_E130C2DFF335,61035.0,65308.0,65.536,context_0000,Answer: ,32,62995,synthetic_kv_64k,3999.98976,4280.025088,3.99998976,['V_473B610E6A64']
GB,4.280025088,6BEBD4F8FD72,61035.0,4.0,0.06542843143259636,Query key: K_F382C083B73A,61035.0,65308.0,65.536,context_0000,Answer: ,32,62995,synthetic_kv_64k,3999.98976,4280.025088,3.99998976,['V_6BEBD4F8FD72']
GB,4.280025088,786614F7CE8D,61035.0,4.0,0.06542843143259636,Query key: K_D5BC4094DDED,61035.0,65308.0,65.536,context_0000,Answer: ,32,62995,synthetic_kv_64k,3999.98976,4280.025088,3.99998976,['V_786614F7CE8D']
GB,4.280025088,0D558A175DFE,61035.0,4.0,0.06542843143259636,Query key: K_BFC004F64D86,61035.0,65308.0,65.536,context_0000,Answer: ,32,62995,synthetic_kv_64k,3999.98976,4280.025088,3.99998976,['V_0D558A175DFE']
GB,4.280025088,396659970043,61035.0,4.0,0.06542843143259636,Query key: K_F3B1FFF9F585,61035.0,65308.0,65.536,context_0000,Answer: ,32,62995,synthetic_kv_64k,3999.98976,4280.025088,3.99998976,['V_396659970043']
GB,4.280025088, V_F510C7FEE39F,61035.0,4.0,0.06542843143259636,Query key: K_1190A66FD7F7,61035.0,65308.0,65.536,context_0000,Answer: ,32,62995,synthetic_kv_64k,3999.98976,4280.025088,3.99998976,['V_F510C7FEE39F']
GB,4.280025088,07F1C1156D6D,61035.0,4.0,0.06542843143259636,Query key: K_0A4EA6D964A3,61035.0,65308.0,65.536,context_0000,Answer: ,32,62995,synthetic_kv_64k,3999.98976,4280.025088,3.99998976,['V_07F1C1156D6D']
GB,4.280025088, V_D6D733094D35,61035.0,4.0,0.06542843143259636,Query key: K_3F4DF319C125,61035.0,65308.0,65.536,context_0000,Answer: ,32,62995,synthetic_kv_64k,3999.98976,4280.025088,3.99998976,['V_D6D733094D35']
GB,4.280025088,3D112702878B,61035.0,4.0,0.06542843143259636,Query key: K_9F0F05379FF6,61035.0,65308.0,65.536,context_0000,Answer: ,32,62995,synthetic_kv_64k,3999.98976,4280.025088,3.99998976,['V_3D112702878B']
GB,4.280025088,1D48AB61A7B1,61035.0,4.0,0.06542843143259636,Query key: K_793B20500494,61035.0,65308.0,65.536,context_0000,Answer: ,32,62995,synthetic_kv_64k,3999.98976,4280.025088,3.99998976,['V_1D48AB61A7B1']
GB,4.280025088,770C37CC863B,61035.0,4.0,0.06542843143259636,Query key: K_F2A090604F62,61035.0,65308.0,65.536,context_0000,Answer: ,32,62995,synthetic_kv_64k,3999.98976,4280.025088,3.99998976,['V_770C37CC863B']
GB,4.280025088, V_5E6FC4536F1D,61035.0,4.0,0.06542843143259636,Query key: K_4199B31022F0,61035.0,65308.0,65.536,context_0000,Answer: ,32,62995,synthetic_kv_64k,3999.98976,4280.025088,3.99998976,['V_5E6FC4536F1D']
GB,4.280025088, V_F6B79B749245,61035.0,4.0,0.06542843143259636,Query key: K_9B1B2AF43AB7,61035.0,65308.0,65.536,context_0000,Answer: ,32,62995,synthetic_kv_64k,3999.98976,4280.025088,3.99998976,['V_F6B79B749245']
GB,4.280025088, V_C71D1D5206AB,61035.0,4.0,0.06542843143259636,Query key: K_B7E6BF780E3F,61035.0,65308.0,65.536,context_0000,Answer: ,32,62995,synthetic_kv_64k,3999.98976,4280.025088,3.99998976,['V_C71D1D5206AB']
GB,4.280025088,4FA0F6F7F0CC,61035.0,4.0,0.06542843143259636,Query key: K_29ECD1BDB8C0,61035.0,65308.0,65.536,context_0000,Answer: ,32,62995,synthetic_kv_64k,3999.98976,4280.025088,3.99998976,['V_4FA0F6F7F0CC']
GB,4.280025088, V_EDCB0692DC63,61035.0,4.0,0.06542843143259636,Query key: K_94241BAC5C15,61035.0,65308.0,65.536,context_0000,Answer: ,32,62995,synthetic_kv_64k,3999.98976,4280.025088,3.99998976,['V_EDCB0692DC63']
GB,4.280025088, V_E874AD66A1BD,61035.0,4.0,0.06542843143259636,Query key: K_93674FDC6E1B,61035.0,65308.0,65.536,context_0000,Answer: ,32,62995,synthetic_kv_64k,3999.98976,4280.025088,3.99998976,['V_E874AD66A1BD']
GB,4.280025088, V_F104658B2523,61035.0,4.0,0.06542843143259636,Query key: K_6014F54AD0A2,61035.0,65308.0,65.536,context_0000,Answer: ,32,62995,synthetic_kv_64k,3999.98976,4280.025088,3.99998976,['V_F104658B2523']
GB,4.280025088,979313748146,61035.0,4.0,0.06542843143259636,Query key: K_32C5B70B3420,61035.0,65308.0,65.536,context_0000,Answer: ,32,62995,synthetic_kv_64k,3999.98976,4280.025088,3.99998976,['V_979313748146']
GB,4.280025088,3E2BA092F52A,61035.0,4.0,0.06542843143259636,Query key: K_D4A0B0CC1B3B,61035.0,65308.0,65.536,context_0000,Answer: ,32,62995,synthetic_kv_64k,3999.98976,4280.025088,3.99998976,['V_3E2BA092F52A']
GB,4.280025088,4D34C5C14EB4,61035.0,4.0,0.06542843143259636,Query key: K_B27B1A16342C,61035.0,65308.0,65.536,context_0000,Answer: ,32,62995,synthetic_kv_64k,3999.98976,4280.025088,3.99998976,['V_4D34C5C14EB4']
GB,4.280025088, V_CE3799B49350,61035.0,4.0,0.06542843143259636,Query key: K_AF2BD9ACD158,61035.0,65308.0,65.536,context_0000,Answer: ,32,62995,synthetic_kv_64k,3999.98976,4280.025088,3.99998976,['V_CE3799B49350']
GB,4.280025088,90E0FBDD3933,61035.0,4.0,0.06542843143259636,Query key: K_CBD51EFD76E9,61035.0,65308.0,65.536,context_0000,Answer: ,32,62995,synthetic_kv_64k,3999.98976,4280.025088,3.99998976,['V_90E0FBDD3933']
GB,4.280025088,886158E25888,61035.0,4.0,0.06542843143259636,Query key: K_0A83C85ACA46,61035.0,65308.0,65.536,context_0000,Answer: ,32,62995,synthetic_kv_64k,3999.98976,4280.025088,3.99998976,['V_886158E25888']
GB,4.280025088, V_11A75EDDBBBF,61035.0,4.0,0.06542843143259636,Query key: K_A9596DAA2E68,61035.0,65308.0,65.536,context_0000,Answer: ,32,62995,synthetic_kv_64k,3999.98976,4280.025088,3.99998976,['V_11A75EDDBBBF']
GB,4.280025088,033D575AED2C,61035.0,4.0,0.06542843143259636,Query key: K_A5C58186A576,61035.0,65308.0,65.536,context_0000,Answer: ,32,62995,synthetic_kv_64k,3999.98976,4280.025088,3.99998976,['V_033D575AED2C']
GB,4.280025088,7D7DD284476C,61035.0,4.0,0.06542843143259636,Query key: K_6B88D97DC9CD,61035.0,65308.0,65.536,context_0000,Answer: ,32,62995,synthetic_kv_64k,3999.98976,4280.025088,3.99998976,['V_7D7DD284476C']
GB,4.280025088, V_5CB8F5F62C97,61035.0,4.0,0.06542843143259636,Query key: K_6EFB1B049863,61035.0,65308.0,65.536,context_0000,Answer: ,32,62995,synthetic_kv_64k,3999.98976,4280.025088,3.99998976,['V_5CB8F5F62C97']
GB,4.280025088, V_75B1D4262982,61035.0,4.0,0.06542843143259636,Query key: K_E43EA2B5B498,61035.0,65308.0,65.536,context_0000,Answer: ,32,62995,synthetic_kv_64k,3999.98976,4280.025088,3.99998976,['V_75B1D4262982']
GB,4.280025088,2D176F7C15EA,61035.0,4.0,0.06542843143259636,Query key: K_272AB5122DF8,61035.0,65308.0,65.536,context_0000,Answer: ,32,62995,synthetic_kv_64k,3999.98976,4280.025088,3.99998976,['V_2D176F7C15EA']
GB,4.280025088, V_A684F7294951,61035.0,4.0,0.06542843143259636,Query key: K_8591BBDA0242,61035.0,65308.0,65.536,context_0000,Answer: ,32,62995,synthetic_kv_64k,3999.98976,4280.025088,3.99998976,['V_A684F7294951']
GB,4.280025088, V_EB6CCEE624D0,61035.0,4.0,0.06542843143259636,Query key: K_9DAC45241EA6,61035.0,65308.0,65.536,context_0000,Answer: ,32,62995,synthetic_kv_64k,3999.98976,4280.025088,3.99998976,['V_EB6CCEE624D0']
GB,4.280025088,77017BC67E1F,61035.0,4.0,0.06542843143259636,Query key: K_C64E89C5B31A,61035.0,65308.0,65.536,context_0000,Answer: ,32,62995,synthetic_kv_64k,3999.98976,4280.025088,3.99998976,['V_77017BC67E1F']
GB,4.280025088,97ACBB2488A3,61035.0,4.0,0.06542843143259636,Query key: K_D3636F81CF4F,61035.0,65308.0,65.536,context_0000,Answer: ,32,62995,synthetic_kv_64k,3999.98976,4280.025088,3.99998976,['V_97ACBB2488A3']
GB,4.280025088,3ED8DA09DFA0,61035.0,4.0,0.06542843143259636,Query key: K_528244B591F7,61035.0,65308.0,65.536,context_0000,Answer: ,32,62995,synthetic_kv_64k,3999.98976,4280.025088,3.99998976,['V_3ED8DA09DFA0']
GB,4.280025088,4767162F8A24,61035.0,4.0,0.06542843143259636,Query key: K_EF43D4AAC9A3,61035.0,65308.0,65.536,context_0000,Answer: ,32,62995,synthetic_kv_64k,3999.98976,4280.025088,3.99998976,['V_4767162F8A24']
GB,4.280025088, V_C01F3E6DD58B,61035.0,4.0,0.06542843143259636,Query key: K_7367E1B294DE,61035.0,65308.0,65.536,context_0000,Answer: ,32,62995,synthetic_kv_64k,3999.98976,4280.025088,3.99998976,['V_C01F3E6DD58B']
GB,4.280025088, V_AB0E9C3EB2D5,61035.0,4.0,0.06542843143259636,Query key: K_91E176F72255,61035.0,65308.0,65.536,context_0000,Answer: ,32,62995,synthetic_kv_64k,3999.98976,4280.025088,3.99998976,['V_AB0E9C3EB2D5']
GB,4.280025088, V_7E8A0758E201,61035.0,4.0,0.06542843143259636,Query key: K_561E6105716B,61035.0,65308.0,65.536,context_0000,Answer: ,32,62995,synthetic_kv_64k,3999.98976,4280.025088,3.99998976,['V_7E8A0758E201']
GB,4.280025088,7CD02E8D0E87,61035.0,4.0,0.06542843143259636,Query key: K_5334D9D80B8D,61035.0,65308.0,65.536,context_0000,Answer: ,32,62995,synthetic_kv_64k,3999.98976,4280.025088,3.99998976,['V_7CD02E8D0E87']
GB,4.280025088,4223CC3EBDDE,61035.0,4.0,0.06542843143259636,Query key: K_5AD5364D7C87,61035.0,65308.0,65.536,context_0000,Answer: ,32,62995,synthetic_kv_64k,3999.98976,4280.025088,3.99998976,['V_4223CC3EBDDE']
GB,4.280025088, V_989DE15CA666,61035.0,4.0,0.06542843143259636,Query key: K_479757207246,61035.0,65308.0,65.536,context_0000,Answer: ,32,62995,synthetic_kv_64k,3999.98976,4280.025088,3.99998976,['V_989DE15CA666']
GB,4.280025088, V_8E4846B98991,61035.0,4.0,0.06542843143259636,Query key: K_E14EB380C73A,61035.0,65308.0,65.536,context_0000,Answer: ,32,62995,synthetic_kv_64k,3999.98976,4280.025088,3.99998976,['V_8E4846B98991']
GB,4.280025088,30E9F2B43ABF,61035.0,4.0,0.06542843143259636,Query key: K_84410299436A,61035.0,65308.0,65.536,context_0000,Answer: ,32,62995,synthetic_kv_64k,3999.98976,4280.025088,3.99998976,['V_30E9F2B43ABF']
GB,4.280025088,680BB856D035,61035.0,4.0,0.06542843143259636,Query key: K_3DC915EABB27,61035.0,65308.0,65.536,context_0000,Answer: ,32,62995,synthetic_kv_64k,3999.98976,4280.025088,3.99998976,['V_680BB856D035']
GB,4.280025088,3D85C2171429,61035.0,4.0,0.06542843143259636,Query key: K_8E207D137018,61035.0,65308.0,65.536,context_0000,Answer: ,32,62995,synthetic_kv_64k,3999.98976,4280.025088,3.99998976,['V_3D85C2171429']
GB,4.280025088, V_B63BA559E463,61035.0,4.0,0.06542843143259636,Query key: K_79E1B0CBC61F,61035.0,65308.0,65.536,context_0000,Answer: ,32,62995,synthetic_kv_64k,3999.98976,4280.025088,3.99998976,['V_B63BA559E463']
GB,4.280025088,046ACAFDA613,61035.0,4.0,0.06542843143259636,Query key: K_72BB7DA67785,61035.0,65308.0,65.536,context_0000,Answer: ,32,62995,synthetic_kv_64k,3999.98976,4280.025088,3.99998976,['V_046ACAFDA613']
GB,4.280025088,678638BA8ABC,61035.0,4.0,0.06542843143259636,Query key: K_4B5317D2582E,61035.0,65308.0,65.536,context_0000,Answer: ,32,62995,synthetic_kv_64k,3999.98976,4280.025088,3.99998976,['V_678638BA8ABC']
GB,4.280025088, V_A9F94E6384BB,61035.0,4.0,0.06542843143259636,Query key: K_3E49B118F68D,61035.0,65308.0,65.536,context_0000,Answer: ,32,62995,synthetic_kv_64k,3999.98976,4280.025088,3.99998976,['V_A9F94E6384BB']
GB,4.280025088, V_8DB079279973,61035.0,4.0,0.06542843143259636,Query key: K_5E7894E0D3BA,61035.0,65308.0,65.536,context_0000,Answer: ,32,62995,synthetic_kv_64k,3999.98976,4280.025088,3.99998976,['V_8DB079279973']
GB,4.280025088, V_FF236CEDD15D,61035.0,4.0,0.06542843143259636,Query key: K_580087EA7FF5,61035.0,65308.0,65.536,context_0000,Answer: ,32,62995,synthetic_kv_64k,3999.98976,4280.025088,3.99998976,['V_FF236CEDD15D']
GB,4.280025088,5A1054AEBD1B,61035.0,4.0,0.06542843143259636,Query key: K_8CE6BEF59FE6,61035.0,65308.0,65.536,context_0000,Answer: ,32,62995,synthetic_kv_64k,3999.98976,4280.025088,3.99998976,['V_5A1054AEBD1B']
GB,4.280025088,4E7E455AC762,61035.0,4.0,0.06542843143259636,Query key: K_7428B3EE4D3B,61035.0,65308.0,65.536,context_0000,Answer: ,32,62995,synthetic_kv_64k,3999.98976,4280.025088,3.99998976,['V_4E7E455AC762']
GB,4.280025088, V_B8A61EE34DC4,61035.0,4.0,0.06542843143259636,Query key: K_3B04405BFDC9,61035.0,65308.0,65.536,context_0000,Answer: ,32,62995,synthetic_kv_64k,3999.98976,4280.025088,3.99998976,['V_B8A61EE34DC4']
GB,4.280025088, V_BE2D1E9B23BC,61035.0,4.0,0.06542843143259636,Query key: K_50C7314D3441,61035.0,65308.0,65.536,context_0000,Answer: ,32,62995,synthetic_kv_64k,3999.98976,4280.025088,3.99998976,['V_BE2D1E9B23BC']
GB,4.280025088, V_B0AEC31EDBBC,61035.0,4.0,0.06542843143259636,Query key: K_F36C892E6161,61035.0,65308.0,65.536,context_0000,Answer: ,32,62995,synthetic_kv_64k,3999.98976,4280.025088,3.99998976,['V_B0AEC31EDBBC']
GB,4.280025088, V_BD153764FBDA,61035.0,4.0,0.06542843143259636,Query key: K_31082F65FAFA,61035.0,65308.0,65.536,context_0000,Answer: ,32,62995,synthetic_kv_64k,3999.98976,4280.025088,3.99998976,['V_BD153764FBDA']
GB,4.280025088,96EFB97E6703,61035.0,4.0,0.06542843143259636,Query key: K_46C87BF47042,61035.0,65308.0,65.536,context_0000,Answer: ,32,62995,synthetic_kv_64k,3999.98976,4280.025088,3.99998976,['V_96EFB97E6703']
GB,4.280025088,98C7864E9A13,61035.0,4.0,0.06542843143259636,Query key: K_C29CFA02EAEC,61035.0,65308.0,65.536,context_0000,Answer: ,32,62995,synthetic_kv_64k,3999.98976,4280.025088,3.99998976,['V_98C7864E9A13']
GB,4.280025088, V_D52719BC143E,61035.0,4.0,0.06542843143259636,Query key: K_FB0248729A4D,61035.0,65308.0,65.536,context_0000,Answer: ,32,62995,synthetic_kv_64k,3999.98976,4280.025088,3.99998976,['V_D52719BC143E']
GB,4.280025088,5C623A3C563E,61035.0,4.0,0.06542843143259636,Query key: K_4BD631B1B099,61035.0,65308.0,65.536,context_0000,Answer: ,32,62995,synthetic_kv_64k,3999.98976,4280.025088,3.99998976,['V_5C623A3C563E']
GB,4.280025088, V_B540039F3A25,61035.0,4.0,0.06542843143259636,Query key: K_4D612DEFE193,61035.0,65308.0,65.536,context_0000,Answer: ,32,62995,synthetic_kv_64k,3999.98976,4280.025088,3.99998976,['V_B540039F3A25']
GB,4.280025088,0BA64639447B,61035.0,4.0,0.06542843143259636,Query key: K_206788BD13D1,61035.0,65308.0,65.536,context_0000,Answer: ,32,62995,synthetic_kv_64k,3999.98976,4280.025088,3.99998976,['V_0BA64639447B']
GB,4.280025088,4AC98DA8EEE4,61035.0,4.0,0.06542843143259636,Query key: K_0DF5F96B648A,61035.0,65308.0,65.536,context_0000,Answer: ,32,62995,synthetic_kv_64k,3999.98976,4280.025088,3.99998976,['V_4AC98DA8EEE4']
GB,4.280025088, V_A34B2053DA42,61035.0,4.0,0.06542843143259636,Query key: K_F1AFB289F224,61035.0,65308.0,65.536,context_0000,Answer: ,32,62995,synthetic_kv_64k,3999.98976,4280.025088,3.99998976,['V_A34B2053DA42']
GB,4.280025088,1A437DAA39F0,61035.0,4.0,0.06542843143259636,Query key: K_C0B6DE53790A,61035.0,65308.0,65.536,context_0000,Answer: ,32,62995,synthetic_kv_64k,3999.98976,4280.025088,3.99998976,['V_1A437DAA39F0']
GB,4.280025088,48CA92F5DF7B,61035.0,4.0,0.06542843143259636,Query key: K_0323DF6A8F93,61035.0,65308.0,65.536,context_0000,Answer: ,32,62995,synthetic_kv_64k,3999.98976,4280.025088,3.99998976,['V_48CA92F5DF7B']
GB,4.280025088,573870C2903F,61035.0,4.0,0.06542843143259636,Query key: K_7A8D782A65E0,61035.0,65308.0,65.536,context_0000,Answer: ,32,62995,synthetic_kv_64k,3999.98976,4280.025088,3.99998976,['V_573870C2903F']
GB,4.280025088,40A20D270659,61035.0,4.0,0.06542843143259636,Query key: K_F72A2F32751E,61035.0,65308.0,65.536,context_0000,Answer: ,32,62995,synthetic_kv_64k,3999.98976,4280.025088,3.99998976,['V_40A20D270659']
GB,4.280025088,1D347A4C75D4,61035.0,4.0,0.06542843143259636,Query key: K_DC99F0E98B3B,61035.0,65308.0,65.536,context_0000,Answer: ,32,62995,synthetic_kv_64k,3999.98976,4280.025088,3.99998976,['V_1D347A4C75D4']
GB,4.280025088,7DE36694C343,61035.0,4.0,0.06542843143259636,Query key: K_10BAD2762BDC,61035.0,65308.0,65.536,context_0000,Answer: ,32,62995,synthetic_kv_64k,3999.98976,4280.025088,3.99998976,['V_7DE36694C343']
GB,4.280025088, V_AFBBA1235A8C,61035.0,4.0,0.06542843143259636,Query key: K_93B712F70C97,61035.0,65308.0,65.536,context_0000,Answer: ,32,62995,synthetic_kv_64k,3999.98976,4280.025088,3.99998976,['V_AFBBA1235A8C']
GB,4.280025088, V_CFA72631D00B,61035.0,4.0,0.06542843143259636,Query key: K_26D70DB95301,61035.0,65308.0,65.536,context_0000,Answer: ,32,62995,synthetic_kv_64k,3999.98976,4280.025088,3.99998976,['V_CFA72631D00B']
GB,4.280025088,15CE4DC82A1E,61035.0,4.0,0.06542843143259636,Query key: K_F2F990164161,61035.0,65308.0,65.536,context_0000,Answer: ,32,62995,synthetic_kv_64k,3999.98976,4280.025088,3.99998976,['V_15CE4DC82A1E']
GB,4.280025088,8EDD1E52D770,61035.0,4.0,0.06542843143259636,Query key: K_3F89FE716B14,61035.0,65308.0,65.536,context_0000,Answer: ,32,62995,synthetic_kv_64k,3999.98976,4280.025088,3.99998976,['V_8EDD1E52D770']
GB,4.280025088,989B9B37A22B,61035.0,4.0,0.06542843143259636,Query key: K_6A8AC3B290D0,61035.0,65308.0,65.536,context_0000,Answer: ,32,62995,synthetic_kv_64k,3999.98976,4280.025088,3.99998976,['V_989B9B37A22B']
GB,4.280025088, V_C69339C6A1CA,61035.0,4.0,0.06542843143259636,Query key: K_9E50CA6DFDA1,61035.0,65308.0,65.536,context_0000,Answer: ,32,62995,synthetic_kv_64k,3999.98976,4280.025088,3.99998976,['V_C69339C6A1CA']
GB,4.280025088, V_E8937354EA6F,61035.0,4.0,0.06542843143259636,Query key: K_616085C7504B,61035.0,65308.0,65.536,context_0000,Answer: ,32,62995,synthetic_kv_64k,3999.98976,4280.025088,3.99998976,['V_E8937354EA6F']
GB,4.280025088,96A9DC33E1F9,61035.0,4.0,0.06542843143259636,Query key: K_4C1F715629EE,61035.0,65308.0,65.536,context_0000,Answer: ,32,62995,synthetic_kv_64k,3999.98976,4280.025088,3.99998976,['V_96A9DC33E1F9']
GB,4.280025088,91914E2D6645,61035.0,4.0,0.06542843143259636,Query key: K_6DC7FD72B050,61035.0,65308.0,65.536,context_0000,Answer: ,32,62995,synthetic_kv_64k,3999.98976,4280.025088,3.99998976,['V_91914E2D6645']
GB,4.280025088, V_F5C99C10C572,61035.0,4.0,0.06542843143259636,Query key: K_0F6B9EFBA58B,61035.0,65308.0,65.536,context_0000,Answer: ,32,62995,synthetic_kv_64k,3999.98976,4280.025088,3.99998976,['V_F5C99C10C572']
GB,4.280025088, V_C342F295456E,61035.0,4.0,0.06542843143259636,Query key: K_1967BD767E35,61035.0,65308.0,65.536,context_0000,Answer: ,32,62995,synthetic_kv_64k,3999.98976,4280.025088,3.99998976,['V_C342F295456E']
GB,4.280025088,43BF3605BF54,61035.0,4.0,0.06542843143259636,Query key: K_A0213531968D,61035.0,65308.0,65.536,context_0000,Answer: ,32,62995,synthetic_kv_64k,3999.98976,4280.025088,3.99998976,['V_43BF3605BF54']
GB,4.280025088,3D672834E4C0,61035.0,4.0,0.06542843143259636,Query key: K_14C8A911D192,61035.0,65308.0,65.536,context_0000,Answer: ,32,62995,synthetic_kv_64k,3999.98976,4280.025088,3.99998976,['V_3D672834E4C0']
GB,4.280025088,28121337739E,61035.0,4.0,0.06542843143259636,Query key: K_8D4F2C7F0B79,61035.0,65308.0,65.536,context_0000,Answer: ,32,62995,synthetic_kv_64k,3999.98976,4280.025088,3.99998976,['V_28121337739E']
GB,4.280025088, V_B07A735435EA,61035.0,4.0,0.06542843143259636,Query key: K_689400AF5B3A,61035.0,65308.0,65.536,context_0000,Answer: ,32,62995,synthetic_kv_64k,3999.98976,4280.025088,3.99998976,['V_B07A735435EA']
GB,4.280025088,085B4A8FF810,61035.0,4.0,0.06542843143259636,Query key: K_784C980402A2,61035.0,65308.0,65.536,context_0000,Answer: ,32,62995,synthetic_kv_64k,3999.98976,4280.025088,3.99998976,['V_085B4A8FF810']
GB,4.280025088,4860B4FB0EB9,61035.0,4.0,0.06542843143259636,Query key: K_49C13B4206C5,61035.0,65308.0,65.536,context_0000,Answer: ,32,62995,synthetic_kv_64k,3999.98976,4280.025088,3.99998976,['V_4860B4FB0EB9']
GB,4.280025088,1238743B65A2,61035.0,4.0,0.06542843143259636,Query key: K_DC0FB3F6FE0D,61035.0,65308.0,65.536,context_0000,Answer: ,32,62995,synthetic_kv_64k,3999.98976,4280.025088,3.99998976,['V_1238743B65A2']
GB,4.280025088,43B9EC856F37,61035.0,4.0,0.06542843143259636,Query key: K_3BC1AFF8754D,61035.0,65308.0,65.536,context_0000,Answer: ,32,62995,synthetic_kv_64k,3999.98976,4280.025088,3.99998976,['V_43B9EC856F37']
GB,4.280025088,96FCA003CD28,61035.0,4.0,0.06542843143259636,Query key: K_CA8FC9AF18F8,61035.0,65308.0,65.536,context_0000,Answer: ,32,62995,synthetic_kv_64k,3999.98976,4280.025088,3.99998976,['V_96FCA003CD28']
GB,4.280025088,32A4EF04E57D,61035.0,4.0,0.06542843143259636,Query key: K_CDCCA9434AA0,61035.0,65308.0,65.536,context_0000,Answer: ,32,62995,synthetic_kv_64k,3999.98976,4280.025088,3.99998976,['V_32A4EF04E57D']
GB,4.280025088, V_398D8B6870B5,61035.0,4.0,0.06542843143259636,Query key: K_1D616CD5E859,61035.0,65308.0,65.536,context_0000,Answer: ,32,62995,synthetic_kv_64k,3999.98976,4280.025088,3.99998976,['V_398D8B6870B5']
GB,4.280025088,4400E88DA719,61035.0,4.0,0.06542843143259636,Query key: K_2624A5CB63A2,61035.0,65308.0,65.536,context_0000,Answer: ,32,62995,synthetic_kv_64k,3999.98976,4280.025088,3.99998976,['V_4400E88DA719']
GB,4.280025088,0F441247EA4E,61035.0,4.0,0.06542843143259636,Query key: K_2469D39E198B,61035.0,65308.0,65.536,context_0000,Answer: ,32,62995,synthetic_kv_64k,3999.98976,4280.025088,3.99998976,['V_0F441247EA4E']
GB,4.280025088,98544EBFA5C3,61035.0,4.0,0.06542843143259636,Query key: K_CAE92A79EA68,61035.0,65308.0,65.536,context_0000,Answer: ,32,62995,synthetic_kv_64k,3999.98976,4280.025088,3.99998976,['V_98544EBFA5C3']
GB,4.280025088, V_EBD391B78D8E,61035.0,4.0,0.06542843143259636,Query key: K_D301BFBBB17F,61035.0,65308.0,65.536,context_0000,Answer: ,32,62995,synthetic_kv_64k,3999.98976,4280.025088,3.99998976,['V_EBD391B78D8E']
GB,4.280025088,77FC1FD5A423,61035.0,4.0,0.06542843143259636,Query key: K_706C49E2623D,61035.0,65308.0,65.536,context_0000,Answer: ,32,62995,synthetic_kv_64k,3999.98976,4280.025088,3.99998976,['V_77FC1FD5A423']
GB,4.280025088,670AB321BF21,61035.0,4.0,0.06542843143259636,Query key: K_4DD8B04D3376,61035.0,65308.0,65.536,context_0000,Answer: ,32,62995,synthetic_kv_64k,3999.98976,4280.025088,3.99998976,['V_670AB321BF21']
GB,4.280025088,8A3C801EF1DA,61035.0,4.0,0.06542843143259636,Query key: K_45B1F1533AE8,61035.0,65308.0,65.536,context_0000,Answer: ,32,62995,synthetic_kv_64k,3999.98976,4280.025088,3.99998976,['V_8A3C801EF1DA']
GB,4.280025088,99181497D658,61035.0,4.0,0.06542843143259636,Query key: K_70107E695D0D,61035.0,65308.0,65.536,context_0000,Answer: ,32,62995,synthetic_kv_64k,3999.98976,4280.025088,3.99998976,['V_99181497D658']
GB,4.280025088, V_BC0A6E996E3E,61035.0,4.0,0.06542843143259636,Query key: K_E3B10A3450FC,61035.0,65308.0,65.536,context_0000,Answer: ,32,62995,synthetic_kv_64k,3999.98976,4280.025088,3.99998976,['V_BC0A6E996E3E']
GB,4.280025088,069F40181C6E,61035.0,4.0,0.06542843143259636,Query key: K_9A8C5283AAC7,61035.0,65308.0,65.536,context_0000,Answer: ,32,62995,synthetic_kv_64k,3999.98976,4280.025088,3.99998976,['V_069F40181C6E']
GB,4.280025088, V_AC9EF63FCE41,61035.0,4.0,0.06542843143259636,Query key: K_3A9A176132ED,61035.0,65308.0,65.536,context_0000,Answer: ,32,62995,synthetic_kv_64k,3999.98976,4280.025088,3.99998976,['V_AC9EF63FCE41']
GB,4.280025088,964D93403FAD,61035.0,4.0,0.06542843143259636,Query key: K_DC4AD6016237,61035.0,65308.0,65.536,context_0000,Answer: ,32,62995,synthetic_kv_64k,3999.98976,4280.025088,3.99998976,['V_964D93403FAD']
GB,4.280025088, V_C3C7FFE3FA49,61035.0,4.0,0.06542843143259636,Query key: K_054FF366BAD4,61035.0,65308.0,65.536,context_0000,Answer: ,32,62995,synthetic_kv_64k,3999.98976,4280.025088,3.99998976,['V_C3C7FFE3FA49']
GB,4.280025088, V_938444FEACAE,61035.0,4.0,0.06542843143259636,Query key: K_D248AC1AA554,61035.0,65308.0,65.536,context_0000,Answer: ,32,62995,synthetic_kv_64k,3999.98976,4280.025088,3.99998976,['V_938444FEACAE']
GB,4.280025088,2CD9C19AD58C,61035.0,4.0,0.06542843143259636,Query key: K_C35B0A4C9F7F,61035.0,65308.0,65.536,context_0000,Answer: ,32,62995,synthetic_kv_64k,3999.98976,4280.025088,3.99998976,['V_2CD9C19AD58C']
GB,4.280025088,7135A6C9537F,61035.0,4.0,0.06542843143259636,Query key: K_84DA7872BDEB,61035.0,65308.0,65.536,context_0000,Answer: ,32,62995,synthetic_kv_64k,3999.98976,4280.025088,3.99998976,['V_7135A6C9537F']
GB,4.280025088, V_FF372E76128B,61035.0,4.0,0.06542843143259636,Query key: K_4735EA83BF00,61035.0,65308.0,65.536,context_0000,Answer: ,32,62995,synthetic_kv_64k,3999.98976,4280.025088,3.99998976,['V_FF372E76128B']
GB,4.280025088, V_D072A2814044,61035.0,4.0,0.06542843143259636,Query key: K_6F9695D82980,61035.0,65308.0,65.536,context_0000,Answer: ,32,62995,synthetic_kv_64k,3999.98976,4280.025088,3.99998976,['V_D072A2814044']
GB,4.280025088,7852175BA98D,61035.0,4.0,0.06542843143259636,Query key: K_F8147DE1BDFE,61035.0,65308.0,65.536,context_0000,Answer: ,32,62995,synthetic_kv_64k,3999.98976,4280.025088,3.99998976,['V_7852175BA98D']
GB,4.280025088,52305553B2FE,61035.0,4.0,0.06542843143259636,Query key: K_68895913F9D3,61035.0,65308.0,65.536,context_0000,Answer: ,32,62995,synthetic_kv_64k,3999.98976,4280.025088,3.99998976,['V_52305553B2FE']
GB,4.280025088,292BDB946570,61035.0,4.0,0.06542843143259636,Query key: K_1AC7AB8DDEB4,61035.0,65308.0,65.536,context_0000,Answer: ,32,62995,synthetic_kv_64k,3999.98976,4280.025088,3.99998976,['V_292BDB946570']
GB,4.280025088,7ED7B194990B,61035.0,4.0,0.06542843143259636,Query key: K_6961546E035A,61035.0,65308.0,65.536,context_0000,Answer: ,32,62995,synthetic_kv_64k,3999.98976,4280.025088,3.99998976,['V_7ED7B194990B']
GB,4.280025088,6684F1F8343E,61035.0,4.0,0.06542843143259636,Query key: K_A99F49C8A43F,61035.0,65308.0,65.536,context_0000,Answer: ,32,62995,synthetic_kv_64k,3999.98976,4280.025088,3.99998976,['V_6684F1F8343E']
GB,4.280025088,09648CD321B0,61035.0,4.0,0.06542843143259636,Query key: K_C2B0D045DD1C,61035.0,65308.0,65.536,context_0000,Answer: ,32,62995,synthetic_kv_64k,3999.98976,4280.025088,3.99998976,['V_09648CD321B0']
GB,4.280025088,409D50843242,61035.0,4.0,0.06542843143259636,Query key: K_168B746F7891,61035.0,65308.0,65.536,context_0000,Answer: ,32,62995,synthetic_kv_64k,3999.98976,4280.025088,3.99998976,['V_409D50843242']
GB,4.280025088, V_C5C5F85E06A1,61035.0,4.0,0.06542843143259636,Query key: K_1DAD52C21221,61035.0,65308.0,65.536,context_0000,Answer: ,32,62995,synthetic_kv_64k,3999.98976,4280.025088,3.99998976,['V_C5C5F85E06A1']
GB,4.280025088, V_D32E83BC9478,61035.0,4.0,0.06542843143259636,Query key: K_DD6A6778043B,61035.0,65308.0,65.536,context_0000,Answer: ,32,62995,synthetic_kv_64k,3999.98976,4280.025088,3.99998976,['V_D32E83BC9478']
GB,4.280025088, V_DE8EA85C6E4A,61035.0,4.0,0.06542843143259636,Query key: K_004BFCF56188,61035.0,65308.0,65.536,context_0000,Answer: ,32,62995,synthetic_kv_64k,3999.98976,4280.025088,3.99998976,['V_DE8EA85C6E4A']
GB,4.280025088,0DE069CA97D2,61035.0,4.0,0.06542843143259636,Query key: K_76448AE769ED,61035.0,65308.0,65.536,context_0000,Answer: ,32,62995,synthetic_kv_64k,3999.98976,4280.025088,3.99998976,['V_0DE069CA97D2']
GB,4.280025088, V_9F645C9D927D,61035.0,4.0,0.06542843143259636,Query key: K_84B8300568D2,61035.0,65308.0,65.536,context_0000,Answer: ,32,62995,synthetic_kv_64k,3999.98976,4280.025088,3.99998976,['V_9F645C9D927D']
GB,4.280025088,7129A01AC992,61035.0,4.0,0.06542843143259636,Query key: K_7F9DC1A6423B,61035.0,65308.0,65.536,context_0000,Answer: ,32,62995,synthetic_kv_64k,3999.98976,4280.025088,3.99998976,['V_7129A01AC992']
GB,4.280025088,445D341C6494,61035.0,4.0,0.06542843143259636,Query key: K_0D36C28EBD70,61035.0,65308.0,65.536,context_0000,Answer: ,32,62995,synthetic_kv_64k,3999.98976,4280.025088,3.99998976,['V_445D341C6494']
GB,4.280025088,49BCED7BF656,61035.0,4.0,0.06542843143259636,Query key: K_218A8C99A894,61035.0,65308.0,65.536,context_0000,Answer: ,32,62995,synthetic_kv_64k,3999.98976,4280.025088,3.99998976,['V_49BCED7BF656']
GB,4.280025088, V_7C16B2C08394,61035.0,4.0,0.06542843143259636,Query key: K_E17F70286046,61035.0,65308.0,65.536,context_0000,Answer: ,32,62995,synthetic_kv_64k,3999.98976,4280.025088,3.99998976,['V_7C16B2C08394']
GB,4.280025088, V_A149F920264C,61035.0,4.0,0.06542843143259636,Query key: K_07631F15C7B6,61035.0,65308.0,65.536,context_0000,Answer: ,32,62995,synthetic_kv_64k,3999.98976,4280.025088,3.99998976,['V_A149F920264C']
GB,4.280025088, V_B5B43D42993C,61035.0,4.0,0.06542843143259636,Query key: K_CC9F9BDF0377,61035.0,65308.0,65.536,context_0000,Answer: ,32,62995,synthetic_kv_64k,3999.98976,4280.025088,3.99998976,['V_B5B43D42993C']
GB,4.280025088,03808D03C91E,61035.0,4.0,0.06542843143259636,Query key: K_4F8D288B78B5,61035.0,65308.0,65.536,context_0000,Answer: ,32,62995,synthetic_kv_64k,3999.98976,4280.025088,3.99998976,['V_03808D03C91E']
GB,4.280025088,398517DC8EFF,61035.0,4.0,0.06542843143259636,Query key: K_68728D605936,61035.0,65308.0,65.536,context_0000,Answer: ,32,62995,synthetic_kv_64k,3999.98976,4280.025088,3.99998976,['V_398517DC8EFF']
GB,4.280025088,1D0BE9B5C5CF,61035.0,4.0,0.06542843143259636,Query key: K_D766FE049059,61035.0,65308.0,65.536,context_0000,Answer: ,32,62995,synthetic_kv_64k,3999.98976,4280.025088,3.99998976,['V_1D0BE9B5C5CF']
GB,4.280025088, V_A5D01E1242E3,61035.0,4.0,0.06542843143259636,Query key: K_F272762172ED,61035.0,65308.0,65.536,context_0000,Answer: ,32,62995,synthetic_kv_64k,3999.98976,4280.025088,3.99998976,['V_A5D01E1242E3']
GB,4.280025088, V_EEC27F95897C,61035.0,4.0,0.06542843143259636,Query key: K_276AD50755D9,61035.0,65308.0,65.536,context_0000,Answer: ,32,62995,synthetic_kv_64k,3999.98976,4280.025088,3.99998976,['V_EEC27F95897C']
GB,4.280025088, V_B49582456FB4,61035.0,4.0,0.06542843143259636,Query key: K_4AB7B77350CA,61035.0,65308.0,65.536,context_0000,Answer: ,32,62995,synthetic_kv_64k,3999.98976,4280.025088,3.99998976,['V_B49582456FB4']
GB,4.280025088,7B85D5B077E0,61035.0,4.0,0.06542843143259636,Query key: K_6A5D45FF2C83,61035.0,65308.0,65.536,context_0000,Answer: ,32,62995,synthetic_kv_64k,3999.98976,4280.025088,3.99998976,['V_7B85D5B077E0']
GB,4.280025088,74EF3E652603,61035.0,4.0,0.06542843143259636,Query key: K_78E3FAF14FF0,61035.0,65308.0,65.536,context_0000,Answer: ,32,62995,synthetic_kv_64k,3999.98976,4280.025088,3.99998976,['V_74EF3E652603']
GB,4.280025088,30CB6232B17A,61035.0,4.0,0.06542843143259636,Query key: K_25078D1FB540,61035.0,65308.0,65.536,context_0000,Answer: ,32,62995,synthetic_kv_64k,3999.98976,4280.025088,3.99998976,['V_30CB6232B17A']
GB,4.280025088, V_BF0D821C1336,61035.0,4.0,0.06542843143259636,Query key: K_9970EBFF8D15,61035.0,65308.0,65.536,context_0000,Answer: ,32,62995,synthetic_kv_64k,3999.98976,4280.025088,3.99998976,['V_BF0D821C1336']
GB,4.280025088,11DFDD30DE89,61035.0,4.0,0.06542843143259636,Query key: K_22F2E11B868D,61035.0,65308.0,65.536,context_0000,Answer: ,32,62995,synthetic_kv_64k,3999.98976,4280.025088,3.99998976,['V_11DFDD30DE89']
GB,4.280025088, V_DABACA3DD859,61035.0,4.0,0.06542843143259636,Query key: K_C5CE46B82659,61035.0,65308.0,65.536,context_0000,Answer: ,32,62995,synthetic_kv_64k,3999.98976,4280.025088,3.99998976,['V_DABACA3DD859']
GB,4.280025088, V_C9A7EF2AE713,61035.0,4.0,0.06542843143259636,Query key: K_57026A39AAA6,61035.0,65308.0,65.536,context_0000,Answer: ,32,62995,synthetic_kv_64k,3999.98976,4280.025088,3.99998976,['V_C9A7EF2AE713']
GB,4.280025088,00A8D20F87D0,61035.0,4.0,0.06542843143259636,Query key: K_446581FB18B3,61035.0,65308.0,65.536,context_0000,Answer: ,32,62995,synthetic_kv_64k,3999.98976,4280.025088,3.99998976,['V_00A8D20F87D0']
GB,4.280025088, V_D6644C6E27FF,61035.0,4.0,0.06542843143259636,Query key: K_B9DE486822B9,61035.0,65308.0,65.536,context_0000,Answer: ,32,62995,synthetic_kv_64k,3999.98976,4280.025088,3.99998976,['V_D6644C6E27FF']
GB,4.280025088, V_A8F1FFB8102D,61035.0,4.0,0.06542843143259636,Query key: K_947596418CED,61035.0,65308.0,65.536,context_0000,Answer: ,32,62995,synthetic_kv_64k,3999.98976,4280.025088,3.99998976,['V_A8F1FFB8102D']
GB,4.280025088,7250260A5962,61035.0,4.0,0.06542843143259636,Query key: K_DD817D5911C6,61035.0,65308.0,65.536,context_0000,Answer: ,32,62995,synthetic_kv_64k,3999.98976,4280.025088,3.99998976,['V_7250260A5962']
GB,4.280025088,551A585A0AFA,61035.0,4.0,0.06542843143259636,Query key: K_7BFD89E06AB3,61035.0,65308.0,65.536,context_0000,Answer: ,32,62995,synthetic_kv_64k,3999.98976,4280.025088,3.99998976,['V_551A585A0AFA']
GB,4.280025088,60908B1E3B9D,61035.0,4.0,0.06542843143259636,Query key: K_C34B8D4A75B8,61035.0,65308.0,65.536,context_0000,Answer: ,32,62995,synthetic_kv_64k,3999.98976,4280.025088,3.99998976,['V_60908B1E3B9D']
GB,4.280025088, V_DE9E5260001E,61035.0,4.0,0.06542843143259636,Query key: K_EECF749176F4,61035.0,65308.0,65.536,context_0000,Answer: ,32,62995,synthetic_kv_64k,3999.98976,4280.025088,3.99998976,['V_DE9E5260001E']
GB,4.280025088,3D22B28F41DE,61035.0,4.0,0.06542843143259636,Query key: K_FB14304B8590,61035.0,65308.0,65.536,context_0000,Answer: ,32,62995,synthetic_kv_64k,3999.98976,4280.025088,3.99998976,['V_3D22B28F41DE']
GB,4.280025088, V_DB233BCABF85,61035.0,4.0,0.06542843143259636,Query key: K_620A9261549D,61035.0,65308.0,65.536,context_0000,Answer: ,32,62995,synthetic_kv_64k,3999.98976,4280.025088,3.99998976,['V_DB233BCABF85']
GB,4.280025088, V_51740B2C782A,61035.0,4.0,0.06542843143259636,Query key: K_6928C68A152F,61035.0,65308.0,65.536,context_0000,Answer: ,32,62995,synthetic_kv_64k,3999.98976,4280.025088,3.99998976,['V_51740B2C782A']
GB,4.280025088, V_E9D6B489D070,61035.0,4.0,0.06542843143259636,Query key: K_7914BEA4FF31,61035.0,65308.0,65.536,context_0000,Answer: ,32,62995,synthetic_kv_64k,3999.98976,4280.025088,3.99998976,['V_E9D6B489D070']
GB,4.280025088, V_FD0862D60E93,61035.0,4.0,0.06542843143259636,Query key: K_6198CFB87E6F,61035.0,65308.0,65.536,context_0000,Answer: ,32,62995,synthetic_kv_64k,3999.98976,4280.025088,3.99998976,['V_FD0862D60E93']
GB,4.280025088, V_A6EAD21C82F8,61035.0,4.0,0.06542843143259636,Query key: K_CADAA9E782D4,61035.0,65308.0,65.536,context_0000,Answer: ,32,62995,synthetic_kv_64k,3999.98976,4280.025088,3.99998976,['V_A6EAD21C82F8']
GB,4.280025088, V_F6FE7ECDDBAF,61035.0,4.0,0.06542843143259636,Query key: K_26F0FB16E5DB,61035.0,65308.0,65.536,context_0000,Answer: ,32,62995,synthetic_kv_64k,3999.98976,4280.025088,3.99998976,['V_F6FE7ECDDBAF']
GB,4.280025088, V_F72180962718,61035.0,4.0,0.06542843143259636,Query key: K_2051097A1E10,61035.0,65308.0,65.536,context_0000,Answer: ,32,62995,synthetic_kv_64k,3999.98976,4280.025088,3.99998976,['V_F72180962718']
GB,4.280025088,19B1DEA4AE17,61035.0,4.0,0.06542843143259636,Query key: K_54FD9716108E,61035.0,65308.0,65.536,context_0000,Answer: ,32,62995,synthetic_kv_64k,3999.98976,4280.025088,3.99998976,['V_19B1DEA4AE17']
GB,4.280025088,198670B7E868,61035.0,4.0,0.06542843143259636,Query key: K_D854DFCAF0B7,61035.0,65308.0,65.536,context_0000,Answer: ,32,62995,synthetic_kv_64k,3999.98976,4280.025088,3.99998976,['V_198670B7E868']
GB,4.280025088,03ED74F93D17,61035.0,4.0,0.06542843143259636,Query key: K_E91286A4BAE4,61035.0,65308.0,65.536,context_0000,Answer: ,32,62995,synthetic_kv_64k,3999.98976,4280.025088,3.99998976,['V_03ED74F93D17']
GB,4.280025088, V_DEF568F45BCE,61035.0,4.0,0.06542843143259636,Query key: K_24E7B8F21423,61035.0,65308.0,65.536,context_0000,Answer: ,32,62995,synthetic_kv_64k,3999.98976,4280.025088,3.99998976,['V_DEF568F45BCE']
GB,4.280025088,13272784378F,61035.0,4.0,0.06542843143259636,Query key: K_F84FA79FBFAF,61035.0,65308.0,65.536,context_0000,Answer: ,32,62995,synthetic_kv_64k,3999.98976,4280.025088,3.99998976,['V_13272784378F']
GB,4.280025088,43D8F81DBAA1,61035.0,4.0,0.06542843143259636,Query key: K_C81278308930,61035.0,65308.0,65.536,context_0000,Answer: ,32,62995,synthetic_kv_64k,3999.98976,4280.025088,3.99998976,['V_43D8F81DBAA1']
GB,4.280025088,65C1B15516BC,61035.0,4.0,0.06542843143259636,Query key: K_9F8D56ABF2F1,61035.0,65308.0,65.536,context_0000,Answer: ,32,62995,synthetic_kv_64k,3999.98976,4280.025088,3.99998976,['V_65C1B15516BC']
GB,4.280025088,541CDA0D4A5F,61035.0,4.0,0.06542843143259636,Query key: K_148FA65BB1F2,61035.0,65308.0,65.536,context_0000,Answer: ,32,62995,synthetic_kv_64k,3999.98976,4280.025088,3.99998976,['V_541CDA0D4A5F']
GB,4.280025088,889BDBFDD97E,61035.0,4.0,0.06542843143259636,Query key: K_ACA2DA330AA1,61035.0,65308.0,65.536,context_0000,Answer: ,32,62995,synthetic_kv_64k,3999.98976,4280.025088,3.99998976,['V_889BDBFDD97E']
GB,4.280025088, V_A0755110B492,61035.0,4.0,0.06542843143259636,Query key: K_F44261484BB3,61035.0,65308.0,65.536,context_0000,Answer: ,32,62995,synthetic_kv_64k,3999.98976,4280.025088,3.99998976,['V_A0755110B492']
GB,4.280025088,7CEAC268283E,61035.0,4.0,0.06542843143259636,Query key: K_E32FB7FDDD71,61035.0,65308.0,65.536,context_0000,Answer: ,32,62995,synthetic_kv_64k,3999.98976,4280.025088,3.99998976,['V_7CEAC268283E']
GB,4.280025088,9E110930AEF6,61035.0,4.0,0.06542843143259636,Query key: K_8A80DF547E50,61035.0,65308.0,65.536,context_0000,Answer: ,32,62995,synthetic_kv_64k,3999.98976,4280.025088,3.99998976,['V_9E110930AEF6']
GB,4.280025088, V_AF34A193C4B2,61035.0,4.0,0.06542843143259636,Query key: K_3C19118405AD,61035.0,65308.0,65.536,context_0000,Answer: ,32,62995,synthetic_kv_64k,3999.98976,4280.025088,3.99998976,['V_AF34A193C4B2']
GB,4.280025088,3A3CFF574E2B,61035.0,4.0,0.06542843143259636,Query key: K_4991EBC2026F,61035.0,65308.0,65.536,context_0000,Answer: ,32,62995,synthetic_kv_64k,3999.98976,4280.025088,3.99998976,['V_3A3CFF574E2B']
GB,4.280025088, V_FA746F18C108,61035.0,4.0,0.06542843143259636,Query key: K_1723BF2C14A0,61035.0,65308.0,65.536,context_0000,Answer: ,32,62995,synthetic_kv_64k,3999.98976,4280.025088,3.99998976,['V_FA746F18C108']
GB,4.280025088, V_B432A23D4C2F,61035.0,4.0,0.06542843143259636,Query key: K_C2A71933918C,61035.0,65308.0,65.536,context_0000,Answer: ,32,62995,synthetic_kv_64k,3999.98976,4280.025088,3.99998976,['V_B432A23D4C2F']
GB,4.280025088,2A967194EAE2,61035.0,4.0,0.06542843143259636,Query key: K_19BADF615A5C,61035.0,65308.0,65.536,context_0000,Answer: ,32,62995,synthetic_kv_64k,3999.98976,4280.025088,3.99998976,['V_2A967194EAE2']
GB,4.280025088,0769E746CCB9,61035.0,4.0,0.06542843143259636,Query key: K_4CA9B1AA0F6A,61035.0,65308.0,65.536,context_0000,Answer: ,32,62995,synthetic_kv_64k,3999.98976,4280.025088,3.99998976,['V_0769E746CCB9']
GB,4.280025088,0E5DCBD00EF2,61035.0,4.0,0.06542843143259636,Query key: K_530A0BC61066,61035.0,65308.0,65.536,context_0000,Answer: ,32,62995,synthetic_kv_64k,3999.98976,4280.025088,3.99998976,['V_0E5DCBD00EF2']
GB,4.280025088,6E415FF595EA,61035.0,4.0,0.06542843143259636,Query key: K_5BC44B1A269B,61035.0,65308.0,65.536,context_0000,Answer: ,32,62995,synthetic_kv_64k,3999.98976,4280.025088,3.99998976,['V_6E415FF595EA']
GB,4.280025088,697C87FA841A,61035.0,4.0,0.06542843143259636,Query key: K_3E8325440FE0,61035.0,65308.0,65.536,context_0000,Answer: ,32,62995,synthetic_kv_64k,3999.98976,4280.025088,3.99998976,['V_697C87FA841A']
GB,4.280025088,2E18CAE28E66,61035.0,4.0,0.06542843143259636,Query key: K_AE8A90E0A95B,61035.0,65308.0,65.536,context_0000,Answer: ,32,62995,synthetic_kv_64k,3999.98976,4280.025088,3.99998976,['V_2E18CAE28E66']
GB,4.280025088, V_9C0714374509,61035.0,4.0,0.06542843143259636,Query key: K_2CD12B840C67,61035.0,65308.0,65.536,context_0000,Answer: ,32,62995,synthetic_kv_64k,3999.98976,4280.025088,3.99998976,['V_9C0714374509']
GB,4.280025088, V_AEE19EA556AA,61035.0,4.0,0.06542843143259636,Query key: K_61EEDEEF580F,61035.0,65308.0,65.536,context_0000,Answer: ,32,62995,synthetic_kv_64k,3999.98976,4280.025088,3.99998976,['V_AEE19EA556AA']
GB,4.280025088,9549E9AF299D,61035.0,4.0,0.06542843143259636,Query key: K_7F673DA70577,61035.0,65308.0,65.536,context_0000,Answer: ,32,62995,synthetic_kv_64k,3999.98976,4280.025088,3.99998976,['V_9549E9AF299D']
GB,4.280025088, V_A34D760DEBBB,61035.0,4.0,0.06542843143259636,Query key: K_3B7024A35CF2,61035.0,65308.0,65.536,context_0000,Answer: ,32,62995,synthetic_kv_64k,3999.98976,4280.025088,3.99998976,['V_A34D760DEBBB']
GB,4.280025088, V_AAB6415D174A,61035.0,4.0,0.06542843143259636,Query key: K_75A64104A8B5,61035.0,65308.0,65.536,context_0000,Answer: ,32,62995,synthetic_kv_64k,3999.98976,4280.025088,3.99998976,['V_AAB6415D174A']
GB,4.280025088,771ACDFC6EE0,61035.0,4.0,0.06542843143259636,Query key: K_E61E0267DEB3,61035.0,65308.0,65.536,context_0000,Answer: ,32,62995,synthetic_kv_64k,3999.98976,4280.025088,3.99998976,['V_771ACDFC6EE0']
GB,4.280025088,8BEDAD77E82F,61035.0,4.0,0.06542843143259636,Query key: K_49A2E6B5A92C,61035.0,65308.0,65.536,context_0000,Answer: ,32,62995,synthetic_kv_64k,3999.98976,4280.025088,3.99998976,['V_8BEDAD77E82F']
GB,4.280025088, V_F1FA711533F3,61035.0,4.0,0.06542843143259636,Query key: K_12E828711733,61035.0,65308.0,65.536,context_0000,Answer: ,32,62995,synthetic_kv_64k,3999.98976,4280.025088,3.99998976,['V_F1FA711533F3']
GB,4.280025088,4C95966B1964,61035.0,4.0,0.06542843143259636,Query key: K_FCD65876FD09,61035.0,65308.0,65.536,context_0000,Answer: ,32,62995,synthetic_kv_64k,3999.98976,4280.025088,3.99998976,['V_4C95966B1964']
GB,4.280025088, V_B0B86C9F82B9,61035.0,4.0,0.06542843143259636,Query key: K_F647A3917C99,61035.0,65308.0,65.536,context_0000,Answer: ,32,62995,synthetic_kv_64k,3999.98976,4280.025088,3.99998976,['V_B0B86C9F82B9']
GB,4.280025088,4D57D865D69A,61035.0,4.0,0.06542843143259636,Query key: K_74F340066FF2,61035.0,65308.0,65.536,context_0000,Answer: ,32,62995,synthetic_kv_64k,3999.98976,4280.025088,3.99998976,['V_4D57D865D69A']
GB,4.280025088, V_DA74627B41A1,61035.0,4.0,0.06542843143259636,Query key: K_FFD632FFE294,61035.0,65308.0,65.536,context_0000,Answer: ,32,62995,synthetic_kv_64k,3999.98976,4280.025088,3.99998976,['V_DA74627B41A1']
GB,4.280025088,61A13CB98350,61035.0,4.0,0.06542843143259636,Query key: K_1B4D7BB38605,61035.0,65308.0,65.536,context_0000,Answer: ,32,62995,synthetic_kv_64k,3999.98976,4280.025088,3.99998976,['V_61A13CB98350']
GB,4.280025088,4BBE9326DFFD,61035.0,4.0,0.06542843143259636,Query key: K_5BE492698698,61035.0,65308.0,65.536,context_0000,Answer: ,32,62995,synthetic_kv_64k,3999.98976,4280.025088,3.99998976,['V_4BBE9326DFFD']
GB,4.280025088,059D4B943E30,61035.0,4.0,0.06542843143259636,Query key: K_B303FE2110D0,61035.0,65308.0,65.536,context_0000,Answer: ,32,62995,synthetic_kv_64k,3999.98976,4280.025088,3.99998976,['V_059D4B943E30']
GB,4.280025088,6553A881BFD3,61035.0,4.0,0.06542843143259636,Query key: K_D47DFA5A91CA,61035.0,65308.0,65.536,context_0000,Answer: ,32,62995,synthetic_kv_64k,3999.98976,4280.025088,3.99998976,['V_6553A881BFD3']
GB,4.280025088, V_DD7590E0B95F,61035.0,4.0,0.06542843143259636,Query key: K_0212464458B4,61035.0,65308.0,65.536,context_0000,Answer: ,32,62995,synthetic_kv_64k,3999.98976,4280.025088,3.99998976,['V_DD7590E0B95F']
GB,4.280025088, V_F93EBEA29DFE,61035.0,4.0,0.06542843143259636,Query key: K_C73FAF908E3C,61035.0,65308.0,65.536,context_0000,Answer: ,32,62995,synthetic_kv_64k,3999.98976,4280.025088,3.99998976,['V_F93EBEA29DFE']
GB,4.280025088, V_BEC39B3D74BD,61035.0,4.0,0.06542843143259636,Query key: K_E91E0C8E29E3,61035.0,65308.0,65.536,context_0000,Answer: ,32,62995,synthetic_kv_64k,3999.98976,4280.025088,3.99998976,['V_BEC39B3D74BD']
GB,4.280025088, V_E726E776B886,61035.0,4.0,0.06542843143259636,Query key: K_D5347F2984F5,61035.0,65308.0,65.536,context_0000,Answer: ,32,62995,synthetic_kv_64k,3999.98976,4280.025088,3.99998976,['V_E726E776B886']
GB,4.280025088,3AE9CC8218DA,61035.0,4.0,0.06542843143259636,Query key: K_C6964944051B,61035.0,65308.0,65.536,context_0000,Answer: ,32,62995,synthetic_kv_64k,3999.98976,4280.025088,3.99998976,['V_3AE9CC8218DA']
GB,4.280025088,38105A31B4CC,61035.0,4.0,0.06542843143259636,Query key: K_CD4B9B689C88,61035.0,65308.0,65.536,context_0000,Answer: ,32,62995,synthetic_kv_64k,3999.98976,4280.025088,3.99998976,['V_38105A31B4CC']
GB,4.280025088,40299EF2B93E,61035.0,4.0,0.06542843143259636,Query key: K_30ACA2F963A3,61035.0,65308.0,65.536,context_0000,Answer: ,32,62995,synthetic_kv_64k,3999.98976,4280.025088,3.99998976,['V_40299EF2B93E']
GB,4.280025088, V_C478B88EC318,61035.0,4.0,0.06542843143259636,Query key: K_C16DAD81F8BD,61035.0,65308.0,65.536,context_0000,Answer: ,32,62995,synthetic_kv_64k,3999.98976,4280.025088,3.99998976,['V_C478B88EC318']
GB,4.280025088,2303D69D42F1,61035.0,4.0,0.06542843143259636,Query key: K_AE4CA8C01F05,61035.0,65308.0,65.536,context_0000,Answer: ,32,62995,synthetic_kv_64k,3999.98976,4280.025088,3.99998976,['V_2303D69D42F1']
GB,4.280025088, V_A0A1E7457704,61035.0,4.0,0.06542843143259636,Query key: K_18DFA0D4DE3D,61035.0,65308.0,65.536,context_0000,Answer: ,32,62995,synthetic_kv_64k,3999.98976,4280.025088,3.99998976,['V_A0A1E7457704']
GB,4.280025088, V_C9E24F1639A0,61035.0,4.0,0.06542843143259636,Query key: K_0A17A5769411,61035.0,65308.0,65.536,context_0000,Answer: ,32,62995,synthetic_kv_64k,3999.98976,4280.025088,3.99998976,['V_C9E24F1639A0']
GB,4.280025088,5D67945EF2E4,61035.0,4.0,0.06542843143259636,Query key: K_088A70D9C9F8,61035.0,65308.0,65.536,context_0000,Answer: ,32,62995,synthetic_kv_64k,3999.98976,4280.025088,3.99998976,['V_5D67945EF2E4']
GB,4.280025088, V_E8DD1712FB16,61035.0,4.0,0.06542843143259636,Query key: K_21A4BB7BEE03,61035.0,65308.0,65.536,context_0000,Answer: ,32,62995,synthetic_kv_64k,3999.98976,4280.025088,3.99998976,['V_E8DD1712FB16']
GB,4.280025088,6A5EBF5AE7E6,61035.0,4.0,0.06542843143259636,Query key: K_53A34B8C5BDC,61035.0,65308.0,65.536,context_0000,Answer: ,32,62995,synthetic_kv_64k,3999.98976,4280.025088,3.99998976,['V_6A5EBF5AE7E6']
GB,4.280025088, V_C95821D53971,61035.0,4.0,0.06542843143259636,Query key: K_33672CF6BF75,61035.0,65308.0,65.536,context_0000,Answer: ,32,62995,synthetic_kv_64k,3999.98976,4280.025088,3.99998976,['V_C95821D53971']
GB,4.280025088,5DA8F8B38A8B,61035.0,4.0,0.06542843143259636,Query key: K_E05F8A16A06C,61035.0,65308.0,65.536,context_0000,Answer: ,32,62995,synthetic_kv_64k,3999.98976,4280.025088,3.99998976,['V_5DA8F8B38A8B']
GB,4.280025088,45C4E9DA484A,61035.0,4.0,0.06542843143259636,Query key: K_807587E5F0FE,61035.0,65308.0,65.536,context_0000,Answer: ,32,62995,synthetic_kv_64k,3999.98976,4280.025088,3.99998976,['V_45C4E9DA484A']
GB,4.280025088, V_E9FF41C8CA8C,61035.0,4.0,0.06542843143259636,Query key: K_2A1FD499DA99,61035.0,65308.0,65.536,context_0000,Answer: ,32,62995,synthetic_kv_64k,3999.98976,4280.025088,3.99998976,['V_E9FF41C8CA8C']
GB,4.280025088, V_F7A67B5A611A,61035.0,4.0,0.06542843143259636,Query key: K_F1B6D31EDF1A,61035.0,65308.0,65.536,context_0000,Answer: ,32,62995,synthetic_kv_64k,3999.98976,4280.025088,3.99998976,['V_F7A67B5A611A']
GB,4.280025088, V_DED2BF1E8366,61035.0,4.0,0.06542843143259636,Query key: K_4B8ECE7607AD,61035.0,65308.0,65.536,context_0000,Answer: ,32,62995,synthetic_kv_64k,3999.98976,4280.025088,3.99998976,['V_DED2BF1E8366']
GB,4.280025088,77E41D7BC313,61035.0,4.0,0.06542843143259636,Query key: K_CDE256B60AFC,61035.0,65308.0,65.536,context_0000,Answer: ,32,62995,synthetic_kv_64k,3999.98976,4280.025088,3.99998976,['V_77E41D7BC313']
GB,4.280025088, V_C1102408A6DC,61035.0,4.0,0.06542843143259636,Query key: K_1346F6802CDB,61035.0,65308.0,65.536,context_0000,Answer: ,32,62995,synthetic_kv_64k,3999.98976,4280.025088,3.99998976,['V_C1102408A6DC']
GB,4.280025088, V_AD23DC322C97,61035.0,4.0,0.06542843143259636,Query key: K_39C1F76C8EDE,61035.0,65308.0,65.536,context_0000,Answer: ,32,62995,synthetic_kv_64k,3999.98976,4280.025088,3.99998976,['V_AD23DC322C97']
GB,4.280025088,65BCFADD7EA3,61035.0,4.0,0.06542843143259636,Query key: K_ACA5B966442A,61035.0,65308.0,65.536,context_0000,Answer: ,32,62995,synthetic_kv_64k,3999.98976,4280.025088,3.99998976,['V_65BCFADD7EA3']
GB,4.280025088,8EACCDF974A7,61035.0,4.0,0.06542843143259636,Query key: K_D882F79EFD70,61035.0,65308.0,65.536,context_0000,Answer: ,32,62995,synthetic_kv_64k,3999.98976,4280.025088,3.99998976,['V_8EACCDF974A7']
GB,4.280025088,6502CA6A2224,61035.0,4.0,0.06542843143259636,Query key: K_171E5DA36F1B,61035.0,65308.0,65.536,context_0000,Answer: ,32,62995,synthetic_kv_64k,3999.98976,4280.025088,3.99998976,['V_6502CA6A2224']
GB,4.280025088,1FA3895CCD99,61035.0,4.0,0.06542843143259636,Query key: K_43B303902C5D,61035.0,65308.0,65.536,context_0000,Answer: ,32,62995,synthetic_kv_64k,3999.98976,4280.025088,3.99998976,['V_1FA3895CCD99']
GB,4.280025088, V_BFBFAC3E7B0D,61035.0,4.0,0.06542843143259636,Query key: K_5E5B746CDB77,61035.0,65308.0,65.536,context_0000,Answer: ,32,62995,synthetic_kv_64k,3999.98976,4280.025088,3.99998976,['V_BFBFAC3E7B0D']
GB,4.280025088,618A95A5BAFA,61035.0,4.0,0.06542843143259636,Query key: K_431DAC1E86D8,61035.0,65308.0,65.536,context_0000,Answer: ,32,62995,synthetic_kv_64k,3999.98976,4280.025088,3.99998976,['V_618A95A5BAFA']
GB,4.280025088,5F18F0B6F83F,61035.0,4.0,0.06542843143259636,Query key: K_A377D289F0AB,61035.0,65308.0,65.536,context_0000,Answer: ,32,62995,synthetic_kv_64k,3999.98976,4280.025088,3.99998976,['V_5F18F0B6F83F']
GB,4.280025088,78B23BDBC09E,61035.0,4.0,0.06542843143259636,Query key: K_ACC21BBC91F7,61035.0,65308.0,65.536,context_0000,Answer: ,32,62995,synthetic_kv_64k,3999.98976,4280.025088,3.99998976,['V_78B23BDBC09E']
GB,4.280025088, V_F173E25D36EB,61035.0,4.0,0.06542843143259636,Query key: K_9E9A066803EE,61035.0,65308.0,65.536,context_0000,Answer: ,32,62995,synthetic_kv_64k,3999.98976,4280.025088,3.99998976,['V_F173E25D36EB']
GB,4.280025088, V_9C2EEA4E3617,61035.0,4.0,0.06542843143259636,Query key: K_53F88FB864E4,61035.0,65308.0,65.536,context_0000,Answer: ,32,62995,synthetic_kv_64k,3999.98976,4280.025088,3.99998976,['V_9C2EEA4E3617']
GB,4.280025088, V_A2A9102EFDE5,61035.0,4.0,0.06542843143259636,Query key: K_A5CC38AB854C,61035.0,65308.0,65.536,context_0000,Answer: ,32,62995,synthetic_kv_64k,3999.98976,4280.025088,3.99998976,['V_A2A9102EFDE5']
GB,4.280025088, V_B379E8CDA0CC,61035.0,4.0,0.06542843143259636,Query key: K_76DAD2E82F38,61035.0,65308.0,65.536,context_0000,Answer: ,32,62995,synthetic_kv_64k,3999.98976,4280.025088,3.99998976,['V_B379E8CDA0CC']
GB,4.280025088,1DDE688613DB,61035.0,4.0,0.06542843143259636,Query key: K_A6344D5C55C7,61035.0,65308.0,65.536,context_0000,Answer: ,32,62995,synthetic_kv_64k,3999.98976,4280.025088,3.99998976,['V_1DDE688613DB']
GB,4.280025088,0986F23E323D,61035.0,4.0,0.06542843143259636,Query key: K_0B9B23C86D30,61035.0,65308.0,65.536,context_0000,Answer: ,32,62995,synthetic_kv_64k,3999.98976,4280.025088,3.99998976,['V_0986F23E323D']
GB,4.280025088,1DBA7E1CA5A1,61035.0,4.0,0.06542843143259636,Query key: K_FEF54DEAD645,61035.0,65308.0,65.536,context_0000,Answer: ,32,62995,synthetic_kv_64k,3999.98976,4280.025088,3.99998976,['V_1DBA7E1CA5A1']
GB,4.280025088,899CE3236D1A,61035.0,4.0,0.06542843143259636,Query key: K_3C1B18E19331,61035.0,65308.0,65.536,context_0000,Answer: ,32,62995,synthetic_kv_64k,3999.98976,4280.025088,3.99998976,['V_899CE3236D1A']
GB,4.280025088,5EFA7421FF46,61035.0,4.0,0.06542843143259636,Query key: K_637E22BAE10E,61035.0,65308.0,65.536,context_0000,Answer: ,32,62995,synthetic_kv_64k,3999.98976,4280.025088,3.99998976,['V_5EFA7421FF46']
GB,4.280025088, V_B24CBE3E6E57,61035.0,4.0,0.06542843143259636,Query key: K_F30AABA4FC03,61035.0,65308.0,65.536,context_0000,Answer: ,32,62995,synthetic_kv_64k,3999.98976,4280.025088,3.99998976,['V_B24CBE3E6E57']
GB,4.280025088,965B6B4BE411,61035.0,4.0,0.06542843143259636,Query key: K_8A4AF22B5B98,61035.0,65308.0,65.536,context_0000,Answer: ,32,62995,synthetic_kv_64k,3999.98976,4280.025088,3.99998976,['V_965B6B4BE411']
GB,4.280025088, V_E2AA278ED00D,61035.0,4.0,0.06542843143259636,Query key: K_BA02BE055787,61035.0,65308.0,65.536,context_0000,Answer: ,32,62995,synthetic_kv_64k,3999.98976,4280.025088,3.99998976,['V_E2AA278ED00D']
GB,4.280025088, V_D56C19597B5A,61035.0,4.0,0.06542843143259636,Query key: K_A7A86A35DF59,61035.0,65308.0,65.536,context_0000,Answer: ,32,62995,synthetic_kv_64k,3999.98976,4280.025088,3.99998976,['V_D56C19597B5A']
GB,4.280025088, V_F065687A4850,61035.0,4.0,0.06542843143259636,Query key: K_9D9B7D45D8EF,61035.0,65308.0,65.536,context_0000,Answer: ,32,62995,synthetic_kv_64k,3999.98976,4280.025088,3.99998976,['V_F065687A4850']
GB,4.280025088, V_B0B608601833,61035.0,4.0,0.06542843143259636,Query key: K_479DF396EA37,61035.0,65308.0,65.536,context_0000,Answer: ,32,62995,synthetic_kv_64k,3999.98976,4280.025088,3.99998976,['V_B0B608601833']
GB,4.280025088,71D771818DCF,61035.0,4.0,0.06542843143259636,Query key: K_379E5EDB0D3C,61035.0,65308.0,65.536,context_0000,Answer: ,32,62995,synthetic_kv_64k,3999.98976,4280.025088,3.99998976,['V_71D771818DCF']
GB,4.280025088,5CD8DAFEC8A9,61035.0,4.0,0.06542843143259636,Query key: K_3C71F3579560,61035.0,65308.0,65.536,context_0000,Answer: ,32,62995,synthetic_kv_64k,3999.98976,4280.025088,3.99998976,['V_5CD8DAFEC8A9']
GB,4.280025088,5E09AF88BDEC,61035.0,4.0,0.06542843143259636,Query key: K_FB1E196F4DFA,61035.0,65308.0,65.536,context_0000,Answer: ,32,62995,synthetic_kv_64k,3999.98976,4280.025088,3.99998976,['V_5E09AF88BDEC']
GB,4.280025088, V_A513FA53E34D,61035.0,4.0,0.06542843143259636,Query key: K_E6D58B621D41,61035.0,65308.0,65.536,context_0000,Answer: ,32,62995,synthetic_kv_64k,3999.98976,4280.025088,3.99998976,['V_A513FA53E34D']
GB,4.280025088,46A065EC7ACD,61035.0,4.0,0.06542843143259636,Query key: K_0F805BD20C98,61035.0,65308.0,65.536,context_0000,Answer: ,32,62995,synthetic_kv_64k,3999.98976,4280.025088,3.99998976,['V_46A065EC7ACD']
GB,4.280025088, V_F2F21F45DBFD,61035.0,4.0,0.06542843143259636,Query key: K_F7DC30974B2B,61035.0,65308.0,65.536,context_0000,Answer: ,32,62995,synthetic_kv_64k,3999.98976,4280.025088,3.99998976,['V_F2F21F45DBFD']
GB,4.280025088,177774685B98,61035.0,4.0,0.06542843143259636,Query key: K_D2FED918B3E5,61035.0,65308.0,65.536,context_0000,Answer: ,32,62995,synthetic_kv_64k,3999.98976,4280.025088,3.99998976,['V_177774685B98']
GB,4.280025088, V_A3B5A446BE72,61035.0,4.0,0.06542843143259636,Query key: K_364CA9AB364A,61035.0,65308.0,65.536,context_0000,Answer: ,32,62995,synthetic_kv_64k,3999.98976,4280.025088,3.99998976,['V_A3B5A446BE72']
GB,4.280025088,0CF20577AEA9,61035.0,4.0,0.06542843143259636,Query key: K_F89998DE8EBB,61035.0,65308.0,65.536,context_0000,Answer: ,32,62995,synthetic_kv_64k,3999.98976,4280.025088,3.99998976,['V_0CF20577AEA9']
GB,4.280025088, V_FD233E5A87E3,61035.0,4.0,0.06542843143259636,Query key: K_5560C96B5EDB,61035.0,65308.0,65.536,context_0000,Answer: ,32,62995,synthetic_kv_64k,3999.98976,4280.025088,3.99998976,['V_FD233E5A87E3']
GB,4.280025088,348890882EAF,61035.0,4.0,0.06542843143259636,Query key: K_C977203C8C25,61035.0,65308.0,65.536,context_0000,Answer: ,32,62995,synthetic_kv_64k,3999.98976,4280.025088,3.99998976,['V_348890882EAF']
GB,4.280025088,8DE0C3E15A85,61035.0,4.0,0.06542843143259636,Query key: K_D46E11906F50,61035.0,65308.0,65.536,context_0000,Answer: ,32,62995,synthetic_kv_64k,3999.98976,4280.025088,3.99998976,['V_8DE0C3E15A85']
GB,4.280025088, V_D0243748967F,61035.0,4.0,0.06542843143259636,Query key: K_961D350843F0,61035.0,65308.0,65.536,context_0000,Answer: ,32,62995,synthetic_kv_64k,3999.98976,4280.025088,3.99998976,['V_D0243748967F']
GB,4.280025088, V_C63D541C7A86,61035.0,4.0,0.06542843143259636,Query key: K_3BA5DEA45C19,61035.0,65308.0,65.536,context_0000,Answer: ,32,62995,synthetic_kv_64k,3999.98976,4280.025088,3.99998976,['V_C63D541C7A86']
GB,4.280025088,9892E68933A9,61035.0,4.0,0.06542843143259636,Query key: K_C9E425C61C45,61035.0,65308.0,65.536,context_0000,Answer: ,32,62995,synthetic_kv_64k,3999.98976,4280.025088,3.99998976,['V_9892E68933A9']
GB,4.280025088, V_FBE9DBC080FD,61035.0,4.0,0.06542843143259636,Query key: K_46FB00B9D4A3,61035.0,65308.0,65.536,context_0000,Answer: ,32,62995,synthetic_kv_64k,3999.98976,4280.025088,3.99998976,['V_FBE9DBC080FD']
GB,4.280025088,8A4B21472A15,61035.0,4.0,0.06542843143259636,Query key: K_FCCE250A4578,61035.0,65308.0,65.536,context_0000,Answer: ,32,62995,synthetic_kv_64k,3999.98976,4280.025088,3.99998976,['V_8A4B21472A15']
GB,4.280025088,1C242CABD7E7,61035.0,4.0,0.06542843143259636,Query key: K_CC6B402ADF9C,61035.0,65308.0,65.536,context_0000,Answer: ,32,62995,synthetic_kv_64k,3999.98976,4280.025088,3.99998976,['V_1C242CABD7E7']
GB,4.280025088,21BD06998731,61035.0,4.0,0.06542843143259636,Query key: K_DDCFA93B12CD,61035.0,65308.0,65.536,context_0000,Answer: ,32,62995,synthetic_kv_64k,3999.98976,4280.025088,3.99998976,['V_21BD06998731']
GB,4.280025088, V_C9D6CA3C6F5F,61035.0,4.0,0.06542843143259636,Query key: K_5BB503CDE2E3,61035.0,65308.0,65.536,context_0000,Answer: ,32,62995,synthetic_kv_64k,3999.98976,4280.025088,3.99998976,['V_C9D6CA3C6F5F']
GB,4.280025088,040A52E2AFD9,61035.0,4.0,0.06542843143259636,Query key: K_96BF3CE915E7,61035.0,65308.0,65.536,context_0000,Answer: ,32,62995,synthetic_kv_64k,3999.98976,4280.025088,3.99998976,['V_040A52E2AFD9']
GB,4.280025088,20730D6A05B3,61035.0,4.0,0.06542843143259636,Query key: K_43EF2C9B662E,61035.0,65308.0,65.536,context_0000,Answer: ,32,62995,synthetic_kv_64k,3999.98976,4280.025088,3.99998976,['V_20730D6A05B3']
GB,4.280025088,1D1886AD8A8C,61035.0,4.0,0.06542843143259636,Query key: K_6BC4BDE13C1B,61035.0,65308.0,65.536,context_0000,Answer: ,32,62995,synthetic_kv_64k,3999.98976,4280.025088,3.99998976,['V_1D1886AD8A8C']
GB,4.280025088,72C279EB4168,61035.0,4.0,0.06542843143259636,Query key: K_1045BEE3EB79,61035.0,65308.0,65.536,context_0000,Answer: ,32,62995,synthetic_kv_64k,3999.98976,4280.025088,3.99998976,['V_72C279EB4168']
GB,4.280025088,97FA83639007,61035.0,4.0,0.06542843143259636,Query key: K_5CAEC72C1FE3,61035.0,65308.0,65.536,context_0000,Answer: ,32,62995,synthetic_kv_64k,3999.98976,4280.025088,3.99998976,['V_97FA83639007']
GB,4.280025088,38B780FB9296,61035.0,4.0,0.06542843143259636,Query key: K_73B61BEAF6AC,61035.0,65308.0,65.536,context_0000,Answer: ,32,62995,synthetic_kv_64k,3999.98976,4280.025088,3.99998976,['V_38B780FB9296']
GB,4.280025088, V_BA2C0B19F88E,61035.0,4.0,0.06542843143259636,Query key: K_9D77F206C269,61035.0,65308.0,65.536,context_0000,Answer: ,32,62995,synthetic_kv_64k,3999.98976,4280.025088,3.99998976,['V_BA2C0B19F88E']
GB,4.280025088, V_A8ADDDF275EB,61035.0,4.0,0.06542843143259636,Query key: K_E8A3C8819065,61035.0,65308.0,65.536,context_0000,Answer: ,32,62995,synthetic_kv_64k,3999.98976,4280.025088,3.99998976,['V_A8ADDDF275EB']
GB,4.280025088, V_A4B175424646,61035.0,4.0,0.06542843143259636,Query key: K_4D37857DD3B3,61035.0,65308.0,65.536,context_0000,Answer: ,32,62995,synthetic_kv_64k,3999.98976,4280.025088,3.99998976,['V_A4B175424646']
GB,4.280025088, V_FFA30F9240E1,61035.0,4.0,0.06542843143259636,Query key: K_07F9F6CA6B8B,61035.0,65308.0,65.536,context_0000,Answer: ,32,62995,synthetic_kv_64k,3999.98976,4280.025088,3.99998976,['V_FFA30F9240E1']
GB,4.280025088,6D2066D06371,61035.0,4.0,0.06542843143259636,Query key: K_D8E87A9E8EEF,61035.0,65308.0,65.536,context_0000,Answer: ,32,62995,synthetic_kv_64k,3999.98976,4280.025088,3.99998976,['V_6D2066D06371']
GB,4.280025088, V_B65F7D824264,61035.0,4.0,0.06542843143259636,Query key: K_1BA3AFA415E5,61035.0,65308.0,65.536,context_0000,Answer: ,32,62995,synthetic_kv_64k,3999.98976,4280.025088,3.99998976,['V_B65F7D824264']
GB,4.280025088, V_E63612D0498D,61035.0,4.0,0.06542843143259636,Query key: K_718DE8E22743,61035.0,65308.0,65.536,context_0000,Answer: ,32,62995,synthetic_kv_64k,3999.98976,4280.025088,3.99998976,['V_E63612D0498D']
GB,4.280025088,25F99BB96155,61035.0,4.0,0.06542843143259636,Query key: K_527514AEAF5C,61035.0,65308.0,65.536,context_0000,Answer: ,32,62995,synthetic_kv_64k,3999.98976,4280.025088,3.99998976,['V_25F99BB96155']
GB,4.280025088,9FD3466772CE,61035.0,4.0,0.06542843143259636,Query key: K_204E10D08D11,61035.0,65308.0,65.536,context_0000,Answer: ,32,62995,synthetic_kv_64k,3999.98976,4280.025088,3.99998976,['V_9FD3466772CE']
GB,4.280025088, V_B64F8C611654,61035.0,4.0,0.06542843143259636,Query key: K_95DAA21150F9,61035.0,65308.0,65.536,context_0000,Answer: ,32,62995,synthetic_kv_64k,3999.98976,4280.025088,3.99998976,['V_B64F8C611654']
GB,4.280025088, V_98EEFE9FECAA,61035.0,4.0,0.06542843143259636,Query key: K_6182533F5A72,61035.0,65308.0,65.536,context_0000,Answer: ,32,62995,synthetic_kv_64k,3999.98976,4280.025088,3.99998976,['V_98EEFE9FECAA']
GB,4.280025088, V_816B7426B193,61035.0,4.0,0.06542843143259636,Query key: K_4B7E87D292A6,61035.0,65308.0,65.536,context_0000,Answer: ,32,62995,synthetic_kv_64k,3999.98976,4280.025088,3.99998976,['V_816B7426B193']
GB,4.280025088, V_CB081963C26D,61035.0,4.0,0.06542843143259636,Query key: K_6E219AFD4015,61035.0,65308.0,65.536,context_0000,Answer: ,32,62995,synthetic_kv_64k,3999.98976,4280.025088,3.99998976,['V_CB081963C26D']
GB,4.280025088, V_A79BDA509FED,61035.0,4.0,0.06542843143259636,Query key: K_1D4AB3A7D0E0,61035.0,65308.0,65.536,context_0000,Answer: ,32,62995,synthetic_kv_64k,3999.98976,4280.025088,3.99998976,['V_A79BDA509FED']
GB,4.280025088, V_8D24C4DABDDB,61035.0,4.0,0.06542843143259636,Query key: K_E0B1A6A27967,61035.0,65308.0,65.536,context_0000,Answer: ,32,62995,synthetic_kv_64k,3999.98976,4280.025088,3.99998976,['V_8D24C4DABDDB']
GB,4.280025088,6E19370BC063,61035.0,4.0,0.06542843143259636,Query key: K_DD90B888F6ED,61035.0,65308.0,65.536,context_0000,Answer: ,32,62995,synthetic_kv_64k,3999.98976,4280.025088,3.99998976,['V_6E19370BC063']
GB,4.280025088,69EF3A7E8E14,61035.0,4.0,0.06542843143259636,Query key: K_E35973991A47,61035.0,65308.0,65.536,context_0000,Answer: ,32,62995,synthetic_kv_64k,3999.98976,4280.025088,3.99998976,['V_69EF3A7E8E14']
GB,4.280025088,661374188109,61035.0,4.0,0.06542843143259636,Query key: K_D3D156C438E4,61035.0,65308.0,65.536,context_0000,Answer: ,32,62995,synthetic_kv_64k,3999.98976,4280.025088,3.99998976,['V_661374188109']
GB,4.280025088,500318578BAF,61035.0,4.0,0.06542843143259636,Query key: K_BAC76A7E4C36,61035.0,65308.0,65.536,context_0000,Answer: ,32,62995,synthetic_kv_64k,3999.98976,4280.025088,3.99998976,['V_500318578BAF']
GB,4.280025088, V_4140AA448259,61035.0,4.0,0.06542843143259636,Query key: K_50016D4067F4,61035.0,65308.0,65.536,context_0000,Answer: ,32,62995,synthetic_kv_64k,3999.98976,4280.025088,3.99998976,['V_4140AA448259']
GB,4.280025088, V_AFD32713582C,61035.0,4.0,0.06542843143259636,Query key: K_F41E5FD23109,61035.0,65308.0,65.536,context_0000,Answer: ,32,62995,synthetic_kv_64k,3999.98976,4280.025088,3.99998976,['V_AFD32713582C']
GB,4.280025088,175A112FA612,61035.0,4.0,0.06542843143259636,Query key: K_7969EC48BF55,61035.0,65308.0,65.536,context_0000,Answer: ,32,62995,synthetic_kv_64k,3999.98976,4280.025088,3.99998976,['V_175A112FA612']
GB,4.280025088,6E8F17DDED81,61035.0,4.0,0.06542843143259636,Query key: K_15DAD4EF00AA,61035.0,65308.0,65.536,context_0000,Answer: ,32,62995,synthetic_kv_64k,3999.98976,4280.025088,3.99998976,['V_6E8F17DDED81']
GB,4.280025088,5F65BD21BC11,61035.0,4.0,0.06542843143259636,Query key: K_BE9D18B87245,61035.0,65308.0,65.536,context_0000,Answer: ,32,62995,synthetic_kv_64k,3999.98976,4280.025088,3.99998976,['V_5F65BD21BC11']
GB,4.280025088,0F5A8E6E5003,61035.0,4.0,0.06542843143259636,Query key: K_214FCFD01CBD,61035.0,65308.0,65.536,context_0000,Answer: ,32,62995,synthetic_kv_64k,3999.98976,4280.025088,3.99998976,['V_0F5A8E6E5003']
GB,4.280025088,8FCA8FC42092,61035.0,4.0,0.06542843143259636,Query key: K_F4E596229348,61035.0,65308.0,65.536,context_0000,Answer: ,32,62995,synthetic_kv_64k,3999.98976,4280.025088,3.99998976,['V_8FCA8FC42092']
GB,4.280025088,692A1F4A8CA1,61035.0,4.0,0.06542843143259636,Query key: K_AB855463ADC7,61035.0,65308.0,65.536,context_0000,Answer: ,32,62995,synthetic_kv_64k,3999.98976,4280.025088,3.99998976,['V_692A1F4A8CA1']
GB,4.280025088, V_F0EDAA53C19C,61035.0,4.0,0.06542843143259636,Query key: K_DFA45A856750,61035.0,65308.0,65.536,context_0000,Answer: ,32,62995,synthetic_kv_64k,3999.98976,4280.025088,3.99998976,['V_F0EDAA53C19C']
GB,4.280025088, V_EA74DE3B496F,61035.0,4.0,0.06542843143259636,Query key: K_6C45C012A0FF,61035.0,65308.0,65.536,context_0000,Answer: ,32,62995,synthetic_kv_64k,3999.98976,4280.025088,3.99998976,['V_EA74DE3B496F']
GB,4.280025088,49A2F7E8F8E5,61035.0,4.0,0.06542843143259636,Query key: K_0D2BB8976EC5,61035.0,65308.0,65.536,context_0000,Answer: ,32,62995,synthetic_kv_64k,3999.98976,4280.025088,3.99998976,['V_49A2F7E8F8E5']
GB,4.280025088,1A855A057C11,61035.0,4.0,0.06542843143259636,Query key: K_4FFC99B479D4,61035.0,65308.0,65.536,context_0000,Answer: ,32,62995,synthetic_kv_64k,3999.98976,4280.025088,3.99998976,['V_1A855A057C11']
GB,4.280025088,279C36760CE5,61035.0,4.0,0.06542843143259636,Query key: K_81E593F277CC,61035.0,65308.0,65.536,context_0000,Answer: ,32,62995,synthetic_kv_64k,3999.98976,4280.025088,3.99998976,['V_279C36760CE5']
GB,4.280025088, V_D8E739681C81,61035.0,4.0,0.06542843143259636,Query key: K_7B70A81FDEC3,61035.0,65308.0,65.536,context_0000,Answer: ,32,62995,synthetic_kv_64k,3999.98976,4280.025088,3.99998976,['V_D8E739681C81']
GB,4.280025088,8E67D86A6460,61035.0,4.0,0.06542843143259636,Query key: K_59A11BB43332,61035.0,65308.0,65.536,context_0000,Answer: ,32,62995,synthetic_kv_64k,3999.98976,4280.025088,3.99998976,['V_8E67D86A6460']
GB,4.280025088,4750C33A1F6C,61035.0,4.0,0.06542843143259636,Query key: K_1D695E187B24,61035.0,65308.0,65.536,context_0000,Answer: ,32,62995,synthetic_kv_64k,3999.98976,4280.025088,3.99998976,['V_4750C33A1F6C']
GB,4.280025088,6DDACEA60F4C,61035.0,4.0,0.06542843143259636,Query key: K_39E592F837D4,61035.0,65308.0,65.536,context_0000,Answer: ,32,62995,synthetic_kv_64k,3999.98976,4280.025088,3.99998976,['V_6DDACEA60F4C']
GB,4.280025088, V_C476F97BE2DD,61035.0,4.0,0.06542843143259636,Query key: K_8F9BD85C16BD,61035.0,65308.0,65.536,context_0000,Answer: ,32,62995,synthetic_kv_64k,3999.98976,4280.025088,3.99998976,['V_C476F97BE2DD']
GB,4.280025088, V_ACCB9D132363,61035.0,4.0,0.06542843143259636,Query key: K_9F29D1846C39,61035.0,65308.0,65.536,context_0000,Answer: ,32,62995,synthetic_kv_64k,3999.98976,4280.025088,3.99998976,['V_ACCB9D132363']
GB,4.280025088,9BE706B89231,61035.0,4.0,0.06542843143259636,Query key: K_8E86A487EEAB,61035.0,65308.0,65.536,context_0000,Answer: ,32,62995,synthetic_kv_64k,3999.98976,4280.025088,3.99998976,['V_9BE706B89231']
GB,4.280025088, V_B187D4578AD9,61035.0,4.0,0.06542843143259636,Query key: K_A867EDD877C8,61035.0,65308.0,65.536,context_0000,Answer: ,32,62995,synthetic_kv_64k,3999.98976,4280.025088,3.99998976,['V_B187D4578AD9']
GB,4.280025088,45F52E2FBF77,61035.0,4.0,0.06542843143259636,Query key: K_076944777442,61035.0,65308.0,65.536,context_0000,Answer: ,32,62995,synthetic_kv_64k,3999.98976,4280.025088,3.99998976,['V_45F52E2FBF77']
GB,4.280025088, V_EBE94F199EC0,61035.0,4.0,0.06542843143259636,Query key: K_C32DB3E4110A,61035.0,65308.0,65.536,context_0000,Answer: ,32,62995,synthetic_kv_64k,3999.98976,4280.025088,3.99998976,['V_EBE94F199EC0']
GB,4.280025088,2E7001902620,61035.0,4.0,0.06542843143259636,Query key: K_59DC56FEBFB9,61035.0,65308.0,65.536,context_0000,Answer: ,32,62995,synthetic_kv_64k,3999.98976,4280.025088,3.99998976,['V_2E7001902620']
GB,4.280025088, V_A84790FA6B57,61035.0,4.0,0.06542843143259636,Query key: K_24ACDEAF528D,61035.0,65308.0,65.536,context_0000,Answer: ,32,62995,synthetic_kv_64k,3999.98976,4280.025088,3.99998976,['V_A84790FA6B57']
GB,4.280025088, V_BDB02451E5A4,61035.0,4.0,0.06542843143259636,Query key: K_11D06699CD99,61035.0,65308.0,65.536,context_0000,Answer: ,32,62995,synthetic_kv_64k,3999.98976,4280.025088,3.99998976,['V_BDB02451E5A4']
GB,4.280025088,177D07D924CE,61035.0,4.0,0.06542843143259636,Query key: K_F8C8A2178F84,61035.0,65308.0,65.536,context_0000,Answer: ,32,62995,synthetic_kv_64k,3999.98976,4280.025088,3.99998976,['V_177D07D924CE']
GB,4.280025088,604E3712F2D1,61035.0,4.0,0.06542843143259636,Query key: K_87CDBF012E32,61035.0,65308.0,65.536,context_0000,Answer: ,32,62995,synthetic_kv_64k,3999.98976,4280.025088,3.99998976,['V_604E3712F2D1']
GB,4.280025088,284B5744F596,61035.0,4.0,0.06542843143259636,Query key: K_74226B7A2460,61035.0,65308.0,65.536,context_0000,Answer: ,32,62995,synthetic_kv_64k,3999.98976,4280.025088,3.99998976,['V_284B5744F596']
GB,4.280025088,530AB8BA8368,61035.0,4.0,0.06542843143259636,Query key: K_4FC75EBBCCA5,61035.0,65308.0,65.536,context_0000,Answer: ,32,62995,synthetic_kv_64k,3999.98976,4280.025088,3.99998976,['V_530AB8BA8368']
GB,4.280025088,98A2914DCFAE,61035.0,4.0,0.06542843143259636,Query key: K_F100C6DEB2F0,61035.0,65308.0,65.536,context_0000,Answer: ,32,62995,synthetic_kv_64k,3999.98976,4280.025088,3.99998976,['V_98A2914DCFAE']
GB,4.280025088,27D40D77C5A0,61035.0,4.0,0.06542843143259636,Query key: K_E22215BFBE97,61035.0,65308.0,65.536,context_0000,Answer: ,32,62995,synthetic_kv_64k,3999.98976,4280.025088,3.99998976,['V_27D40D77C5A0']
GB,4.280025088,0CBD9E2AA4AC,61035.0,4.0,0.06542843143259636,Query key: K_C122284C03D2,61035.0,65308.0,65.536,context_0000,Answer: ,32,62995,synthetic_kv_64k,3999.98976,4280.025088,3.99998976,['V_0CBD9E2AA4AC']
GB,4.280025088,716F45A88829,61035.0,4.0,0.06542843143259636,Query key: K_14E2AC8936BC,61035.0,65308.0,65.536,context_0000,Answer: ,32,62995,synthetic_kv_64k,3999.98976,4280.025088,3.99998976,['V_716F45A88829']
GB,4.280025088,9B697C54535F,61035.0,4.0,0.06542843143259636,Query key: K_6C8CA974D079,61035.0,65308.0,65.536,context_0000,Answer: ,32,62995,synthetic_kv_64k,3999.98976,4280.025088,3.99998976,['V_9B697C54535F']
GB,4.280025088,372F45EE432D,61035.0,4.0,0.06542843143259636,Query key: K_6A077129CEC7,61035.0,65308.0,65.536,context_0000,Answer: ,32,62995,synthetic_kv_64k,3999.98976,4280.025088,3.99998976,['V_372F45EE432D']
GB,4.280025088,585D1D2324E6,61035.0,4.0,0.06542843143259636,Query key: K_8329C143F426,61035.0,65308.0,65.536,context_0000,Answer: ,32,62995,synthetic_kv_64k,3999.98976,4280.025088,3.99998976,['V_585D1D2324E6']
GB,4.280025088, V_AD9F4882D73C,61035.0,4.0,0.06542843143259636,Query key: K_1C636E0ED1E8,61035.0,65308.0,65.536,context_0000,Answer: ,32,62995,synthetic_kv_64k,3999.98976,4280.025088,3.99998976,['V_AD9F4882D73C']
GB,4.280025088,86E57C93F6CC,61035.0,4.0,0.06542843143259636,Query key: K_97D7ADB14670,61035.0,65308.0,65.536,context_0000,Answer: ,32,62995,synthetic_kv_64k,3999.98976,4280.025088,3.99998976,['V_86E57C93F6CC']
GB,4.280025088,38730BA078E8,61035.0,4.0,0.06542843143259636,Query key: K_4EF4AAC93316,61035.0,65308.0,65.536,context_0000,Answer: ,32,62995,synthetic_kv_64k,3999.98976,4280.025088,3.99998976,['V_38730BA078E8']
GB,4.280025088,0E06996D5C50,61035.0,4.0,0.06542843143259636,Query key: K_FC04652FFB49,61035.0,65308.0,65.536,context_0000,Answer: ,32,62995,synthetic_kv_64k,3999.98976,4280.025088,3.99998976,['V_0E06996D5C50']
GB,4.280025088, V_F2004D29D1AB,61035.0,4.0,0.06542843143259636,Query key: K_345501F7C7EC,61035.0,65308.0,65.536,context_0000,Answer: ,32,62995,synthetic_kv_64k,3999.98976,4280.025088,3.99998976,['V_F2004D29D1AB']
GB,4.280025088, V_C3A02321D1E1,61035.0,4.0,0.06542843143259636,Query key: K_C47136136E15,61035.0,65308.0,65.536,context_0000,Answer: ,32,62995,synthetic_kv_64k,3999.98976,4280.025088,3.99998976,['V_C3A02321D1E1']
GB,4.280025088,1EB753FFD3A2,61035.0,4.0,0.06542843143259636,Query key: K_4A194169B9FC,61035.0,65308.0,65.536,context_0000,Answer: ,32,62995,synthetic_kv_64k,3999.98976,4280.025088,3.99998976,['V_1EB753FFD3A2']
GB,4.280025088,6E3FBF3C5140,61035.0,4.0,0.06542843143259636,Query key: K_7F5401FA964E,61035.0,65308.0,65.536,context_0000,Answer: ,32,62995,synthetic_kv_64k,3999.98976,4280.025088,3.99998976,['V_6E3FBF3C5140']
GB,4.280025088,885761554667,61035.0,4.0,0.06542843143259636,Query key: K_21122CFA55B0,61035.0,65308.0,65.536,context_0000,Answer: ,32,62995,synthetic_kv_64k,3999.98976,4280.025088,3.99998976,['V_885761554667']
GB,4.280025088,8F088011316B,61035.0,4.0,0.06542843143259636,Query key: K_3AE8B423CCDE,61035.0,65308.0,65.536,context_0000,Answer: ,32,62995,synthetic_kv_64k,3999.98976,4280.025088,3.99998976,['V_8F088011316B']
GB,4.280025088,5AAACE6322B6,61035.0,4.0,0.06542843143259636,Query key: K_AB05D556B37D,61035.0,65308.0,65.536,context_0000,Answer: ,32,62995,synthetic_kv_64k,3999.98976,4280.025088,3.99998976,['V_5AAACE6322B6']
GB,4.280025088, V_BDF6DC9C96DE,61035.0,4.0,0.06542843143259636,Query key: K_65A612738A23,61035.0,65308.0,65.536,context_0000,Answer: ,32,62995,synthetic_kv_64k,3999.98976,4280.025088,3.99998976,['V_BDF6DC9C96DE']
GB,4.280025088,75B204CC3EDE,61035.0,4.0,0.06542843143259636,Query key: K_6FAC0AD45230,61035.0,65308.0,65.536,context_0000,Answer: ,32,62995,synthetic_kv_64k,3999.98976,4280.025088,3.99998976,['V_75B204CC3EDE']
GB,4.280025088,5024DCB33DF3,61035.0,4.0,0.06542843143259636,Query key: K_13EEEBD14D2C,61035.0,65308.0,65.536,context_0000,Answer: ,32,62995,synthetic_kv_64k,3999.98976,4280.025088,3.99998976,['V_5024DCB33DF3']
GB,4.280025088,678892CA525A,61035.0,4.0,0.06542843143259636,Query key: K_6DE59364F3D0,61035.0,65308.0,65.536,context_0000,Answer: ,32,62995,synthetic_kv_64k,3999.98976,4280.025088,3.99998976,['V_678892CA525A']
GB,4.280025088,4A1D6AEDFDC7,61035.0,4.0,0.06542843143259636,Query key: K_A3E0B5A1B949,61035.0,65308.0,65.536,context_0000,Answer: ,32,62995,synthetic_kv_64k,3999.98976,4280.025088,3.99998976,['V_4A1D6AEDFDC7']
GB,4.280025088, V_F7580556DAEA,61035.0,4.0,0.06542843143259636,Query key: K_67B01D7C0098,61035.0,65308.0,65.536,context_0000,Answer: ,32,62995,synthetic_kv_64k,3999.98976,4280.025088,3.99998976,['V_F7580556DAEA']
GB,4.280025088, V_F296CD2372C2,61035.0,4.0,0.06542843143259636,Query key: K_2BFF532401FC,61035.0,65308.0,65.536,context_0000,Answer: ,32,62995,synthetic_kv_64k,3999.98976,4280.025088,3.99998976,['V_F296CD2372C2']
GB,4.280025088, V_B08AD4FFA666,61035.0,4.0,0.06542843143259636,Query key: K_75C89E3D750D,61035.0,65308.0,65.536,context_0000,Answer: ,32,62995,synthetic_kv_64k,3999.98976,4280.025088,3.99998976,['V_B08AD4FFA666']
GB,4.280025088,6FCC168FAE12,61035.0,4.0,0.06542843143259636,Query key: K_5CA2EB7607C9,61035.0,65308.0,65.536,context_0000,Answer: ,32,62995,synthetic_kv_64k,3999.98976,4280.025088,3.99998976,['V_6FCC168FAE12']
GB,4.280025088,6F883E49FD09,61035.0,4.0,0.06542843143259636,Query key: K_1B19D8302081,61035.0,65308.0,65.536,context_0000,Answer: ,32,62995,synthetic_kv_64k,3999.98976,4280.025088,3.99998976,['V_6F883E49FD09']
GB,4.280025088,1422862268D1,61035.0,4.0,0.06542843143259636,Query key: K_668396C044D0,61035.0,65308.0,65.536,context_0000,Answer: ,32,62995,synthetic_kv_64k,3999.98976,4280.025088,3.99998976,['V_1422862268D1']
GB,4.280025088, V_BEED4F6E274B,61035.0,4.0,0.06542843143259636,Query key: K_DEDA6550F74A,61035.0,65308.0,65.536,context_0000,Answer: ,32,62995,synthetic_kv_64k,3999.98976,4280.025088,3.99998976,['V_BEED4F6E274B']
GB,4.280025088, V_C7745543FC3C,61035.0,4.0,0.06542843143259636,Query key: K_38B856EA57B3,61035.0,65308.0,65.536,context_0000,Answer: ,32,62995,synthetic_kv_64k,3999.98976,4280.025088,3.99998976,['V_C7745543FC3C']
GB,4.280025088, V_A21B82AF085C,61035.0,4.0,0.06542843143259636,Query key: K_138D2B0ABEDD,61035.0,65308.0,65.536,context_0000,Answer: ,32,62995,synthetic_kv_64k,3999.98976,4280.025088,3.99998976,['V_A21B82AF085C']
GB,4.280025088,31A3828C37E7,61035.0,4.0,0.06542843143259636,Query key: K_87D51D30D990,61035.0,65308.0,65.536,context_0000,Answer: ,32,62995,synthetic_kv_64k,3999.98976,4280.025088,3.99998976,['V_31A3828C37E7']
GB,4.280025088,59E15970A859,61035.0,4.0,0.06542843143259636,Query key: K_C6B6E7EA8D5A,61035.0,65308.0,65.536,context_0000,Answer: ,32,62995,synthetic_kv_64k,3999.98976,4280.025088,3.99998976,['V_59E15970A859']
GB,4.280025088, V_A53BD1A69D87,61035.0,4.0,0.06542843143259636,Query key: K_F54EBA35844E,61035.0,65308.0,65.536,context_0000,Answer: ,32,62995,synthetic_kv_64k,3999.98976,4280.025088,3.99998976,['V_A53BD1A69D87']
GB,4.280025088,1A513C7C1D85,61035.0,4.0,0.06542843143259636,Query key: K_25CFD0A643FE,61035.0,65308.0,65.536,context_0000,Answer: ,32,62995,synthetic_kv_64k,3999.98976,4280.025088,3.99998976,['V_1A513C7C1D85']
GB,4.280025088,2C6A328067A1,61035.0,4.0,0.06542843143259636,Query key: K_4187257D5E52,61035.0,65308.0,65.536,context_0000,Answer: ,32,62995,synthetic_kv_64k,3999.98976,4280.025088,3.99998976,['V_2C6A328067A1']
GB,4.280025088, V_C257C29D782B,61035.0,4.0,0.06542843143259636,Query key: K_27229A36D1EC,61035.0,65308.0,65.536,context_0000,Answer: ,32,62995,synthetic_kv_64k,3999.98976,4280.025088,3.99998976,['V_C257C29D782B']
GB,4.280025088, V_F3872D5972C6,61035.0,4.0,0.06542843143259636,Query key: K_134AA7CF705C,61035.0,65308.0,65.536,context_0000,Answer: ,32,62995,synthetic_kv_64k,3999.98976,4280.025088,3.99998976,['V_F3872D5972C6']
GB,4.280025088,76C57E7E7419,61035.0,4.0,0.06542843143259636,Query key: K_A0C1C5D95F51,61035.0,65308.0,65.536,context_0000,Answer: ,32,62995,synthetic_kv_64k,3999.98976,4280.025088,3.99998976,['V_76C57E7E7419']
GB,4.280025088,9458C2874F06,61035.0,4.0,0.06542843143259636,Query key: K_9050C1235C91,61035.0,65308.0,65.536,context_0000,Answer: ,32,62995,synthetic_kv_64k,3999.98976,4280.025088,3.99998976,['V_9458C2874F06']
GB,4.280025088, V_E1CDEC955F87,61035.0,4.0,0.06542843143259636,Query key: K_AE5E72EB7474,61035.0,65308.0,65.536,context_0000,Answer: ,32,62995,synthetic_kv_64k,3999.98976,4280.025088,3.99998976,['V_E1CDEC955F87']
GB,4.280025088, V_FC8DA2A2E91F,61035.0,4.0,0.06542843143259636,Query key: K_A49B9082889B,61035.0,65308.0,65.536,context_0000,Answer: ,32,62995,synthetic_kv_64k,3999.98976,4280.025088,3.99998976,['V_FC8DA2A2E91F']
GB,4.280025088, V_F891DD3F487E,61035.0,4.0,0.06542843143259636,Query key: K_52BD9FE0A8C7,61035.0,65308.0,65.536,context_0000,Answer: ,32,62995,synthetic_kv_64k,3999.98976,4280.025088,3.99998976,['V_F891DD3F487E']
GB,4.280025088,709426A524E3,61035.0,4.0,0.06542843143259636,Query key: K_50EEA09151E0,61035.0,65308.0,65.536,context_0000,Answer: ,32,62995,synthetic_kv_64k,3999.98976,4280.025088,3.99998976,['V_709426A524E3']
GB,4.280025088, V_A1A271348C2A,61035.0,4.0,0.06542843143259636,Query key: K_780B117B355B,61035.0,65308.0,65.536,context_0000,Answer: ,32,62995,synthetic_kv_64k,3999.98976,4280.025088,3.99998976,['V_A1A271348C2A']
GB,4.280025088,976746510367,61035.0,4.0,0.06542843143259636,Query key: K_CBDC4D85A3D2,61035.0,65308.0,65.536,context_0000,Answer: ,32,62995,synthetic_kv_64k,3999.98976,4280.025088,3.99998976,['V_976746510367']
GB,4.280025088,12FE81E0D489,61035.0,4.0,0.06542843143259636,Query key: K_5A180E614BCD,61035.0,65308.0,65.536,context_0000,Answer: ,32,62995,synthetic_kv_64k,3999.98976,4280.025088,3.99998976,['V_12FE81E0D489']
GB,4.280025088,09A073B0A091,61035.0,4.0,0.06542843143259636,Query key: K_76344F76E388,61035.0,65308.0,65.536,context_0000,Answer: ,32,62995,synthetic_kv_64k,3999.98976,4280.025088,3.99998976,['V_09A073B0A091']
GB,4.280025088,497DD4EA120A,61035.0,4.0,0.06542843143259636,Query key: K_5E650E9058B6,61035.0,65308.0,65.536,context_0000,Answer: ,32,62995,synthetic_kv_64k,3999.98976,4280.025088,3.99998976,['V_497DD4EA120A']
GB,4.280025088, V_FA34DD3F7D7E,61035.0,4.0,0.06542843143259636,Query key: K_A50813A4A492,61035.0,65308.0,65.536,context_0000,Answer: ,32,62995,synthetic_kv_64k,3999.98976,4280.025088,3.99998976,['V_FA34DD3F7D7E']
GB,4.280025088,98159D713084,61035.0,4.0,0.06542843143259636,Query key: K_171DDAF481A7,61035.0,65308.0,65.536,context_0000,Answer: ,32,62995,synthetic_kv_64k,3999.98976,4280.025088,3.99998976,['V_98159D713084']
GB,4.280025088, V_94907674456F,61035.0,4.0,0.06542843143259636,Query key: K_626D81CF3252,61035.0,65308.0,65.536,context_0000,Answer: ,32,62995,synthetic_kv_64k,3999.98976,4280.025088,3.99998976,['V_94907674456F']
GB,4.280025088, V_BD29CAB4923B,61035.0,4.0,0.06542843143259636,Query key: K_F4488DE7AD6C,61035.0,65308.0,65.536,context_0000,Answer: ,32,62995,synthetic_kv_64k,3999.98976,4280.025088,3.99998976,['V_BD29CAB4923B']
GB,4.280025088, V_E8B77321BF6B,61035.0,4.0,0.06542843143259636,Query key: K_0A80E5582E16,61035.0,65308.0,65.536,context_0000,Answer: ,32,62995,synthetic_kv_64k,3999.98976,4280.025088,3.99998976,['V_E8B77321BF6B']
GB,4.280025088,3030A6DED1D8,61035.0,4.0,0.06542843143259636,Query key: K_9258CF501889,61035.0,65308.0,65.536,context_0000,Answer: ,32,62995,synthetic_kv_64k,3999.98976,4280.025088,3.99998976,['V_3030A6DED1D8']
GB,4.280025088,805979C2D2E4,61035.0,4.0,0.06542843143259636,Query key: K_9AE1524F93FF,61035.0,65308.0,65.536,context_0000,Answer: ,32,62995,synthetic_kv_64k,3999.98976,4280.025088,3.99998976,['V_805979C2D2E4']
GB,4.280025088,73550FD6F47E,61035.0,4.0,0.06542843143259636,Query key: K_F52D269ED4C9,61035.0,65308.0,65.536,context_0000,Answer: ,32,62995,synthetic_kv_64k,3999.98976,4280.025088,3.99998976,['V_73550FD6F47E']
GB,4.280025088, V_D65EE62D2D06,61035.0,4.0,0.06542843143259636,Query key: K_CF9B1A7F195B,61035.0,65308.0,65.536,context_0000,Answer: ,32,62995,synthetic_kv_64k,3999.98976,4280.025088,3.99998976,['V_D65EE62D2D06']
GB,4.280025088,1596B6DD6257,61035.0,4.0,0.06542843143259636,Query key: K_FB7D57EB89B1,61035.0,65308.0,65.536,context_0000,Answer: ,32,62995,synthetic_kv_64k,3999.98976,4280.025088,3.99998976,['V_1596B6DD6257']
GB,4.280025088,0A052C2CD22B,61035.0,4.0,0.06542843143259636,Query key: K_A568812A1F9B,61035.0,65308.0,65.536,context_0000,Answer: ,32,62995,synthetic_kv_64k,3999.98976,4280.025088,3.99998976,['V_0A052C2CD22B']
GB,4.280025088, V_FDB17010ED13,61035.0,4.0,0.06542843143259636,Query key: K_B5263F6C21F7,61035.0,65308.0,65.536,context_0000,Answer: ,32,62995,synthetic_kv_64k,3999.98976,4280.025088,3.99998976,['V_FDB17010ED13']
GB,4.280025088,9C1C85D2D0A6,61035.0,4.0,0.06542843143259636,Query key: K_8629707DF251,61035.0,65308.0,65.536,context_0000,Answer: ,32,62995,synthetic_kv_64k,3999.98976,4280.025088,3.99998976,['V_9C1C85D2D0A6']
GB,4.280025088, V_EAFD5F733A3E,61035.0,4.0,0.06542843143259636,Query key: K_5D2828A39779,61035.0,65308.0,65.536,context_0000,Answer: ,32,62995,synthetic_kv_64k,3999.98976,4280.025088,3.99998976,['V_EAFD5F733A3E']
GB,4.280025088, V_C64368A51C68,61035.0,4.0,0.06542843143259636,Query key: K_632D486BB6BF,61035.0,65308.0,65.536,context_0000,Answer: ,32,62995,synthetic_kv_64k,3999.98976,4280.025088,3.99998976,['V_C64368A51C68']
GB,4.280025088,0D67990F0C5B,61035.0,4.0,0.06542843143259636,Query key: K_ADCC569F3AB3,61035.0,65308.0,65.536,context_0000,Answer: ,32,62995,synthetic_kv_64k,3999.98976,4280.025088,3.99998976,['V_0D67990F0C5B']
GB,4.280025088,55ABA5B5CDC2,61035.0,4.0,0.06542843143259636,Query key: K_A181CA0AC6AC,61035.0,65308.0,65.536,context_0000,Answer: ,32,62995,synthetic_kv_64k,3999.98976,4280.025088,3.99998976,['V_55ABA5B5CDC2']
GB,4.280025088, V_8ED618318AA3,61035.0,4.0,0.06542843143259636,Query key: K_546610DF9974,61035.0,65308.0,65.536,context_0000,Answer: ,32,62995,synthetic_kv_64k,3999.98976,4280.025088,3.99998976,['V_8ED618318AA3']
GB,4.280025088,408248BDDB3E,61035.0,4.0,0.06542843143259636,Query key: K_62F5ADAA44CA,61035.0,65308.0,65.536,context_0000,Answer: ,32,62995,synthetic_kv_64k,3999.98976,4280.025088,3.99998976,['V_408248BDDB3E']
GB,4.280025088, V_F6E3A8149562,61035.0,4.0,0.06542843143259636,Query key: K_DA00B9469BCF,61035.0,65308.0,65.536,context_0000,Answer: ,32,62995,synthetic_kv_64k,3999.98976,4280.025088,3.99998976,['V_F6E3A8149562']
GB,4.280025088,267EDF8F4197,61035.0,4.0,0.06542843143259636,Query key: K_9A4AE806133C,61035.0,65308.0,65.536,context_0000,Answer: ,32,62995,synthetic_kv_64k,3999.98976,4280.025088,3.99998976,['V_267EDF8F4197']
GB,4.280025088, V_A9E2952E6ABB,61035.0,4.0,0.06542843143259636,Query key: K_14DD555736F8,61035.0,65308.0,65.536,context_0000,Answer: ,32,62995,synthetic_kv_64k,3999.98976,4280.025088,3.99998976,['V_A9E2952E6ABB']
GB,4.280025088,4F6B598DDAEC,61035.0,4.0,0.06542843143259636,Query key: K_EAAF2434A678,61035.0,65308.0,65.536,context_0000,Answer: ,32,62995,synthetic_kv_64k,3999.98976,4280.025088,3.99998976,['V_4F6B598DDAEC']
GB,4.280025088, V_A981B2CF952D,61035.0,4.0,0.06542843143259636,Query key: K_A7F3F7BAF55E,61035.0,65308.0,65.536,context_0000,Answer: ,32,62995,synthetic_kv_64k,3999.98976,4280.025088,3.99998976,['V_A981B2CF952D']
GB,4.280025088, V_B57698549F22,61035.0,4.0,0.06542843143259636,Query key: K_210264575BC4,61035.0,65308.0,65.536,context_0000,Answer: ,32,62995,synthetic_kv_64k,3999.98976,4280.025088,3.99998976,['V_B57698549F22']
GB,4.280025088,8F154F40C22F,61035.0,4.0,0.06542843143259636,Query key: K_15B0F020E992,61035.0,65308.0,65.536,context_0000,Answer: ,32,62995,synthetic_kv_64k,3999.98976,4280.025088,3.99998976,['V_8F154F40C22F']
GB,4.280025088,5417CAAA5BBE,61035.0,4.0,0.06542843143259636,Query key: K_A4BB606E0E1C,61035.0,65308.0,65.536,context_0000,Answer: ,32,62995,synthetic_kv_64k,3999.98976,4280.025088,3.99998976,['V_5417CAAA5BBE']
GB,4.280025088, V_B3ECAB8CBF97,61035.0,4.0,0.06542843143259636,Query key: K_20B7D02CE0C1,61035.0,65308.0,65.536,context_0000,Answer: ,32,62995,synthetic_kv_64k,3999.98976,4280.025088,3.99998976,['V_B3ECAB8CBF97']
GB,4.280025088, V_FF46BD20563B,61035.0,4.0,0.06542843143259636,Query key: K_F275D436A7A8,61035.0,65308.0,65.536,context_0000,Answer: ,32,62995,synthetic_kv_64k,3999.98976,4280.025088,3.99998976,['V_FF46BD20563B']
GB,4.280025088,17EC86C1B6CB,61035.0,4.0,0.06542843143259636,Query key: K_E996AF77520E,61035.0,65308.0,65.536,context_0000,Answer: ,32,62995,synthetic_kv_64k,3999.98976,4280.025088,3.99998976,['V_17EC86C1B6CB']
GB,4.280025088,822C6C645C15,61035.0,4.0,0.06542843143259636,Query key: K_ABA3A561E1E9,61035.0,65308.0,65.536,context_0000,Answer: ,32,62995,synthetic_kv_64k,3999.98976,4280.025088,3.99998976,['V_822C6C645C15']
GB,4.280025088,4F115CD33369,61035.0,4.0,0.06542843143259636,Query key: K_04AA5CA0C428,61035.0,65308.0,65.536,context_0000,Answer: ,32,62995,synthetic_kv_64k,3999.98976,4280.025088,3.99998976,['V_4F115CD33369']
GB,4.280025088,577B36D55494,61035.0,4.0,0.06542843143259636,Query key: K_F37F2E25B5EE,61035.0,65308.0,65.536,context_0000,Answer: ,32,62995,synthetic_kv_64k,3999.98976,4280.025088,3.99998976,['V_577B36D55494']
GB,4.280025088,31277C7C404E,61035.0,4.0,0.06542843143259636,Query key: K_C422F29A6339,61035.0,65308.0,65.536,context_0000,Answer: ,32,62995,synthetic_kv_64k,3999.98976,4280.025088,3.99998976,['V_31277C7C404E']
GB,4.280025088,27AA23377BBC,61035.0,4.0,0.06542843143259636,Query key: K_FFFE39FEB99C,61035.0,65308.0,65.536,context_0000,Answer: ,32,62995,synthetic_kv_64k,3999.98976,4280.025088,3.99998976,['V_27AA23377BBC']
GB,4.280025088, V_C9C2D82C7565,61035.0,4.0,0.06542843143259636,Query key: K_4BB913C11754,61035.0,65308.0,65.536,context_0000,Answer: ,32,62995,synthetic_kv_64k,3999.98976,4280.025088,3.99998976,['V_C9C2D82C7565']
GB,4.280025088,8A2EC5580BB2,61035.0,4.0,0.06542843143259636,Query key: K_81F719E45C6A,61035.0,65308.0,65.536,context_0000,Answer: ,32,62995,synthetic_kv_64k,3999.98976,4280.025088,3.99998976,['V_8A2EC5580BB2']
GB,4.280025088,86CAE238FE93,61035.0,4.0,0.06542843143259636,Query key: K_BD17D5CA69AB,61035.0,65308.0,65.536,context_0000,Answer: ,32,62995,synthetic_kv_64k,3999.98976,4280.025088,3.99998976,['V_86CAE238FE93']
GB,4.280025088, V_E05B56363094,61035.0,4.0,0.06542843143259636,Query key: K_A97409A9D1C1,61035.0,65308.0,65.536,context_0000,Answer: ,32,62995,synthetic_kv_64k,3999.98976,4280.025088,3.99998976,['V_E05B56363094']
GB,4.280025088,98E5218C6E1C,61035.0,4.0,0.06542843143259636,Query key: K_9E37C42CBC39,61035.0,65308.0,65.536,context_0000,Answer: ,32,62995,synthetic_kv_64k,3999.98976,4280.025088,3.99998976,['V_98E5218C6E1C']
GB,4.280025088,2E4B29890880,61035.0,4.0,0.06542843143259636,Query key: K_277D6070B6A1,61035.0,65308.0,65.536,context_0000,Answer: ,32,62995,synthetic_kv_64k,3999.98976,4280.025088,3.99998976,['V_2E4B29890880']
GB,4.280025088, V_9FEEC566AA81,61035.0,4.0,0.06542843143259636,Query key: K_B15ED4D30795,61035.0,65308.0,65.536,context_0000,Answer: ,32,62995,synthetic_kv_64k,3999.98976,4280.025088,3.99998976,['V_9FEEC566AA81']
GB,4.280025088, V_B89F2A60C652,61035.0,4.0,0.06542843143259636,Query key: K_E714CF1D7D3A,61035.0,65308.0,65.536,context_0000,Answer: ,32,62995,synthetic_kv_64k,3999.98976,4280.025088,3.99998976,['V_B89F2A60C652']
GB,4.280025088,5D42692E07B6,61035.0,4.0,0.06542843143259636,Query key: K_0B2F700B5D5F,61035.0,65308.0,65.536,context_0000,Answer: ,32,62995,synthetic_kv_64k,3999.98976,4280.025088,3.99998976,['V_5D42692E07B6']
GB,4.280025088, V_F8363CCEC76C,61035.0,4.0,0.06542843143259636,Query key: K_B836AD261EC5,61035.0,65308.0,65.536,context_0000,Answer: ,32,62995,synthetic_kv_64k,3999.98976,4280.025088,3.99998976,['V_F8363CCEC76C']
GB,4.280025088, V_C09C48F1096D,61035.0,4.0,0.06542843143259636,Query key: K_9C4F71B701AA,61035.0,65308.0,65.536,context_0000,Answer: ,32,62995,synthetic_kv_64k,3999.98976,4280.025088,3.99998976,['V_C09C48F1096D']
GB,4.280025088,3BE772ECF16E,61035.0,4.0,0.06542843143259636,Query key: K_C8A7BFA016C2,61035.0,65308.0,65.536,context_0000,Answer: ,32,62995,synthetic_kv_64k,3999.98976,4280.025088,3.99998976,['V_3BE772ECF16E']
GB,4.280025088, V_F7314F3949A8,61035.0,4.0,0.06542843143259636,Query key: K_3D3A88B4F474,61035.0,65308.0,65.536,context_0000,Answer: ,32,62995,synthetic_kv_64k,3999.98976,4280.025088,3.99998976,['V_F7314F3949A8']
GB,4.280025088, V_E76A78116802,61035.0,4.0,0.06542843143259636,Query key: K_C8CCCF01F944,61035.0,65308.0,65.536,context_0000,Answer: ,32,62995,synthetic_kv_64k,3999.98976,4280.025088,3.99998976,['V_E76A78116802']
GB,4.280025088, V_ADA55E2AD32D,61035.0,4.0,0.06542843143259636,Query key: K_31ABD5C9FDC7,61035.0,65308.0,65.536,context_0000,Answer: ,32,62995,synthetic_kv_64k,3999.98976,4280.025088,3.99998976,['V_ADA55E2AD32D']
GB,4.280025088,70CAFC043F08,61035.0,4.0,0.06542843143259636,Query key: K_9207F2771F63,61035.0,65308.0,65.536,context_0000,Answer: ,32,62995,synthetic_kv_64k,3999.98976,4280.025088,3.99998976,['V_70CAFC043F08']
GB,4.280025088, V_C73348223120,61035.0,4.0,0.06542843143259636,Query key: K_C4F97630A8A7,61035.0,65308.0,65.536,context_0000,Answer: ,32,62995,synthetic_kv_64k,3999.98976,4280.025088,3.99998976,['V_C73348223120']
GB,4.280025088,6B2D87079AD4,61035.0,4.0,0.06542843143259636,Query key: K_80BE61C2645A,61035.0,65308.0,65.536,context_0000,Answer: ,32,62995,synthetic_kv_64k,3999.98976,4280.025088,3.99998976,['V_6B2D87079AD4']
GB,4.280025088,331FD11FC8C0,61035.0,4.0,0.06542843143259636,Query key: K_297CF75D599F,61035.0,65308.0,65.536,context_0000,Answer: ,32,62995,synthetic_kv_64k,3999.98976,4280.025088,3.99998976,['V_331FD11FC8C0']
GB,4.280025088, V_DF7D236E1608,61035.0,4.0,0.06542843143259636,Query key: K_9ACBCD1F5318,61035.0,65308.0,65.536,context_0000,Answer: ,32,62995,synthetic_kv_64k,3999.98976,4280.025088,3.99998976,['V_DF7D236E1608']
GB,4.280025088, V_7B07A4244F23,61035.0,4.0,0.06542843143259636,Query key: K_0D5B400035F0,61035.0,65308.0,65.536,context_0000,Answer: ,32,62995,synthetic_kv_64k,3999.98976,4280.025088,3.99998976,['V_7B07A4244F23']
GB,4.280025088, V_EF2D8DF661DA,61035.0,4.0,0.06542843143259636,Query key: K_5F07DFC620CE,61035.0,65308.0,65.536,context_0000,Answer: ,32,62995,synthetic_kv_64k,3999.98976,4280.025088,3.99998976,['V_EF2D8DF661DA']
GB,4.280025088,8412D88C656D,61035.0,4.0,0.06542843143259636,Query key: K_B61E1A435206,61035.0,65308.0,65.536,context_0000,Answer: ,32,62995,synthetic_kv_64k,3999.98976,4280.025088,3.99998976,['V_8412D88C656D']
GB,4.280025088,157848F9E3D0,61035.0,4.0,0.06542843143259636,Query key: K_1FEAD9E604B3,61035.0,65308.0,65.536,context_0000,Answer: ,32,62995,synthetic_kv_64k,3999.98976,4280.025088,3.99998976,['V_157848F9E3D0']
GB,4.280025088,730645D5A68D,61035.0,4.0,0.06542843143259636,Query key: K_290AC35B9FEA,61035.0,65308.0,65.536,context_0000,Answer: ,32,62995,synthetic_kv_64k,3999.98976,4280.025088,3.99998976,['V_730645D5A68D']
GB,4.280025088, V_D4BF25B8A42F,61035.0,4.0,0.06542843143259636,Query key: K_836BE7C225DA,61035.0,65308.0,65.536,context_0000,Answer: ,32,62995,synthetic_kv_64k,3999.98976,4280.025088,3.99998976,['V_D4BF25B8A42F']
GB,4.280025088, V_E916F24823AB,61035.0,4.0,0.06542843143259636,Query key: K_177A6FFE33B3,61035.0,65308.0,65.536,context_0000,Answer: ,32,62995,synthetic_kv_64k,3999.98976,4280.025088,3.99998976,['V_E916F24823AB']
GB,4.280025088, V_E277737D1FB6,61035.0,4.0,0.06542843143259636,Query key: K_D11338D77B9A,61035.0,65308.0,65.536,context_0000,Answer: ,32,62995,synthetic_kv_64k,3999.98976,4280.025088,3.99998976,['V_E277737D1FB6']
GB,4.280025088,6A3606D3DB93,61035.0,4.0,0.06542843143259636,Query key: K_EE33597E6845,61035.0,65308.0,65.536,context_0000,Answer: ,32,62995,synthetic_kv_64k,3999.98976,4280.025088,3.99998976,['V_6A3606D3DB93']
GB,4.280025088,5FBB808389C8,61035.0,4.0,0.06542843143259636,Query key: K_657E0DA23E5C,61035.0,65308.0,65.536,context_0000,Answer: ,32,62995,synthetic_kv_64k,3999.98976,4280.025088,3.99998976,['V_5FBB808389C8']
GB,4.280025088,14E4FE9936A3,61035.0,4.0,0.06542843143259636,Query key: K_62DB3C5BF3A7,61035.0,65308.0,65.536,context_0000,Answer: ,32,62995,synthetic_kv_64k,3999.98976,4280.025088,3.99998976,['V_14E4FE9936A3']
GB,4.280025088,519507374C86,61035.0,4.0,0.06542843143259636,Query key: K_397B5FFA46EF,61035.0,65308.0,65.536,context_0000,Answer: ,32,62995,synthetic_kv_64k,3999.98976,4280.025088,3.99998976,['V_519507374C86']
GB,4.280025088, V_B6F6D6D441CC,61035.0,4.0,0.06542843143259636,Query key: K_195DEE4A9B5D,61035.0,65308.0,65.536,context_0000,Answer: ,32,62995,synthetic_kv_64k,3999.98976,4280.025088,3.99998976,['V_B6F6D6D441CC']
GB,4.280025088,2563CA97EBF5,61035.0,4.0,0.06542843143259636,Query key: K_55D5A663D2CD,61035.0,65308.0,65.536,context_0000,Answer: ,32,62995,synthetic_kv_64k,3999.98976,4280.025088,3.99998976,['V_2563CA97EBF5']
GB,4.280025088, V_EADA4970ED9A,61035.0,4.0,0.06542843143259636,Query key: K_09CE2339BA19,61035.0,65308.0,65.536,context_0000,Answer: ,32,62995,synthetic_kv_64k,3999.98976,4280.025088,3.99998976,['V_EADA4970ED9A']
GB,4.280025088, V_D4C3B231C60B,61035.0,4.0,0.06542843143259636,Query key: K_78F2D46B415D,61035.0,65308.0,65.536,context_0000,Answer: ,32,62995,synthetic_kv_64k,3999.98976,4280.025088,3.99998976,['V_D4C3B231C60B']
GB,4.280025088,7817B49E04CC,61035.0,4.0,0.06542843143259636,Query key: K_C2432387EAF6,61035.0,65308.0,65.536,context_0000,Answer: ,32,62995,synthetic_kv_64k,3999.98976,4280.025088,3.99998976,['V_7817B49E04CC']
GB,4.280025088, V_E7E601582463,61035.0,4.0,0.06542843143259636,Query key: K_9D8772D78BDD,61035.0,65308.0,65.536,context_0000,Answer: ,32,62995,synthetic_kv_64k,3999.98976,4280.025088,3.99998976,['V_E7E601582463']
GB,4.280025088, V_373541843B03,61035.0,4.0,0.06542843143259636,Query key: K_04DD144823F7,61035.0,65308.0,65.536,context_0000,Answer: ,32,62995,synthetic_kv_64k,3999.98976,4280.025088,3.99998976,['V_373541843B03']
GB,4.280025088, V_F0B28C7E6F42,61035.0,4.0,0.06542843143259636,Query key: K_2646D5C0244D,61035.0,65308.0,65.536,context_0000,Answer: ,32,62995,synthetic_kv_64k,3999.98976,4280.025088,3.99998976,['V_F0B28C7E6F42']
GB,4.280025088,6C5A871C0884,61035.0,4.0,0.06542843143259636,Query key: K_9BDFBA2C0F19,61035.0,65308.0,65.536,context_0000,Answer: ,32,62995,synthetic_kv_64k,3999.98976,4280.025088,3.99998976,['V_6C5A871C0884']
GB,4.280025088,3CD549C10669,61035.0,4.0,0.06542843143259636,Query key: K_C6B31C76BDF6,61035.0,65308.0,65.536,context_0000,Answer: ,32,62995,synthetic_kv_64k,3999.98976,4280.025088,3.99998976,['V_3CD549C10669']
GB,4.280025088,3D0A0C394EC7,61035.0,4.0,0.06542843143259636,Query key: K_1F314D183EBA,61035.0,65308.0,65.536,context_0000,Answer: ,32,62995,synthetic_kv_64k,3999.98976,4280.025088,3.99998976,['V_3D0A0C394EC7']
GB,4.280025088,9F70CB3CF8CA,61035.0,4.0,0.06542843143259636,Query key: K_A3926B79AFCC,61035.0,65308.0,65.536,context_0000,Answer: ,32,62995,synthetic_kv_64k,3999.98976,4280.025088,3.99998976,['V_9F70CB3CF8CA']
GB,4.280025088, V_D6311C612EC2,61035.0,4.0,0.06542843143259636,Query key: K_1014750565F5,61035.0,65308.0,65.536,context_0000,Answer: ,32,62995,synthetic_kv_64k,3999.98976,4280.025088,3.99998976,['V_D6311C612EC2']
GB,4.280025088,893A98C3E3CA,61035.0,4.0,0.06542843143259636,Query key: K_7FF4E7B7B4C6,61035.0,65308.0,65.536,context_0000,Answer: ,32,62995,synthetic_kv_64k,3999.98976,4280.025088,3.99998976,['V_893A98C3E3CA']
GB,4.280025088,933683EFA9F3,61035.0,4.0,0.06542843143259636,Query key: K_A1C704351B64,61035.0,65308.0,65.536,context_0000,Answer: ,32,62995,synthetic_kv_64k,3999.98976,4280.025088,3.99998976,['V_933683EFA9F3']
GB,4.280025088,4A9024C173B9,61035.0,4.0,0.06542843143259636,Query key: K_B7F23DEFA849,61035.0,65308.0,65.536,context_0000,Answer: ,32,62995,synthetic_kv_64k,3999.98976,4280.025088,3.99998976,['V_4A9024C173B9']
GB,4.280025088,5A529D642932,61035.0,4.0,0.06542843143259636,Query key: K_00666DE299A1,61035.0,65308.0,65.536,context_0000,Answer: ,32,62995,synthetic_kv_64k,3999.98976,4280.025088,3.99998976,['V_5A529D642932']
GB,4.280025088,2FF36AA42C9F,61035.0,4.0,0.06542843143259636,Query key: K_92173D959E3F,61035.0,65308.0,65.536,context_0000,Answer: ,32,62995,synthetic_kv_64k,3999.98976,4280.025088,3.99998976,['V_2FF36AA42C9F']
GB,4.280025088,860315EACBCF,61035.0,4.0,0.06542843143259636,Query key: K_AB10AA143CD8,61035.0,65308.0,65.536,context_0000,Answer: ,32,62995,synthetic_kv_64k,3999.98976,4280.025088,3.99998976,['V_860315EACBCF']
GB,4.280025088, V_F41211536E99,61035.0,4.0,0.06542843143259636,Query key: K_5C50F982F4E0,61035.0,65308.0,65.536,context_0000,Answer: ,32,62995,synthetic_kv_64k,3999.98976,4280.025088,3.99998976,['V_F41211536E99']
GB,4.280025088, V_C95281E03A5E,61035.0,4.0,0.06542843143259636,Query key: K_8B4886ABD4E7,61035.0,65308.0,65.536,context_0000,Answer: ,32,62995,synthetic_kv_64k,3999.98976,4280.025088,3.99998976,['V_C95281E03A5E']
GB,4.280025088,05348DDCE719,61035.0,4.0,0.06542843143259636,Query key: K_81F3FD034ADA,61035.0,65308.0,65.536,context_0000,Answer: ,32,62995,synthetic_kv_64k,3999.98976,4280.025088,3.99998976,['V_05348DDCE719']
GB,4.280025088,0B25785AC5D0,61035.0,4.0,0.06542843143259636,Query key: K_DF9263F4C69D,61035.0,65308.0,65.536,context_0000,Answer: ,32,62995,synthetic_kv_64k,3999.98976,4280.025088,3.99998976,['V_0B25785AC5D0']
GB,4.280025088,5F90FB25664D,61035.0,4.0,0.06542843143259636,Query key: K_630AA2BB522B,61035.0,65308.0,65.536,context_0000,Answer: ,32,62995,synthetic_kv_64k,3999.98976,4280.025088,3.99998976,['V_5F90FB25664D']
GB,4.280025088, V_5B6A04287378,61035.0,4.0,0.06542843143259636,Query key: K_BF5040EF3935,61035.0,65308.0,65.536,context_0000,Answer: ,32,62995,synthetic_kv_64k,3999.98976,4280.025088,3.99998976,['V_5B6A04287378']
GB,4.280025088,3DBA5844F9FC,61035.0,4.0,0.06542843143259636,Query key: K_114BC9DC72B8,61035.0,65308.0,65.536,context_0000,Answer: ,32,62995,synthetic_kv_64k,3999.98976,4280.025088,3.99998976,['V_3DBA5844F9FC']
GB,4.280025088,1A89A0D572C8,61035.0,4.0,0.06542843143259636,Query key: K_A837BBA205CA,61035.0,65308.0,65.536,context_0000,Answer: ,32,62995,synthetic_kv_64k,3999.98976,4280.025088,3.99998976,['V_1A89A0D572C8']
GB,4.280025088, V_C1B5BC3536DF,61035.0,4.0,0.06542843143259636,Query key: K_94F7C5811D2D,61035.0,65308.0,65.536,context_0000,Answer: ,32,62995,synthetic_kv_64k,3999.98976,4280.025088,3.99998976,['V_C1B5BC3536DF']
GB,4.280025088, V_5A300B599562,61035.0,4.0,0.06542843143259636,Query key: K_2227551FF086,61035.0,65308.0,65.536,context_0000,Answer: ,32,62995,synthetic_kv_64k,3999.98976,4280.025088,3.99998976,['V_5A300B599562']
GB,4.280025088, V_A48ED0421DFA,61035.0,4.0,0.06542843143259636,Query key: K_56AB8BC78E81,61035.0,65308.0,65.536,context_0000,Answer: ,32,62995,synthetic_kv_64k,3999.98976,4280.025088,3.99998976,['V_A48ED0421DFA']
GB,4.280025088, V_AF47C775E395,61035.0,4.0,0.06542843143259636,Query key: K_D4942CD2A404,61035.0,65308.0,65.536,context_0000,Answer: ,32,62995,synthetic_kv_64k,3999.98976,4280.025088,3.99998976,['V_AF47C775E395']
GB,4.280025088,7A81B20507BB,61035.0,4.0,0.06542843143259636,Query key: K_FB1676F186AB,61035.0,65308.0,65.536,context_0000,Answer: ,32,62995,synthetic_kv_64k,3999.98976,4280.025088,3.99998976,['V_7A81B20507BB']
GB,4.280025088,2285CFBE4FE9,61035.0,4.0,0.06542843143259636,Query key: K_2EA9A1B970D0,61035.0,65308.0,65.536,context_0000,Answer: ,32,62995,synthetic_kv_64k,3999.98976,4280.025088,3.99998976,['V_2285CFBE4FE9']
GB,4.280025088, V_F190C6B469EF,61035.0,4.0,0.06542843143259636,Query key: K_B74E10275B53,61035.0,65308.0,65.536,context_0000,Answer: ,32,62995,synthetic_kv_64k,3999.98976,4280.025088,3.99998976,['V_F190C6B469EF']
GB,4.280025088,339B4B1F0D7B,61035.0,4.0,0.06542843143259636,Query key: K_0977752A7D25,61035.0,65308.0,65.536,context_0000,Answer: ,32,62995,synthetic_kv_64k,3999.98976,4280.025088,3.99998976,['V_339B4B1F0D7B']
GB,4.280025088, V_E2C333107475,61035.0,4.0,0.06542843143259636,Query key: K_CA860B36E356,61035.0,65308.0,65.536,context_0000,Answer: ,32,62995,synthetic_kv_64k,3999.98976,4280.025088,3.99998976,['V_E2C333107475']
GB,4.280025088,4F61EEF16694,61035.0,4.0,0.06542843143259636,Query key: K_50CA0ABA590E,61035.0,65308.0,65.536,context_0000,Answer: ,32,62995,synthetic_kv_64k,3999.98976,4280.025088,3.99998976,['V_4F61EEF16694']
GB,4.280025088, V_D0BEFD372539,61035.0,4.0,0.06542843143259636,Query key: K_65F283F02DC7,61035.0,65308.0,65.536,context_0000,Answer: ,32,62995,synthetic_kv_64k,3999.98976,4280.025088,3.99998976,['V_D0BEFD372539']
GB,4.280025088,095F40D92BCE,61035.0,4.0,0.06542843143259636,Query key: K_79308B040F49,61035.0,65308.0,65.536,context_0000,Answer: ,32,62995,synthetic_kv_64k,3999.98976,4280.025088,3.99998976,['V_095F40D92BCE']
GB,4.280025088,493E30EC2796,61035.0,4.0,0.06542843143259636,Query key: K_A59BC0D7AC73,61035.0,65308.0,65.536,context_0000,Answer: ,32,62995,synthetic_kv_64k,3999.98976,4280.025088,3.99998976,['V_493E30EC2796']
GB,4.280025088,0C3CC7E53BBB,61035.0,4.0,0.06542843143259636,Query key: K_DCB55B62A8DF,61035.0,65308.0,65.536,context_0000,Answer: ,32,62995,synthetic_kv_64k,3999.98976,4280.025088,3.99998976,['V_0C3CC7E53BBB']
GB,4.280025088,45F154F90429,61035.0,4.0,0.06542843143259636,Query key: K_A7DEDDA4F4A7,61035.0,65308.0,65.536,context_0000,Answer: ,32,62995,synthetic_kv_64k,3999.98976,4280.025088,3.99998976,['V_45F154F90429']
GB,4.280025088,6FDC5E368127,61035.0,4.0,0.06542843143259636,Query key: K_CCA11FDD980A,61035.0,65308.0,65.536,context_0000,Answer: ,32,62995,synthetic_kv_64k,3999.98976,4280.025088,3.99998976,['V_6FDC5E368127']
GB,4.280025088,7092BE4969EC,61035.0,4.0,0.06542843143259636,Query key: K_6667E3B56360,61035.0,65308.0,65.536,context_0000,Answer: ,32,62995,synthetic_kv_64k,3999.98976,4280.025088,3.99998976,['V_7092BE4969EC']
GB,4.280025088,56CB62FB26D7,61035.0,4.0,0.06542843143259636,Query key: K_F4DBE506F670,61035.0,65308.0,65.536,context_0000,Answer: ,32,62995,synthetic_kv_64k,3999.98976,4280.025088,3.99998976,['V_56CB62FB26D7']
GB,4.280025088, V_B12B7F072CB9,61035.0,4.0,0.06542843143259636,Query key: K_2FD3F945F2FD,61035.0,65308.0,65.536,context_0000,Answer: ,32,62995,synthetic_kv_64k,3999.98976,4280.025088,3.99998976,['V_B12B7F072CB9']
GB,4.280025088, V_CC1BEC9F9C54,61035.0,4.0,0.06542843143259636,Query key: K_5E0A7F5DB163,61035.0,65308.0,65.536,context_0000,Answer: ,32,62995,synthetic_kv_64k,3999.98976,4280.025088,3.99998976,['V_CC1BEC9F9C54']
GB,4.280025088, V_1526CD180A82,61035.0,4.0,0.06542843143259636,Query key: K_444784EF4324,61035.0,65308.0,65.536,context_0000,Answer: ,32,62995,synthetic_kv_64k,3999.98976,4280.025088,3.99998976,['V_1526CD180A82']
GB,4.280025088,6E3C14348F62,61035.0,4.0,0.06542843143259636,Query key: K_6CACBA220065,61035.0,65308.0,65.536,context_0000,Answer: ,32,62995,synthetic_kv_64k,3999.98976,4280.025088,3.99998976,['V_6E3C14348F62']
GB,4.280025088,2E32D284F54E,61035.0,4.0,0.06542843143259636,Query key: K_FEBE9A3A6103,61035.0,65308.0,65.536,context_0000,Answer: ,32,62995,synthetic_kv_64k,3999.98976,4280.025088,3.99998976,['V_2E32D284F54E']
GB,4.280025088,1A43523AE993,61035.0,4.0,0.06542843143259636,Query key: K_4B348BA435CC,61035.0,65308.0,65.536,context_0000,Answer: ,32,62995,synthetic_kv_64k,3999.98976,4280.025088,3.99998976,['V_1A43523AE993']
GB,4.280025088, V_4BAFA9320094,61035.0,4.0,0.06542843143259636,Query key: K_53F2147F6570,61035.0,65308.0,65.536,context_0000,Answer: ,32,62995,synthetic_kv_64k,3999.98976,4280.025088,3.99998976,['V_4BAFA9320094']
GB,4.280025088, V_B7B89A45693D,61035.0,4.0,0.06542843143259636,Query key: K_72274E76833A,61035.0,65308.0,65.536,context_0000,Answer: ,32,62995,synthetic_kv_64k,3999.98976,4280.025088,3.99998976,['V_B7B89A45693D']
GB,4.280025088,71A3B0946D2A,61035.0,4.0,0.06542843143259636,Query key: K_2AA96D15F16F,61035.0,65308.0,65.536,context_0000,Answer: ,32,62995,synthetic_kv_64k,3999.98976,4280.025088,3.99998976,['V_71A3B0946D2A']
GB,4.280025088, V_BA100AD7C9A2,61035.0,4.0,0.06542843143259636,Query key: K_727759FEFBBC,61035.0,65308.0,65.536,context_0000,Answer: ,32,62995,synthetic_kv_64k,3999.98976,4280.025088,3.99998976,['V_BA100AD7C9A2']
GB,4.280025088,9D665A4153B3,61035.0,4.0,0.06542843143259636,Query key: K_E95FDEBAC186,61035.0,65308.0,65.536,context_0000,Answer: ,32,62995,synthetic_kv_64k,3999.98976,4280.025088,3.99998976,['V_9D665A4153B3']
GB,4.280025088, V_A3B446494296,61035.0,4.0,0.06542843143259636,Query key: K_6F58FF86CC31,61035.0,65308.0,65.536,context_0000,Answer: ,32,62995,synthetic_kv_64k,3999.98976,4280.025088,3.99998976,['V_A3B446494296']
GB,4.280025088,0EAFF2A9DC8A,61035.0,4.0,0.06542843143259636,Query key: K_CA9EFAE3114B,61035.0,65308.0,65.536,context_0000,Answer: ,32,62995,synthetic_kv_64k,3999.98976,4280.025088,3.99998976,['V_0EAFF2A9DC8A']
GB,4.280025088,67FDA334058A,61035.0,4.0,0.06542843143259636,Query key: K_ABD21335E5DB,61035.0,65308.0,65.536,context_0000,Answer: ,32,62995,synthetic_kv_64k,3999.98976,4280.025088,3.99998976,['V_67FDA334058A']
GB,4.280025088, V_BFF9CD14A03E,61035.0,4.0,0.06542843143259636,Query key: K_83595D01F55F,61035.0,65308.0,65.536,context_0000,Answer: ,32,62995,synthetic_kv_64k,3999.98976,4280.025088,3.99998976,['V_BFF9CD14A03E']
GB,4.280025088,07F8F3EA0184,61035.0,4.0,0.06542843143259636,Query key: K_28F4ADEDDA80,61035.0,65308.0,65.536,context_0000,Answer: ,32,62995,synthetic_kv_64k,3999.98976,4280.025088,3.99998976,['V_07F8F3EA0184']
GB,4.280025088, V_AD979B89E5CB,61035.0,4.0,0.06542843143259636,Query key: K_D942248D31EC,61035.0,65308.0,65.536,context_0000,Answer: ,32,62995,synthetic_kv_64k,3999.98976,4280.025088,3.99998976,['V_AD979B89E5CB']
GB,4.280025088,205008E895D7,61035.0,4.0,0.06542843143259636,Query key: K_702CC8040FB7,61035.0,65308.0,65.536,context_0000,Answer: ,32,62995,synthetic_kv_64k,3999.98976,4280.025088,3.99998976,['V_205008E895D7']
GB,4.280025088, V_A529C74CC890,61035.0,4.0,0.06542843143259636,Query key: K_3C6A113634A5,61035.0,65308.0,65.536,context_0000,Answer: ,32,62995,synthetic_kv_64k,3999.98976,4280.025088,3.99998976,['V_A529C74CC890']
GB,4.280025088, V_F3106202BEE6,61035.0,4.0,0.06542843143259636,Query key: K_5CB55DC7B3E6,61035.0,65308.0,65.536,context_0000,Answer: ,32,62995,synthetic_kv_64k,3999.98976,4280.025088,3.99998976,['V_F3106202BEE6']
GB,4.280025088,27479AE77EAB,61035.0,4.0,0.06542843143259636,Query key: K_084A9136F1F8,61035.0,65308.0,65.536,context_0000,Answer: ,32,62995,synthetic_kv_64k,3999.98976,4280.025088,3.99998976,['V_27479AE77EAB']
GB,4.280025088,5EF7F2E6195F,61035.0,4.0,0.06542843143259636,Query key: K_732EADD702C9,61035.0,65308.0,65.536,context_0000,Answer: ,32,62995,synthetic_kv_64k,3999.98976,4280.025088,3.99998976,['V_5EF7F2E6195F']
GB,4.280025088,13AEC359810A,61035.0,4.0,0.06542843143259636,Query key: K_71A65F3C44DC,61035.0,65308.0,65.536,context_0000,Answer: ,32,62995,synthetic_kv_64k,3999.98976,4280.025088,3.99998976,['V_13AEC359810A']
GB,4.280025088, V_5DF0878AAED9,61035.0,4.0,0.06542843143259636,Query key: K_233F92EC89AF,61035.0,65308.0,65.536,context_0000,Answer: ,32,62995,synthetic_kv_64k,3999.98976,4280.025088,3.99998976,['V_5DF0878AAED9']
GB,4.280025088,4758A6499CDC,61035.0,4.0,0.06542843143259636,Query key: K_507B65E58F34,61035.0,65308.0,65.536,context_0000,Answer: ,32,62995,synthetic_kv_64k,3999.98976,4280.025088,3.99998976,['V_4758A6499CDC']
GB,4.280025088,06A21D0AF7F7,61035.0,4.0,0.06542843143259636,Query key: K_F5E43FE68C9C,61035.0,65308.0,65.536,context_0000,Answer: ,32,62995,synthetic_kv_64k,3999.98976,4280.025088,3.99998976,['V_06A21D0AF7F7']
GB,4.280025088, V_848A7FC15858,61035.0,4.0,0.06542843143259636,Query key: K_2FA0BC55300B,61035.0,65308.0,65.536,context_0000,Answer: ,32,62995,synthetic_kv_64k,3999.98976,4280.025088,3.99998976,['V_848A7FC15858']
GB,4.280025088,1E258FC9C86B,61035.0,4.0,0.06542843143259636,Query key: K_E9DD63119ACA,61035.0,65308.0,65.536,context_0000,Answer: ,32,62995,synthetic_kv_64k,3999.98976,4280.025088,3.99998976,['V_1E258FC9C86B']
GB,4.280025088, V_B43B42A259A6,61035.0,4.0,0.06542843143259636,Query key: K_C6644303CBC1,61035.0,65308.0,65.536,context_0000,Answer: ,32,62995,synthetic_kv_64k,3999.98976,4280.025088,3.99998976,['V_B43B42A259A6']
GB,4.280025088,9CA3FF11C8BA,61035.0,4.0,0.06542843143259636,Query key: K_36EE723EF466,61035.0,65308.0,65.536,context_0000,Answer: ,32,62995,synthetic_kv_64k,3999.98976,4280.025088,3.99998976,['V_9CA3FF11C8BA']
GB,4.280025088, V_FFA6EA9E5C8D,61035.0,4.0,0.06542843143259636,Query key: K_B1A8491B90E9,61035.0,65308.0,65.536,context_0000,Answer: ,32,62995,synthetic_kv_64k,3999.98976,4280.025088,3.99998976,['V_FFA6EA9E5C8D']
GB,4.280025088,22BF1F652A87,61035.0,4.0,0.06542843143259636,Query key: K_333E7DBF4BC1,61035.0,65308.0,65.536,context_0000,Answer: ,32,62995,synthetic_kv_64k,3999.98976,4280.025088,3.99998976,['V_22BF1F652A87']
GB,4.280025088,2C3373B911D8,61035.0,4.0,0.06542843143259636,Query key: K_12F5DA52D2EE,61035.0,65308.0,65.536,context_0000,Answer: ,32,62995,synthetic_kv_64k,3999.98976,4280.025088,3.99998976,['V_2C3373B911D8']
GB,4.280025088, V_FF4C71F2CE8F,61035.0,4.0,0.06542843143259636,Query key: K_B69FE60FD420,61035.0,65308.0,65.536,context_0000,Answer: ,32,62995,synthetic_kv_64k,3999.98976,4280.025088,3.99998976,['V_FF4C71F2CE8F']
GB,4.280025088, V_F7B2AE92EA71,61035.0,4.0,0.06542843143259636,Query key: K_CF7D1679742F,61035.0,65308.0,65.536,context_0000,Answer: ,32,62995,synthetic_kv_64k,3999.98976,4280.025088,3.99998976,['V_F7B2AE92EA71']
GB,4.280025088, V_AAF751D08109,61035.0,4.0,0.06542843143259636,Query key: K_FC90D8741408,61035.0,65308.0,65.536,context_0000,Answer: ,32,62995,synthetic_kv_64k,3999.98976,4280.025088,3.99998976,['V_AAF751D08109']
GB,4.280025088,8CCC109FD8EE,61035.0,4.0,0.06542843143259636,Query key: K_B5A458F0DD23,61035.0,65308.0,65.536,context_0000,Answer: ,32,62995,synthetic_kv_64k,3999.98976,4280.025088,3.99998976,['V_8CCC109FD8EE']
GB,4.280025088,4CC9E42E5037,61035.0,4.0,0.06542843143259636,Query key: K_4A558ACBBE09,61035.0,65308.0,65.536,context_0000,Answer: ,32,62995,synthetic_kv_64k,3999.98976,4280.025088,3.99998976,['V_4CC9E42E5037']
GB,4.280025088, V_B5A5B6391F04,61035.0,4.0,0.06542843143259636,Query key: K_2852D9F2DD0D,61035.0,65308.0,65.536,context_0000,Answer: ,32,62995,synthetic_kv_64k,3999.98976,4280.025088,3.99998976,['V_B5A5B6391F04']
GB,4.280025088,2C91A3404F08,61035.0,4.0,0.06542843143259636,Query key: K_B341ED6522B4,61035.0,65308.0,65.536,context_0000,Answer: ,32,62995,synthetic_kv_64k,3999.98976,4280.025088,3.99998976,['V_2C91A3404F08']
GB,4.280025088,3967823DD107,61035.0,4.0,0.06542843143259636,Query key: K_5C8ACB2FAFA3,61035.0,65308.0,65.536,context_0000,Answer: ,32,62995,synthetic_kv_64k,3999.98976,4280.025088,3.99998976,['V_3967823DD107']
GB,4.280025088, V_CAC43373730E,61035.0,4.0,0.06542843143259636,Query key: K_FC311F119C0F,61035.0,65308.0,65.536,context_0000,Answer: ,32,62995,synthetic_kv_64k,3999.98976,4280.025088,3.99998976,['V_CAC43373730E']
GB,4.280025088,7E78CA55E38B,61035.0,4.0,0.06542843143259636,Query key: K_3C9A238D6F44,61035.0,65308.0,65.536,context_0000,Answer: ,32,62995,synthetic_kv_64k,3999.98976,4280.025088,3.99998976,['V_7E78CA55E38B']
GB,4.280025088, V_92808DD4595B,61035.0,4.0,0.06542843143259636,Query key: K_5C6306BA8CD3,61035.0,65308.0,65.536,context_0000,Answer: ,32,62995,synthetic_kv_64k,3999.98976,4280.025088,3.99998976,['V_92808DD4595B']
GB,4.280025088, V_FBA6CDBCC653,61035.0,4.0,0.06542843143259636,Query key: K_77A75E70F65F,61035.0,65308.0,65.536,context_0000,Answer: ,32,62995,synthetic_kv_64k,3999.98976,4280.025088,3.99998976,['V_FBA6CDBCC653']
GB,4.280025088, V_E25D9CA8A5C4,61035.0,4.0,0.06542843143259636,Query key: K_21388D38BBD8,61035.0,65308.0,65.536,context_0000,Answer: ,32,62995,synthetic_kv_64k,3999.98976,4280.025088,3.99998976,['V_E25D9CA8A5C4']
GB,4.280025088,65ED4F2DAD3F,61035.0,4.0,0.06542843143259636,Query key: K_10D4161237C9,61035.0,65308.0,65.536,context_0000,Answer: ,32,62995,synthetic_kv_64k,3999.98976,4280.025088,3.99998976,['V_65ED4F2DAD3F']
GB,4.280025088,7A89B807D78A,61035.0,4.0,0.06542843143259636,Query key: K_B788FFE575F6,61035.0,65308.0,65.536,context_0000,Answer: ,32,62995,synthetic_kv_64k,3999.98976,4280.025088,3.99998976,['V_7A89B807D78A']
GB,4.280025088,68D0C4E7F7DD,61035.0,4.0,0.06542843143259636,Query key: K_69298693FD9D,61035.0,65308.0,65.536,context_0000,Answer: ,32,62995,synthetic_kv_64k,3999.98976,4280.025088,3.99998976,['V_68D0C4E7F7DD']
GB,4.280025088,201512E153A6,61035.0,4.0,0.06542843143259636,Query key: K_932CD2C65EE4,61035.0,65308.0,65.536,context_0000,Answer: ,32,62995,synthetic_kv_64k,3999.98976,4280.025088,3.99998976,['V_201512E153A6']
GB,4.280025088,12FCA4704D48,61035.0,4.0,0.06542843143259636,Query key: K_5128F8EDE0CA,61035.0,65308.0,65.536,context_0000,Answer: ,32,62995,synthetic_kv_64k,3999.98976,4280.025088,3.99998976,['V_12FCA4704D48']
GB,4.280025088,8471AE1B9F69,61035.0,4.0,0.06542843143259636,Query key: K_774073318749,61035.0,65308.0,65.536,context_0000,Answer: ,32,62995,synthetic_kv_64k,3999.98976,4280.025088,3.99998976,['V_8471AE1B9F69']
GB,4.280025088, V_D43CE0C1FF1E,61035.0,4.0,0.06542843143259636,Query key: K_20DA58321EE4,61035.0,65308.0,65.536,context_0000,Answer: ,32,62995,synthetic_kv_64k,3999.98976,4280.025088,3.99998976,['V_D43CE0C1FF1E']
GB,4.280025088,9679A3C988E4,61035.0,4.0,0.06542843143259636,Query key: K_8D22C7BF4FBC,61035.0,65308.0,65.536,context_0000,Answer: ,32,62995,synthetic_kv_64k,3999.98976,4280.025088,3.99998976,['V_9679A3C988E4']
GB,4.280025088,2108F75D1E3C,61035.0,4.0,0.06542843143259636,Query key: K_C48D2E9522D6,61035.0,65308.0,65.536,context_0000,Answer: ,32,62995,synthetic_kv_64k,3999.98976,4280.025088,3.99998976,['V_2108F75D1E3C']
GB,4.280025088, V_DE43E9247069,61035.0,4.0,0.06542843143259636,Query key: K_80BB6EC01269,61035.0,65308.0,65.536,context_0000,Answer: ,32,62995,synthetic_kv_64k,3999.98976,4280.025088,3.99998976,['V_DE43E9247069']
GB,4.280025088,84A21FC905F8,61035.0,4.0,0.06542843143259636,Query key: K_D4D60E2F8958,61035.0,65308.0,65.536,context_0000,Answer: ,32,62995,synthetic_kv_64k,3999.98976,4280.025088,3.99998976,['V_84A21FC905F8']
GB,4.280025088,29762A26F770,61035.0,4.0,0.06542843143259636,Query key: K_4DDB272C0588,61035.0,65308.0,65.536,context_0000,Answer: ,32,62995,synthetic_kv_64k,3999.98976,4280.025088,3.99998976,['V_29762A26F770']
GB,4.280025088,39B8B596CA7C,61035.0,4.0,0.06542843143259636,Query key: K_EF4A5299E505,61035.0,65308.0,65.536,context_0000,Answer: ,32,62995,synthetic_kv_64k,3999.98976,4280.025088,3.99998976,['V_39B8B596CA7C']
GB,4.280025088,84D6F0DF1684,61035.0,4.0,0.06542843143259636,Query key: K_F28E5894F7F1,61035.0,65308.0,65.536,context_0000,Answer: ,32,62995,synthetic_kv_64k,3999.98976,4280.025088,3.99998976,['V_84D6F0DF1684']
GB,4.280025088,1430D88F1C94,61035.0,4.0,0.06542843143259636,Query key: K_48B7E519DD7E,61035.0,65308.0,65.536,context_0000,Answer: ,32,62995,synthetic_kv_64k,3999.98976,4280.025088,3.99998976,['V_1430D88F1C94']
GB,4.280025088, V_F4D3A29319FA,61035.0,4.0,0.06542843143259636,Query key: K_32404027AB7D,61035.0,65308.0,65.536,context_0000,Answer: ,32,62995,synthetic_kv_64k,3999.98976,4280.025088,3.99998976,['V_F4D3A29319FA']
GB,4.280025088, V_A001200B2903,61035.0,4.0,0.06542843143259636,Query key: K_46428D03F17A,61035.0,65308.0,65.536,context_0000,Answer: ,32,62995,synthetic_kv_64k,3999.98976,4280.025088,3.99998976,['V_A001200B2903']
GB,4.280025088,17EA8892042F,61035.0,4.0,0.06542843143259636,Query key: K_9D4B4D85E9C7,61035.0,65308.0,65.536,context_0000,Answer: ,32,62995,synthetic_kv_64k,3999.98976,4280.025088,3.99998976,['V_17EA8892042F']
GB,4.280025088,97802B2BB8E9,61035.0,4.0,0.06542843143259636,Query key: K_A41780A8A23D,61035.0,65308.0,65.536,context_0000,Answer: ,32,62995,synthetic_kv_64k,3999.98976,4280.025088,3.99998976,['V_97802B2BB8E9']
GB,4.280025088,2BD327794685,61035.0,4.0,0.06542843143259636,Query key: K_94A5F10D27C8,61035.0,65308.0,65.536,context_0000,Answer: ,32,62995,synthetic_kv_64k,3999.98976,4280.025088,3.99998976,['V_2BD327794685']
GB,4.280025088, V_E6E9B87B6384,61035.0,4.0,0.06542843143259636,Query key: K_9FDDA8A2B7AD,61035.0,65308.0,65.536,context_0000,Answer: ,32,62995,synthetic_kv_64k,3999.98976,4280.025088,3.99998976,['V_E6E9B87B6384']
GB,4.280025088, V_EC86D7B00BDC,61035.0,4.0,0.06542843143259636,Query key: K_566E9AEA622F,61035.0,65308.0,65.536,context_0000,Answer: ,32,62995,synthetic_kv_64k,3999.98976,4280.025088,3.99998976,['V_EC86D7B00BDC']
GB,4.280025088, V_DD20D342AF08,61035.0,4.0,0.06542843143259636,Query key: K_0A8B90494583,61035.0,65308.0,65.536,context_0000,Answer: ,32,62995,synthetic_kv_64k,3999.98976,4280.025088,3.99998976,['V_DD20D342AF08']
GB,4.280025088, V_F2D30BA36279,61035.0,4.0,0.06542843143259636,Query key: K_14CB07437C3B,61035.0,65308.0,65.536,context_0000,Answer: ,32,62995,synthetic_kv_64k,3999.98976,4280.025088,3.99998976,['V_F2D30BA36279']
GB,4.280025088,43C093A74792,61035.0,4.0,0.06542843143259636,Query key: K_C561A4364FCD,61035.0,65308.0,65.536,context_0000,Answer: ,32,62995,synthetic_kv_64k,3999.98976,4280.025088,3.99998976,['V_43C093A74792']
GB,4.280025088,9277C4576CC3,61035.0,4.0,0.06542843143259636,Query key: K_35F7A6B07458,61035.0,65308.0,65.536,context_0000,Answer: ,32,62995,synthetic_kv_64k,3999.98976,4280.025088,3.99998976,['V_9277C4576CC3']
GB,4.280025088,07C0A394ED54,61035.0,4.0,0.06542843143259636,Query key: K_9E3C6AA56E6D,61035.0,65308.0,65.536,context_0000,Answer: ,32,62995,synthetic_kv_64k,3999.98976,4280.025088,3.99998976,['V_07C0A394ED54']
GB,4.280025088,8BAAA08DD21B,61035.0,4.0,0.06542843143259636,Query key: K_E3957F7F6C0A,61035.0,65308.0,65.536,context_0000,Answer: ,32,62995,synthetic_kv_64k,3999.98976,4280.025088,3.99998976,['V_8BAAA08DD21B']
GB,4.280025088,4D56F4E7069A,61035.0,4.0,0.06542843143259636,Query key: K_A4544A27EBF2,61035.0,65308.0,65.536,context_0000,Answer: ,32,62995,synthetic_kv_64k,3999.98976,4280.025088,3.99998976,['V_4D56F4E7069A']
GB,4.280025088, V_CEAECE000AF0,61035.0,4.0,0.06542843143259636,Query key: K_3EB07BA24588,61035.0,65308.0,65.536,context_0000,Answer: ,32,62995,synthetic_kv_64k,3999.98976,4280.025088,3.99998976,['V_CEAECE000AF0']
GB,4.280025088,741B4C24A053,61035.0,4.0,0.06542843143259636,Query key: K_67F5AF5B8F47,61035.0,65308.0,65.536,context_0000,Answer: ,32,62995,synthetic_kv_64k,3999.98976,4280.025088,3.99998976,['V_741B4C24A053']
GB,4.280025088,28770F5675F8,61035.0,4.0,0.06542843143259636,Query key: K_B04812AE5C22,61035.0,65308.0,65.536,context_0000,Answer: ,32,62995,synthetic_kv_64k,3999.98976,4280.025088,3.99998976,['V_28770F5675F8']
GB,4.280025088,76E57BF7E1D3,61035.0,4.0,0.06542843143259636,Query key: K_6A667089FC6D,61035.0,65308.0,65.536,context_0000,Answer: ,32,62995,synthetic_kv_64k,3999.98976,4280.025088,3.99998976,['V_76E57BF7E1D3']
GB,4.280025088,24C79B4E164B,61035.0,4.0,0.06542843143259636,Query key: K_5716343ADA2A,61035.0,65308.0,65.536,context_0000,Answer: ,32,62995,synthetic_kv_64k,3999.98976,4280.025088,3.99998976,['V_24C79B4E164B']
GB,4.280025088,51BEB7E6A14C,61035.0,4.0,0.06542843143259636,Query key: K_DC8A5005680F,61035.0,65308.0,65.536,context_0000,Answer: ,32,62995,synthetic_kv_64k,3999.98976,4280.025088,3.99998976,['V_51BEB7E6A14C']
GB,4.280025088, V_586ADC5BE7D1,61035.0,4.0,0.06542843143259636,Query key: K_FCEFBBF483CE,61035.0,65308.0,65.536,context_0000,Answer: ,32,62995,synthetic_kv_64k,3999.98976,4280.025088,3.99998976,['V_586ADC5BE7D1']
GB,4.280025088, V_C2BA2179E3F0,61035.0,4.0,0.06542843143259636,Query key: K_6612F9B21E6E,61035.0,65308.0,65.536,context_0000,Answer: ,32,62995,synthetic_kv_64k,3999.98976,4280.025088,3.99998976,['V_C2BA2179E3F0']
GB,4.280025088,1B2E8FC85FC0,61035.0,4.0,0.06542843143259636,Query key: K_83D55EDBB8EE,61035.0,65308.0,65.536,context_0000,Answer: ,32,62995,synthetic_kv_64k,3999.98976,4280.025088,3.99998976,['V_1B2E8FC85FC0']
GB,4.280025088,1F5D776ABF09,61035.0,4.0,0.06542843143259636,Query key: K_3DE251B1943C,61035.0,65308.0,65.536,context_0000,Answer: ,32,62995,synthetic_kv_64k,3999.98976,4280.025088,3.99998976,['V_1F5D776ABF09']
GB,4.280025088,24103F779CAE,61035.0,4.0,0.06542843143259636,Query key: K_731844790612,61035.0,65308.0,65.536,context_0000,Answer: ,32,62995,synthetic_kv_64k,3999.98976,4280.025088,3.99998976,['V_24103F779CAE']
GB,4.280025088, V_F2044A4B5563,61035.0,4.0,0.06542843143259636,Query key: K_0CF418C8A616,61035.0,65308.0,65.536,context_0000,Answer: ,32,62995,synthetic_kv_64k,3999.98976,4280.025088,3.99998976,['V_F2044A4B5563']
GB,4.280025088,6B0A9D896047,61035.0,4.0,0.06542843143259636,Query key: K_DD396257A4A2,61035.0,65308.0,65.536,context_0000,Answer: ,32,62995,synthetic_kv_64k,3999.98976,4280.025088,3.99998976,['V_6B0A9D896047']
GB,4.280025088, V_E6FDDD84CACC,61035.0,4.0,0.06542843143259636,Query key: K_F6723F8EA40A,61035.0,65308.0,65.536,context_0000,Answer: ,32,62995,synthetic_kv_64k,3999.98976,4280.025088,3.99998976,['V_E6FDDD84CACC']
GB,4.280025088, V_EF0A53D2D56D,61035.0,4.0,0.06542843143259636,Query key: K_D04028E213BC,61035.0,65308.0,65.536,context_0000,Answer: ,32,62995,synthetic_kv_64k,3999.98976,4280.025088,3.99998976,['V_EF0A53D2D56D']
GB,4.280025088,3098500E15C0,61035.0,4.0,0.06542843143259636,Query key: K_B89B93E34C35,61035.0,65308.0,65.536,context_0000,Answer: ,32,62995,synthetic_kv_64k,3999.98976,4280.025088,3.99998976,['V_3098500E15C0']
GB,4.280025088, V_FEF77F8E5483,61035.0,4.0,0.06542843143259636,Query key: K_28CAC35BEC2C,61035.0,65308.0,65.536,context_0000,Answer: ,32,62995,synthetic_kv_64k,3999.98976,4280.025088,3.99998976,['V_FEF77F8E5483']
GB,4.280025088, V_E10B7FAEB748,61035.0,4.0,0.06542843143259636,Query key: K_778183C501CB,61035.0,65308.0,65.536,context_0000,Answer: ,32,62995,synthetic_kv_64k,3999.98976,4280.025088,3.99998976,['V_E10B7FAEB748']
GB,4.280025088,170D05EEE1D4,61035.0,4.0,0.06542843143259636,Query key: K_7F534EFC8248,61035.0,65308.0,65.536,context_0000,Answer: ,32,62995,synthetic_kv_64k,3999.98976,4280.025088,3.99998976,['V_170D05EEE1D4']
GB,4.280025088,750D8164CEEC,61035.0,4.0,0.06542843143259636,Query key: K_64ABF1FAC6E7,61035.0,65308.0,65.536,context_0000,Answer: ,32,62995,synthetic_kv_64k,3999.98976,4280.025088,3.99998976,['V_750D8164CEEC']
GB,4.280025088,95563713B466,61035.0,4.0,0.06542843143259636,Query key: K_3DA0F778C676,61035.0,65308.0,65.536,context_0000,Answer: ,32,62995,synthetic_kv_64k,3999.98976,4280.025088,3.99998976,['V_95563713B466']
GB,4.280025088,48060CF0374C,61035.0,4.0,0.06542843143259636,Query key: K_0C745A575539,61035.0,65308.0,65.536,context_0000,Answer: ,32,62995,synthetic_kv_64k,3999.98976,4280.025088,3.99998976,['V_48060CF0374C']
GB,4.280025088, V_D7C4E1E0FFFC,61035.0,4.0,0.06542843143259636,Query key: K_98F67EB162F1,61035.0,65308.0,65.536,context_0000,Answer: ,32,62995,synthetic_kv_64k,3999.98976,4280.025088,3.99998976,['V_D7C4E1E0FFFC']
GB,4.280025088,492678786140,61035.0,4.0,0.06542843143259636,Query key: K_AC2AA77D95F1,61035.0,65308.0,65.536,context_0000,Answer: ,32,62995,synthetic_kv_64k,3999.98976,4280.025088,3.99998976,['V_492678786140']
GB,4.280025088,1B84D8E049DE,61035.0,4.0,0.06542843143259636,Query key: K_0217896490AB,61035.0,65308.0,65.536,context_0000,Answer: ,32,62995,synthetic_kv_64k,3999.98976,4280.025088,3.99998976,['V_1B84D8E049DE']
GB,4.280025088,43B4E1E89E7E,61035.0,4.0,0.06542843143259636,Query key: K_22496E51484D,61035.0,65308.0,65.536,context_0000,Answer: ,32,62995,synthetic_kv_64k,3999.98976,4280.025088,3.99998976,['V_43B4E1E89E7E']
GB,4.280025088,673BC38C1DEC,61035.0,4.0,0.06542843143259636,Query key: K_5DA3BA3DF7FF,61035.0,65308.0,65.536,context_0000,Answer: ,32,62995,synthetic_kv_64k,3999.98976,4280.025088,3.99998976,['V_673BC38C1DEC']
GB,4.280025088, V_0D18668C8477,61035.0,4.0,0.06542843143259636,Query key: K_0B955DAE1201,61035.0,65308.0,65.536,context_0000,Answer: ,32,62995,synthetic_kv_64k,3999.98976,4280.025088,3.99998976,['V_0D18668C8477']
GB,4.280025088,5CCE31D4EE09,61035.0,4.0,0.06542843143259636,Query key: K_8FD391FDFA4F,61035.0,65308.0,65.536,context_0000,Answer: ,32,62995,synthetic_kv_64k,3999.98976,4280.025088,3.99998976,['V_5CCE31D4EE09']
GB,4.280025088,62E712D2FA06,61035.0,4.0,0.06542843143259636,Query key: K_49E18DA00495,61035.0,65308.0,65.536,context_0000,Answer: ,32,62995,synthetic_kv_64k,3999.98976,4280.025088,3.99998976,['V_62E712D2FA06']
GB,4.280025088,8CC3C3AFFCFE,61035.0,4.0,0.06542843143259636,Query key: K_734A8116E3FC,61035.0,65308.0,65.536,context_0000,Answer: ,32,62995,synthetic_kv_64k,3999.98976,4280.025088,3.99998976,['V_8CC3C3AFFCFE']
GB,4.280025088,9F8CFD350C5F,61035.0,4.0,0.06542843143259636,Query key: K_D347479BC637,61035.0,65308.0,65.536,context_0000,Answer: ,32,62995,synthetic_kv_64k,3999.98976,4280.025088,3.99998976,['V_9F8CFD350C5F']
GB,4.280025088,20F01E6A6628,61035.0,4.0,0.06542843143259636,Query key: K_9C6DAE2E9AF9,61035.0,65308.0,65.536,context_0000,Answer: ,32,62995,synthetic_kv_64k,3999.98976,4280.025088,3.99998976,['V_20F01E6A6628']
GB,4.280025088, V_5F8964D6DFBF,61035.0,4.0,0.06542843143259636,Query key: K_18C0F99F0704,61035.0,65308.0,65.536,context_0000,Answer: ,32,62995,synthetic_kv_64k,3999.98976,4280.025088,3.99998976,['V_5F8964D6DFBF']
GB,4.280025088,8ECE56CE4B42,61035.0,4.0,0.06542843143259636,Query key: K_FC9ECB7E6268,61035.0,65308.0,65.536,context_0000,Answer: ,32,62995,synthetic_kv_64k,3999.98976,4280.025088,3.99998976,['V_8ECE56CE4B42']
GB,4.280025088, V_24EEC14565C7,61035.0,4.0,0.06542843143259636,Query key: K_5D98F05EEEFE,61035.0,65308.0,65.536,context_0000,Answer: ,32,62995,synthetic_kv_64k,3999.98976,4280.025088,3.99998976,['V_24EEC14565C7']
GB,4.280025088,66C18255DA61,61035.0,4.0,0.06542843143259636,Query key: K_9A3B32F57510,61035.0,65308.0,65.536,context_0000,Answer: ,32,62995,synthetic_kv_64k,3999.98976,4280.025088,3.99998976,['V_66C18255DA61']
GB,4.280025088,09F60B990034,61035.0,4.0,0.06542843143259636,Query key: K_0A4E80051B10,61035.0,65308.0,65.536,context_0000,Answer: ,32,62995,synthetic_kv_64k,3999.98976,4280.025088,3.99998976,['V_09F60B990034']
GB,4.280025088, V_CDD0554227DE,61035.0,4.0,0.06542843143259636,Query key: K_B6AD2314D0C8,61035.0,65308.0,65.536,context_0000,Answer: ,32,62995,synthetic_kv_64k,3999.98976,4280.025088,3.99998976,['V_CDD0554227DE']
GB,4.280025088,262074FD33D1,61035.0,4.0,0.06542843143259636,Query key: K_84F279474BFA,61035.0,65308.0,65.536,context_0000,Answer: ,32,62995,synthetic_kv_64k,3999.98976,4280.025088,3.99998976,['V_262074FD33D1']
GB,4.280025088,23C883F82F16,61035.0,4.0,0.06542843143259636,Query key: K_E4A49B33E3A4,61035.0,65308.0,65.536,context_0000,Answer: ,32,62995,synthetic_kv_64k,3999.98976,4280.025088,3.99998976,['V_23C883F82F16']
GB,4.280025088, V_518B9CF20859,61035.0,4.0,0.06542843143259636,Query key: K_EE6E53F591DC,61035.0,65308.0,65.536,context_0000,Answer: ,32,62995,synthetic_kv_64k,3999.98976,4280.025088,3.99998976,['V_518B9CF20859']
GB,4.280025088,9DD2FD98FE33,61035.0,4.0,0.06542843143259636,Query key: K_64982999BBEF,61035.0,65308.0,65.536,context_0000,Answer: ,32,62995,synthetic_kv_64k,3999.98976,4280.025088,3.99998976,['V_9DD2FD98FE33']
GB,4.280025088,97FE4C9A9F24,61035.0,4.0,0.06542843143259636,Query key: K_D7B4BD44089D,61035.0,65308.0,65.536,context_0000,Answer: ,32,62995,synthetic_kv_64k,3999.98976,4280.025088,3.99998976,['V_97FE4C9A9F24']
GB,4.280025088,827CD40AC5E9,61035.0,4.0,0.06542843143259636,Query key: K_81DF561C9210,61035.0,65308.0,65.536,context_0000,Answer: ,32,62995,synthetic_kv_64k,3999.98976,4280.025088,3.99998976,['V_827CD40AC5E9']
GB,4.280025088,901BB56FF8CE,61035.0,4.0,0.06542843143259636,Query key: K_7D6688476C56,61035.0,65308.0,65.536,context_0000,Answer: ,32,62995,synthetic_kv_64k,3999.98976,4280.025088,3.99998976,['V_901BB56FF8CE']
GB,4.280025088,0442D0D4EA67,61035.0,4.0,0.06542843143259636,Query key: K_79924CBF131D,61035.0,65308.0,65.536,context_0000,Answer: ,32,62995,synthetic_kv_64k,3999.98976,4280.025088,3.99998976,['V_0442D0D4EA67']
GB,4.280025088,1C0FAC7E937C,61035.0,4.0,0.06542843143259636,Query key: K_54CC5E4CB287,61035.0,65308.0,65.536,context_0000,Answer: ,32,62995,synthetic_kv_64k,3999.98976,4280.025088,3.99998976,['V_1C0FAC7E937C']
GB,4.280025088,4EC3956D80E4,61035.0,4.0,0.06542843143259636,Query key: K_6AA2FADA98F5,61035.0,65308.0,65.536,context_0000,Answer: ,32,62995,synthetic_kv_64k,3999.98976,4280.025088,3.99998976,['V_4EC3956D80E4']
GB,4.280025088, V_DF41B9AED8E4,61035.0,4.0,0.06542843143259636,Query key: K_E615CBF81F86,61035.0,65308.0,65.536,context_0000,Answer: ,32,62995,synthetic_kv_64k,3999.98976,4280.025088,3.99998976,['V_DF41B9AED8E4']
GB,4.280025088,98CF06D25913,61035.0,4.0,0.06542843143259636,Query key: K_A117B023A0EA,61035.0,65308.0,65.536,context_0000,Answer: ,32,62995,synthetic_kv_64k,3999.98976,4280.025088,3.99998976,['V_98CF06D25913']
GB,4.280025088, V_A7D4F791F1E5,61035.0,4.0,0.06542843143259636,Query key: K_43F9797EBE87,61035.0,65308.0,65.536,context_0000,Answer: ,32,62995,synthetic_kv_64k,3999.98976,4280.025088,3.99998976,['V_A7D4F791F1E5']
GB,4.280025088,9416C6B28DEF,61035.0,4.0,0.06542843143259636,Query key: K_F8D8C86C6544,61035.0,65308.0,65.536,context_0000,Answer: ,32,62995,synthetic_kv_64k,3999.98976,4280.025088,3.99998976,['V_9416C6B28DEF']
GB,4.280025088,0D25B8ADAD87,61035.0,4.0,0.06542843143259636,Query key: K_3A4093DFD907,61035.0,65308.0,65.536,context_0000,Answer: ,32,62995,synthetic_kv_64k,3999.98976,4280.025088,3.99998976,['V_0D25B8ADAD87']
GB,4.280025088,86342BA6ADB3,61035.0,4.0,0.06542843143259636,Query key: K_7AFE9561C813,61035.0,65308.0,65.536,context_0000,Answer: ,32,62995,synthetic_kv_64k,3999.98976,4280.025088,3.99998976,['V_86342BA6ADB3']
GB,4.280025088, V_C64C9EA7017C,61035.0,4.0,0.06542843143259636,Query key: K_B89FA107CC46,61035.0,65308.0,65.536,context_0000,Answer: ,32,62995,synthetic_kv_64k,3999.98976,4280.025088,3.99998976,['V_C64C9EA7017C']
GB,4.280025088, V_D25825D4A0FC,61035.0,4.0,0.06542843143259636,Query key: K_6154D756BA9C,61035.0,65308.0,65.536,context_0000,Answer: ,32,62995,synthetic_kv_64k,3999.98976,4280.025088,3.99998976,['V_D25825D4A0FC']
GB,4.280025088,929308150147,61035.0,4.0,0.06542843143259636,Query key: K_3E00AE441E21,61035.0,65308.0,65.536,context_0000,Answer: ,32,62995,synthetic_kv_64k,3999.98976,4280.025088,3.99998976,['V_929308150147']
GB,4.280025088,30D71C221CEA,61035.0,4.0,0.06542843143259636,Query key: K_B355F2BD92F2,61035.0,65308.0,65.536,context_0000,Answer: ,32,62995,synthetic_kv_64k,3999.98976,4280.025088,3.99998976,['V_30D71C221CEA']
GB,4.280025088,6B35504E2687,61035.0,4.0,0.06542843143259636,Query key: K_70E704D9145E,61035.0,65308.0,65.536,context_0000,Answer: ,32,62995,synthetic_kv_64k,3999.98976,4280.025088,3.99998976,['V_6B35504E2687']
GB,4.280025088,3432B0C4A01C,61035.0,4.0,0.06542843143259636,Query key: K_69B726C432F6,61035.0,65308.0,65.536,context_0000,Answer: ,32,62995,synthetic_kv_64k,3999.98976,4280.025088,3.99998976,['V_3432B0C4A01C']
GB,4.280025088,9C89C66495A7,61035.0,4.0,0.06542843143259636,Query key: K_8077690E7E62,61035.0,65308.0,65.536,context_0000,Answer: ,32,62995,synthetic_kv_64k,3999.98976,4280.025088,3.99998976,['V_9C89C66495A7']
GB,4.280025088, V_D92FDF70FB2A,61035.0,4.0,0.06542843143259636,Query key: K_78BBEBA742D2,61035.0,65308.0,65.536,context_0000,Answer: ,32,62995,synthetic_kv_64k,3999.98976,4280.025088,3.99998976,['V_D92FDF70FB2A']
GB,4.280025088, V_B4AD0FF1AA9F,61035.0,4.0,0.06542843143259636,Query key: K_BA37BC5FD4DD,61035.0,65308.0,65.536,context_0000,Answer: ,32,62995,synthetic_kv_64k,3999.98976,4280.025088,3.99998976,['V_B4AD0FF1AA9F']
GB,4.280025088,8F9635145890,61035.0,4.0,0.06542843143259636,Query key: K_84C823595FA4,61035.0,65308.0,65.536,context_0000,Answer: ,32,62995,synthetic_kv_64k,3999.98976,4280.025088,3.99998976,['V_8F9635145890']
GB,4.280025088,7A76A987B218,61035.0,4.0,0.06542843143259636,Query key: K_FF845336723B,61035.0,65308.0,65.536,context_0000,Answer: ,32,62995,synthetic_kv_64k,3999.98976,4280.025088,3.99998976,['V_7A76A987B218']
GB,4.280025088, V_F4E950521700,61035.0,4.0,0.06542843143259636,Query key: K_60778685ABAA,61035.0,65308.0,65.536,context_0000,Answer: ,32,62995,synthetic_kv_64k,3999.98976,4280.025088,3.99998976,['V_F4E950521700']
GB,4.280025088,887BE980F808,61035.0,4.0,0.06542843143259636,Query key: K_75AC2C55AEF7,61035.0,65308.0,65.536,context_0000,Answer: ,32,62995,synthetic_kv_64k,3999.98976,4280.025088,3.99998976,['V_887BE980F808']
GB,4.280025088, V_AD055AB28D4A,61035.0,4.0,0.06542843143259636,Query key: K_8BD857A2BE4E,61035.0,65308.0,65.536,context_0000,Answer: ,32,62995,synthetic_kv_64k,3999.98976,4280.025088,3.99998976,['V_AD055AB28D4A']
GB,4.280025088, V_AE45B88E830F,61035.0,4.0,0.06542843143259636,Query key: K_DE1EC5A11F5C,61035.0,65308.0,65.536,context_0000,Answer: ,32,62995,synthetic_kv_64k,3999.98976,4280.025088,3.99998976,['V_AE45B88E830F']
GB,4.280025088,43ADB17CFB21,61035.0,4.0,0.06542843143259636,Query key: K_CDBCA4AFE7BD,61035.0,65308.0,65.536,context_0000,Answer: ,32,62995,synthetic_kv_64k,3999.98976,4280.025088,3.99998976,['V_43ADB17CFB21']
GB,4.280025088, V_F51431383975,61035.0,4.0,0.06542843143259636,Query key: K_7BF39C2DFA97,61035.0,65308.0,65.536,context_0000,Answer: ,32,62995,synthetic_kv_64k,3999.98976,4280.025088,3.99998976,['V_F51431383975']
GB,4.280025088,4C6A8EDEC44D,61035.0,4.0,0.06542843143259636,Query key: K_476C3F1BE0D0,61035.0,65308.0,65.536,context_0000,Answer: ,32,62995,synthetic_kv_64k,3999.98976,4280.025088,3.99998976,['V_4C6A8EDEC44D']
GB,4.280025088, V_FB75F910ABB3,61035.0,4.0,0.06542843143259636,Query key: K_F1053990E2C9,61035.0,65308.0,65.536,context_0000,Answer: ,32,62995,synthetic_kv_64k,3999.98976,4280.025088,3.99998976,['V_FB75F910ABB3']
GB,4.280025088, V_B47449FC2CD8,61035.0,4.0,0.06542843143259636,Query key: K_C56B4C3077C4,61035.0,65308.0,65.536,context_0000,Answer: ,32,62995,synthetic_kv_64k,3999.98976,4280.025088,3.99998976,['V_B47449FC2CD8']
GB,4.280025088,7D2FB47A1C5B,61035.0,4.0,0.06542843143259636,Query key: K_B0B335102852,61035.0,65308.0,65.536,context_0000,Answer: ,32,62995,synthetic_kv_64k,3999.98976,4280.025088,3.99998976,['V_7D2FB47A1C5B']
GB,4.280025088,8F7C594B2A3A,61035.0,4.0,0.06542843143259636,Query key: K_7AD45129950D,61035.0,65308.0,65.536,context_0000,Answer: ,32,62995,synthetic_kv_64k,3999.98976,4280.025088,3.99998976,['V_8F7C594B2A3A']
GB,4.280025088, V_B8BECB9FAF6D,61035.0,4.0,0.06542843143259636,Query key: K_EF3AEF06FCCB,61035.0,65308.0,65.536,context_0000,Answer: ,32,62995,synthetic_kv_64k,3999.98976,4280.025088,3.99998976,['V_B8BECB9FAF6D']
GB,4.280025088,92CF1F33242D,61035.0,4.0,0.06542843143259636,Query key: K_49AC46015028,61035.0,65308.0,65.536,context_0000,Answer: ,32,62995,synthetic_kv_64k,3999.98976,4280.025088,3.99998976,['V_92CF1F33242D']
GB,4.280025088, V_E5506133A34D,61035.0,4.0,0.06542843143259636,Query key: K_8B0EAD371D9E,61035.0,65308.0,65.536,context_0000,Answer: ,32,62995,synthetic_kv_64k,3999.98976,4280.025088,3.99998976,['V_E5506133A34D']
GB,4.280025088,585AD1812F77,61035.0,4.0,0.06542843143259636,Query key: K_6500FAEBCD19,61035.0,65308.0,65.536,context_0000,Answer: ,32,62995,synthetic_kv_64k,3999.98976,4280.025088,3.99998976,['V_585AD1812F77']
GB,4.280025088,257FCDFB4DB9,61035.0,4.0,0.06542843143259636,Query key: K_C5E7F4613F09,61035.0,65308.0,65.536,context_0000,Answer: ,32,62995,synthetic_kv_64k,3999.98976,4280.025088,3.99998976,['V_257FCDFB4DB9']
GB,4.280025088, V_F48F49A22441,61035.0,4.0,0.06542843143259636,Query key: K_0AC44A5B1AFF,61035.0,65308.0,65.536,context_0000,Answer: ,32,62995,synthetic_kv_64k,3999.98976,4280.025088,3.99998976,['V_F48F49A22441']
GB,4.280025088, V_EC8B58AB4778,61035.0,4.0,0.06542843143259636,Query key: K_143BB6D1F6BB,61035.0,65308.0,65.536,context_0000,Answer: ,32,62995,synthetic_kv_64k,3999.98976,4280.025088,3.99998976,['V_EC8B58AB4778']
GB,4.280025088, V_BF5141A64FED,61035.0,4.0,0.06542843143259636,Query key: K_A7ED713F8F8C,61035.0,65308.0,65.536,context_0000,Answer: ,32,62995,synthetic_kv_64k,3999.98976,4280.025088,3.99998976,['V_BF5141A64FED']
GB,4.280025088, V_D3F433BABA88,61035.0,4.0,0.06542843143259636,Query key: K_36C77AA4F052,61035.0,65308.0,65.536,context_0000,Answer: ,32,62995,synthetic_kv_64k,3999.98976,4280.025088,3.99998976,['V_D3F433BABA88']
GB,4.280025088, V_8FE0EEDAA802,61035.0,4.0,0.06542843143259636,Query key: K_456889E03E22,61035.0,65308.0,65.536,context_0000,Answer: ,32,62995,synthetic_kv_64k,3999.98976,4280.025088,3.99998976,['V_8FE0EEDAA802']
GB,4.280025088, V_1BF623245211,61035.0,4.0,0.06542843143259636,Query key: K_4588B2384849,61035.0,65308.0,65.536,context_0000,Answer: ,32,62995,synthetic_kv_64k,3999.98976,4280.025088,3.99998976,['V_1BF623245211']
GB,4.280025088,3D41963A8617,61035.0,4.0,0.06542843143259636,Query key: K_BDAB9D9D028E,61035.0,65308.0,65.536,context_0000,Answer: ,32,62995,synthetic_kv_64k,3999.98976,4280.025088,3.99998976,['V_3D41963A8617']
GB,4.280025088, V_E7BAAB7A3D1C,61035.0,4.0,0.06542843143259636,Query key: K_0CFE3E11BAFE,61035.0,65308.0,65.536,context_0000,Answer: ,32,62995,synthetic_kv_64k,3999.98976,4280.025088,3.99998976,['V_E7BAAB7A3D1C']
GB,4.280025088,3B9BA35055E4,61035.0,4.0,0.06542843143259636,Query key: K_39C587F255D6,61035.0,65308.0,65.536,context_0000,Answer: ,32,62995,synthetic_kv_64k,3999.98976,4280.025088,3.99998976,['V_3B9BA35055E4']
GB,4.280025088,548E69CE1E4E,61035.0,4.0,0.06542843143259636,Query key: K_19A60D700EA4,61035.0,65308.0,65.536,context_0000,Answer: ,32,62995,synthetic_kv_64k,3999.98976,4280.025088,3.99998976,['V_548E69CE1E4E']
GB,4.280025088, V_AE6219BD4F93,61035.0,4.0,0.06542843143259636,Query key: K_78EFB7A4C719,61035.0,65308.0,65.536,context_0000,Answer: ,32,62995,synthetic_kv_64k,3999.98976,4280.025088,3.99998976,['V_AE6219BD4F93']
GB,4.280025088, V_F6EA01539221,61035.0,4.0,0.06542843143259636,Query key: K_2331C550ECA8,61035.0,65308.0,65.536,context_0000,Answer: ,32,62995,synthetic_kv_64k,3999.98976,4280.025088,3.99998976,['V_F6EA01539221']
GB,4.280025088,286EEDD97A1A,61035.0,4.0,0.06542843143259636,Query key: K_FA588CE3E7C3,61035.0,65308.0,65.536,context_0000,Answer: ,32,62995,synthetic_kv_64k,3999.98976,4280.025088,3.99998976,['V_286EEDD97A1A']
GB,4.280025088, V_E172EF5E4376,61035.0,4.0,0.06542843143259636,Query key: K_A723682B163A,61035.0,65308.0,65.536,context_0000,Answer: ,32,62995,synthetic_kv_64k,3999.98976,4280.025088,3.99998976,['V_E172EF5E4376']
GB,4.280025088, V_A6897A3A10E1,61035.0,4.0,0.06542843143259636,Query key: K_79C7E0DECC3D,61035.0,65308.0,65.536,context_0000,Answer: ,32,62995,synthetic_kv_64k,3999.98976,4280.025088,3.99998976,['V_A6897A3A10E1']
GB,4.280025088,4988F6C31218,61035.0,4.0,0.06542843143259636,Query key: K_C183330F8BE1,61035.0,65308.0,65.536,context_0000,Answer: ,32,62995,synthetic_kv_64k,3999.98976,4280.025088,3.99998976,['V_4988F6C31218']
GB,4.280025088,0F25A55990E7,61035.0,4.0,0.06542843143259636,Query key: K_491052380BF2,61035.0,65308.0,65.536,context_0000,Answer: ,32,62995,synthetic_kv_64k,3999.98976,4280.025088,3.99998976,['V_0F25A55990E7']
GB,4.280025088, V_A6FD16E6E5C0,61035.0,4.0,0.06542843143259636,Query key: K_C4CBE86E8E63,61035.0,65308.0,65.536,context_0000,Answer: ,32,62995,synthetic_kv_64k,3999.98976,4280.025088,3.99998976,['V_A6FD16E6E5C0']
GB,4.280025088, V_BD1A88FFBD40,61035.0,4.0,0.06542843143259636,Query key: K_3B7292FA675F,61035.0,65308.0,65.536,context_0000,Answer: ,32,62995,synthetic_kv_64k,3999.98976,4280.025088,3.99998976,['V_BD1A88FFBD40']
GB,4.280025088,098CEFC9909E,61035.0,4.0,0.06542843143259636,Query key: K_D9AFB91E3D6E,61035.0,65308.0,65.536,context_0000,Answer: ,32,62995,synthetic_kv_64k,3999.98976,4280.025088,3.99998976,['V_098CEFC9909E']
GB,4.280025088,6AFA2CD10B9F,61035.0,4.0,0.06542843143259636,Query key: K_EBE5E9C96C52,61035.0,65308.0,65.536,context_0000,Answer: ,32,62995,synthetic_kv_64k,3999.98976,4280.025088,3.99998976,['V_6AFA2CD10B9F']
GB,4.280025088, V_EF152D007D05,61035.0,4.0,0.06542843143259636,Query key: K_D66DE1DACE6A,61035.0,65308.0,65.536,context_0000,Answer: ,32,62995,synthetic_kv_64k,3999.98976,4280.025088,3.99998976,['V_EF152D007D05']
GB,4.280025088, V_D611FF46A6BF,61035.0,4.0,0.06542843143259636,Query key: K_094DEB6D2FED,61035.0,65308.0,65.536,context_0000,Answer: ,32,62995,synthetic_kv_64k,3999.98976,4280.025088,3.99998976,['V_D611FF46A6BF']
GB,4.280025088,2FB27ED17AAB,61035.0,4.0,0.06542843143259636,Query key: K_C9B765A16FA9,61035.0,65308.0,65.536,context_0000,Answer: ,32,62995,synthetic_kv_64k,3999.98976,4280.025088,3.99998976,['V_2FB27ED17AAB']
GB,4.280025088, V_DF4EF64E3DFC,61035.0,4.0,0.06542843143259636,Query key: K_BFBEEFC59738,61035.0,65308.0,65.536,context_0000,Answer: ,32,62995,synthetic_kv_64k,3999.98976,4280.025088,3.99998976,['V_DF4EF64E3DFC']
GB,4.280025088,0997E0723D96,61035.0,4.0,0.06542843143259636,Query key: K_4A1AED10F004,61035.0,65308.0,65.536,context_0000,Answer: ,32,62995,synthetic_kv_64k,3999.98976,4280.025088,3.99998976,['V_0997E0723D96']
GB,4.280025088,9A4F9165F2ED,61035.0,4.0,0.06542843143259636,Query key: K_4C63025F5543,61035.0,65308.0,65.536,context_0000,Answer: ,32,62995,synthetic_kv_64k,3999.98976,4280.025088,3.99998976,['V_9A4F9165F2ED']
GB,4.280025088,55C5FBA57CC8,61035.0,4.0,0.06542843143259636,Query key: K_EDAF1B780EDE,61035.0,65308.0,65.536,context_0000,Answer: ,32,62995,synthetic_kv_64k,3999.98976,4280.025088,3.99998976,['V_55C5FBA57CC8']
GB,4.280025088, V_A42DFD359F6A,61035.0,4.0,0.06542843143259636,Query key: K_745048D90846,61035.0,65308.0,65.536,context_0000,Answer: ,32,62995,synthetic_kv_64k,3999.98976,4280.025088,3.99998976,['V_A42DFD359F6A']
GB,4.280025088, V_E3A67E710B55,61035.0,4.0,0.06542843143259636,Query key: K_86398B15BD94,61035.0,65308.0,65.536,context_0000,Answer: ,32,62995,synthetic_kv_64k,3999.98976,4280.025088,3.99998976,['V_E3A67E710B55']
GB,4.280025088,8114D9DF0D0E,61035.0,4.0,0.06542843143259636,Query key: K_225AF0458043,61035.0,65308.0,65.536,context_0000,Answer: ,32,62995,synthetic_kv_64k,3999.98976,4280.025088,3.99998976,['V_8114D9DF0D0E']
GB,4.280025088, V_CF0E315C167A,61035.0,4.0,0.06542843143259636,Query key: K_45D877D0359E,61035.0,65308.0,65.536,context_0000,Answer: ,32,62995,synthetic_kv_64k,3999.98976,4280.025088,3.99998976,['V_CF0E315C167A']
GB,4.280025088, V_BB2A2999394C,61035.0,4.0,0.06542843143259636,Query key: K_54A71CD66B09,61035.0,65308.0,65.536,context_0000,Answer: ,32,62995,synthetic_kv_64k,3999.98976,4280.025088,3.99998976,['V_BB2A2999394C']
GB,4.280025088, V_B7F641DC1C60,61035.0,4.0,0.06542843143259636,Query key: K_A5F6757B6B29,61035.0,65308.0,65.536,context_0000,Answer: ,32,62995,synthetic_kv_64k,3999.98976,4280.025088,3.99998976,['V_B7F641DC1C60']
GB,4.280025088,564CBC92FD81,61035.0,4.0,0.06542843143259636,Query key: K_039B2FAABE0B,61035.0,65308.0,65.536,context_0000,Answer: ,32,62995,synthetic_kv_64k,3999.98976,4280.025088,3.99998976,['V_564CBC92FD81']
GB,4.280025088, V_ACA5915A1C30,61035.0,4.0,0.06542843143259636,Query key: K_4B86CA6FBFF8,61035.0,65308.0,65.536,context_0000,Answer: ,32,62995,synthetic_kv_64k,3999.98976,4280.025088,3.99998976,['V_ACA5915A1C30']
GB,4.280025088,9C672CED3C0D,61035.0,4.0,0.06542843143259636,Query key: K_3173C1DD484A,61035.0,65308.0,65.536,context_0000,Answer: ,32,62995,synthetic_kv_64k,3999.98976,4280.025088,3.99998976,['V_9C672CED3C0D']
GB,4.280025088,67CEE5A4983B,61035.0,4.0,0.06542843143259636,Query key: K_A383DB2C6AC8,61035.0,65308.0,65.536,context_0000,Answer: ,32,62995,synthetic_kv_64k,3999.98976,4280.025088,3.99998976,['V_67CEE5A4983B']
GB,4.280025088,53F383E96EF4,61035.0,4.0,0.06542843143259636,Query key: K_6D7DD3B59AF7,61035.0,65308.0,65.536,context_0000,Answer: ,32,62995,synthetic_kv_64k,3999.98976,4280.025088,3.99998976,['V_53F383E96EF4']
GB,4.280025088,186BAB545A15,61035.0,4.0,0.06542843143259636,Query key: K_669D1634725B,61035.0,65308.0,65.536,context_0000,Answer: ,32,62995,synthetic_kv_64k,3999.98976,4280.025088,3.99998976,['V_186BAB545A15']
GB,4.280025088,7A3A23FF23D3,61035.0,4.0,0.06542843143259636,Query key: K_FB4F2F4DD219,61035.0,65308.0,65.536,context_0000,Answer: ,32,62995,synthetic_kv_64k,3999.98976,4280.025088,3.99998976,['V_7A3A23FF23D3']
GB,4.280025088,01BF3F800385,61035.0,4.0,0.06542843143259636,Query key: K_EF9252D78F10,61035.0,65308.0,65.536,context_0000,Answer: ,32,62995,synthetic_kv_64k,3999.98976,4280.025088,3.99998976,['V_01BF3F800385']
GB,4.280025088,725D3C4B1EEC,61035.0,4.0,0.06542843143259636,Query key: K_623142C2D2EB,61035.0,65308.0,65.536,context_0000,Answer: ,32,62995,synthetic_kv_64k,3999.98976,4280.025088,3.99998976,['V_725D3C4B1EEC']
GB,4.280025088,5462F43BA052,61035.0,4.0,0.06542843143259636,Query key: K_4459C0F63229,61035.0,65308.0,65.536,context_0000,Answer: ,32,62995,synthetic_kv_64k,3999.98976,4280.025088,3.99998976,['V_5462F43BA052']
GB,4.280025088,92A8B90ED44B,61035.0,4.0,0.06542843143259636,Query key: K_951C4D4C5280,61035.0,65308.0,65.536,context_0000,Answer: ,32,62995,synthetic_kv_64k,3999.98976,4280.025088,3.99998976,['V_92A8B90ED44B']
GB,4.280025088, V_5C0BA757CB10,61035.0,4.0,0.06542843143259636,Query key: K_42F502ED73CE,61035.0,65308.0,65.536,context_0000,Answer: ,32,62995,synthetic_kv_64k,3999.98976,4280.025088,3.99998976,['V_5C0BA757CB10']
GB,4.280025088, V_AAF40FE76149,61035.0,4.0,0.06542843143259636,Query key: K_3C7EB1594847,61035.0,65308.0,65.536,context_0000,Answer: ,32,62995,synthetic_kv_64k,3999.98976,4280.025088,3.99998976,['V_AAF40FE76149']
GB,4.280025088,28E34E8ADC4B,61035.0,4.0,0.06542843143259636,Query key: K_77241E43FBD2,61035.0,65308.0,65.536,context_0000,Answer: ,32,62995,synthetic_kv_64k,3999.98976,4280.025088,3.99998976,['V_28E34E8ADC4B']
GB,4.280025088, V_EC5080A52E65,61035.0,4.0,0.06542843143259636,Query key: K_AFA267C96204,61035.0,65308.0,65.536,context_0000,Answer: ,32,62995,synthetic_kv_64k,3999.98976,4280.025088,3.99998976,['V_EC5080A52E65']
GB,4.280025088, V_C514B41C504F,61035.0,4.0,0.06542843143259636,Query key: K_E346E5267A2B,61035.0,65308.0,65.536,context_0000,Answer: ,32,62995,synthetic_kv_64k,3999.98976,4280.025088,3.99998976,['V_C514B41C504F']
GB,4.280025088, V_A3821E0EF546,61035.0,4.0,0.06542843143259636,Query key: K_B0B64F9C4027,61035.0,65308.0,65.536,context_0000,Answer: ,32,62995,synthetic_kv_64k,3999.98976,4280.025088,3.99998976,['V_A3821E0EF546']
GB,4.280025088,5E174B87959F,61035.0,4.0,0.06542843143259636,Query key: K_F0CDEA87855E,61035.0,65308.0,65.536,context_0000,Answer: ,32,62995,synthetic_kv_64k,3999.98976,4280.025088,3.99998976,['V_5E174B87959F']
GB,4.280025088, V_F5153818CFD3,61035.0,4.0,0.06542843143259636,Query key: K_38899D5817E8,61035.0,65308.0,65.536,context_0000,Answer: ,32,62995,synthetic_kv_64k,3999.98976,4280.025088,3.99998976,['V_F5153818CFD3']
GB,4.280025088,747927372B52,61035.0,4.0,0.06542843143259636,Query key: K_7A6A22319050,61035.0,65308.0,65.536,context_0000,Answer: ,32,62995,synthetic_kv_64k,3999.98976,4280.025088,3.99998976,['V_747927372B52']
GB,4.280025088,5FA59B11B530,61035.0,4.0,0.06542843143259636,Query key: K_FD24BF6B8CDF,61035.0,65308.0,65.536,context_0000,Answer: ,32,62995,synthetic_kv_64k,3999.98976,4280.025088,3.99998976,['V_5FA59B11B530']
GB,4.280025088, V_E9AD8C9AA1E9,61035.0,4.0,0.06542843143259636,Query key: K_B3B26A74DBB7,61035.0,65308.0,65.536,context_0000,Answer: ,32,62995,synthetic_kv_64k,3999.98976,4280.025088,3.99998976,['V_E9AD8C9AA1E9']
GB,4.280025088, V_CD4F899AC252,61035.0,4.0,0.06542843143259636,Query key: K_C1E178883058,61035.0,65308.0,65.536,context_0000,Answer: ,32,62995,synthetic_kv_64k,3999.98976,4280.025088,3.99998976,['V_CD4F899AC252']
GB,4.280025088, V_C30937E9D2E2,61035.0,4.0,0.06542843143259636,Query key: K_D35AAA0217D0,61035.0,65308.0,65.536,context_0000,Answer: ,32,62995,synthetic_kv_64k,3999.98976,4280.025088,3.99998976,['V_C30937E9D2E2']
GB,4.280025088,9887C1369C65,61035.0,4.0,0.06542843143259636,Query key: K_AE2A3F59E4F2,61035.0,65308.0,65.536,context_0000,Answer: ,32,62995,synthetic_kv_64k,3999.98976,4280.025088,3.99998976,['V_9887C1369C65']
GB,4.280025088,868714F573D0,61035.0,4.0,0.06542843143259636,Query key: K_C991DF85C777,61035.0,65308.0,65.536,context_0000,Answer: ,32,62995,synthetic_kv_64k,3999.98976,4280.025088,3.99998976,['V_868714F573D0']
GB,4.280025088,5C9DB42A0456,61035.0,4.0,0.06542843143259636,Query key: K_8736725E134D,61035.0,65308.0,65.536,context_0000,Answer: ,32,62995,synthetic_kv_64k,3999.98976,4280.025088,3.99998976,['V_5C9DB42A0456']
GB,4.280025088,1CB9906D5C8C,61035.0,4.0,0.06542843143259636,Query key: K_EAD013FE8A29,61035.0,65308.0,65.536,context_0000,Answer: ,32,62995,synthetic_kv_64k,3999.98976,4280.025088,3.99998976,['V_1CB9906D5C8C']
GB,4.280025088, V_E7238C32BDB2,61035.0,4.0,0.06542843143259636,Query key: K_D42A0FCF601F,61035.0,65308.0,65.536,context_0000,Answer: ,32,62995,synthetic_kv_64k,3999.98976,4280.025088,3.99998976,['V_E7238C32BDB2']
GB,4.280025088,8962929C93B3,61035.0,4.0,0.06542843143259636,Query key: K_33C08167999F,61035.0,65308.0,65.536,context_0000,Answer: ,32,62995,synthetic_kv_64k,3999.98976,4280.025088,3.99998976,['V_8962929C93B3']
GB,4.280025088, V_DABF53FF8461,61035.0,4.0,0.06542843143259636,Query key: K_2A1F265CB9D9,61035.0,65308.0,65.536,context_0000,Answer: ,32,62995,synthetic_kv_64k,3999.98976,4280.025088,3.99998976,['V_DABF53FF8461']
GB,4.280025088, V_AE271DC1E7EB,61035.0,4.0,0.06542843143259636,Query key: K_711C85351A69,61035.0,65308.0,65.536,context_0000,Answer: ,32,62995,synthetic_kv_64k,3999.98976,4280.025088,3.99998976,['V_AE271DC1E7EB']
GB,4.280025088,7D2395492A82,61035.0,4.0,0.06542843143259636,Query key: K_B7873495311E,61035.0,65308.0,65.536,context_0000,Answer: ,32,62995,synthetic_kv_64k,3999.98976,4280.025088,3.99998976,['V_7D2395492A82']
GB,4.280025088,720B82A7F586,61035.0,4.0,0.06542843143259636,Query key: K_E61D1747F387,61035.0,65308.0,65.536,context_0000,Answer: ,32,62995,synthetic_kv_64k,3999.98976,4280.025088,3.99998976,['V_720B82A7F586']
GB,4.280025088,21C7741423B5,61035.0,4.0,0.06542843143259636,Query key: K_0E3ECF0671C7,61035.0,65308.0,65.536,context_0000,Answer: ,32,62995,synthetic_kv_64k,3999.98976,4280.025088,3.99998976,['V_21C7741423B5']
GB,4.280025088,905C74F0BEAE,61035.0,4.0,0.06542843143259636,Query key: K_6A59836435E3,61035.0,65308.0,65.536,context_0000,Answer: ,32,62995,synthetic_kv_64k,3999.98976,4280.025088,3.99998976,['V_905C74F0BEAE']
GB,4.280025088, V_AC3A765E6CB5,61035.0,4.0,0.06542843143259636,Query key: K_8F0D0EC7D662,61035.0,65308.0,65.536,context_0000,Answer: ,32,62995,synthetic_kv_64k,3999.98976,4280.025088,3.99998976,['V_AC3A765E6CB5']
GB,4.280025088,0592B928E23F,61035.0,4.0,0.06542843143259636,Query key: K_4EE4CE920136,61035.0,65308.0,65.536,context_0000,Answer: ,32,62995,synthetic_kv_64k,3999.98976,4280.025088,3.99998976,['V_0592B928E23F']
GB,4.280025088,00C5D1031424,61035.0,4.0,0.06542843143259636,Query key: K_4124655CE508,61035.0,65308.0,65.536,context_0000,Answer: ,32,62995,synthetic_kv_64k,3999.98976,4280.025088,3.99998976,['V_00C5D1031424']
GB,4.280025088,12B2940C3503,61035.0,4.0,0.06542843143259636,Query key: K_37C8BEED0AF9,61035.0,65308.0,65.536,context_0000,Answer: ,32,62995,synthetic_kv_64k,3999.98976,4280.025088,3.99998976,['V_12B2940C3503']
GB,4.280025088, V_B34C58330B30,61035.0,4.0,0.06542843143259636,Query key: K_6C770B981CCD,61035.0,65308.0,65.536,context_0000,Answer: ,32,62995,synthetic_kv_64k,3999.98976,4280.025088,3.99998976,['V_B34C58330B30']
GB,4.280025088,0F6CFE7EE362,61035.0,4.0,0.06542843143259636,Query key: K_8A89105291D3,61035.0,65308.0,65.536,context_0000,Answer: ,32,62995,synthetic_kv_64k,3999.98976,4280.025088,3.99998976,['V_0F6CFE7EE362']
GB,4.280025088, V_FC7311AB3D11,61035.0,4.0,0.06542843143259636,Query key: K_E4EBEF40D162,61035.0,65308.0,65.536,context_0000,Answer: ,32,62995,synthetic_kv_64k,3999.98976,4280.025088,3.99998976,['V_FC7311AB3D11']
GB,4.280025088,497E081FC6DC,61035.0,4.0,0.06542843143259636,Query key: K_78D9EF0BEA4F,61035.0,65308.0,65.536,context_0000,Answer: ,32,62995,synthetic_kv_64k,3999.98976,4280.025088,3.99998976,['V_497E081FC6DC']
GB,4.280025088,22ABC4DB5A62,61035.0,4.0,0.06542843143259636,Query key: K_2E1368AB80EA,61035.0,65308.0,65.536,context_0000,Answer: ,32,62995,synthetic_kv_64k,3999.98976,4280.025088,3.99998976,['V_22ABC4DB5A62']
GB,4.280025088, V_BAB2FA740CC8,61035.0,4.0,0.06542843143259636,Query key: K_A43AC40D4874,61035.0,65308.0,65.536,context_0000,Answer: ,32,62995,synthetic_kv_64k,3999.98976,4280.025088,3.99998976,['V_BAB2FA740CC8']
GB,4.280025088, V_5FDC6B9CD71C,61035.0,4.0,0.06542843143259636,Query key: K_F6BAA55871E3,61035.0,65308.0,65.536,context_0000,Answer: ,32,62995,synthetic_kv_64k,3999.98976,4280.025088,3.99998976,['V_5FDC6B9CD71C']
GB,4.280025088,72D361EA2F30,61035.0,4.0,0.06542843143259636,Query key: K_E42EFE2BD987,61035.0,65308.0,65.536,context_0000,Answer: ,32,62995,synthetic_kv_64k,3999.98976,4280.025088,3.99998976,['V_72D361EA2F30']
GB,4.280025088,60A3E821E716,61035.0,4.0,0.06542843143259636,Query key: K_EAC8DE9F6F5B,61035.0,65308.0,65.536,context_0000,Answer: ,32,62995,synthetic_kv_64k,3999.98976,4280.025088,3.99998976,['V_60A3E821E716']
GB,4.280025088, V_F6D2AEC76A82,61035.0,4.0,0.06542843143259636,Query key: K_148B602A4E57,61035.0,65308.0,65.536,context_0000,Answer: ,32,62995,synthetic_kv_64k,3999.98976,4280.025088,3.99998976,['V_F6D2AEC76A82']
GB,4.280025088,220B8A0F9508,61035.0,4.0,0.06542843143259636,Query key: K_DFE2A96B3C42,61035.0,65308.0,65.536,context_0000,Answer: ,32,62995,synthetic_kv_64k,3999.98976,4280.025088,3.99998976,['V_220B8A0F9508']
GB,4.280025088,1E5E59077299,61035.0,4.0,0.06542843143259636,Query key: K_DC3BA74E02A9,61035.0,65308.0,65.536,context_0000,Answer: ,32,62995,synthetic_kv_64k,3999.98976,4280.025088,3.99998976,['V_1E5E59077299']
GB,4.280025088,649F8989C5AB,61035.0,4.0,0.06542843143259636,Query key: K_FE2B2DB0728D,61035.0,65308.0,65.536,context_0000,Answer: ,32,62995,synthetic_kv_64k,3999.98976,4280.025088,3.99998976,['V_649F8989C5AB']
GB,4.280025088, V_FA8DBA54E920,61035.0,4.0,0.06542843143259636,Query key: K_209987623997,61035.0,65308.0,65.536,context_0000,Answer: ,32,62995,synthetic_kv_64k,3999.98976,4280.025088,3.99998976,['V_FA8DBA54E920']
GB,4.280025088, V_C19400E3A026,61035.0,4.0,0.06542843143259636,Query key: K_D5B6390239D9,61035.0,65308.0,65.536,context_0000,Answer: ,32,62995,synthetic_kv_64k,3999.98976,4280.025088,3.99998976,['V_C19400E3A026']
GB,4.280025088,76874C61845E,61035.0,4.0,0.06542843143259636,Query key: K_FA7E05D1FB63,61035.0,65308.0,65.536,context_0000,Answer: ,32,62995,synthetic_kv_64k,3999.98976,4280.025088,3.99998976,['V_76874C61845E']
GB,4.280025088,6C938B60C511,61035.0,4.0,0.06542843143259636,Query key: K_B816AC6A7C85,61035.0,65308.0,65.536,context_0000,Answer: ,32,62995,synthetic_kv_64k,3999.98976,4280.025088,3.99998976,['V_6C938B60C511']
GB,4.280025088,3ACBD2C7BFFB,61035.0,4.0,0.06542843143259636,Query key: K_6118882CCD1E,61035.0,65308.0,65.536,context_0000,Answer: ,32,62995,synthetic_kv_64k,3999.98976,4280.025088,3.99998976,['V_3ACBD2C7BFFB']
GB,4.280025088,27B6589DECB0,61035.0,4.0,0.06542843143259636,Query key: K_75EB3F5CF2F3,61035.0,65308.0,65.536,context_0000,Answer: ,32,62995,synthetic_kv_64k,3999.98976,4280.025088,3.99998976,['V_27B6589DECB0']
GB,4.280025088, V_E00DEFFA2002,61035.0,4.0,0.06542843143259636,Query key: K_30404690FB15,61035.0,65308.0,65.536,context_0000,Answer: ,32,62995,synthetic_kv_64k,3999.98976,4280.025088,3.99998976,['V_E00DEFFA2002']
GB,4.280025088,083F1CE362F8,61035.0,4.0,0.06542843143259636,Query key: K_C3F7B99B2B5A,61035.0,65308.0,65.536,context_0000,Answer: ,32,62995,synthetic_kv_64k,3999.98976,4280.025088,3.99998976,['V_083F1CE362F8']
GB,4.280025088,9D6B6B535A19,61035.0,4.0,0.06542843143259636,Query key: K_A902CF39F648,61035.0,65308.0,65.536,context_0000,Answer: ,32,62995,synthetic_kv_64k,3999.98976,4280.025088,3.99998976,['V_9D6B6B535A19']
GB,4.280025088, V_E398E23DDFAA,61035.0,4.0,0.06542843143259636,Query key: K_EFADC41C147E,61035.0,65308.0,65.536,context_0000,Answer: ,32,62995,synthetic_kv_64k,3999.98976,4280.025088,3.99998976,['V_E398E23DDFAA']
GB,4.280025088,113934C1C3EA,61035.0,4.0,0.06542843143259636,Query key: K_3D9C04015CED,61035.0,65308.0,65.536,context_0000,Answer: ,32,62995,synthetic_kv_64k,3999.98976,4280.025088,3.99998976,['V_113934C1C3EA']
GB,4.280025088,724908987462,61035.0,4.0,0.06542843143259636,Query key: K_980C19D45DEB,61035.0,65308.0,65.536,context_0000,Answer: ,32,62995,synthetic_kv_64k,3999.98976,4280.025088,3.99998976,['V_724908987462']
GB,4.280025088, V_DF49B40A9181,61035.0,4.0,0.06542843143259636,Query key: K_AC0999086E47,61035.0,65308.0,65.536,context_0000,Answer: ,32,62995,synthetic_kv_64k,3999.98976,4280.025088,3.99998976,['V_DF49B40A9181']
GB,4.280025088,0B53BD9419AA,61035.0,4.0,0.06542843143259636,Query key: K_3EA60C760D28,61035.0,65308.0,65.536,context_0000,Answer: ,32,62995,synthetic_kv_64k,3999.98976,4280.025088,3.99998976,['V_0B53BD9419AA']
GB,4.280025088,8A2D3BFDA8A6,61035.0,4.0,0.06542843143259636,Query key: K_705F66FADCA0,61035.0,65308.0,65.536,context_0000,Answer: ,32,62995,synthetic_kv_64k,3999.98976,4280.025088,3.99998976,['V_8A2D3BFDA8A6']
GB,4.280025088, V_C6ACDD1D6CD1,61035.0,4.0,0.06542843143259636,Query key: K_C11F379EF467,61035.0,65308.0,65.536,context_0000,Answer: ,32,62995,synthetic_kv_64k,3999.98976,4280.025088,3.99998976,['V_C6ACDD1D6CD1']
GB,4.280025088, V_FE5480FF5173,61035.0,4.0,0.06542843143259636,Query key: K_23DF0E731DD7,61035.0,65308.0,65.536,context_0000,Answer: ,32,62995,synthetic_kv_64k,3999.98976,4280.025088,3.99998976,['V_FE5480FF5173']
GB,4.280025088, V_EA98D0D75E37,61035.0,4.0,0.06542843143259636,Query key: K_3BF24A0D2B73,61035.0,65308.0,65.536,context_0000,Answer: ,32,62995,synthetic_kv_64k,3999.98976,4280.025088,3.99998976,['V_EA98D0D75E37']
GB,4.280025088,93D551A3AC26,61035.0,4.0,0.06542843143259636,Query key: K_937BBB44BADC,61035.0,65308.0,65.536,context_0000,Answer: ,32,62995,synthetic_kv_64k,3999.98976,4280.025088,3.99998976,['V_93D551A3AC26']
GB,4.280025088, V_D181AC2B0CFC,61035.0,4.0,0.06542843143259636,Query key: K_C5C5991121E7,61035.0,65308.0,65.536,context_0000,Answer: ,32,62995,synthetic_kv_64k,3999.98976,4280.025088,3.99998976,['V_D181AC2B0CFC']
GB,4.280025088, V_E0524D406F1B,61035.0,4.0,0.06542843143259636,Query key: K_3CA552171BF3,61035.0,65308.0,65.536,context_0000,Answer: ,32,62995,synthetic_kv_64k,3999.98976,4280.025088,3.99998976,['V_E0524D406F1B']
GB,4.280025088,8570A903AE67,61035.0,4.0,0.06542843143259636,Query key: K_FC5624ACB722,61035.0,65308.0,65.536,context_0000,Answer: ,32,62995,synthetic_kv_64k,3999.98976,4280.025088,3.99998976,['V_8570A903AE67']
GB,4.280025088,46704CEDA164,61035.0,4.0,0.06542843143259636,Query key: K_69DF389641DD,61035.0,65308.0,65.536,context_0000,Answer: ,32,62995,synthetic_kv_64k,3999.98976,4280.025088,3.99998976,['V_46704CEDA164']
GB,4.280025088,9777F2D2393F,61035.0,4.0,0.06542843143259636,Query key: K_8E850F9AEB70,61035.0,65308.0,65.536,context_0000,Answer: ,32,62995,synthetic_kv_64k,3999.98976,4280.025088,3.99998976,['V_9777F2D2393F']
GB,4.280025088,2CD5E95D2761,61035.0,4.0,0.06542843143259636,Query key: K_BC36E134EDFC,61035.0,65308.0,65.536,context_0000,Answer: ,32,62995,synthetic_kv_64k,3999.98976,4280.025088,3.99998976,['V_2CD5E95D2761']
GB,4.280025088, V_8E4C6D5D0477,61035.0,4.0,0.06542843143259636,Query key: K_ADC2A0411612,61035.0,65308.0,65.536,context_0000,Answer: ,32,62995,synthetic_kv_64k,3999.98976,4280.025088,3.99998976,['V_8E4C6D5D0477']
GB,4.280025088, V_582BF8E8035B,61035.0,4.0,0.06542843143259636,Query key: K_0C007EE1011A,61035.0,65308.0,65.536,context_0000,Answer: ,32,62995,synthetic_kv_64k,3999.98976,4280.025088,3.99998976,['V_582BF8E8035B']
GB,4.280025088,6193ABDD1A8F,61035.0,4.0,0.06542843143259636,Query key: K_A4B0F10BCE9C,61035.0,65308.0,65.536,context_0000,Answer: ,32,62995,synthetic_kv_64k,3999.98976,4280.025088,3.99998976,['V_6193ABDD1A8F']
GB,4.280025088, V_B241519894D8,61035.0,4.0,0.06542843143259636,Query key: K_8643C92A7D7C,61035.0,65308.0,65.536,context_0000,Answer: ,32,62995,synthetic_kv_64k,3999.98976,4280.025088,3.99998976,['V_B241519894D8']
GB,4.280025088,4CC526332018,61035.0,4.0,0.06542843143259636,Query key: K_68836A944054,61035.0,65308.0,65.536,context_0000,Answer: ,32,62995,synthetic_kv_64k,3999.98976,4280.025088,3.99998976,['V_4CC526332018']
GB,4.280025088,89B5C12169DB,61035.0,4.0,0.06542843143259636,Query key: K_2F12605FB1EB,61035.0,65308.0,65.536,context_0000,Answer: ,32,62995,synthetic_kv_64k,3999.98976,4280.025088,3.99998976,['V_89B5C12169DB']
GB,4.280025088,39B0D96E684F,61035.0,4.0,0.06542843143259636,Query key: K_3DB07938878A,61035.0,65308.0,65.536,context_0000,Answer: ,32,62995,synthetic_kv_64k,3999.98976,4280.025088,3.99998976,['V_39B0D96E684F']
GB,4.280025088,24F4B523C0DE,61035.0,4.0,0.06542843143259636,Query key: K_DB874CFD0FC1,61035.0,65308.0,65.536,context_0000,Answer: ,32,62995,synthetic_kv_64k,3999.98976,4280.025088,3.99998976,['V_24F4B523C0DE']
GB,4.280025088,0EC0EA2C7A51,61035.0,4.0,0.06542843143259636,Query key: K_7688CE4758BE,61035.0,65308.0,65.536,context_0000,Answer: ,32,62995,synthetic_kv_64k,3999.98976,4280.025088,3.99998976,['V_0EC0EA2C7A51']
GB,4.280025088,6AA0F7C0D5F7,61035.0,4.0,0.06542843143259636,Query key: K_69A58FF8869D,61035.0,65308.0,65.536,context_0000,Answer: ,32,62995,synthetic_kv_64k,3999.98976,4280.025088,3.99998976,['V_6AA0F7C0D5F7']
GB,4.280025088,636F2253E706,61035.0,4.0,0.06542843143259636,Query key: K_87AD8EAA5841,61035.0,65308.0,65.536,context_0000,Answer: ,32,62995,synthetic_kv_64k,3999.98976,4280.025088,3.99998976,['V_636F2253E706']
GB,4.280025088,548C340DE049,61035.0,4.0,0.06542843143259636,Query key: K_41473E2BF9C9,61035.0,65308.0,65.536,context_0000,Answer: ,32,62995,synthetic_kv_64k,3999.98976,4280.025088,3.99998976,['V_548C340DE049']
GB,4.280025088,7325EC170298,61035.0,4.0,0.06542843143259636,Query key: K_143DA58E83DD,61035.0,65308.0,65.536,context_0000,Answer: ,32,62995,synthetic_kv_64k,3999.98976,4280.025088,3.99998976,['V_7325EC170298']
GB,4.280025088,891F17ABB863,61035.0,4.0,0.06542843143259636,Query key: K_5EFED8DDBBC0,61035.0,65308.0,65.536,context_0000,Answer: ,32,62995,synthetic_kv_64k,3999.98976,4280.025088,3.99998976,['V_891F17ABB863']
GB,4.280025088,0D3130C36756,61035.0,4.0,0.06542843143259636,Query key: K_D453B97E6224,61035.0,65308.0,65.536,context_0000,Answer: ,32,62995,synthetic_kv_64k,3999.98976,4280.025088,3.99998976,['V_0D3130C36756']
GB,4.280025088, V_9ADFAC75C344,61035.0,4.0,0.06542843143259636,Query key: K_608E44B9E602,61035.0,65308.0,65.536,context_0000,Answer: ,32,62995,synthetic_kv_64k,3999.98976,4280.025088,3.99998976,['V_9ADFAC75C344']
GB,4.280025088,12A1DFA59722,61035.0,4.0,0.06542843143259636,Query key: K_0A1F9A591974,61035.0,65308.0,65.536,context_0000,Answer: ,32,62995,synthetic_kv_64k,3999.98976,4280.025088,3.99998976,['V_12A1DFA59722']
GB,4.280025088,966BC2FE8954,61035.0,4.0,0.06542843143259636,Query key: K_CDFD302B7831,61035.0,65308.0,65.536,context_0000,Answer: ,32,62995,synthetic_kv_64k,3999.98976,4280.025088,3.99998976,['V_966BC2FE8954']
GB,4.280025088,378E8F10D33E,61035.0,4.0,0.06542843143259636,Query key: K_ABE4B96C1163,61035.0,65308.0,65.536,context_0000,Answer: ,32,62995,synthetic_kv_64k,3999.98976,4280.025088,3.99998976,['V_378E8F10D33E']
GB,4.280025088, V_E833DE95D695,61035.0,4.0,0.06542843143259636,Query key: K_35797AB99428,61035.0,65308.0,65.536,context_0000,Answer: ,32,62995,synthetic_kv_64k,3999.98976,4280.025088,3.99998976,['V_E833DE95D695']
GB,4.280025088, V_E8B3F4FF3F3A,61035.0,4.0,0.06542843143259636,Query key: K_4D9D553D2625,61035.0,65308.0,65.536,context_0000,Answer: ,32,62995,synthetic_kv_64k,3999.98976,4280.025088,3.99998976,['V_E8B3F4FF3F3A']
GB,4.280025088,30A5EFE9B3D0,61035.0,4.0,0.06542843143259636,Query key: K_363903ECE8FF,61035.0,65308.0,65.536,context_0000,Answer: ,32,62995,synthetic_kv_64k,3999.98976,4280.025088,3.99998976,['V_30A5EFE9B3D0']
GB,4.280025088, V_BF331E086F20,61035.0,4.0,0.06542843143259636,Query key: K_BDD1F64AB6EC,61035.0,65308.0,65.536,context_0000,Answer: ,32,62995,synthetic_kv_64k,3999.98976,4280.025088,3.99998976,['V_BF331E086F20']
GB,4.280025088, V_EA187A9A8EF5,61035.0,4.0,0.06542843143259636,Query key: K_C11BFFE3F366,61035.0,65308.0,65.536,context_0000,Answer: ,32,62995,synthetic_kv_64k,3999.98976,4280.025088,3.99998976,['V_EA187A9A8EF5']
GB,4.280025088, V_B42A9ABA0F15,61035.0,4.0,0.06542843143259636,Query key: K_B2143E1A963E,61035.0,65308.0,65.536,context_0000,Answer: ,32,62995,synthetic_kv_64k,3999.98976,4280.025088,3.99998976,['V_B42A9ABA0F15']
GB,4.280025088,3D44EA45BA41,61035.0,4.0,0.06542843143259636,Query key: K_6589345AF934,61035.0,65308.0,65.536,context_0000,Answer: ,32,62995,synthetic_kv_64k,3999.98976,4280.025088,3.99998976,['V_3D44EA45BA41']
GB,4.280025088,4876C68813FE,61035.0,4.0,0.06542843143259636,Query key: K_52558D55119E,61035.0,65308.0,65.536,context_0000,Answer: ,32,62995,synthetic_kv_64k,3999.98976,4280.025088,3.99998976,['V_4876C68813FE']
GB,4.280025088, V_A612889D4B76,61035.0,4.0,0.06542843143259636,Query key: K_775C61730C48,61035.0,65308.0,65.536,context_0000,Answer: ,32,62995,synthetic_kv_64k,3999.98976,4280.025088,3.99998976,['V_A612889D4B76']
GB,4.280025088,5C1142F5B3F5,61035.0,4.0,0.06542843143259636,Query key: K_4EF45BF86F3C,61035.0,65308.0,65.536,context_0000,Answer: ,32,62995,synthetic_kv_64k,3999.98976,4280.025088,3.99998976,['V_5C1142F5B3F5']
GB,4.280025088,774C7F4D908C,61035.0,4.0,0.06542843143259636,Query key: K_E1FF8347F1DA,61035.0,65308.0,65.536,context_0000,Answer: ,32,62995,synthetic_kv_64k,3999.98976,4280.025088,3.99998976,['V_774C7F4D908C']
GB,4.280025088, V_B8F0FB37AFAE,61035.0,4.0,0.06542843143259636,Query key: K_CD85193E638D,61035.0,65308.0,65.536,context_0000,Answer: ,32,62995,synthetic_kv_64k,3999.98976,4280.025088,3.99998976,['V_B8F0FB37AFAE']
GB,4.280025088, V_51FAD6F89F7A,61035.0,4.0,0.06542843143259636,Query key: K_C2FA78308631,61035.0,65308.0,65.536,context_0000,Answer: ,32,62995,synthetic_kv_64k,3999.98976,4280.025088,3.99998976,['V_51FAD6F89F7A']
GB,4.280025088,501B5EE68495,61035.0,4.0,0.06542843143259636,Query key: K_3400EA11905B,61035.0,65308.0,65.536,context_0000,Answer: ,32,62995,synthetic_kv_64k,3999.98976,4280.025088,3.99998976,['V_501B5EE68495']
GB,4.280025088, V_DD3490019ED4,61035.0,4.0,0.06542843143259636,Query key: K_0BB469F753F1,61035.0,65308.0,65.536,context_0000,Answer: ,32,62995,synthetic_kv_64k,3999.98976,4280.025088,3.99998976,['V_DD3490019ED4']
GB,4.280025088,0426255B30E2,61035.0,4.0,0.06542843143259636,Query key: K_BDC238A56B49,61035.0,65308.0,65.536,context_0000,Answer: ,32,62995,synthetic_kv_64k,3999.98976,4280.025088,3.99998976,['V_0426255B30E2']
GB,4.280025088,9583EF4C5119,61035.0,4.0,0.06542843143259636,Query key: K_8DA542C21797,61035.0,65308.0,65.536,context_0000,Answer: ,32,62995,synthetic_kv_64k,3999.98976,4280.025088,3.99998976,['V_9583EF4C5119']
GB,4.280025088,4B916AE66582,61035.0,4.0,0.06542843143259636,Query key: K_B8529442B5E6,61035.0,65308.0,65.536,context_0000,Answer: ,32,62995,synthetic_kv_64k,3999.98976,4280.025088,3.99998976,['V_4B916AE66582']
GB,4.280025088,3AE254720D2D,61035.0,4.0,0.06542843143259636,Query key: K_323927046F25,61035.0,65308.0,65.536,context_0000,Answer: ,32,62995,synthetic_kv_64k,3999.98976,4280.025088,3.99998976,['V_3AE254720D2D']
GB,4.280025088,3EE8D5574241,61035.0,4.0,0.06542843143259636,Query key: K_91DD613D2DE9,61035.0,65308.0,65.536,context_0000,Answer: ,32,62995,synthetic_kv_64k,3999.98976,4280.025088,3.99998976,['V_3EE8D5574241']
GB,4.280025088, V_F186A7946320,61035.0,4.0,0.06542843143259636,Query key: K_8CF67FD238C3,61035.0,65308.0,65.536,context_0000,Answer: ,32,62995,synthetic_kv_64k,3999.98976,4280.025088,3.99998976,['V_F186A7946320']
GB,4.280025088, V_C36B41E02A89,61035.0,4.0,0.06542843143259636,Query key: K_566AAF521B94,61035.0,65308.0,65.536,context_0000,Answer: ,32,62995,synthetic_kv_64k,3999.98976,4280.025088,3.99998976,['V_C36B41E02A89']
GB,4.280025088, V_B93BF76D15FD,61035.0,4.0,0.06542843143259636,Query key: K_7D16D253D966,61035.0,65308.0,65.536,context_0000,Answer: ,32,62995,synthetic_kv_64k,3999.98976,4280.025088,3.99998976,['V_B93BF76D15FD']
GB,4.280025088,75F87D97AC0F,61035.0,4.0,0.06542843143259636,Query key: K_BD56A4461663,61035.0,65308.0,65.536,context_0000,Answer: ,32,62995,synthetic_kv_64k,3999.98976,4280.025088,3.99998976,['V_75F87D97AC0F']
GB,4.280025088,5A28CB8383F2,61035.0,4.0,0.06542843143259636,Query key: K_BB962B115C36,61035.0,65308.0,65.536,context_0000,Answer: ,32,62995,synthetic_kv_64k,3999.98976,4280.025088,3.99998976,['V_5A28CB8383F2']
GB,4.280025088,8BEAB86677AA,61035.0,4.0,0.06542843143259636,Query key: K_23D42B54FF7A,61035.0,65308.0,65.536,context_0000,Answer: ,32,62995,synthetic_kv_64k,3999.98976,4280.025088,3.99998976,['V_8BEAB86677AA']
GB,4.280025088, V_E3ADEAB9EB02,61035.0,4.0,0.06542843143259636,Query key: K_2F1D7D024C6D,61035.0,65308.0,65.536,context_0000,Answer: ,32,62995,synthetic_kv_64k,3999.98976,4280.025088,3.99998976,['V_E3ADEAB9EB02']
GB,4.280025088, V_F50DA44D9FEC,61035.0,4.0,0.06542843143259636,Query key: K_FD858AC97B01,61035.0,65308.0,65.536,context_0000,Answer: ,32,62995,synthetic_kv_64k,3999.98976,4280.025088,3.99998976,['V_F50DA44D9FEC']
GB,4.280025088, V_D6CD08A8AC7F,61035.0,4.0,0.06542843143259636,Query key: K_86210F09105C,61035.0,65308.0,65.536,context_0000,Answer: ,32,62995,synthetic_kv_64k,3999.98976,4280.025088,3.99998976,['V_D6CD08A8AC7F']
GB,4.280025088, V_D168F1F7D904,61035.0,4.0,0.06542843143259636,Query key: K_1307D8C128E7,61035.0,65308.0,65.536,context_0000,Answer: ,32,62995,synthetic_kv_64k,3999.98976,4280.025088,3.99998976,['V_D168F1F7D904']
GB,4.280025088,01A2C3ABB5F1,61035.0,4.0,0.06542843143259636,Query key: K_0C6BAB102C9B,61035.0,65308.0,65.536,context_0000,Answer: ,32,62995,synthetic_kv_64k,3999.98976,4280.025088,3.99998976,['V_01A2C3ABB5F1']
GB,4.280025088, V_A175D7B102A9,61035.0,4.0,0.06542843143259636,Query key: K_23326992896E,61035.0,65308.0,65.536,context_0000,Answer: ,32,62995,synthetic_kv_64k,3999.98976,4280.025088,3.99998976,['V_A175D7B102A9']
GB,4.280025088,26A9B509109B,61035.0,4.0,0.06542843143259636,Query key: K_11663B3F3800,61035.0,65308.0,65.536,context_0000,Answer: ,32,62995,synthetic_kv_64k,3999.98976,4280.025088,3.99998976,['V_26A9B509109B']
GB,4.280025088,74BD8177B661,61035.0,4.0,0.06542843143259636,Query key: K_37FE02571851,61035.0,65308.0,65.536,context_0000,Answer: ,32,62995,synthetic_kv_64k,3999.98976,4280.025088,3.99998976,['V_74BD8177B661']
GB,4.280025088, V_A3429E2A7324,61035.0,4.0,0.06542843143259636,Query key: K_0F795F8A14BD,61035.0,65308.0,65.536,context_0000,Answer: ,32,62995,synthetic_kv_64k,3999.98976,4280.025088,3.99998976,['V_A3429E2A7324']
GB,4.280025088, V_E9AA9DD43675,61035.0,4.0,0.06542843143259636,Query key: K_EF14AAB07015,61035.0,65308.0,65.536,context_0000,Answer: ,32,62995,synthetic_kv_64k,3999.98976,4280.025088,3.99998976,['V_E9AA9DD43675']
GB,4.280025088,04067CE40679,61035.0,4.0,0.06542843143259636,Query key: K_A8C67BB3447B,61035.0,65308.0,65.536,context_0000,Answer: ,32,62995,synthetic_kv_64k,3999.98976,4280.025088,3.99998976,['V_04067CE40679']
GB,4.280025088,694D8D388327,61035.0,4.0,0.06542843143259636,Query key: K_883F01B158E9,61035.0,65308.0,65.536,context_0000,Answer: ,32,62995,synthetic_kv_64k,3999.98976,4280.025088,3.99998976,['V_694D8D388327']
GB,4.280025088, V_B8E18787EA21,61035.0,4.0,0.06542843143259636,Query key: K_04480308AA5E,61035.0,65308.0,65.536,context_0000,Answer: ,32,62995,synthetic_kv_64k,3999.98976,4280.025088,3.99998976,['V_B8E18787EA21']
GB,4.280025088,4964FA3C1628,61035.0,4.0,0.06542843143259636,Query key: K_8926465568B7,61035.0,65308.0,65.536,context_0000,Answer: ,32,62995,synthetic_kv_64k,3999.98976,4280.025088,3.99998976,['V_4964FA3C1628']
GB,4.280025088, V_B2A6D02B1243,61035.0,4.0,0.06542843143259636,Query key: K_80910463750E,61035.0,65308.0,65.536,context_0000,Answer: ,32,62995,synthetic_kv_64k,3999.98976,4280.025088,3.99998976,['V_B2A6D02B1243']
GB,4.280025088, V_F090CE610199,61035.0,4.0,0.06542843143259636,Query key: K_6E3AAC8D6C7D,61035.0,65308.0,65.536,context_0000,Answer: ,32,62995,synthetic_kv_64k,3999.98976,4280.025088,3.99998976,['V_F090CE610199']
GB,4.280025088, V_EB051B656DAB,61035.0,4.0,0.06542843143259636,Query key: K_2DE4E8E6E840,61035.0,65308.0,65.536,context_0000,Answer: ,32,62995,synthetic_kv_64k,3999.98976,4280.025088,3.99998976,['V_EB051B656DAB']
GB,4.280025088,3DB0261E2555,61035.0,4.0,0.06542843143259636,Query key: K_863E18A806EF,61035.0,65308.0,65.536,context_0000,Answer: ,32,62995,synthetic_kv_64k,3999.98976,4280.025088,3.99998976,['V_3DB0261E2555']
GB,4.280025088,409E86C5D1D6,61035.0,4.0,0.06542843143259636,Query key: K_9EA931227592,61035.0,65308.0,65.536,context_0000,Answer: ,32,62995,synthetic_kv_64k,3999.98976,4280.025088,3.99998976,['V_409E86C5D1D6']
GB,4.280025088, V_CB80446F64DD,61035.0,4.0,0.06542843143259636,Query key: K_5ABCD0B1E3EB,61035.0,65308.0,65.536,context_0000,Answer: ,32,62995,synthetic_kv_64k,3999.98976,4280.025088,3.99998976,['V_CB80446F64DD']
GB,4.280025088, V_F5945F804EEB,61035.0,4.0,0.06542843143259636,Query key: K_143A659B0105,61035.0,65308.0,65.536,context_0000,Answer: ,32,62995,synthetic_kv_64k,3999.98976,4280.025088,3.99998976,['V_F5945F804EEB']
GB,4.280025088,3E4290A3FBBF,61035.0,4.0,0.06542843143259636,Query key: K_758067F1698C,61035.0,65308.0,65.536,context_0000,Answer: ,32,62995,synthetic_kv_64k,3999.98976,4280.025088,3.99998976,['V_3E4290A3FBBF']
GB,4.280025088,4CCB39D1C7FF,61035.0,4.0,0.06542843143259636,Query key: K_B27EFD7FE973,61035.0,65308.0,65.536,context_0000,Answer: ,32,62995,synthetic_kv_64k,3999.98976,4280.025088,3.99998976,['V_4CCB39D1C7FF']
GB,4.280025088,14A3D90DD19B,61035.0,4.0,0.06542843143259636,Query key: K_D3FBAF1D5A1A,61035.0,65308.0,65.536,context_0000,Answer: ,32,62995,synthetic_kv_64k,3999.98976,4280.025088,3.99998976,['V_14A3D90DD19B']
GB,4.280025088, V_A65FDBB44021,61035.0,4.0,0.06542843143259636,Query key: K_FDDEA75B395A,61035.0,65308.0,65.536,context_0000,Answer: ,32,62995,synthetic_kv_64k,3999.98976,4280.025088,3.99998976,['V_A65FDBB44021']
GB,4.280025088,67C017EFA621,61035.0,4.0,0.06542843143259636,Query key: K_081CC27437EB,61035.0,65308.0,65.536,context_0000,Answer: ,32,62995,synthetic_kv_64k,3999.98976,4280.025088,3.99998976,['V_67C017EFA621']
GB,4.280025088,79DB8D7DD772,61035.0,4.0,0.06542843143259636,Query key: K_608E61177270,61035.0,65308.0,65.536,context_0000,Answer: ,32,62995,synthetic_kv_64k,3999.98976,4280.025088,3.99998976,['V_79DB8D7DD772']
GB,4.280025088, V_B3ED026B5383,61035.0,4.0,0.06542843143259636,Query key: K_A3010E5D8C6A,61035.0,65308.0,65.536,context_0000,Answer: ,32,62995,synthetic_kv_64k,3999.98976,4280.025088,3.99998976,['V_B3ED026B5383']
GB,4.280025088, V_D8677FF6B824,61035.0,4.0,0.06542843143259636,Query key: K_152A2BDFCB41,61035.0,65308.0,65.536,context_0000,Answer: ,32,62995,synthetic_kv_64k,3999.98976,4280.025088,3.99998976,['V_D8677FF6B824']
GB,4.280025088,54CEC8CCE2C2,61035.0,4.0,0.06542843143259636,Query key: K_A5186F14B3F6,61035.0,65308.0,65.536,context_0000,Answer: ,32,62995,synthetic_kv_64k,3999.98976,4280.025088,3.99998976,['V_54CEC8CCE2C2']
GB,4.280025088, V_F94DDBA3496F,61035.0,4.0,0.06542843143259636,Query key: K_FA3290DBFAD6,61035.0,65308.0,65.536,context_0000,Answer: ,32,62995,synthetic_kv_64k,3999.98976,4280.025088,3.99998976,['V_F94DDBA3496F']
GB,4.280025088, V_EB4D873570A2,61035.0,4.0,0.06542843143259636,Query key: K_E5111869A217,61035.0,65308.0,65.536,context_0000,Answer: ,32,62995,synthetic_kv_64k,3999.98976,4280.025088,3.99998976,['V_EB4D873570A2']
GB,4.280025088, V_E6B9361F6D90,61035.0,4.0,0.06542843143259636,Query key: K_3AD10AE4AC11,61035.0,65308.0,65.536,context_0000,Answer: ,32,62995,synthetic_kv_64k,3999.98976,4280.025088,3.99998976,['V_E6B9361F6D90']
GB,4.280025088,9118E336C243,61035.0,4.0,0.06542843143259636,Query key: K_B139DE3CE88B,61035.0,65308.0,65.536,context_0000,Answer: ,32,62995,synthetic_kv_64k,3999.98976,4280.025088,3.99998976,['V_9118E336C243']
GB,4.280025088, V_EC950BEB7C34,61035.0,4.0,0.06542843143259636,Query key: K_456679BA630A,61035.0,65308.0,65.536,context_0000,Answer: ,32,62995,synthetic_kv_64k,3999.98976,4280.025088,3.99998976,['V_EC950BEB7C34']
GB,4.280025088,47C6ECF32053,61035.0,4.0,0.06542843143259636,Query key: K_AF3613087974,61035.0,65308.0,65.536,context_0000,Answer: ,32,62995,synthetic_kv_64k,3999.98976,4280.025088,3.99998976,['V_47C6ECF32053']
GB,4.280025088, V_A87990422EB7,61035.0,4.0,0.06542843143259636,Query key: K_8B04E63949D4,61035.0,65308.0,65.536,context_0000,Answer: ,32,62995,synthetic_kv_64k,3999.98976,4280.025088,3.99998976,['V_A87990422EB7']
GB,4.280025088, V_D9B5EDC3A1C3,61035.0,4.0,0.06542843143259636,Query key: K_2DEA086C405F,61035.0,65308.0,65.536,context_0000,Answer: ,32,62995,synthetic_kv_64k,3999.98976,4280.025088,3.99998976,['V_D9B5EDC3A1C3']
GB,4.280025088,3508F622D842,61035.0,4.0,0.06542843143259636,Query key: K_0402508211A5,61035.0,65308.0,65.536,context_0000,Answer: ,32,62995,synthetic_kv_64k,3999.98976,4280.025088,3.99998976,['V_3508F622D842']
GB,4.280025088, V_D218C093BFB0,61035.0,4.0,0.06542843143259636,Query key: K_24E99647FF9F,61035.0,65308.0,65.536,context_0000,Answer: ,32,62995,synthetic_kv_64k,3999.98976,4280.025088,3.99998976,['V_D218C093BFB0']
GB,4.280025088, V_EDCA65F6BA53,61035.0,4.0,0.06542843143259636,Query key: K_D226B674410D,61035.0,65308.0,65.536,context_0000,Answer: ,32,62995,synthetic_kv_64k,3999.98976,4280.025088,3.99998976,['V_EDCA65F6BA53']
GB,4.280025088,905F299656E2,61035.0,4.0,0.06542843143259636,Query key: K_4C9D13B22CEC,61035.0,65308.0,65.536,context_0000,Answer: ,32,62995,synthetic_kv_64k,3999.98976,4280.025088,3.99998976,['V_905F299656E2']
GB,4.280025088, V_D975D5ABA8AE,61035.0,4.0,0.06542843143259636,Query key: K_91123D8F95F4,61035.0,65308.0,65.536,context_0000,Answer: ,32,62995,synthetic_kv_64k,3999.98976,4280.025088,3.99998976,['V_D975D5ABA8AE']
GB,4.280025088,8A62E582B678,61035.0,4.0,0.06542843143259636,Query key: K_AD52639FC471,61035.0,65308.0,65.536,context_0000,Answer: ,32,62995,synthetic_kv_64k,3999.98976,4280.025088,3.99998976,['V_8A62E582B678']
GB,4.280025088, V_BD5FC16F9BCC,61035.0,4.0,0.06542843143259636,Query key: K_624354EC3F33,61035.0,65308.0,65.536,context_0000,Answer: ,32,62995,synthetic_kv_64k,3999.98976,4280.025088,3.99998976,['V_BD5FC16F9BCC']
GB,4.280025088, V_B076FD0CE433,61035.0,4.0,0.06542843143259636,Query key: K_CA5E23D3CD4C,61035.0,65308.0,65.536,context_0000,Answer: ,32,62995,synthetic_kv_64k,3999.98976,4280.025088,3.99998976,['V_B076FD0CE433']
GB,4.280025088, V_BED68033F5C2,61035.0,4.0,0.06542843143259636,Query key: K_1413B962C8A7,61035.0,65308.0,65.536,context_0000,Answer: ,32,62995,synthetic_kv_64k,3999.98976,4280.025088,3.99998976,['V_BED68033F5C2']
GB,4.280025088,19010DBF0CAF,61035.0,4.0,0.06542843143259636,Query key: K_588AF96D40F8,61035.0,65308.0,65.536,context_0000,Answer: ,32,62995,synthetic_kv_64k,3999.98976,4280.025088,3.99998976,['V_19010DBF0CAF']
GB,4.280025088,1375D6B361E4,61035.0,4.0,0.06542843143259636,Query key: K_3B6D6FE5040B,61035.0,65308.0,65.536,context_0000,Answer: ,32,62995,synthetic_kv_64k,3999.98976,4280.025088,3.99998976,['V_1375D6B361E4']
GB,4.280025088,9D26C4DD8DF5,61035.0,4.0,0.06542843143259636,Query key: K_9AEC57311609,61035.0,65308.0,65.536,context_0000,Answer: ,32,62995,synthetic_kv_64k,3999.98976,4280.025088,3.99998976,['V_9D26C4DD8DF5']
GB,4.280025088, V_F80B658E54A2,61035.0,4.0,0.06542843143259636,Query key: K_9879F4719986,61035.0,65308.0,65.536,context_0000,Answer: ,32,62995,synthetic_kv_64k,3999.98976,4280.025088,3.99998976,['V_F80B658E54A2']
GB,4.280025088, V_A25507958C1F,61035.0,4.0,0.06542843143259636,Query key: K_538DC607B1E9,61035.0,65308.0,65.536,context_0000,Answer: ,32,62995,synthetic_kv_64k,3999.98976,4280.025088,3.99998976,['V_A25507958C1F']
GB,4.280025088,7357FE1A1BA9,61035.0,4.0,0.06542843143259636,Query key: K_C89645F8C28D,61035.0,65308.0,65.536,context_0000,Answer: ,32,62995,synthetic_kv_64k,3999.98976,4280.025088,3.99998976,['V_7357FE1A1BA9']
GB,4.280025088,8D935B167158,61035.0,4.0,0.06542843143259636,Query key: K_3A677D98302F,61035.0,65308.0,65.536,context_0000,Answer: ,32,62995,synthetic_kv_64k,3999.98976,4280.025088,3.99998976,['V_8D935B167158']
GB,4.280025088,2F8C6E8D9644,61035.0,4.0,0.06542843143259636,Query key: K_601BF0EEBCCE,61035.0,65308.0,65.536,context_0000,Answer: ,32,62995,synthetic_kv_64k,3999.98976,4280.025088,3.99998976,['V_2F8C6E8D9644']
GB,4.280025088,614CA921CB4C,61035.0,4.0,0.06542843143259636,Query key: K_95FBAE007B7E,61035.0,65308.0,65.536,context_0000,Answer: ,32,62995,synthetic_kv_64k,3999.98976,4280.025088,3.99998976,['V_614CA921CB4C']
GB,4.280025088,4B9D9E5D9C7A,61035.0,4.0,0.06542843143259636,Query key: K_C5AC15F00CB4,61035.0,65308.0,65.536,context_0000,Answer: ,32,62995,synthetic_kv_64k,3999.98976,4280.025088,3.99998976,['V_4B9D9E5D9C7A']
GB,4.280025088,12D1B68E47FA,61035.0,4.0,0.06542843143259636,Query key: K_3F17CC4D5819,61035.0,65308.0,65.536,context_0000,Answer: ,32,62995,synthetic_kv_64k,3999.98976,4280.025088,3.99998976,['V_12D1B68E47FA']
GB,4.280025088, V_6147277B0667,61035.0,4.0,0.06542843143259636,Query key: K_449915007170,61035.0,65308.0,65.536,context_0000,Answer: ,32,62995,synthetic_kv_64k,3999.98976,4280.025088,3.99998976,['V_6147277B0667']
GB,4.280025088,277EA247541D,61035.0,4.0,0.06542843143259636,Query key: K_C8ADB630794D,61035.0,65308.0,65.536,context_0000,Answer: ,32,62995,synthetic_kv_64k,3999.98976,4280.025088,3.99998976,['V_277EA247541D']
GB,4.280025088,5C565111D31D,61035.0,4.0,0.06542843143259636,Query key: K_63BEBD5A0C9E,61035.0,65308.0,65.536,context_0000,Answer: ,32,62995,synthetic_kv_64k,3999.98976,4280.025088,3.99998976,['V_5C565111D31D']
GB,4.280025088, V_F16501547950,61035.0,4.0,0.06542843143259636,Query key: K_176D1B46EBDC,61035.0,65308.0,65.536,context_0000,Answer: ,32,62995,synthetic_kv_64k,3999.98976,4280.025088,3.99998976,['V_F16501547950']
GB,4.280025088, V_C2E75C238D8D,61035.0,4.0,0.06542843143259636,Query key: K_71DA4EEA9DB8,61035.0,65308.0,65.536,context_0000,Answer: ,32,62995,synthetic_kv_64k,3999.98976,4280.025088,3.99998976,['V_C2E75C238D8D']
GB,4.280025088,165921EBFAA9,61035.0,4.0,0.06542843143259636,Query key: K_1A2B450F69EE,61035.0,65308.0,65.536,context_0000,Answer: ,32,62995,synthetic_kv_64k,3999.98976,4280.025088,3.99998976,['V_165921EBFAA9']
GB,4.280025088,8E9672E76B51,61035.0,4.0,0.06542843143259636,Query key: K_6E542FF8E87E,61035.0,65308.0,65.536,context_0000,Answer: ,32,62995,synthetic_kv_64k,3999.98976,4280.025088,3.99998976,['V_8E9672E76B51']
GB,4.280025088,1A7168759545,61035.0,4.0,0.06542843143259636,Query key: K_832F8E0370CF,61035.0,65308.0,65.536,context_0000,Answer: ,32,62995,synthetic_kv_64k,3999.98976,4280.025088,3.99998976,['V_1A7168759545']
GB,4.280025088,8DE15A9A206A,61035.0,4.0,0.06542843143259636,Query key: K_16F106B919AA,61035.0,65308.0,65.536,context_0000,Answer: ,32,62995,synthetic_kv_64k,3999.98976,4280.025088,3.99998976,['V_8DE15A9A206A']
GB,4.280025088, V_C8D0991965EA,61035.0,4.0,0.06542843143259636,Query key: K_98D017D30F32,61035.0,65308.0,65.536,context_0000,Answer: ,32,62995,synthetic_kv_64k,3999.98976,4280.025088,3.99998976,['V_C8D0991965EA']
GB,4.280025088,0328629EF3D8,61035.0,4.0,0.06542843143259636,Query key: K_DD1C530DDDA6,61035.0,65308.0,65.536,context_0000,Answer: ,32,62995,synthetic_kv_64k,3999.98976,4280.025088,3.99998976,['V_0328629EF3D8']
GB,4.280025088, V_C7776346D4EF,61035.0,4.0,0.06542843143259636,Query key: K_69EF4AB6821C,61035.0,65308.0,65.536,context_0000,Answer: ,32,62995,synthetic_kv_64k,3999.98976,4280.025088,3.99998976,['V_C7776346D4EF']
GB,4.280025088,8F3DE6B0DA0A,61035.0,4.0,0.06542843143259636,Query key: K_B98F15AEDE0F,61035.0,65308.0,65.536,context_0000,Answer: ,32,62995,synthetic_kv_64k,3999.98976,4280.025088,3.99998976,['V_8F3DE6B0DA0A']
GB,4.280025088,3E24FA698CD2,61035.0,4.0,0.06542843143259636,Query key: K_FE23E7BBAEFC,61035.0,65308.0,65.536,context_0000,Answer: ,32,62995,synthetic_kv_64k,3999.98976,4280.025088,3.99998976,['V_3E24FA698CD2']
GB,4.280025088, V_AF702B69C95E,61035.0,4.0,0.06542843143259636,Query key: K_8567926BFFA5,61035.0,65308.0,65.536,context_0000,Answer: ,32,62995,synthetic_kv_64k,3999.98976,4280.025088,3.99998976,['V_AF702B69C95E']
GB,4.280025088,44D7238B05B7,61035.0,4.0,0.06542843143259636,Query key: K_2B646177A771,61035.0,65308.0,65.536,context_0000,Answer: ,32,62995,synthetic_kv_64k,3999.98976,4280.025088,3.99998976,['V_44D7238B05B7']
GB,4.280025088,255B7E3D5EE4,61035.0,4.0,0.06542843143259636,Query key: K_44B64D16F049,61035.0,65308.0,65.536,context_0000,Answer: ,32,62995,synthetic_kv_64k,3999.98976,4280.025088,3.99998976,['V_255B7E3D5EE4']
GB,4.280025088,46A56F46F1B1,61035.0,4.0,0.06542843143259636,Query key: K_2ACE103246B3,61035.0,65308.0,65.536,context_0000,Answer: ,32,62995,synthetic_kv_64k,3999.98976,4280.025088,3.99998976,['V_46A56F46F1B1']
GB,4.280025088, V_C85C7BF69552,61035.0,4.0,0.06542843143259636,Query key: K_4CBC6BCD5CE7,61035.0,65308.0,65.536,context_0000,Answer: ,32,62995,synthetic_kv_64k,3999.98976,4280.025088,3.99998976,['V_C85C7BF69552']
GB,4.280025088, V_F1B8406F64D6,61035.0,4.0,0.06542843143259636,Query key: K_5C7213B11E59,61035.0,65308.0,65.536,context_0000,Answer: ,32,62995,synthetic_kv_64k,3999.98976,4280.025088,3.99998976,['V_F1B8406F64D6']
GB,4.280025088,7EECA002352A,61035.0,4.0,0.06542843143259636,Query key: K_B88C3F2086C2,61035.0,65308.0,65.536,context_0000,Answer: ,32,62995,synthetic_kv_64k,3999.98976,4280.025088,3.99998976,['V_7EECA002352A']
GB,4.280025088,7536320F72C0,61035.0,4.0,0.06542843143259636,Query key: K_9DDE9803B22E,61035.0,65308.0,65.536,context_0000,Answer: ,32,62995,synthetic_kv_64k,3999.98976,4280.025088,3.99998976,['V_7536320F72C0']
GB,4.280025088,01BB4DFE1117,61035.0,4.0,0.06542843143259636,Query key: K_22AF1B628A9D,61035.0,65308.0,65.536,context_0000,Answer: ,32,62995,synthetic_kv_64k,3999.98976,4280.025088,3.99998976,['V_01BB4DFE1117']
GB,4.280025088, V_D773550C2FE9,61035.0,4.0,0.06542843143259636,Query key: K_654CF2E61828,61035.0,65308.0,65.536,context_0000,Answer: ,32,62995,synthetic_kv_64k,3999.98976,4280.025088,3.99998976,['V_D773550C2FE9']
GB,4.280025088, V_DCB9CDD7F460,61035.0,4.0,0.06542843143259636,Query key: K_61409EC4EA48,61035.0,65308.0,65.536,context_0000,Answer: ,32,62995,synthetic_kv_64k,3999.98976,4280.025088,3.99998976,['V_DCB9CDD7F460']
GB,4.280025088,6E3C55B145E4,61035.0,4.0,0.06542843143259636,Query key: K_70B2545CD88D,61035.0,65308.0,65.536,context_0000,Answer: ,32,62995,synthetic_kv_64k,3999.98976,4280.025088,3.99998976,['V_6E3C55B145E4']
GB,4.280025088, V_A6AADC08BF29,61035.0,4.0,0.06542843143259636,Query key: K_D2D3D0C30018,61035.0,65308.0,65.536,context_0000,Answer: ,32,62995,synthetic_kv_64k,3999.98976,4280.025088,3.99998976,['V_A6AADC08BF29']
GB,4.280025088,4CE922D90DB3,61035.0,4.0,0.06542843143259636,Query key: K_982AF966D59F,61035.0,65308.0,65.536,context_0000,Answer: ,32,62995,synthetic_kv_64k,3999.98976,4280.025088,3.99998976,['V_4CE922D90DB3']
GB,4.280025088, V_B1FEF280DF1D,61035.0,4.0,0.06542843143259636,Query key: K_9A6C52171C88,61035.0,65308.0,65.536,context_0000,Answer: ,32,62995,synthetic_kv_64k,3999.98976,4280.025088,3.99998976,['V_B1FEF280DF1D']
GB,4.280025088,2D79506E50C7,61035.0,4.0,0.06542843143259636,Query key: K_7AA0336B00CB,61035.0,65308.0,65.536,context_0000,Answer: ,32,62995,synthetic_kv_64k,3999.98976,4280.025088,3.99998976,['V_2D79506E50C7']
GB,4.280025088,51B3F7FE604F,61035.0,4.0,0.06542843143259636,Query key: K_65F3F6EE5CDB,61035.0,65308.0,65.536,context_0000,Answer: ,32,62995,synthetic_kv_64k,3999.98976,4280.025088,3.99998976,['V_51B3F7FE604F']
GB,4.280025088, V_A205B1E8C09D,61035.0,4.0,0.06542843143259636,Query key: K_BC204A9C589E,61035.0,65308.0,65.536,context_0000,Answer: ,32,62995,synthetic_kv_64k,3999.98976,4280.025088,3.99998976,['V_A205B1E8C09D']
GB,4.280025088, V_C82F936CD31C,61035.0,4.0,0.06542843143259636,Query key: K_F7BF7DB2A7AA,61035.0,65308.0,65.536,context_0000,Answer: ,32,62995,synthetic_kv_64k,3999.98976,4280.025088,3.99998976,['V_C82F936CD31C']
GB,4.280025088,47C160452909,61035.0,4.0,0.06542843143259636,Query key: K_536D3E0F84CE,61035.0,65308.0,65.536,context_0000,Answer: ,32,62995,synthetic_kv_64k,3999.98976,4280.025088,3.99998976,['V_47C160452909']
GB,4.280025088,5D7164976593,61035.0,4.0,0.06542843143259636,Query key: K_C92ED105C8D6,61035.0,65308.0,65.536,context_0000,Answer: ,32,62995,synthetic_kv_64k,3999.98976,4280.025088,3.99998976,['V_5D7164976593']
GB,4.280025088,3326905881DF,61035.0,4.0,0.06542843143259636,Query key: K_EE9B1D27C09A,61035.0,65308.0,65.536,context_0000,Answer: ,32,62995,synthetic_kv_64k,3999.98976,4280.025088,3.99998976,['V_3326905881DF']
GB,4.280025088,2E0F8BAE591E,61035.0,4.0,0.06542843143259636,Query key: K_FF4C979C30CF,61035.0,65308.0,65.536,context_0000,Answer: ,32,62995,synthetic_kv_64k,3999.98976,4280.025088,3.99998976,['V_2E0F8BAE591E']
GB,4.280025088,06E38CD34C62,61035.0,4.0,0.06542843143259636,Query key: K_C482AE84B81C,61035.0,65308.0,65.536,context_0000,Answer: ,32,62995,synthetic_kv_64k,3999.98976,4280.025088,3.99998976,['V_06E38CD34C62']
GB,4.280025088, V_F166762CDFBC,61035.0,4.0,0.06542843143259636,Query key: K_BA2AF3F81C31,61035.0,65308.0,65.536,context_0000,Answer: ,32,62995,synthetic_kv_64k,3999.98976,4280.025088,3.99998976,['V_F166762CDFBC']
GB,4.280025088, V_CC35703E957F,61035.0,4.0,0.06542843143259636,Query key: K_35ABB5578B00,61035.0,65308.0,65.536,context_0000,Answer: ,32,62995,synthetic_kv_64k,3999.98976,4280.025088,3.99998976,['V_CC35703E957F']
GB,4.280025088,11B4B15DA72D,61035.0,4.0,0.06542843143259636,Query key: K_D4CE4A94AE9F,61035.0,65308.0,65.536,context_0000,Answer: ,32,62995,synthetic_kv_64k,3999.98976,4280.025088,3.99998976,['V_11B4B15DA72D']
GB,4.280025088, V_CB88CBB02A8B,61035.0,4.0,0.06542843143259636,Query key: K_D908D1A7BA20,61035.0,65308.0,65.536,context_0000,Answer: ,32,62995,synthetic_kv_64k,3999.98976,4280.025088,3.99998976,['V_CB88CBB02A8B']
GB,4.280025088,23A17FD255EE,61035.0,4.0,0.06542843143259636,Query key: K_AC4868BD80D7,61035.0,65308.0,65.536,context_0000,Answer: ,32,62995,synthetic_kv_64k,3999.98976,4280.025088,3.99998976,['V_23A17FD255EE']
GB,4.280025088,40AF3DF51967,61035.0,4.0,0.06542843143259636,Query key: K_4D86A2224F96,61035.0,65308.0,65.536,context_0000,Answer: ,32,62995,synthetic_kv_64k,3999.98976,4280.025088,3.99998976,['V_40AF3DF51967']
GB,4.280025088,6C52B719BB68,61035.0,4.0,0.06542843143259636,Query key: K_2775A89E22F2,61035.0,65308.0,65.536,context_0000,Answer: ,32,62995,synthetic_kv_64k,3999.98976,4280.025088,3.99998976,['V_6C52B719BB68']
GB,4.280025088,72F612EF6101,61035.0,4.0,0.06542843143259636,Query key: K_6082CA00EF58,61035.0,65308.0,65.536,context_0000,Answer: ,32,62995,synthetic_kv_64k,3999.98976,4280.025088,3.99998976,['V_72F612EF6101']
GB,4.280025088,950D7AAF2001,61035.0,4.0,0.06542843143259636,Query key: K_9912FD9E8E20,61035.0,65308.0,65.536,context_0000,Answer: ,32,62995,synthetic_kv_64k,3999.98976,4280.025088,3.99998976,['V_950D7AAF2001']
GB,4.280025088, V_EC6A81B15DB9,61035.0,4.0,0.06542843143259636,Query key: K_88CC669B29B8,61035.0,65308.0,65.536,context_0000,Answer: ,32,62995,synthetic_kv_64k,3999.98976,4280.025088,3.99998976,['V_EC6A81B15DB9']
GB,4.280025088,6B15B113D50B,61035.0,4.0,0.06542843143259636,Query key: K_DEA0EB9ED274,61035.0,65308.0,65.536,context_0000,Answer: ,32,62995,synthetic_kv_64k,3999.98976,4280.025088,3.99998976,['V_6B15B113D50B']
GB,4.280025088, V_F7EACA6CAF9B,61035.0,4.0,0.06542843143259636,Query key: K_09698B2C550A,61035.0,65308.0,65.536,context_0000,Answer: ,32,62995,synthetic_kv_64k,3999.98976,4280.025088,3.99998976,['V_F7EACA6CAF9B']
GB,4.280025088, V_CFF2E53F9644,61035.0,4.0,0.06542843143259636,Query key: K_B39E5C0A1FEB,61035.0,65308.0,65.536,context_0000,Answer: ,32,62995,synthetic_kv_64k,3999.98976,4280.025088,3.99998976,['V_CFF2E53F9644']
GB,4.280025088, V_EA16A35FC9C1,61035.0,4.0,0.06542843143259636,Query key: K_98048972ABBD,61035.0,65308.0,65.536,context_0000,Answer: ,32,62995,synthetic_kv_64k,3999.98976,4280.025088,3.99998976,['V_EA16A35FC9C1']
GB,4.280025088,3F8CC4DA2C2E,61035.0,4.0,0.06542843143259636,Query key: K_1BFF15C1604F,61035.0,65308.0,65.536,context_0000,Answer: ,32,62995,synthetic_kv_64k,3999.98976,4280.025088,3.99998976,['V_3F8CC4DA2C2E']
GB,4.280025088,2A955AE1DBAD,61035.0,4.0,0.06542843143259636,Query key: K_AA29A85894DF,61035.0,65308.0,65.536,context_0000,Answer: ,32,62995,synthetic_kv_64k,3999.98976,4280.025088,3.99998976,['V_2A955AE1DBAD']
GB,4.280025088,902F0B570720,61035.0,4.0,0.06542843143259636,Query key: K_9CD8A5A1C825,61035.0,65308.0,65.536,context_0000,Answer: ,32,62995,synthetic_kv_64k,3999.98976,4280.025088,3.99998976,['V_902F0B570720']
GB,4.280025088, V_A590AD6ECC57,61035.0,4.0,0.06542843143259636,Query key: K_A520FBCDBF5E,61035.0,65308.0,65.536,context_0000,Answer: ,32,62995,synthetic_kv_64k,3999.98976,4280.025088,3.99998976,['V_A590AD6ECC57']
GB,4.280025088, V_54E3C0AFD193,61035.0,4.0,0.06542843143259636,Query key: K_F780664D5922,61035.0,65308.0,65.536,context_0000,Answer: ,32,62995,synthetic_kv_64k,3999.98976,4280.025088,3.99998976,['V_54E3C0AFD193']
GB,4.280025088,1B1F6E3255A8,61035.0,4.0,0.06542843143259636,Query key: K_CBD5F73936E9,61035.0,65308.0,65.536,context_0000,Answer: ,32,62995,synthetic_kv_64k,3999.98976,4280.025088,3.99998976,['V_1B1F6E3255A8']
GB,4.280025088,38D5423CAD9D,61035.0,4.0,0.06542843143259636,Query key: K_193E02B34254,61035.0,65308.0,65.536,context_0000,Answer: ,32,62995,synthetic_kv_64k,3999.98976,4280.025088,3.99998976,['V_38D5423CAD9D']
GB,4.280025088,8ED884CFEE39,61035.0,4.0,0.06542843143259636,Query key: K_BF3182BBAD84,61035.0,65308.0,65.536,context_0000,Answer: ,32,62995,synthetic_kv_64k,3999.98976,4280.025088,3.99998976,['V_8ED884CFEE39']
GB,4.280025088,38959342A09F,61035.0,4.0,0.06542843143259636,Query key: K_B00A949CD8D4,61035.0,65308.0,65.536,context_0000,Answer: ,32,62995,synthetic_kv_64k,3999.98976,4280.025088,3.99998976,['V_38959342A09F']
GB,4.280025088,768B64215E66,61035.0,4.0,0.06542843143259636,Query key: K_5FC6721E8B1F,61035.0,65308.0,65.536,context_0000,Answer: ,32,62995,synthetic_kv_64k,3999.98976,4280.025088,3.99998976,['V_768B64215E66']
GB,4.280025088, V_B0C096ADD4DF,61035.0,4.0,0.06542843143259636,Query key: K_ADF7C5B8386B,61035.0,65308.0,65.536,context_0000,Answer: ,32,62995,synthetic_kv_64k,3999.98976,4280.025088,3.99998976,['V_B0C096ADD4DF']
GB,4.280025088, V_FF69584FC85B,61035.0,4.0,0.06542843143259636,Query key: K_2697801E8690,61035.0,65308.0,65.536,context_0000,Answer: ,32,62995,synthetic_kv_64k,3999.98976,4280.025088,3.99998976,['V_FF69584FC85B']
GB,4.280025088,4BA11AC3BF31,61035.0,4.0,0.06542843143259636,Query key: K_7B960649BCF6,61035.0,65308.0,65.536,context_0000,Answer: ,32,62995,synthetic_kv_64k,3999.98976,4280.025088,3.99998976,['V_4BA11AC3BF31']
GB,4.280025088,15FAF633CC2D,61035.0,4.0,0.06542843143259636,Query key: K_EBA96A7D5D96,61035.0,65308.0,65.536,context_0000,Answer: ,32,62995,synthetic_kv_64k,3999.98976,4280.025088,3.99998976,['V_15FAF633CC2D']
GB,4.280025088, V_BAEBF0D0270F,61035.0,4.0,0.06542843143259636,Query key: K_D4D11DB6B844,61035.0,65308.0,65.536,context_0000,Answer: ,32,62995,synthetic_kv_64k,3999.98976,4280.025088,3.99998976,['V_BAEBF0D0270F']
GB,4.280025088,57D34FD80BBB,61035.0,4.0,0.06542843143259636,Query key: K_592C2444D301,61035.0,65308.0,65.536,context_0000,Answer: ,32,62995,synthetic_kv_64k,3999.98976,4280.025088,3.99998976,['V_57D34FD80BBB']
GB,4.280025088,856734F541C0,61035.0,4.0,0.06542843143259636,Query key: K_C8C57490ADEB,61035.0,65308.0,65.536,context_0000,Answer: ,32,62995,synthetic_kv_64k,3999.98976,4280.025088,3.99998976,['V_856734F541C0']
GB,4.280025088,18FD79E5C9AA,61035.0,4.0,0.06542843143259636,Query key: K_592A7BA109D0,61035.0,65308.0,65.536,context_0000,Answer: ,32,62995,synthetic_kv_64k,3999.98976,4280.025088,3.99998976,['V_18FD79E5C9AA']
GB,4.280025088,73D3B25F13DF,61035.0,4.0,0.06542843143259636,Query key: K_B8D4702BA49F,61035.0,65308.0,65.536,context_0000,Answer: ,32,62995,synthetic_kv_64k,3999.98976,4280.025088,3.99998976,['V_73D3B25F13DF']
GB,4.280025088, V_0B704CDE1B6B,61035.0,4.0,0.06542843143259636,Query key: K_113251A40D2A,61035.0,65308.0,65.536,context_0000,Answer: ,32,62995,synthetic_kv_64k,3999.98976,4280.025088,3.99998976,['V_0B704CDE1B6B']
GB,4.280025088,05C81D763A66,61035.0,4.0,0.06542843143259636,Query key: K_B5F5CF685878,61035.0,65308.0,65.536,context_0000,Answer: ,32,62995,synthetic_kv_64k,3999.98976,4280.025088,3.99998976,['V_05C81D763A66']
GB,4.280025088,1BFFA5E15B55,61035.0,4.0,0.06542843143259636,Query key: K_57D3D963DC72,61035.0,65308.0,65.536,context_0000,Answer: ,32,62995,synthetic_kv_64k,3999.98976,4280.025088,3.99998976,['V_1BFFA5E15B55']
GB,4.280025088, V_EE0F2A131C1F,61035.0,4.0,0.06542843143259636,Query key: K_CCD0AD5900DD,61035.0,65308.0,65.536,context_0000,Answer: ,32,62995,synthetic_kv_64k,3999.98976,4280.025088,3.99998976,['V_EE0F2A131C1F']
GB,4.280025088,84183E711433,61035.0,4.0,0.06542843143259636,Query key: K_BD90FBE0E6B8,61035.0,65308.0,65.536,context_0000,Answer: ,32,62995,synthetic_kv_64k,3999.98976,4280.025088,3.99998976,['V_84183E711433']
GB,4.280025088,54BB28FEA761,61035.0,4.0,0.06542843143259636,Query key: K_8D492CA8F783,61035.0,65308.0,65.536,context_0000,Answer: ,32,62995,synthetic_kv_64k,3999.98976,4280.025088,3.99998976,['V_54BB28FEA761']
GB,4.280025088,7649F55DCE6D,61035.0,4.0,0.06542843143259636,Query key: K_6D268F5242D3,61035.0,65308.0,65.536,context_0000,Answer: ,32,62995,synthetic_kv_64k,3999.98976,4280.025088,3.99998976,['V_7649F55DCE6D']
GB,4.280025088, V_A13767B13040,61035.0,4.0,0.06542843143259636,Query key: K_CC393B5AE288,61035.0,65308.0,65.536,context_0000,Answer: ,32,62995,synthetic_kv_64k,3999.98976,4280.025088,3.99998976,['V_A13767B13040']
GB,4.280025088, V_A845A3F66C61,61035.0,4.0,0.06542843143259636,Query key: K_2FB72F383B43,61035.0,65308.0,65.536,context_0000,Answer: ,32,62995,synthetic_kv_64k,3999.98976,4280.025088,3.99998976,['V_A845A3F66C61']
GB,4.280025088, V_BCC50779250A,61035.0,4.0,0.06542843143259636,Query key: K_65446EA05D13,61035.0,65308.0,65.536,context_0000,Answer: ,32,62995,synthetic_kv_64k,3999.98976,4280.025088,3.99998976,['V_BCC50779250A']
GB,4.280025088,73173283DAA4,61035.0,4.0,0.06542843143259636,Query key: K_E2129D361CB6,61035.0,65308.0,65.536,context_0000,Answer: ,32,62995,synthetic_kv_64k,3999.98976,4280.025088,3.99998976,['V_73173283DAA4']
GB,4.280025088,0123638ABDF6,61035.0,4.0,0.06542843143259636,Query key: K_6DF7979AA051,61035.0,65308.0,65.536,context_0000,Answer: ,32,62995,synthetic_kv_64k,3999.98976,4280.025088,3.99998976,['V_0123638ABDF6']
GB,4.280025088,474134AE4ABD,61035.0,4.0,0.06542843143259636,Query key: K_36FCB4698DB3,61035.0,65308.0,65.536,context_0000,Answer: ,32,62995,synthetic_kv_64k,3999.98976,4280.025088,3.99998976,['V_474134AE4ABD']
GB,4.280025088, V_CBC7CF08EA54,61035.0,4.0,0.06542843143259636,Query key: K_B429C0986750,61035.0,65308.0,65.536,context_0000,Answer: ,32,62995,synthetic_kv_64k,3999.98976,4280.025088,3.99998976,['V_CBC7CF08EA54']
GB,4.280025088, V_CCAC1A0C6C04,61035.0,4.0,0.06542843143259636,Query key: K_93CD10042D82,61035.0,65308.0,65.536,context_0000,Answer: ,32,62995,synthetic_kv_64k,3999.98976,4280.025088,3.99998976,['V_CCAC1A0C6C04']
GB,4.280025088,5DA42FDC9992,61035.0,4.0,0.06542843143259636,Query key: K_8971DF3A098A,61035.0,65308.0,65.536,context_0000,Answer: ,32,62995,synthetic_kv_64k,3999.98976,4280.025088,3.99998976,['V_5DA42FDC9992']
GB,4.280025088,1D2C75220646,61035.0,4.0,0.06542843143259636,Query key: K_32735373BF4D,61035.0,65308.0,65.536,context_0000,Answer: ,32,62995,synthetic_kv_64k,3999.98976,4280.025088,3.99998976,['V_1D2C75220646']
GB,4.280025088, V_7D4EDCD5BFAE,61035.0,4.0,0.06542843143259636,Query key: K_ABB343299780,61035.0,65308.0,65.536,context_0000,Answer: ,32,62995,synthetic_kv_64k,3999.98976,4280.025088,3.99998976,['V_7D4EDCD5BFAE']
GB,4.280025088,503BA39C9EC6,61035.0,4.0,0.06542843143259636,Query key: K_F746871854C1,61035.0,65308.0,65.536,context_0000,Answer: ,32,62995,synthetic_kv_64k,3999.98976,4280.025088,3.99998976,['V_503BA39C9EC6']
GB,4.280025088,647D9C7EB575,61035.0,4.0,0.06542843143259636,Query key: K_637D98D3148B,61035.0,65308.0,65.536,context_0000,Answer: ,32,62995,synthetic_kv_64k,3999.98976,4280.025088,3.99998976,['V_647D9C7EB575']
GB,4.280025088, V_5A1B591196DC,61035.0,4.0,0.06542843143259636,Query key: K_1D3E9645F0E4,61035.0,65308.0,65.536,context_0000,Answer: ,32,62995,synthetic_kv_64k,3999.98976,4280.025088,3.99998976,['V_5A1B591196DC']
GB,4.280025088,2C2A9E0B7B01,61035.0,4.0,0.06542843143259636,Query key: K_7536D873DAD9,61035.0,65308.0,65.536,context_0000,Answer: ,32,62995,synthetic_kv_64k,3999.98976,4280.025088,3.99998976,['V_2C2A9E0B7B01']
GB,4.280025088, V_CCF4B4BBA73F,61035.0,4.0,0.06542843143259636,Query key: K_AC70D051267F,61035.0,65308.0,65.536,context_0000,Answer: ,32,62995,synthetic_kv_64k,3999.98976,4280.025088,3.99998976,['V_CCF4B4BBA73F']
GB,4.280025088,97159D4EDB71,61035.0,4.0,0.06542843143259636,Query key: K_EB2E4C255823,61035.0,65308.0,65.536,context_0000,Answer: ,32,62995,synthetic_kv_64k,3999.98976,4280.025088,3.99998976,['V_97159D4EDB71']
GB,4.280025088,502C224A66A6,61035.0,4.0,0.06542843143259636,Query key: K_AC0F15B24E1D,61035.0,65308.0,65.536,context_0000,Answer: ,32,62995,synthetic_kv_64k,3999.98976,4280.025088,3.99998976,['V_502C224A66A6']
GB,4.280025088,1DF04E2D6255,61035.0,4.0,0.06542843143259636,Query key: K_3D131E2C2E7D,61035.0,65308.0,65.536,context_0000,Answer: ,32,62995,synthetic_kv_64k,3999.98976,4280.025088,3.99998976,['V_1DF04E2D6255']
GB,4.280025088, V_2430B1850EB8,61035.0,4.0,0.06542843143259636,Query key: K_5F902EDC017E,61035.0,65308.0,65.536,context_0000,Answer: ,32,62995,synthetic_kv_64k,3999.98976,4280.025088,3.99998976,['V_2430B1850EB8']
GB,4.280025088,98AF6B11B7CB,61035.0,4.0,0.06542843143259636,Query key: K_637282C56B21,61035.0,65308.0,65.536,context_0000,Answer: ,32,62995,synthetic_kv_64k,3999.98976,4280.025088,3.99998976,['V_98AF6B11B7CB']
GB,4.280025088,6C4C623AD0FC,61035.0,4.0,0.06542843143259636,Query key: K_9326234B4562,61035.0,65308.0,65.536,context_0000,Answer: ,32,62995,synthetic_kv_64k,3999.98976,4280.025088,3.99998976,['V_6C4C623AD0FC']
GB,4.280025088,8991A2B03C4B,61035.0,4.0,0.06542843143259636,Query key: K_7C962F8D8DED,61035.0,65308.0,65.536,context_0000,Answer: ,32,62995,synthetic_kv_64k,3999.98976,4280.025088,3.99998976,['V_8991A2B03C4B']
GB,4.280025088, V_EE42A52FC3EC,61035.0,4.0,0.06542843143259636,Query key: K_EB4EB184D1FC,61035.0,65308.0,65.536,context_0000,Answer: ,32,62995,synthetic_kv_64k,3999.98976,4280.025088,3.99998976,['V_EE42A52FC3EC']
GB,4.280025088,2AB78E0EC033,61035.0,4.0,0.06542843143259636,Query key: K_2C59FFF96ACF,61035.0,65308.0,65.536,context_0000,Answer: ,32,62995,synthetic_kv_64k,3999.98976,4280.025088,3.99998976,['V_2AB78E0EC033']
GB,4.280025088,2FE523EA7956,61035.0,4.0,0.06542843143259636,Query key: K_49F17D592E19,61035.0,65308.0,65.536,context_0000,Answer: ,32,62995,synthetic_kv_64k,3999.98976,4280.025088,3.99998976,['V_2FE523EA7956']
GB,4.280025088, V_9E917374CCBF,61035.0,4.0,0.06542843143259636,Query key: K_D78C508850D3,61035.0,65308.0,65.536,context_0000,Answer: ,32,62995,synthetic_kv_64k,3999.98976,4280.025088,3.99998976,['V_9E917374CCBF']
GB,4.280025088, V_F3AB5BE9FDB3,61035.0,4.0,0.06542843143259636,Query key: K_DD920DB977A9,61035.0,65308.0,65.536,context_0000,Answer: ,32,62995,synthetic_kv_64k,3999.98976,4280.025088,3.99998976,['V_F3AB5BE9FDB3']
GB,4.280025088,31F322F3F068,61035.0,4.0,0.06542843143259636,Query key: K_7C0F02740F73,61035.0,65308.0,65.536,context_0000,Answer: ,32,62995,synthetic_kv_64k,3999.98976,4280.025088,3.99998976,['V_31F322F3F068']
GB,4.280025088,8FC3F6BD80C7,61035.0,4.0,0.06542843143259636,Query key: K_624AD0B1FDE0,61035.0,65308.0,65.536,context_0000,Answer: ,32,62995,synthetic_kv_64k,3999.98976,4280.025088,3.99998976,['V_8FC3F6BD80C7']
GB,4.280025088,68BD7EB6581E,61035.0,4.0,0.06542843143259636,Query key: K_A72F816462CB,61035.0,65308.0,65.536,context_0000,Answer: ,32,62995,synthetic_kv_64k,3999.98976,4280.025088,3.99998976,['V_68BD7EB6581E']
GB,4.280025088, V_B5CB6A66C184,61035.0,4.0,0.06542843143259636,Query key: K_7DE1AF4847F0,61035.0,65308.0,65.536,context_0000,Answer: ,32,62995,synthetic_kv_64k,3999.98976,4280.025088,3.99998976,['V_B5CB6A66C184']
GB,4.280025088,2AD17D1B695E,61035.0,4.0,0.06542843143259636,Query key: K_71A0D703262F,61035.0,65308.0,65.536,context_0000,Answer: ,32,62995,synthetic_kv_64k,3999.98976,4280.025088,3.99998976,['V_2AD17D1B695E']
GB,4.280025088, V_CBBE07E67CB0,61035.0,4.0,0.06542843143259636,Query key: K_90BD1529E6F5,61035.0,65308.0,65.536,context_0000,Answer: ,32,62995,synthetic_kv_64k,3999.98976,4280.025088,3.99998976,['V_CBBE07E67CB0']
GB,4.280025088,085E4AC66780,61035.0,4.0,0.06542843143259636,Query key: K_3874C2D49B56,61035.0,65308.0,65.536,context_0000,Answer: ,32,62995,synthetic_kv_64k,3999.98976,4280.025088,3.99998976,['V_085E4AC66780']
GB,4.280025088,49E689A0B7EB,61035.0,4.0,0.06542843143259636,Query key: K_398F465CC2CB,61035.0,65308.0,65.536,context_0000,Answer: ,32,62995,synthetic_kv_64k,3999.98976,4280.025088,3.99998976,['V_49E689A0B7EB']
GB,4.280025088,90CE751303B9,61035.0,4.0,0.06542843143259636,Query key: K_C7DE2B0FBE44,61035.0,65308.0,65.536,context_0000,Answer: ,32,62995,synthetic_kv_64k,3999.98976,4280.025088,3.99998976,['V_90CE751303B9']
GB,4.280025088, V_7ECCC4134DC2,61035.0,4.0,0.06542843143259636,Query key: K_C5C5BE15AD12,61035.0,65308.0,65.536,context_0000,Answer: ,32,62995,synthetic_kv_64k,3999.98976,4280.025088,3.99998976,['V_7ECCC4134DC2']
GB,4.280025088,929D1CFB655F,61035.0,4.0,0.06542843143259636,Query key: K_82C48CBADAE5,61035.0,65308.0,65.536,context_0000,Answer: ,32,62995,synthetic_kv_64k,3999.98976,4280.025088,3.99998976,['V_929D1CFB655F']
GB,4.280025088, V_8B09C66DCEB3,61035.0,4.0,0.06542843143259636,Query key: K_44941D3CA5A4,61035.0,65308.0,65.536,context_0000,Answer: ,32,62995,synthetic_kv_64k,3999.98976,4280.025088,3.99998976,['V_8B09C66DCEB3']
GB,4.280025088,8AC35DEAA737,61035.0,4.0,0.06542843143259636,Query key: K_FDABD2C2A960,61035.0,65308.0,65.536,context_0000,Answer: ,32,62995,synthetic_kv_64k,3999.98976,4280.025088,3.99998976,['V_8AC35DEAA737']
GB,4.280025088, V_C28F0AA6FCB9,61035.0,4.0,0.06542843143259636,Query key: K_C1BCD296A12D,61035.0,65308.0,65.536,context_0000,Answer: ,32,62995,synthetic_kv_64k,3999.98976,4280.025088,3.99998976,['V_C28F0AA6FCB9']
GB,4.280025088,37F28BDDCEE3,61035.0,4.0,0.06542843143259636,Query key: K_70FDB80F16C5,61035.0,65308.0,65.536,context_0000,Answer: ,32,62995,synthetic_kv_64k,3999.98976,4280.025088,3.99998976,['V_37F28BDDCEE3']
GB,4.280025088, V_BC691A37F6BD,61035.0,4.0,0.06542843143259636,Query key: K_6CD6FD61F13B,61035.0,65308.0,65.536,context_0000,Answer: ,32,62995,synthetic_kv_64k,3999.98976,4280.025088,3.99998976,['V_BC691A37F6BD']
GB,4.280025088,3F5EC0582DA5,61035.0,4.0,0.06542843143259636,Query key: K_A757D47F83B1,61035.0,65308.0,65.536,context_0000,Answer: ,32,62995,synthetic_kv_64k,3999.98976,4280.025088,3.99998976,['V_3F5EC0582DA5']
GB,4.280025088,0840FFD2F491,61035.0,4.0,0.06542843143259636,Query key: K_DFF34C36A70C,61035.0,65308.0,65.536,context_0000,Answer: ,32,62995,synthetic_kv_64k,3999.98976,4280.025088,3.99998976,['V_0840FFD2F491']
GB,4.280025088, V_DCB9593C572B,61035.0,4.0,0.06542843143259636,Query key: K_43477321A8B2,61035.0,65308.0,65.536,context_0000,Answer: ,32,62995,synthetic_kv_64k,3999.98976,4280.025088,3.99998976,['V_DCB9593C572B']
GB,4.280025088, V_DD837066E289,61035.0,4.0,0.06542843143259636,Query key: K_1644D1151FFF,61035.0,65308.0,65.536,context_0000,Answer: ,32,62995,synthetic_kv_64k,3999.98976,4280.025088,3.99998976,['V_DD837066E289']
GB,4.280025088, V_CFD7C68FCBA5,61035.0,4.0,0.06542843143259636,Query key: K_1E0DFE7402CD,61035.0,65308.0,65.536,context_0000,Answer: ,32,62995,synthetic_kv_64k,3999.98976,4280.025088,3.99998976,['V_CFD7C68FCBA5']
GB,4.280025088, V_BCD4CF8A368E,61035.0,4.0,0.06542843143259636,Query key: K_35BA3CA87F31,61035.0,65308.0,65.536,context_0000,Answer: ,32,62995,synthetic_kv_64k,3999.98976,4280.025088,3.99998976,['V_BCD4CF8A368E']
GB,4.280025088, V_DC6D59C2F153,61035.0,4.0,0.06542843143259636,Query key: K_B06B96822E22,61035.0,65308.0,65.536,context_0000,Answer: ,32,62995,synthetic_kv_64k,3999.98976,4280.025088,3.99998976,['V_DC6D59C2F153']
GB,4.280025088,6D9CA1FD4187,61035.0,4.0,0.06542843143259636,Query key: K_9C3AB5F3F8AA,61035.0,65308.0,65.536,context_0000,Answer: ,32,62995,synthetic_kv_64k,3999.98976,4280.025088,3.99998976,['V_6D9CA1FD4187']
GB,4.280025088, V_C8EB23A4E70E,61035.0,4.0,0.06542843143259636,Query key: K_9DBC2A7DC57C,61035.0,65308.0,65.536,context_0000,Answer: ,32,62995,synthetic_kv_64k,3999.98976,4280.025088,3.99998976,['V_C8EB23A4E70E']
GB,4.280025088, V_CE3134FA32B6,61035.0,4.0,0.06542843143259636,Query key: K_D04334E50699,61035.0,65308.0,65.536,context_0000,Answer: ,32,62995,synthetic_kv_64k,3999.98976,4280.025088,3.99998976,['V_CE3134FA32B6']
GB,4.280025088, V_884359CF0B0D,61035.0,4.0,0.06542843143259636,Query key: K_91F00F321333,61035.0,65308.0,65.536,context_0000,Answer: ,32,62995,synthetic_kv_64k,3999.98976,4280.025088,3.99998976,['V_884359CF0B0D']
GB,4.280025088,2B1A89ECBC51,61035.0,4.0,0.06542843143259636,Query key: K_98CB47F53019,61035.0,65308.0,65.536,context_0000,Answer: ,32,62995,synthetic_kv_64k,3999.98976,4280.025088,3.99998976,['V_2B1A89ECBC51']
GB,4.280025088,4AEAB43CDE0A,61035.0,4.0,0.06542843143259636,Query key: K_FA9F52DAF681,61035.0,65308.0,65.536,context_0000,Answer: ,32,62995,synthetic_kv_64k,3999.98976,4280.025088,3.99998976,['V_4AEAB43CDE0A']
GB,4.280025088, V_F3D044709848,61035.0,4.0,0.06542843143259636,Query key: K_929E4A11BE44,61035.0,65308.0,65.536,context_0000,Answer: ,32,62995,synthetic_kv_64k,3999.98976,4280.025088,3.99998976,['V_F3D044709848']
GB,4.280025088, V_E670FC48F615,61035.0,4.0,0.06542843143259636,Query key: K_83B0DBA6FDF8,61035.0,65308.0,65.536,context_0000,Answer: ,32,62995,synthetic_kv_64k,3999.98976,4280.025088,3.99998976,['V_E670FC48F615']
GB,4.280025088,22B51860AD28,61035.0,4.0,0.06542843143259636,Query key: K_D0AFADE68F51,61035.0,65308.0,65.536,context_0000,Answer: ,32,62995,synthetic_kv_64k,3999.98976,4280.025088,3.99998976,['V_22B51860AD28']
GB,4.280025088,695EC9230C64,61035.0,4.0,0.06542843143259636,Query key: K_C006F67839B2,61035.0,65308.0,65.536,context_0000,Answer: ,32,62995,synthetic_kv_64k,3999.98976,4280.025088,3.99998976,['V_695EC9230C64']
GB,4.280025088,46FEFE1393CD,61035.0,4.0,0.06542843143259636,Query key: K_0F2DEB346D3A,61035.0,65308.0,65.536,context_0000,Answer: ,32,62995,synthetic_kv_64k,3999.98976,4280.025088,3.99998976,['V_46FEFE1393CD']
GB,4.280025088, V_B390207BBE21,61035.0,4.0,0.06542843143259636,Query key: K_A7E8DDF6D4AC,61035.0,65308.0,65.536,context_0000,Answer: ,32,62995,synthetic_kv_64k,3999.98976,4280.025088,3.99998976,['V_B390207BBE21']
GB,4.280025088,25703FEAD90A,61035.0,4.0,0.06542843143259636,Query key: K_21F8DDB7570E,61035.0,65308.0,65.536,context_0000,Answer: ,32,62995,synthetic_kv_64k,3999.98976,4280.025088,3.99998976,['V_25703FEAD90A']
GB,4.280025088,3F5FD4176230,61035.0,4.0,0.06542843143259636,Query key: K_5274B61DF906,61035.0,65308.0,65.536,context_0000,Answer: ,32,62995,synthetic_kv_64k,3999.98976,4280.025088,3.99998976,['V_3F5FD4176230']
GB,4.280025088,6488AD1DB537,61035.0,4.0,0.06542843143259636,Query key: K_D7F3C2EFEECB,61035.0,65308.0,65.536,context_0000,Answer: ,32,62995,synthetic_kv_64k,3999.98976,4280.025088,3.99998976,['V_6488AD1DB537']
GB,4.280025088, V_A1E593D228D4,61035.0,4.0,0.06542843143259636,Query key: K_24657D4D2ADD,61035.0,65308.0,65.536,context_0000,Answer: ,32,62995,synthetic_kv_64k,3999.98976,4280.025088,3.99998976,['V_A1E593D228D4']
GB,4.280025088, V_600B6A0AA7D5,61035.0,4.0,0.06542843143259636,Query key: K_A0B844CAA5A2,61035.0,65308.0,65.536,context_0000,Answer: ,32,62995,synthetic_kv_64k,3999.98976,4280.025088,3.99998976,['V_600B6A0AA7D5']
GB,4.280025088, V_CB6AA2356DD4,61035.0,4.0,0.06542843143259636,Query key: K_135573B5BAD5,61035.0,65308.0,65.536,context_0000,Answer: ,32,62995,synthetic_kv_64k,3999.98976,4280.025088,3.99998976,['V_CB6AA2356DD4']
GB,4.280025088,672117D50F59,61035.0,4.0,0.06542843143259636,Query key: K_C4D5E14FE093,61035.0,65308.0,65.536,context_0000,Answer: ,32,62995,synthetic_kv_64k,3999.98976,4280.025088,3.99998976,['V_672117D50F59']
GB,4.280025088, V_B1D84739CC7B,61035.0,4.0,0.06542843143259636,Query key: K_BFF383FF3E96,61035.0,65308.0,65.536,context_0000,Answer: ,32,62995,synthetic_kv_64k,3999.98976,4280.025088,3.99998976,['V_B1D84739CC7B']
GB,4.280025088,74665E7B72C8,61035.0,4.0,0.06542843143259636,Query key: K_E097EFB3B939,61035.0,65308.0,65.536,context_0000,Answer: ,32,62995,synthetic_kv_64k,3999.98976,4280.025088,3.99998976,['V_74665E7B72C8']
GB,4.280025088,94FB53C93AE7,61035.0,4.0,0.06542843143259636,Query key: K_7CF0F343D9EB,61035.0,65308.0,65.536,context_0000,Answer: ,32,62995,synthetic_kv_64k,3999.98976,4280.025088,3.99998976,['V_94FB53C93AE7']
GB,4.280025088, V_D8DFC62DBAEA,61035.0,4.0,0.06542843143259636,Query key: K_DE7000A21367,61035.0,65308.0,65.536,context_0000,Answer: ,32,62995,synthetic_kv_64k,3999.98976,4280.025088,3.99998976,['V_D8DFC62DBAEA']
GB,4.280025088, V_F8DEBB1E5AE8,61035.0,4.0,0.06542843143259636,Query key: K_17D8BB93CD40,61035.0,65308.0,65.536,context_0000,Answer: ,32,62995,synthetic_kv_64k,3999.98976,4280.025088,3.99998976,['V_F8DEBB1E5AE8']
GB,4.280025088, V_B281AA055442,61035.0,4.0,0.06542843143259636,Query key: K_A284755CEE2A,61035.0,65308.0,65.536,context_0000,Answer: ,32,62995,synthetic_kv_64k,3999.98976,4280.025088,3.99998976,['V_B281AA055442']
GB,4.280025088, V_CBB11036708D,61035.0,4.0,0.06542843143259636,Query key: K_D9A05BB47C18,61035.0,65308.0,65.536,context_0000,Answer: ,32,62995,synthetic_kv_64k,3999.98976,4280.025088,3.99998976,['V_CBB11036708D']
GB,4.280025088, V_F7D737C3B3C9,61035.0,4.0,0.06542843143259636,Query key: K_65D088D00ABD,61035.0,65308.0,65.536,context_0000,Answer: ,32,62995,synthetic_kv_64k,3999.98976,4280.025088,3.99998976,['V_F7D737C3B3C9']
GB,4.280025088,7EA5363BE5CB,61035.0,4.0,0.06542843143259636,Query key: K_D3296DFD171A,61035.0,65308.0,65.536,context_0000,Answer: ,32,62995,synthetic_kv_64k,3999.98976,4280.025088,3.99998976,['V_7EA5363BE5CB']
GB,4.280025088,4899D40E53CE,61035.0,4.0,0.06542843143259636,Query key: K_52A744BED486,61035.0,65308.0,65.536,context_0000,Answer: ,32,62995,synthetic_kv_64k,3999.98976,4280.025088,3.99998976,['V_4899D40E53CE']
GB,4.280025088,216E93F37596,61035.0,4.0,0.06542843143259636,Query key: K_8C1C56771F36,61035.0,65308.0,65.536,context_0000,Answer: ,32,62995,synthetic_kv_64k,3999.98976,4280.025088,3.99998976,['V_216E93F37596']
GB,4.280025088, V_C9CE7C3F1ADD,61035.0,4.0,0.06542843143259636,Query key: K_DA3890EEB067,61035.0,65308.0,65.536,context_0000,Answer: ,32,62995,synthetic_kv_64k,3999.98976,4280.025088,3.99998976,['V_C9CE7C3F1ADD']
GB,4.280025088, V_C323AEBBB90E,61035.0,4.0,0.06542843143259636,Query key: K_E4E757FF51D9,61035.0,65308.0,65.536,context_0000,Answer: ,32,62995,synthetic_kv_64k,3999.98976,4280.025088,3.99998976,['V_C323AEBBB90E']
GB,4.280025088, V_A04D197DBAE1,61035.0,4.0,0.06542843143259636,Query key: K_0BC20C648CA2,61035.0,65308.0,65.536,context_0000,Answer: ,32,62995,synthetic_kv_64k,3999.98976,4280.025088,3.99998976,['V_A04D197DBAE1']
GB,4.280025088,042B75A72686,61035.0,4.0,0.06542843143259636,Query key: K_D632C8ACFFCF,61035.0,65308.0,65.536,context_0000,Answer: ,32,62995,synthetic_kv_64k,3999.98976,4280.025088,3.99998976,['V_042B75A72686']
GB,4.280025088,2871DB8F0E32,61035.0,4.0,0.06542843143259636,Query key: K_EDEF1FCE01E3,61035.0,65308.0,65.536,context_0000,Answer: ,32,62995,synthetic_kv_64k,3999.98976,4280.025088,3.99998976,['V_2871DB8F0E32']
GB,4.280025088, V_FDE9002C4C22,61035.0,4.0,0.06542843143259636,Query key: K_74DE70F81DBA,61035.0,65308.0,65.536,context_0000,Answer: ,32,62995,synthetic_kv_64k,3999.98976,4280.025088,3.99998976,['V_FDE9002C4C22']
GB,4.280025088, V_FEE533CB202E,61035.0,4.0,0.06542843143259636,Query key: K_6D84F54191EA,61035.0,65308.0,65.536,context_0000,Answer: ,32,62995,synthetic_kv_64k,3999.98976,4280.025088,3.99998976,['V_FEE533CB202E']
GB,4.280025088, V_E1D421C50E41,61035.0,4.0,0.06542843143259636,Query key: K_E8CEB0478EA4,61035.0,65308.0,65.536,context_0000,Answer: ,32,62995,synthetic_kv_64k,3999.98976,4280.025088,3.99998976,['V_E1D421C50E41']
GB,4.280025088, V_DFDA28B2BF21,61035.0,4.0,0.06542843143259636,Query key: K_4D47A6663769,61035.0,65308.0,65.536,context_0000,Answer: ,32,62995,synthetic_kv_64k,3999.98976,4280.025088,3.99998976,['V_DFDA28B2BF21']
GB,4.280025088,17E5462623BE,61035.0,4.0,0.06542843143259636,Query key: K_E068EEC71A30,61035.0,65308.0,65.536,context_0000,Answer: ,32,62995,synthetic_kv_64k,3999.98976,4280.025088,3.99998976,['V_17E5462623BE']
GB,4.280025088,151940198303,61035.0,4.0,0.06542843143259636,Query key: K_5C45A79313B8,61035.0,65308.0,65.536,context_0000,Answer: ,32,62995,synthetic_kv_64k,3999.98976,4280.025088,3.99998976,['V_151940198303']
GB,4.280025088, V_A61FE75F745A,61035.0,4.0,0.06542843143259636,Query key: K_AA1D5F31273D,61035.0,65308.0,65.536,context_0000,Answer: ,32,62995,synthetic_kv_64k,3999.98976,4280.025088,3.99998976,['V_A61FE75F745A']
GB,4.280025088, V_A0276576A410,61035.0,4.0,0.06542843143259636,Query key: K_0D412A5FDA18,61035.0,65308.0,65.536,context_0000,Answer: ,32,62995,synthetic_kv_64k,3999.98976,4280.025088,3.99998976,['V_A0276576A410']
GB,4.280025088, V_C156B30E96E8,61035.0,4.0,0.06542843143259636,Query key: K_B9DA4E35DA80,61035.0,65308.0,65.536,context_0000,Answer: ,32,62995,synthetic_kv_64k,3999.98976,4280.025088,3.99998976,['V_C156B30E96E8']
GB,4.280025088,1758A7CDE143,61035.0,4.0,0.06542843143259636,Query key: K_6DE23BF0D9C1,61035.0,65308.0,65.536,context_0000,Answer: ,32,62995,synthetic_kv_64k,3999.98976,4280.025088,3.99998976,['V_1758A7CDE143']
GB,4.280025088,36A200473139,61035.0,4.0,0.06542843143259636,Query key: K_185DB4258E19,61035.0,65308.0,65.536,context_0000,Answer: ,32,62995,synthetic_kv_64k,3999.98976,4280.025088,3.99998976,['V_36A200473139']
GB,4.280025088,97FB21F89D06,61035.0,4.0,0.06542843143259636,Query key: K_13F37A10013F,61035.0,65308.0,65.536,context_0000,Answer: ,32,62995,synthetic_kv_64k,3999.98976,4280.025088,3.99998976,['V_97FB21F89D06']
GB,4.280025088,71EFAE13591E,61035.0,4.0,0.06542843143259636,Query key: K_84FA39E7A4F1,61035.0,65308.0,65.536,context_0000,Answer: ,32,62995,synthetic_kv_64k,3999.98976,4280.025088,3.99998976,['V_71EFAE13591E']
GB,4.280025088, V_57F4B212A6EE,61035.0,4.0,0.06542843143259636,Query key: K_02100260A123,61035.0,65308.0,65.536,context_0000,Answer: ,32,62995,synthetic_kv_64k,3999.98976,4280.025088,3.99998976,['V_57F4B212A6EE']
GB,4.280025088, V_DC3FFCF7B842,61035.0,4.0,0.06542843143259636,Query key: K_1EDFD12E0EB5,61035.0,65308.0,65.536,context_0000,Answer: ,32,62995,synthetic_kv_64k,3999.98976,4280.025088,3.99998976,['V_DC3FFCF7B842']
GB,4.280025088,7A4A21D63B0F,61035.0,4.0,0.06542843143259636,Query key: K_B1AC6C1CC405,61035.0,65308.0,65.536,context_0000,Answer: ,32,62995,synthetic_kv_64k,3999.98976,4280.025088,3.99998976,['V_7A4A21D63B0F']
GB,4.280025088,16DE6210DEF6,61035.0,4.0,0.06542843143259636,Query key: K_3A9C1221CDDF,61035.0,65308.0,65.536,context_0000,Answer: ,32,62995,synthetic_kv_64k,3999.98976,4280.025088,3.99998976,['V_16DE6210DEF6']
GB,4.280025088,1A6B1A38AAD6,61035.0,4.0,0.06542843143259636,Query key: K_CE53BB134F02,61035.0,65308.0,65.536,context_0000,Answer: ,32,62995,synthetic_kv_64k,3999.98976,4280.025088,3.99998976,['V_1A6B1A38AAD6']
GB,4.280025088,4C9BE1887EAF,61035.0,4.0,0.06542843143259636,Query key: K_5E185037CD6B,61035.0,65308.0,65.536,context_0000,Answer: ,32,62995,synthetic_kv_64k,3999.98976,4280.025088,3.99998976,['V_4C9BE1887EAF']
GB,4.280025088, V_D038C601818B,61035.0,4.0,0.06542843143259636,Query key: K_61FA231AE7C7,61035.0,65308.0,65.536,context_0000,Answer: ,32,62995,synthetic_kv_64k,3999.98976,4280.025088,3.99998976,['V_D038C601818B']
GB,4.280025088, V_A43E2215DF00,61035.0,4.0,0.06542843143259636,Query key: K_DFDFC0CEF31B,61035.0,65308.0,65.536,context_0000,Answer: ,32,62995,synthetic_kv_64k,3999.98976,4280.025088,3.99998976,['V_A43E2215DF00']
GB,4.280025088,1183249204C7,61035.0,4.0,0.06542843143259636,Query key: K_AD58FE31537A,61035.0,65308.0,65.536,context_0000,Answer: ,32,62995,synthetic_kv_64k,3999.98976,4280.025088,3.99998976,['V_1183249204C7']
GB,4.280025088,9C3D022B6683,61035.0,4.0,0.06542843143259636,Query key: K_903387CF63FD,61035.0,65308.0,65.536,context_0000,Answer: ,32,62995,synthetic_kv_64k,3999.98976,4280.025088,3.99998976,['V_9C3D022B6683']
GB,4.280025088,59E770AA5B0D,61035.0,4.0,0.06542843143259636,Query key: K_2A03A667B982,61035.0,65308.0,65.536,context_0000,Answer: ,32,62995,synthetic_kv_64k,3999.98976,4280.025088,3.99998976,['V_59E770AA5B0D']
GB,4.280025088, V_BF8EA0C9DA72,61035.0,4.0,0.06542843143259636,Query key: K_368AB8F14E3C,61035.0,65308.0,65.536,context_0000,Answer: ,32,62995,synthetic_kv_64k,3999.98976,4280.025088,3.99998976,['V_BF8EA0C9DA72']
GB,4.280025088,9DB76965D1D1,61035.0,4.0,0.06542843143259636,Query key: K_EB7E26C0747E,61035.0,65308.0,65.536,context_0000,Answer: ,32,62995,synthetic_kv_64k,3999.98976,4280.025088,3.99998976,['V_9DB76965D1D1']
GB,4.280025088,379DDC268108,61035.0,4.0,0.06542843143259636,Query key: K_7140AFC2CCFC,61035.0,65308.0,65.536,context_0000,Answer: ,32,62995,synthetic_kv_64k,3999.98976,4280.025088,3.99998976,['V_379DDC268108']
GB,4.280025088,23D719B814FC,61035.0,4.0,0.06542843143259636,Query key: K_E58716312FC6,61035.0,65308.0,65.536,context_0000,Answer: ,32,62995,synthetic_kv_64k,3999.98976,4280.025088,3.99998976,['V_23D719B814FC']
GB,4.280025088, V_BAE196EE50E5,61035.0,4.0,0.06542843143259636,Query key: K_1F87C0A0473A,61035.0,65308.0,65.536,context_0000,Answer: ,32,62995,synthetic_kv_64k,3999.98976,4280.025088,3.99998976,['V_BAE196EE50E5']
GB,4.280025088,6DECF69777A1,61035.0,4.0,0.06542843143259636,Query key: K_59FE624FEA4B,61035.0,65308.0,65.536,context_0000,Answer: ,32,62995,synthetic_kv_64k,3999.98976,4280.025088,3.99998976,['V_6DECF69777A1']
GB,4.280025088,3F6E23CBE943,61035.0,4.0,0.06542843143259636,Query key: K_CA8450834FEF,61035.0,65308.0,65.536,context_0000,Answer: ,32,62995,synthetic_kv_64k,3999.98976,4280.025088,3.99998976,['V_3F6E23CBE943']
GB,4.280025088,3F87159152F2,61035.0,4.0,0.06542843143259636,Query key: K_A50546E75A2C,61035.0,65308.0,65.536,context_0000,Answer: ,32,62995,synthetic_kv_64k,3999.98976,4280.025088,3.99998976,['V_3F87159152F2']
GB,4.280025088, V_B89F999A1D86,61035.0,4.0,0.06542843143259636,Query key: K_99DB8DAB66D3,61035.0,65308.0,65.536,context_0000,Answer: ,32,62995,synthetic_kv_64k,3999.98976,4280.025088,3.99998976,['V_B89F999A1D86']
GB,4.280025088, V_F0F7C76A8E0F,61035.0,4.0,0.06542843143259636,Query key: K_48F09B8B38AE,61035.0,65308.0,65.536,context_0000,Answer: ,32,62995,synthetic_kv_64k,3999.98976,4280.025088,3.99998976,['V_F0F7C76A8E0F']
GB,4.280025088, V_D8D9D90F74E9,61035.0,4.0,0.06542843143259636,Query key: K_06DDB0C30A59,61035.0,65308.0,65.536,context_0000,Answer: ,32,62995,synthetic_kv_64k,3999.98976,4280.025088,3.99998976,['V_D8D9D90F74E9']
GB,4.280025088,34984D38E415,61035.0,4.0,0.06542843143259636,Query key: K_E036A88D4108,61035.0,65308.0,65.536,context_0000,Answer: ,32,62995,synthetic_kv_64k,3999.98976,4280.025088,3.99998976,['V_34984D38E415']
GB,4.280025088,304B82701238,61035.0,4.0,0.06542843143259636,Query key: K_9B5F848B34F0,61035.0,65308.0,65.536,context_0000,Answer: ,32,62995,synthetic_kv_64k,3999.98976,4280.025088,3.99998976,['V_304B82701238']
GB,4.280025088, V_A56B4BA8A4CA,61035.0,4.0,0.06542843143259636,Query key: K_6449BF72AE52,61035.0,65308.0,65.536,context_0000,Answer: ,32,62995,synthetic_kv_64k,3999.98976,4280.025088,3.99998976,['V_A56B4BA8A4CA']
GB,4.280025088, V_CB35E5DD98F1,61035.0,4.0,0.06542843143259636,Query key: K_C8A70DF83E12,61035.0,65308.0,65.536,context_0000,Answer: ,32,62995,synthetic_kv_64k,3999.98976,4280.025088,3.99998976,['V_CB35E5DD98F1']
GB,4.280025088, V_62C97EB0F62A,61035.0,4.0,0.06542843143259636,Query key: K_3D45F4655A21,61035.0,65308.0,65.536,context_0000,Answer: ,32,62995,synthetic_kv_64k,3999.98976,4280.025088,3.99998976,['V_62C97EB0F62A']
GB,4.280025088, V_A3597FE4A42E,61035.0,4.0,0.06542843143259636,Query key: K_3DB71CDCC4C2,61035.0,65308.0,65.536,context_0000,Answer: ,32,62995,synthetic_kv_64k,3999.98976,4280.025088,3.99998976,['V_A3597FE4A42E']
GB,4.280025088, V_E383873DC8BD,61035.0,4.0,0.06542843143259636,Query key: K_122D980BC81E,61035.0,65308.0,65.536,context_0000,Answer: ,32,62995,synthetic_kv_64k,3999.98976,4280.025088,3.99998976,['V_E383873DC8BD']
GB,4.280025088, V_5C70FCA45567,61035.0,4.0,0.06542843143259636,Query key: K_0316FA4A58EF,61035.0,65308.0,65.536,context_0000,Answer: ,32,62995,synthetic_kv_64k,3999.98976,4280.025088,3.99998976,['V_5C70FCA45567']
GB,4.280025088, V_630721C9A15D,61035.0,4.0,0.06542843143259636,Query key: K_5104EF15AB72,61035.0,65308.0,65.536,context_0000,Answer: ,32,62995,synthetic_kv_64k,3999.98976,4280.025088,3.99998976,['V_630721C9A15D']
GB,4.280025088,6BBD91816091,61035.0,4.0,0.06542843143259636,Query key: K_D6C6DC5E4E78,61035.0,65308.0,65.536,context_0000,Answer: ,32,62995,synthetic_kv_64k,3999.98976,4280.025088,3.99998976,['V_6BBD91816091']
GB,4.280025088,2C3AAED54A46,61035.0,4.0,0.06542843143259636,Query key: K_8BDE5D8BABD7,61035.0,65308.0,65.536,context_0000,Answer: ,32,62995,synthetic_kv_64k,3999.98976,4280.025088,3.99998976,['V_2C3AAED54A46']
GB,4.280025088, V_FCC4F45707C6,61035.0,4.0,0.06542843143259636,Query key: K_7894C34201DB,61035.0,65308.0,65.536,context_0000,Answer: ,32,62995,synthetic_kv_64k,3999.98976,4280.025088,3.99998976,['V_FCC4F45707C6']
GB,4.280025088,965D0445C1A8,61035.0,4.0,0.06542843143259636,Query key: K_12AFC536C66E,61035.0,65308.0,65.536,context_0000,Answer: ,32,62995,synthetic_kv_64k,3999.98976,4280.025088,3.99998976,['V_965D0445C1A8']
GB,4.280025088,373A431E930F,61035.0,4.0,0.06542843143259636,Query key: K_03871149D096,61035.0,65308.0,65.536,context_0000,Answer: ,32,62995,synthetic_kv_64k,3999.98976,4280.025088,3.99998976,['V_373A431E930F']
GB,4.280025088, V_F2DC0F7AE302,61035.0,4.0,0.06542843143259636,Query key: K_EC2E0A3217D2,61035.0,65308.0,65.536,context_0000,Answer: ,32,62995,synthetic_kv_64k,3999.98976,4280.025088,3.99998976,['V_F2DC0F7AE302']
GB,4.280025088,495781B13B80,61035.0,4.0,0.06542843143259636,Query key: K_65E1CA0EE8C4,61035.0,65308.0,65.536,context_0000,Answer: ,32,62995,synthetic_kv_64k,3999.98976,4280.025088,3.99998976,['V_495781B13B80']
GB,4.280025088, V_C4618044BEB2,61035.0,4.0,0.06542843143259636,Query key: K_B66EA0EA0251,61035.0,65308.0,65.536,context_0000,Answer: ,32,62995,synthetic_kv_64k,3999.98976,4280.025088,3.99998976,['V_C4618044BEB2']
GB,4.280025088,66FBB3A9DCAA,61035.0,4.0,0.06542843143259636,Query key: K_6C6F6A59C043,61035.0,65308.0,65.536,context_0000,Answer: ,32,62995,synthetic_kv_64k,3999.98976,4280.025088,3.99998976,['V_66FBB3A9DCAA']
GB,4.280025088,89A3895C4FDE,61035.0,4.0,0.06542843143259636,Query key: K_A3FA1519FD38,61035.0,65308.0,65.536,context_0000,Answer: ,32,62995,synthetic_kv_64k,3999.98976,4280.025088,3.99998976,['V_89A3895C4FDE']
GB,4.280025088,15664708203B,61035.0,4.0,0.06542843143259636,Query key: K_27169DB54283,61035.0,65308.0,65.536,context_0000,Answer: ,32,62995,synthetic_kv_64k,3999.98976,4280.025088,3.99998976,['V_15664708203B']
GB,4.280025088, V_EBC182E4DD4A,61035.0,4.0,0.06542843143259636,Query key: K_143A4F560ED5,61035.0,65308.0,65.536,context_0000,Answer: ,32,62995,synthetic_kv_64k,3999.98976,4280.025088,3.99998976,['V_EBC182E4DD4A']
GB,4.280025088,27C6CEDD069D,61035.0,4.0,0.06542843143259636,Query key: K_F96C3404C02A,61035.0,65308.0,65.536,context_0000,Answer: ,32,62995,synthetic_kv_64k,3999.98976,4280.025088,3.99998976,['V_27C6CEDD069D']
GB,4.280025088,96206406FACE,61035.0,4.0,0.06542843143259636,Query key: K_53A58950DDD6,61035.0,65308.0,65.536,context_0000,Answer: ,32,62995,synthetic_kv_64k,3999.98976,4280.025088,3.99998976,['V_96206406FACE']
GB,4.280025088, V_A65BD5A386D9,61035.0,4.0,0.06542843143259636,Query key: K_C362A2611B8D,61035.0,65308.0,65.536,context_0000,Answer: ,32,62995,synthetic_kv_64k,3999.98976,4280.025088,3.99998976,['V_A65BD5A386D9']
GB,4.280025088,4F6710ECEB1F,61035.0,4.0,0.06542843143259636,Query key: K_A4A5AE59AA52,61035.0,65308.0,65.536,context_0000,Answer: ,32,62995,synthetic_kv_64k,3999.98976,4280.025088,3.99998976,['V_4F6710ECEB1F']
GB,4.280025088, V_F413BADE8D5D,61035.0,4.0,0.06542843143259636,Query key: K_6FFFB2DC6C34,61035.0,65308.0,65.536,context_0000,Answer: ,32,62995,synthetic_kv_64k,3999.98976,4280.025088,3.99998976,['V_F413BADE8D5D']
GB,4.280025088,3E960ED2EC9D,61035.0,4.0,0.06542843143259636,Query key: K_3D17D8B22277,61035.0,65308.0,65.536,context_0000,Answer: ,32,62995,synthetic_kv_64k,3999.98976,4280.025088,3.99998976,['V_3E960ED2EC9D']
GB,4.280025088,1DB16F3A5115,61035.0,4.0,0.06542843143259636,Query key: K_ECB416120AA6,61035.0,65308.0,65.536,context_0000,Answer: ,32,62995,synthetic_kv_64k,3999.98976,4280.025088,3.99998976,['V_1DB16F3A5115']
GB,4.280025088,0E169BDC70D1,61035.0,4.0,0.06542843143259636,Query key: K_9CBF74102D5D,61035.0,65308.0,65.536,context_0000,Answer: ,32,62995,synthetic_kv_64k,3999.98976,4280.025088,3.99998976,['V_0E169BDC70D1']
GB,4.280025088, V_A876BDDFA03A,61035.0,4.0,0.06542843143259636,Query key: K_AA844F2DA233,61035.0,65308.0,65.536,context_0000,Answer: ,32,62995,synthetic_kv_64k,3999.98976,4280.025088,3.99998976,['V_A876BDDFA03A']
GB,4.280025088,033E1E93D127,61035.0,4.0,0.06542843143259636,Query key: K_2CF7BD9BC648,61035.0,65308.0,65.536,context_0000,Answer: ,32,62995,synthetic_kv_64k,3999.98976,4280.025088,3.99998976,['V_033E1E93D127']
GB,4.280025088,02E7B3957A98,61035.0,4.0,0.06542843143259636,Query key: K_2320B538F96C,61035.0,65308.0,65.536,context_0000,Answer: ,32,62995,synthetic_kv_64k,3999.98976,4280.025088,3.99998976,['V_02E7B3957A98']
GB,4.280025088,58C1F3F8DEA4,61035.0,4.0,0.06542843143259636,Query key: K_7F1429F0EF7C,61035.0,65308.0,65.536,context_0000,Answer: ,32,62995,synthetic_kv_64k,3999.98976,4280.025088,3.99998976,['V_58C1F3F8DEA4']
GB,4.280025088, V_D28FC871D7B3,61035.0,4.0,0.06542843143259636,Query key: K_846885E3ADE5,61035.0,65308.0,65.536,context_0000,Answer: ,32,62995,synthetic_kv_64k,3999.98976,4280.025088,3.99998976,['V_D28FC871D7B3']
GB,4.280025088, V_5F322ABE1585,61035.0,4.0,0.06542843143259636,Query key: K_425EB88416D2,61035.0,65308.0,65.536,context_0000,Answer: ,32,62995,synthetic_kv_64k,3999.98976,4280.025088,3.99998976,['V_5F322ABE1585']
GB,4.280025088, V_DF9BC7F7BDA1,61035.0,4.0,0.06542843143259636,Query key: K_BFF1207E863F,61035.0,65308.0,65.536,context_0000,Answer: ,32,62995,synthetic_kv_64k,3999.98976,4280.025088,3.99998976,['V_DF9BC7F7BDA1']
GB,4.280025088,1E38E2EC13F4,61035.0,4.0,0.06542843143259636,Query key: K_BBA144CDBFDD,61035.0,65308.0,65.536,context_0000,Answer: ,32,62995,synthetic_kv_64k,3999.98976,4280.025088,3.99998976,['V_1E38E2EC13F4']
GB,4.280025088,55C30783E43C,61035.0,4.0,0.06542843143259636,Query key: K_E65FC57C7498,61035.0,65308.0,65.536,context_0000,Answer: ,32,62995,synthetic_kv_64k,3999.98976,4280.025088,3.99998976,['V_55C30783E43C']
GB,4.280025088,861B45A08539,61035.0,4.0,0.06542843143259636,Query key: K_6DE8CE9E9EBD,61035.0,65308.0,65.536,context_0000,Answer: ,32,62995,synthetic_kv_64k,3999.98976,4280.025088,3.99998976,['V_861B45A08539']
GB,4.280025088, V_F99CB65AD0F1,61035.0,4.0,0.06542843143259636,Query key: K_43501059EA28,61035.0,65308.0,65.536,context_0000,Answer: ,32,62995,synthetic_kv_64k,3999.98976,4280.025088,3.99998976,['V_F99CB65AD0F1']
GB,4.280025088, V_7F0313BADC91,61035.0,4.0,0.06542843143259636,Query key: K_A0A5939F71A2,61035.0,65308.0,65.536,context_0000,Answer: ,32,62995,synthetic_kv_64k,3999.98976,4280.025088,3.99998976,['V_7F0313BADC91']
GB,4.280025088,0E315C311464,61035.0,4.0,0.06542843143259636,Query key: K_82C27487D772,61035.0,65308.0,65.536,context_0000,Answer: ,32,62995,synthetic_kv_64k,3999.98976,4280.025088,3.99998976,['V_0E315C311464']
GB,4.280025088,2AB8911F730B,61035.0,4.0,0.06542843143259636,Query key: K_DBFF7FE670F3,61035.0,65308.0,65.536,context_0000,Answer: ,32,62995,synthetic_kv_64k,3999.98976,4280.025088,3.99998976,['V_2AB8911F730B']
GB,4.280025088, V_C5F8414F4994,61035.0,4.0,0.06542843143259636,Query key: K_28455E20C957,61035.0,65308.0,65.536,context_0000,Answer: ,32,62995,synthetic_kv_64k,3999.98976,4280.025088,3.99998976,['V_C5F8414F4994']
GB,4.280025088, V_AC9392EBEAB0,61035.0,4.0,0.06542843143259636,Query key: K_E4EE1A57F9E4,61035.0,65308.0,65.536,context_0000,Answer: ,32,62995,synthetic_kv_64k,3999.98976,4280.025088,3.99998976,['V_AC9392EBEAB0']
GB,4.280025088, V_BDA33A78B64A,61035.0,4.0,0.06542843143259636,Query key: K_1D86B90800F3,61035.0,65308.0,65.536,context_0000,Answer: ,32,62995,synthetic_kv_64k,3999.98976,4280.025088,3.99998976,['V_BDA33A78B64A']
GB,4.280025088, V_DBD30B461173,61035.0,4.0,0.06542843143259636,Query key: K_00A882425912,61035.0,65308.0,65.536,context_0000,Answer: ,32,62995,synthetic_kv_64k,3999.98976,4280.025088,3.99998976,['V_DBD30B461173']
GB,4.280025088,0BC53E9AEC86,61035.0,4.0,0.06542843143259636,Query key: K_0325DCE8E1C5,61035.0,65308.0,65.536,context_0000,Answer: ,32,62995,synthetic_kv_64k,3999.98976,4280.025088,3.99998976,['V_0BC53E9AEC86']
GB,4.280025088, V_EB93620AF158,61035.0,4.0,0.06542843143259636,Query key: K_5D2D78C59073,61035.0,65308.0,65.536,context_0000,Answer: ,32,62995,synthetic_kv_64k,3999.98976,4280.025088,3.99998976,['V_EB93620AF158']
GB,4.280025088, V_F5D8EE6081AC,61035.0,4.0,0.06542843143259636,Query key: K_2DD0266BF2EA,61035.0,65308.0,65.536,context_0000,Answer: ,32,62995,synthetic_kv_64k,3999.98976,4280.025088,3.99998976,['V_F5D8EE6081AC']
GB,4.280025088, V_CD988D888BEB,61035.0,4.0,0.06542843143259636,Query key: K_090DDB842660,61035.0,65308.0,65.536,context_0000,Answer: ,32,62995,synthetic_kv_64k,3999.98976,4280.025088,3.99998976,['V_CD988D888BEB']
GB,4.280025088, V_A7DCBD9C4693,61035.0,4.0,0.06542843143259636,Query key: K_B6CAE9F87970,61035.0,65308.0,65.536,context_0000,Answer: ,32,62995,synthetic_kv_64k,3999.98976,4280.025088,3.99998976,['V_A7DCBD9C4693']
GB,4.280025088,3F8E52619DEC,61035.0,4.0,0.06542843143259636,Query key: K_39796B5BC975,61035.0,65308.0,65.536,context_0000,Answer: ,32,62995,synthetic_kv_64k,3999.98976,4280.025088,3.99998976,['V_3F8E52619DEC']
GB,4.280025088,51E7B864CA08,61035.0,4.0,0.06542843143259636,Query key: K_EA756A8FCACB,61035.0,65308.0,65.536,context_0000,Answer: ,32,62995,synthetic_kv_64k,3999.98976,4280.025088,3.99998976,['V_51E7B864CA08']
GB,4.280025088,925013F06822,61035.0,4.0,0.06542843143259636,Query key: K_D37445712959,61035.0,65308.0,65.536,context_0000,Answer: ,32,62995,synthetic_kv_64k,3999.98976,4280.025088,3.99998976,['V_925013F06822']
GB,4.280025088, V_AC5F8085C147,61035.0,4.0,0.06542843143259636,Query key: K_1E915F705B25,61035.0,65308.0,65.536,context_0000,Answer: ,32,62995,synthetic_kv_64k,3999.98976,4280.025088,3.99998976,['V_AC5F8085C147']
GB,4.280025088,39222DE982F8,61035.0,4.0,0.06542843143259636,Query key: K_0D7BE6E59B32,61035.0,65308.0,65.536,context_0000,Answer: ,32,62995,synthetic_kv_64k,3999.98976,4280.025088,3.99998976,['V_39222DE982F8']
GB,4.280025088,0BC1FB3DF063,61035.0,4.0,0.06542843143259636,Query key: K_8409CDE918B3,61035.0,65308.0,65.536,context_0000,Answer: ,32,62995,synthetic_kv_64k,3999.98976,4280.025088,3.99998976,['V_0BC1FB3DF063']
GB,4.280025088, V_E08211A529B4,61035.0,4.0,0.06542843143259636,Query key: K_66A3F43E8C48,61035.0,65308.0,65.536,context_0000,Answer: ,32,62995,synthetic_kv_64k,3999.98976,4280.025088,3.99998976,['V_E08211A529B4']
GB,4.280025088, V_C60548454343,61035.0,4.0,0.06542843143259636,Query key: K_DDB477106966,61035.0,65308.0,65.536,context_0000,Answer: ,32,62995,synthetic_kv_64k,3999.98976,4280.025088,3.99998976,['V_C60548454343']
GB,4.280025088,161D53C9FE59,61035.0,4.0,0.06542843143259636,Query key: K_4F89D847DC53,61035.0,65308.0,65.536,context_0000,Answer: ,32,62995,synthetic_kv_64k,3999.98976,4280.025088,3.99998976,['V_161D53C9FE59']
GB,4.280025088,5E71020A4497,61035.0,4.0,0.06542843143259636,Query key: K_74ED8D9765C7,61035.0,65308.0,65.536,context_0000,Answer: ,32,62995,synthetic_kv_64k,3999.98976,4280.025088,3.99998976,['V_5E71020A4497']
GB,4.280025088, V_C8D59055A36F,61035.0,4.0,0.06542843143259636,Query key: K_4AA5335F2F59,61035.0,65308.0,65.536,context_0000,Answer: ,32,62995,synthetic_kv_64k,3999.98976,4280.025088,3.99998976,['V_C8D59055A36F']
GB,4.280025088,3E199F6A6A65,61035.0,4.0,0.06542843143259636,Query key: K_BD544DCD0009,61035.0,65308.0,65.536,context_0000,Answer: ,32,62995,synthetic_kv_64k,3999.98976,4280.025088,3.99998976,['V_3E199F6A6A65']
GB,4.280025088, V_F8CB97790E84,61035.0,4.0,0.06542843143259636,Query key: K_5E4776C3E642,61035.0,65308.0,65.536,context_0000,Answer: ,32,62995,synthetic_kv_64k,3999.98976,4280.025088,3.99998976,['V_F8CB97790E84']
GB,4.280025088, V_C6A0C5C9FB91,61035.0,4.0,0.06542843143259636,Query key: K_FF6E7E4CE29F,61035.0,65308.0,65.536,context_0000,Answer: ,32,62995,synthetic_kv_64k,3999.98976,4280.025088,3.99998976,['V_C6A0C5C9FB91']
GB,4.280025088,8BEBE68373A3,61035.0,4.0,0.06542843143259636,Query key: K_BB823207343E,61035.0,65308.0,65.536,context_0000,Answer: ,32,62995,synthetic_kv_64k,3999.98976,4280.025088,3.99998976,['V_8BEBE68373A3']
GB,4.280025088,268B3EC0A285,61035.0,4.0,0.06542843143259636,Query key: K_CBC4C2AEF674,61035.0,65308.0,65.536,context_0000,Answer: ,32,62995,synthetic_kv_64k,3999.98976,4280.025088,3.99998976,['V_268B3EC0A285']
GB,4.280025088,061E68F82063,61035.0,4.0,0.06542843143259636,Query key: K_EEB101A1FB0F,61035.0,65308.0,65.536,context_0000,Answer: ,32,62995,synthetic_kv_64k,3999.98976,4280.025088,3.99998976,['V_061E68F82063']
GB,4.280025088, V_A2CD58AF393C,61035.0,4.0,0.06542843143259636,Query key: K_8AA23BA5BD76,61035.0,65308.0,65.536,context_0000,Answer: ,32,62995,synthetic_kv_64k,3999.98976,4280.025088,3.99998976,['V_A2CD58AF393C']
GB,4.280025088,0274E09016B6,61035.0,4.0,0.06542843143259636,Query key: K_B186D6EE526B,61035.0,65308.0,65.536,context_0000,Answer: ,32,62995,synthetic_kv_64k,3999.98976,4280.025088,3.99998976,['V_0274E09016B6']
GB,4.280025088, V_C249005FD0E6,61035.0,4.0,0.06542843143259636,Query key: K_55C3F374190D,61035.0,65308.0,65.536,context_0000,Answer: ,32,62995,synthetic_kv_64k,3999.98976,4280.025088,3.99998976,['V_C249005FD0E6']
GB,4.280025088, V_BCF2D95874C2,61035.0,4.0,0.06542843143259636,Query key: K_6053A84510A1,61035.0,65308.0,65.536,context_0000,Answer: ,32,62995,synthetic_kv_64k,3999.98976,4280.025088,3.99998976,['V_BCF2D95874C2']
GB,4.280025088,34871A9C672A,61035.0,4.0,0.06542843143259636,Query key: K_4EB9BA2AC3D9,61035.0,65308.0,65.536,context_0000,Answer: ,32,62995,synthetic_kv_64k,3999.98976,4280.025088,3.99998976,['V_34871A9C672A']
GB,4.280025088,6B793CF88D20,61035.0,4.0,0.06542843143259636,Query key: K_FBAD87A1EC02,61035.0,65308.0,65.536,context_0000,Answer: ,32,62995,synthetic_kv_64k,3999.98976,4280.025088,3.99998976,['V_6B793CF88D20']
GB,4.280025088, V_F8F90F554896,61035.0,4.0,0.06542843143259636,Query key: K_F6107DF59ABF,61035.0,65308.0,65.536,context_0000,Answer: ,32,62995,synthetic_kv_64k,3999.98976,4280.025088,3.99998976,['V_F8F90F554896']
GB,4.280025088,47A2B62EDB49,61035.0,4.0,0.06542843143259636,Query key: K_2472FF38B918,61035.0,65308.0,65.536,context_0000,Answer: ,32,62995,synthetic_kv_64k,3999.98976,4280.025088,3.99998976,['V_47A2B62EDB49']
GB,4.280025088,3B41EBD8A3B1,61035.0,4.0,0.06542843143259636,Query key: K_0B3D17D09810,61035.0,65308.0,65.536,context_0000,Answer: ,32,62995,synthetic_kv_64k,3999.98976,4280.025088,3.99998976,['V_3B41EBD8A3B1']
GB,4.280025088,69BE850EF0AD,61035.0,4.0,0.06542843143259636,Query key: K_D872E5B4A1AE,61035.0,65308.0,65.536,context_0000,Answer: ,32,62995,synthetic_kv_64k,3999.98976,4280.025088,3.99998976,['V_69BE850EF0AD']
GB,4.280025088, V_755D5F5BA255,61035.0,4.0,0.06542843143259636,Query key: K_E544B36AB3ED,61035.0,65308.0,65.536,context_0000,Answer: ,32,62995,synthetic_kv_64k,3999.98976,4280.025088,3.99998976,['V_755D5F5BA255']
GB,4.280025088,94AD15BC2A3E,61035.0,4.0,0.06542843143259636,Query key: K_BF76F97C6C3C,61035.0,65308.0,65.536,context_0000,Answer: ,32,62995,synthetic_kv_64k,3999.98976,4280.025088,3.99998976,['V_94AD15BC2A3E']
GB,4.280025088, V_A320222DF6A4,61035.0,4.0,0.06542843143259636,Query key: K_81631877BC06,61035.0,65308.0,65.536,context_0000,Answer: ,32,62995,synthetic_kv_64k,3999.98976,4280.025088,3.99998976,['V_A320222DF6A4']
GB,4.280025088,978613281726,61035.0,4.0,0.06542843143259636,Query key: K_64F4D1E91691,61035.0,65308.0,65.536,context_0000,Answer: ,32,62995,synthetic_kv_64k,3999.98976,4280.025088,3.99998976,['V_978613281726']
GB,4.280025088, V_A9956F5B09A6,61035.0,4.0,0.06542843143259636,Query key: K_0FF1915CB31B,61035.0,65308.0,65.536,context_0000,Answer: ,32,62995,synthetic_kv_64k,3999.98976,4280.025088,3.99998976,['V_A9956F5B09A6']
GB,4.280025088,4AAB3C9D128A,61035.0,4.0,0.06542843143259636,Query key: K_2176F6D70248,61035.0,65308.0,65.536,context_0000,Answer: ,32,62995,synthetic_kv_64k,3999.98976,4280.025088,3.99998976,['V_4AAB3C9D128A']
GB,4.280025088, V_ED1150A46C85,61035.0,4.0,0.06542843143259636,Query key: K_D9D542D04D55,61035.0,65308.0,65.536,context_0000,Answer: ,32,62995,synthetic_kv_64k,3999.98976,4280.025088,3.99998976,['V_ED1150A46C85']
GB,4.280025088, V_D4F7B362C0D2,61035.0,4.0,0.06542843143259636,Query key: K_6498CD0254DB,61035.0,65308.0,65.536,context_0000,Answer: ,32,62995,synthetic_kv_64k,3999.98976,4280.025088,3.99998976,['V_D4F7B362C0D2']
GB,4.280025088,73E7516C3B0A,61035.0,4.0,0.06542843143259636,Query key: K_5385BC4015FA,61035.0,65308.0,65.536,context_0000,Answer: ,32,62995,synthetic_kv_64k,3999.98976,4280.025088,3.99998976,['V_73E7516C3B0A']
GB,4.280025088, V_F18C131EB723,61035.0,4.0,0.06542843143259636,Query key: K_3BCD459EE674,61035.0,65308.0,65.536,context_0000,Answer: ,32,62995,synthetic_kv_64k,3999.98976,4280.025088,3.99998976,['V_F18C131EB723']
GB,4.280025088, V_C528C7A9F33C,61035.0,4.0,0.06542843143259636,Query key: K_22D833E4F986,61035.0,65308.0,65.536,context_0000,Answer: ,32,62995,synthetic_kv_64k,3999.98976,4280.025088,3.99998976,['V_C528C7A9F33C']
GB,4.280025088,1B0C27C8FC6C,61035.0,4.0,0.06542843143259636,Query key: K_1BE595AF6D0C,61035.0,65308.0,65.536,context_0000,Answer: ,32,62995,synthetic_kv_64k,3999.98976,4280.025088,3.99998976,['V_1B0C27C8FC6C']
GB,4.280025088,5064774F6354,61035.0,4.0,0.06542843143259636,Query key: K_73162A147A96,61035.0,65308.0,65.536,context_0000,Answer: ,32,62995,synthetic_kv_64k,3999.98976,4280.025088,3.99998976,['V_5064774F6354']
GB,4.280025088, V_5BB8893259F3,61035.0,4.0,0.06542843143259636,Query key: K_1EE8681134E2,61035.0,65308.0,65.536,context_0000,Answer: ,32,62995,synthetic_kv_64k,3999.98976,4280.025088,3.99998976,['V_5BB8893259F3']
GB,4.280025088,73B03527A5C8,61035.0,4.0,0.06542843143259636,Query key: K_C534F6F24D1C,61035.0,65308.0,65.536,context_0000,Answer: ,32,62995,synthetic_kv_64k,3999.98976,4280.025088,3.99998976,['V_73B03527A5C8']
GB,4.280025088, V_DA3C43D78F2B,61035.0,4.0,0.06542843143259636,Query key: K_769D4EED4124,61035.0,65308.0,65.536,context_0000,Answer: ,32,62995,synthetic_kv_64k,3999.98976,4280.025088,3.99998976,['V_DA3C43D78F2B']
GB,4.280025088, V_CEBE28597B34,61035.0,4.0,0.06542843143259636,Query key: K_17251EB2A7B8,61035.0,65308.0,65.536,context_0000,Answer: ,32,62995,synthetic_kv_64k,3999.98976,4280.025088,3.99998976,['V_CEBE28597B34']
GB,4.280025088, V_B467D38E13E4,61035.0,4.0,0.06542843143259636,Query key: K_4DE1AFA14A55,61035.0,65308.0,65.536,context_0000,Answer: ,32,62995,synthetic_kv_64k,3999.98976,4280.025088,3.99998976,['V_B467D38E13E4']
GB,4.280025088,370B0A530DF9,61035.0,4.0,0.06542843143259636,Query key: K_9A72B266986C,61035.0,65308.0,65.536,context_0000,Answer: ,32,62995,synthetic_kv_64k,3999.98976,4280.025088,3.99998976,['V_370B0A530DF9']
GB,4.280025088,25F853EA4919,61035.0,4.0,0.06542843143259636,Query key: K_DB48D5FF2A1F,61035.0,65308.0,65.536,context_0000,Answer: ,32,62995,synthetic_kv_64k,3999.98976,4280.025088,3.99998976,['V_25F853EA4919']
GB,4.280025088, V_F7E93F8B4433,61035.0,4.0,0.06542843143259636,Query key: K_B60E1759BA96,61035.0,65308.0,65.536,context_0000,Answer: ,32,62995,synthetic_kv_64k,3999.98976,4280.025088,3.99998976,['V_F7E93F8B4433']
GB,4.280025088,0C88837217E0,61035.0,4.0,0.06542843143259636,Query key: K_65705B11F51F,61035.0,65308.0,65.536,context_0000,Answer: ,32,62995,synthetic_kv_64k,3999.98976,4280.025088,3.99998976,['V_0C88837217E0']
GB,4.280025088, V_D1F1429A4A7C,61035.0,4.0,0.06542843143259636,Query key: K_4C80AD5BE3C8,61035.0,65308.0,65.536,context_0000,Answer: ,32,62995,synthetic_kv_64k,3999.98976,4280.025088,3.99998976,['V_D1F1429A4A7C']
GB,4.280025088, V_F3BC07F4FEE5,61035.0,4.0,0.06542843143259636,Query key: K_2C82FD9CFBB0,61035.0,65308.0,65.536,context_0000,Answer: ,32,62995,synthetic_kv_64k,3999.98976,4280.025088,3.99998976,['V_F3BC07F4FEE5']
GB,4.280025088,8E5273C374A6,61035.0,4.0,0.06542843143259636,Query key: K_DAC767863FB3,61035.0,65308.0,65.536,context_0000,Answer: ,32,62995,synthetic_kv_64k,3999.98976,4280.025088,3.99998976,['V_8E5273C374A6']
GB,4.280025088,183F3FF6579E,61035.0,4.0,0.06542843143259636,Query key: K_8CD4BF8211BC,61035.0,65308.0,65.536,context_0000,Answer: ,32,62995,synthetic_kv_64k,3999.98976,4280.025088,3.99998976,['V_183F3FF6579E']
GB,4.280025088, V_CB37CDCC2D6A,61035.0,4.0,0.06542843143259636,Query key: K_1A167648776E,61035.0,65308.0,65.536,context_0000,Answer: ,32,62995,synthetic_kv_64k,3999.98976,4280.025088,3.99998976,['V_CB37CDCC2D6A']
GB,4.280025088,0FC9030F9BE9,61035.0,4.0,0.06542843143259636,Query key: K_1F1723C97A1E,61035.0,65308.0,65.536,context_0000,Answer: ,32,62995,synthetic_kv_64k,3999.98976,4280.025088,3.99998976,['V_0FC9030F9BE9']
GB,4.280025088,38E7FB8986C8,61035.0,4.0,0.06542843143259636,Query key: K_C7ECD49347FC,61035.0,65308.0,65.536,context_0000,Answer: ,32,62995,synthetic_kv_64k,3999.98976,4280.025088,3.99998976,['V_38E7FB8986C8']
GB,4.280025088,668CD2DC42C8,61035.0,4.0,0.06542843143259636,Query key: K_32B821768DD7,61035.0,65308.0,65.536,context_0000,Answer: ,32,62995,synthetic_kv_64k,3999.98976,4280.025088,3.99998976,['V_668CD2DC42C8']
GB,4.280025088, V_F004A15B2E18,61035.0,4.0,0.06542843143259636,Query key: K_AFB05F4B1A97,61035.0,65308.0,65.536,context_0000,Answer: ,32,62995,synthetic_kv_64k,3999.98976,4280.025088,3.99998976,['V_F004A15B2E18']
GB,4.280025088,960B95132C22,61035.0,4.0,0.06542843143259636,Query key: K_1583A50A13DC,61035.0,65308.0,65.536,context_0000,Answer: ,32,62995,synthetic_kv_64k,3999.98976,4280.025088,3.99998976,['V_960B95132C22']
GB,4.280025088,1332D010318A,61035.0,4.0,0.06542843143259636,Query key: K_EADC424211E2,61035.0,65308.0,65.536,context_0000,Answer: ,32,62995,synthetic_kv_64k,3999.98976,4280.025088,3.99998976,['V_1332D010318A']
GB,4.280025088,329F10813D45,61035.0,4.0,0.06542843143259636,Query key: K_FF450594B24F,61035.0,65308.0,65.536,context_0000,Answer: ,32,62995,synthetic_kv_64k,3999.98976,4280.025088,3.99998976,['V_329F10813D45']
GB,4.280025088, V_CF2E7184B713,61035.0,4.0,0.06542843143259636,Query key: K_A55FE709FBA6,61035.0,65308.0,65.536,context_0000,Answer: ,32,62995,synthetic_kv_64k,3999.98976,4280.025088,3.99998976,['V_CF2E7184B713']
GB,4.280025088, V_D8E7E7B33085,61035.0,4.0,0.06542843143259636,Query key: K_178B20F87BA2,61035.0,65308.0,65.536,context_0000,Answer: ,32,62995,synthetic_kv_64k,3999.98976,4280.025088,3.99998976,['V_D8E7E7B33085']
GB,4.280025088,1F5D54E07431,61035.0,4.0,0.06542843143259636,Query key: K_CF13D450AFA2,61035.0,65308.0,65.536,context_0000,Answer: ,32,62995,synthetic_kv_64k,3999.98976,4280.025088,3.99998976,['V_1F5D54E07431']
GB,4.280025088,0CF67603C36C,61035.0,4.0,0.06542843143259636,Query key: K_F1390AEE2557,61035.0,65308.0,65.536,context_0000,Answer: ,32,62995,synthetic_kv_64k,3999.98976,4280.025088,3.99998976,['V_0CF67603C36C']
GB,4.280025088,6EE392EA1324,61035.0,4.0,0.06542843143259636,Query key: K_EC932B015723,61035.0,65308.0,65.536,context_0000,Answer: ,32,62995,synthetic_kv_64k,3999.98976,4280.025088,3.99998976,['V_6EE392EA1324']
GB,4.280025088,7F02651EA252,61035.0,4.0,0.06542843143259636,Query key: K_B974D259F960,61035.0,65308.0,65.536,context_0000,Answer: ,32,62995,synthetic_kv_64k,3999.98976,4280.025088,3.99998976,['V_7F02651EA252']
GB,4.280025088,6D39AEE70AB2,61035.0,4.0,0.06542843143259636,Query key: K_61FA078C26CE,61035.0,65308.0,65.536,context_0000,Answer: ,32,62995,synthetic_kv_64k,3999.98976,4280.025088,3.99998976,['V_6D39AEE70AB2']
GB,4.280025088, V_E88636F7A26C,61035.0,4.0,0.06542843143259636,Query key: K_5A9C2C3D17E2,61035.0,65308.0,65.536,context_0000,Answer: ,32,62995,synthetic_kv_64k,3999.98976,4280.025088,3.99998976,['V_E88636F7A26C']
GB,4.280025088,722D47A48C42,61035.0,4.0,0.06542843143259636,Query key: K_46652FE922AA,61035.0,65308.0,65.536,context_0000,Answer: ,32,62995,synthetic_kv_64k,3999.98976,4280.025088,3.99998976,['V_722D47A48C42']
GB,4.280025088,9D3608DEC921,61035.0,4.0,0.06542843143259636,Query key: K_260CE2280FE3,61035.0,65308.0,65.536,context_0000,Answer: ,32,62995,synthetic_kv_64k,3999.98976,4280.025088,3.99998976,['V_9D3608DEC921']
GB,4.280025088, V_A5B43EEBC04A,61035.0,4.0,0.06542843143259636,Query key: K_9DF29E825AAE,61035.0,65308.0,65.536,context_0000,Answer: ,32,62995,synthetic_kv_64k,3999.98976,4280.025088,3.99998976,['V_A5B43EEBC04A']
GB,4.280025088, V_E1FD69785221,61035.0,4.0,0.06542843143259636,Query key: K_7FB74B8C031F,61035.0,65308.0,65.536,context_0000,Answer: ,32,62995,synthetic_kv_64k,3999.98976,4280.025088,3.99998976,['V_E1FD69785221']
GB,4.280025088,16740F9C5300,61035.0,4.0,0.06542843143259636,Query key: K_7AA18CF9EEA9,61035.0,65308.0,65.536,context_0000,Answer: ,32,62995,synthetic_kv_64k,3999.98976,4280.025088,3.99998976,['V_16740F9C5300']
GB,4.280025088,6B522321E64E,61035.0,4.0,0.06542843143259636,Query key: K_620D479F6628,61035.0,65308.0,65.536,context_0000,Answer: ,32,62995,synthetic_kv_64k,3999.98976,4280.025088,3.99998976,['V_6B522321E64E']
GB,4.280025088, V_CC15E2789642,61035.0,4.0,0.06542843143259636,Query key: K_A484330FAAA3,61035.0,65308.0,65.536,context_0000,Answer: ,32,62995,synthetic_kv_64k,3999.98976,4280.025088,3.99998976,['V_CC15E2789642']
GB,4.280025088, V_FE7CA1791E93,61035.0,4.0,0.06542843143259636,Query key: K_3FC8869BC00F,61035.0,65308.0,65.536,context_0000,Answer: ,32,62995,synthetic_kv_64k,3999.98976,4280.025088,3.99998976,['V_FE7CA1791E93']
GB,4.280025088,04FFCB7B0B3A,61035.0,4.0,0.06542843143259636,Query key: K_8B2DCD5AE324,61035.0,65308.0,65.536,context_0000,Answer: ,32,62995,synthetic_kv_64k,3999.98976,4280.025088,3.99998976,['V_04FFCB7B0B3A']
GB,4.280025088, V_B69FC82BA1BE,61035.0,4.0,0.06542843143259636,Query key: K_61EBFD498E20,61035.0,65308.0,65.536,context_0000,Answer: ,32,62995,synthetic_kv_64k,3999.98976,4280.025088,3.99998976,['V_B69FC82BA1BE']
GB,4.280025088, V_C80C8B6584CE,61035.0,4.0,0.06542843143259636,Query key: K_7ACC5BEEC570,61035.0,65308.0,65.536,context_0000,Answer: ,32,62995,synthetic_kv_64k,3999.98976,4280.025088,3.99998976,['V_C80C8B6584CE']
GB,4.280025088,90CEE9A53368,61035.0,4.0,0.06542843143259636,Query key: K_58127C13F47A,61035.0,65308.0,65.536,context_0000,Answer: ,32,62995,synthetic_kv_64k,3999.98976,4280.025088,3.99998976,['V_90CEE9A53368']
GB,4.280025088,453B636CF499,61035.0,4.0,0.06542843143259636,Query key: K_5254809CD839,61035.0,65308.0,65.536,context_0000,Answer: ,32,62995,synthetic_kv_64k,3999.98976,4280.025088,3.99998976,['V_453B636CF499']
GB,4.280025088,98DC51A1F5DF,61035.0,4.0,0.06542843143259636,Query key: K_06AC2E0869C1,61035.0,65308.0,65.536,context_0000,Answer: ,32,62995,synthetic_kv_64k,3999.98976,4280.025088,3.99998976,['V_98DC51A1F5DF']
GB,4.280025088, V_CF89E550D736,61035.0,4.0,0.06542843143259636,Query key: K_07803811B519,61035.0,65308.0,65.536,context_0000,Answer: ,32,62995,synthetic_kv_64k,3999.98976,4280.025088,3.99998976,['V_CF89E550D736']
GB,4.280025088, V_CF030EFFD5BD,61035.0,4.0,0.06542843143259636,Query key: K_47EBC74E48FF,61035.0,65308.0,65.536,context_0000,Answer: ,32,62995,synthetic_kv_64k,3999.98976,4280.025088,3.99998976,['V_CF030EFFD5BD']
GB,4.280025088,5B808788DFED,61035.0,4.0,0.06542843143259636,Query key: K_78C0FDD4FF21,61035.0,65308.0,65.536,context_0000,Answer: ,32,62995,synthetic_kv_64k,3999.98976,4280.025088,3.99998976,['V_5B808788DFED']
GB,4.280025088,3B96FFE62994,61035.0,4.0,0.06542843143259636,Query key: K_9580C44FC4B8,61035.0,65308.0,65.536,context_0000,Answer: ,32,62995,synthetic_kv_64k,3999.98976,4280.025088,3.99998976,['V_3B96FFE62994']
GB,4.280025088,3F7319A2676F,61035.0,4.0,0.06542843143259636,Query key: K_28DDF956BE95,61035.0,65308.0,65.536,context_0000,Answer: ,32,62995,synthetic_kv_64k,3999.98976,4280.025088,3.99998976,['V_3F7319A2676F']
GB,4.280025088,889F443B1D0F,61035.0,4.0,0.06542843143259636,Query key: K_3DBCA8284442,61035.0,65308.0,65.536,context_0000,Answer: ,32,62995,synthetic_kv_64k,3999.98976,4280.025088,3.99998976,['V_889F443B1D0F']
GB,4.280025088, V_BCAFEAD18464,61035.0,4.0,0.06542843143259636,Query key: K_CA8ED0F81063,61035.0,65308.0,65.536,context_0000,Answer: ,32,62995,synthetic_kv_64k,3999.98976,4280.025088,3.99998976,['V_BCAFEAD18464']
GB,4.280025088, V_F2A3FF138C80,61035.0,4.0,0.06542843143259636,Query key: K_C3980E500785,61035.0,65308.0,65.536,context_0000,Answer: ,32,62995,synthetic_kv_64k,3999.98976,4280.025088,3.99998976,['V_F2A3FF138C80']
GB,4.280025088, V_FB8FD8B48EAD,61035.0,4.0,0.06542843143259636,Query key: K_9360382B5B86,61035.0,65308.0,65.536,context_0000,Answer: ,32,62995,synthetic_kv_64k,3999.98976,4280.025088,3.99998976,['V_FB8FD8B48EAD']
GB,4.280025088, V_EF695AD479EF,61035.0,4.0,0.06542843143259636,Query key: K_636FCC21CBDB,61035.0,65308.0,65.536,context_0000,Answer: ,32,62995,synthetic_kv_64k,3999.98976,4280.025088,3.99998976,['V_EF695AD479EF']
GB,4.280025088,2C78D86065A2,61035.0,4.0,0.06542843143259636,Query key: K_FDD5D6D744FD,61035.0,65308.0,65.536,context_0000,Answer: ,32,62995,synthetic_kv_64k,3999.98976,4280.025088,3.99998976,['V_2C78D86065A2']
GB,4.280025088,516897AF5BDE,61035.0,4.0,0.06542843143259636,Query key: K_3C8E2D14E9F4,61035.0,65308.0,65.536,context_0000,Answer: ,32,62995,synthetic_kv_64k,3999.98976,4280.025088,3.99998976,['V_516897AF5BDE']
GB,4.280025088,5BD9B297A782,61035.0,4.0,0.06542843143259636,Query key: K_BCF4CE63CB1A,61035.0,65308.0,65.536,context_0000,Answer: ,32,62995,synthetic_kv_64k,3999.98976,4280.025088,3.99998976,['V_5BD9B297A782']
GB,4.280025088, V_B41507388BA4,61035.0,4.0,0.06542843143259636,Query key: K_9770E9FA97E2,61035.0,65308.0,65.536,context_0000,Answer: ,32,62995,synthetic_kv_64k,3999.98976,4280.025088,3.99998976,['V_B41507388BA4']
GB,4.280025088,9151F2933585,61035.0,4.0,0.06542843143259636,Query key: K_5A07B357F3F9,61035.0,65308.0,65.536,context_0000,Answer: ,32,62995,synthetic_kv_64k,3999.98976,4280.025088,3.99998976,['V_9151F2933585']
GB,4.280025088, V_F2C89027E770,61035.0,4.0,0.06542843143259636,Query key: K_2460904883C1,61035.0,65308.0,65.536,context_0000,Answer: ,32,62995,synthetic_kv_64k,3999.98976,4280.025088,3.99998976,['V_F2C89027E770']
GB,4.280025088, V_CF76FCEDF994,61035.0,4.0,0.06542843143259636,Query key: K_D631303014D0,61035.0,65308.0,65.536,context_0000,Answer: ,32,62995,synthetic_kv_64k,3999.98976,4280.025088,3.99998976,['V_CF76FCEDF994']
GB,4.280025088,8AC87E02921D,61035.0,4.0,0.06542843143259636,Query key: K_F86BE1B243CC,61035.0,65308.0,65.536,context_0000,Answer: ,32,62995,synthetic_kv_64k,3999.98976,4280.025088,3.99998976,['V_8AC87E02921D']
GB,4.280025088,09B77D8D3DDD,61035.0,4.0,0.06542843143259636,Query key: K_2CF14F1E1A37,61035.0,65308.0,65.536,context_0000,Answer: ,32,62995,synthetic_kv_64k,3999.98976,4280.025088,3.99998976,['V_09B77D8D3DDD']
GB,4.280025088,9A063B8D3447,61035.0,4.0,0.06542843143259636,Query key: K_0E61171B1B80,61035.0,65308.0,65.536,context_0000,Answer: ,32,62995,synthetic_kv_64k,3999.98976,4280.025088,3.99998976,['V_9A063B8D3447']
GB,4.280025088, V_7A5D86C5547C,61035.0,4.0,0.06542843143259636,Query key: K_051A3803DCEE,61035.0,65308.0,65.536,context_0000,Answer: ,32,62995,synthetic_kv_64k,3999.98976,4280.025088,3.99998976,['V_7A5D86C5547C']
GB,4.280025088, V_9D37EAFB3E90,61035.0,4.0,0.06542843143259636,Query key: K_54EC002CCB25,61035.0,65308.0,65.536,context_0000,Answer: ,32,62995,synthetic_kv_64k,3999.98976,4280.025088,3.99998976,['V_9D37EAFB3E90']
GB,4.280025088,573B2167C35E,61035.0,4.0,0.06542843143259636,Query key: K_CE7333932B6C,61035.0,65308.0,65.536,context_0000,Answer: ,32,62995,synthetic_kv_64k,3999.98976,4280.025088,3.99998976,['V_573B2167C35E']
GB,4.280025088, V_CD6BEB3537A0,61035.0,4.0,0.06542843143259636,Query key: K_2D6EB7893986,61035.0,65308.0,65.536,context_0000,Answer: ,32,62995,synthetic_kv_64k,3999.98976,4280.025088,3.99998976,['V_CD6BEB3537A0']
GB,4.280025088,0F3F52D6B779,61035.0,4.0,0.06542843143259636,Query key: K_DE43D8230076,61035.0,65308.0,65.536,context_0000,Answer: ,32,62995,synthetic_kv_64k,3999.98976,4280.025088,3.99998976,['V_0F3F52D6B779']
GB,4.280025088, V_B466962C04DD,61035.0,4.0,0.06542843143259636,Query key: K_25D0059C1574,61035.0,65308.0,65.536,context_0000,Answer: ,32,62995,synthetic_kv_64k,3999.98976,4280.025088,3.99998976,['V_B466962C04DD']
GB,4.280025088,1C65C63CE21D,61035.0,4.0,0.06542843143259636,Query key: K_2443EACF33A9,61035.0,65308.0,65.536,context_0000,Answer: ,32,62995,synthetic_kv_64k,3999.98976,4280.025088,3.99998976,['V_1C65C63CE21D']
GB,4.280025088, V_5D69DC54D59B,61035.0,4.0,0.06542843143259636,Query key: K_86BBD8B2F8B6,61035.0,65308.0,65.536,context_0000,Answer: ,32,62995,synthetic_kv_64k,3999.98976,4280.025088,3.99998976,['V_5D69DC54D59B']
GB,4.280025088, V_B45C5FA3A531,61035.0,4.0,0.06542843143259636,Query key: K_1291F5E72DAF,61035.0,65308.0,65.536,context_0000,Answer: ,32,62995,synthetic_kv_64k,3999.98976,4280.025088,3.99998976,['V_B45C5FA3A531']
GB,4.280025088,96056545C030,61035.0,4.0,0.06542843143259636,Query key: K_A981F121E129,61035.0,65308.0,65.536,context_0000,Answer: ,32,62995,synthetic_kv_64k,3999.98976,4280.025088,3.99998976,['V_96056545C030']
GB,4.280025088,52964D407B28,61035.0,4.0,0.06542843143259636,Query key: K_562819DD3E8C,61035.0,65308.0,65.536,context_0000,Answer: ,32,62995,synthetic_kv_64k,3999.98976,4280.025088,3.99998976,['V_52964D407B28']
GB,4.280025088, V_BB7B28522CA2,61035.0,4.0,0.06542843143259636,Query key: K_F9D222EE7F07,61035.0,65308.0,65.536,context_0000,Answer: ,32,62995,synthetic_kv_64k,3999.98976,4280.025088,3.99998976,['V_BB7B28522CA2']
GB,4.280025088, V_A3A6CAB63107,61035.0,4.0,0.06542843143259636,Query key: K_6FD6F2DD9456,61035.0,65308.0,65.536,context_0000,Answer: ,32,62995,synthetic_kv_64k,3999.98976,4280.025088,3.99998976,['V_A3A6CAB63107']
GB,4.280025088,5139A630AD9D,61035.0,4.0,0.06542843143259636,Query key: K_7CB9F5EDF382,61035.0,65308.0,65.536,context_0000,Answer: ,32,62995,synthetic_kv_64k,3999.98976,4280.025088,3.99998976,['V_5139A630AD9D']
GB,4.280025088,8FDDF7FF88D4,61035.0,4.0,0.06542843143259636,Query key: K_B5092C988BCA,61035.0,65308.0,65.536,context_0000,Answer: ,32,62995,synthetic_kv_64k,3999.98976,4280.025088,3.99998976,['V_8FDDF7FF88D4']
GB,4.280025088,9D1CEDC8CCA8,61035.0,4.0,0.06542843143259636,Query key: K_E3BCB18D2C8C,61035.0,65308.0,65.536,context_0000,Answer: ,32,62995,synthetic_kv_64k,3999.98976,4280.025088,3.99998976,['V_9D1CEDC8CCA8']
GB,4.280025088, V_AA60392612E9,61035.0,4.0,0.06542843143259636,Query key: K_5B58C9784B52,61035.0,65308.0,65.536,context_0000,Answer: ,32,62995,synthetic_kv_64k,3999.98976,4280.025088,3.99998976,['V_AA60392612E9']
GB,4.280025088,60DD2CE3D822,61035.0,4.0,0.06542843143259636,Query key: K_D08096C56FE7,61035.0,65308.0,65.536,context_0000,Answer: ,32,62995,synthetic_kv_64k,3999.98976,4280.025088,3.99998976,['V_60DD2CE3D822']
GB,4.280025088,4B65B0416F19,61035.0,4.0,0.06542843143259636,Query key: K_BBE74E8BF78A,61035.0,65308.0,65.536,context_0000,Answer: ,32,62995,synthetic_kv_64k,3999.98976,4280.025088,3.99998976,['V_4B65B0416F19']
GB,4.280025088,0075BA94AA66,61035.0,4.0,0.06542843143259636,Query key: K_2D7E2099E71F,61035.0,65308.0,65.536,context_0000,Answer: ,32,62995,synthetic_kv_64k,3999.98976,4280.025088,3.99998976,['V_0075BA94AA66']
GB,4.280025088,92A5F2DDE1F5,61035.0,4.0,0.06542843143259636,Query key: K_B3B6F2E3C6F0,61035.0,65308.0,65.536,context_0000,Answer: ,32,62995,synthetic_kv_64k,3999.98976,4280.025088,3.99998976,['V_92A5F2DDE1F5']
GB,4.280025088, V_C555FE8956C8,61035.0,4.0,0.06542843143259636,Query key: K_D9CB643FFDAE,61035.0,65308.0,65.536,context_0000,Answer: ,32,62995,synthetic_kv_64k,3999.98976,4280.025088,3.99998976,['V_C555FE8956C8']
GB,4.280025088,2E9C084A3C4B,61035.0,4.0,0.06542843143259636,Query key: K_9146F7164B73,61035.0,65308.0,65.536,context_0000,Answer: ,32,62995,synthetic_kv_64k,3999.98976,4280.025088,3.99998976,['V_2E9C084A3C4B']
GB,4.280025088, V_CF0DEBC92914,61035.0,4.0,0.06542843143259636,Query key: K_51769A3624D6,61035.0,65308.0,65.536,context_0000,Answer: ,32,62995,synthetic_kv_64k,3999.98976,4280.025088,3.99998976,['V_CF0DEBC92914']
GB,4.280025088, V_A3BF388C9751,61035.0,4.0,0.06542843143259636,Query key: K_9C83F7B02805,61035.0,65308.0,65.536,context_0000,Answer: ,32,62995,synthetic_kv_64k,3999.98976,4280.025088,3.99998976,['V_A3BF388C9751']
GB,4.280025088,7F05EFCAC577,61035.0,4.0,0.06542843143259636,Query key: K_1AA690C7E6AC,61035.0,65308.0,65.536,context_0000,Answer: ,32,62995,synthetic_kv_64k,3999.98976,4280.025088,3.99998976,['V_7F05EFCAC577']
GB,4.280025088, V_13EBBECED21A,61035.0,4.0,0.06542843143259636,Query key: K_54C72401342A,61035.0,65308.0,65.536,context_0000,Answer: ,32,62995,synthetic_kv_64k,3999.98976,4280.025088,3.99998976,['V_13EBBECED21A']
GB,4.280025088,51CBFB7D3BA1,61035.0,4.0,0.06542843143259636,Query key: K_58C83CED4D1F,61035.0,65308.0,65.536,context_0000,Answer: ,32,62995,synthetic_kv_64k,3999.98976,4280.025088,3.99998976,['V_51CBFB7D3BA1']
GB,4.280025088, V_F68CE2A45909,61035.0,4.0,0.06542843143259636,Query key: K_A2DD2AFAAB7B,61035.0,65308.0,65.536,context_0000,Answer: ,32,62995,synthetic_kv_64k,3999.98976,4280.025088,3.99998976,['V_F68CE2A45909']
GB,4.280025088, V_AB86B57EC883,61035.0,4.0,0.06542843143259636,Query key: K_D25816B6BF61,61035.0,65308.0,65.536,context_0000,Answer: ,32,62995,synthetic_kv_64k,3999.98976,4280.025088,3.99998976,['V_AB86B57EC883']
GB,4.280025088,55F3E2FBB984,61035.0,4.0,0.06542843143259636,Query key: K_BAB2A39C3BD5,61035.0,65308.0,65.536,context_0000,Answer: ,32,62995,synthetic_kv_64k,3999.98976,4280.025088,3.99998976,['V_55F3E2FBB984']
GB,4.280025088, V_35AD43E4F668,61035.0,4.0,0.06542843143259636,Query key: K_02EA725656E3,61035.0,65308.0,65.536,context_0000,Answer: ,32,62995,synthetic_kv_64k,3999.98976,4280.025088,3.99998976,['V_35AD43E4F668']
GB,4.280025088,59B9115AFFAC,61035.0,4.0,0.06542843143259636,Query key: K_B1733FE1E8F3,61035.0,65308.0,65.536,context_0000,Answer: ,32,62995,synthetic_kv_64k,3999.98976,4280.025088,3.99998976,['V_59B9115AFFAC']
GB,4.280025088, V_B86D1BA827C6,61035.0,4.0,0.06542843143259636,Query key: K_C97A41B455B8,61035.0,65308.0,65.536,context_0000,Answer: ,32,62995,synthetic_kv_64k,3999.98976,4280.025088,3.99998976,['V_B86D1BA827C6']
GB,4.280025088, V_702F62CCC604,61035.0,4.0,0.06542843143259636,Query key: K_0C530053F649,61035.0,65308.0,65.536,context_0000,Answer: ,32,62995,synthetic_kv_64k,3999.98976,4280.025088,3.99998976,['V_702F62CCC604']
GB,4.280025088,2A95F8170EBF,61035.0,4.0,0.06542843143259636,Query key: K_6B6EBB8AA843,61035.0,65308.0,65.536,context_0000,Answer: ,32,62995,synthetic_kv_64k,3999.98976,4280.025088,3.99998976,['V_2A95F8170EBF']
GB,4.280025088, V_E1BB7E3A9F07,61035.0,4.0,0.06542843143259636,Query key: K_69FDE271FFF9,61035.0,65308.0,65.536,context_0000,Answer: ,32,62995,synthetic_kv_64k,3999.98976,4280.025088,3.99998976,['V_E1BB7E3A9F07']
GB,4.280025088,60168BC83A02,61035.0,4.0,0.06542843143259636,Query key: K_59EA60F34EBC,61035.0,65308.0,65.536,context_0000,Answer: ,32,62995,synthetic_kv_64k,3999.98976,4280.025088,3.99998976,['V_60168BC83A02']
GB,4.280025088, V_C9EA7ABFCEBF,61035.0,4.0,0.06542843143259636,Query key: K_D42C19F738CB,61035.0,65308.0,65.536,context_0000,Answer: ,32,62995,synthetic_kv_64k,3999.98976,4280.025088,3.99998976,['V_C9EA7ABFCEBF']
GB,4.280025088, V_C21CA6A5F0FF,61035.0,4.0,0.06542843143259636,Query key: K_93FBDD326D9C,61035.0,65308.0,65.536,context_0000,Answer: ,32,62995,synthetic_kv_64k,3999.98976,4280.025088,3.99998976,['V_C21CA6A5F0FF']
GB,4.280025088,738729A3DB6D,61035.0,4.0,0.06542843143259636,Query key: K_39BFAFE9BE90,61035.0,65308.0,65.536,context_0000,Answer: ,32,62995,synthetic_kv_64k,3999.98976,4280.025088,3.99998976,['V_738729A3DB6D']
GB,4.280025088,088DD883E3F8,61035.0,4.0,0.06542843143259636,Query key: K_CC9812DE9E5A,61035.0,65308.0,65.536,context_0000,Answer: ,32,62995,synthetic_kv_64k,3999.98976,4280.025088,3.99998976,['V_088DD883E3F8']
GB,4.280025088, V_42D951976E75,61035.0,4.0,0.06542843143259636,Query key: K_05234B7F2183,61035.0,65308.0,65.536,context_0000,Answer: ,32,62995,synthetic_kv_64k,3999.98976,4280.025088,3.99998976,['V_42D951976E75']
GB,4.280025088,578012FECC2B,61035.0,4.0,0.06542843143259636,Query key: K_1ACFF3A02120,61035.0,65308.0,65.536,context_0000,Answer: ,32,62995,synthetic_kv_64k,3999.98976,4280.025088,3.99998976,['V_578012FECC2B']
GB,4.280025088,2931601E0211,61035.0,4.0,0.06542843143259636,Query key: K_E34F2B8C03BF,61035.0,65308.0,65.536,context_0000,Answer: ,32,62995,synthetic_kv_64k,3999.98976,4280.025088,3.99998976,['V_2931601E0211']
GB,4.280025088, V_F11C8C0B393A,61035.0,4.0,0.06542843143259636,Query key: K_1333BB635FF5,61035.0,65308.0,65.536,context_0000,Answer: ,32,62995,synthetic_kv_64k,3999.98976,4280.025088,3.99998976,['V_F11C8C0B393A']
GB,4.280025088,568317D5B563,61035.0,4.0,0.06542843143259636,Query key: K_FA60E5EB772D,61035.0,65308.0,65.536,context_0000,Answer: ,32,62995,synthetic_kv_64k,3999.98976,4280.025088,3.99998976,['V_568317D5B563']
GB,4.280025088, V_E4AA9D17D218,61035.0,4.0,0.06542843143259636,Query key: K_FC3B981262AC,61035.0,65308.0,65.536,context_0000,Answer: ,32,62995,synthetic_kv_64k,3999.98976,4280.025088,3.99998976,['V_E4AA9D17D218']
GB,4.280025088,6E6B07EF2BA8,61035.0,4.0,0.06542843143259636,Query key: K_B45A7B94A34D,61035.0,65308.0,65.536,context_0000,Answer: ,32,62995,synthetic_kv_64k,3999.98976,4280.025088,3.99998976,['V_6E6B07EF2BA8']
GB,4.280025088,9B792A3D418D,61035.0,4.0,0.06542843143259636,Query key: K_A754F143E545,61035.0,65308.0,65.536,context_0000,Answer: ,32,62995,synthetic_kv_64k,3999.98976,4280.025088,3.99998976,['V_9B792A3D418D']
GB,4.280025088,0DB52837F418,61035.0,4.0,0.06542843143259636,Query key: K_6F27E3C6DEDB,61035.0,65308.0,65.536,context_0000,Answer: ,32,62995,synthetic_kv_64k,3999.98976,4280.025088,3.99998976,['V_0DB52837F418']
GB,4.280025088, V_F972349EF4A9,61035.0,4.0,0.06542843143259636,Query key: K_54C219EC0829,61035.0,65308.0,65.536,context_0000,Answer: ,32,62995,synthetic_kv_64k,3999.98976,4280.025088,3.99998976,['V_F972349EF4A9']
GB,4.280025088,8DDAB27B7BB4,61035.0,4.0,0.06542843143259636,Query key: K_68C630A2CEE8,61035.0,65308.0,65.536,context_0000,Answer: ,32,62995,synthetic_kv_64k,3999.98976,4280.025088,3.99998976,['V_8DDAB27B7BB4']
GB,4.280025088,8A45BADF9397,61035.0,4.0,0.06542843143259636,Query key: K_ECF2B8D77D2F,61035.0,65308.0,65.536,context_0000,Answer: ,32,62995,synthetic_kv_64k,3999.98976,4280.025088,3.99998976,['V_8A45BADF9397']
GB,4.280025088,4C224811E562,61035.0,4.0,0.06542843143259636,Query key: K_A91C43E8644B,61035.0,65308.0,65.536,context_0000,Answer: ,32,62995,synthetic_kv_64k,3999.98976,4280.025088,3.99998976,['V_4C224811E562']
GB,4.280025088,64950CB4E891,61035.0,4.0,0.06542843143259636,Query key: K_188D3CCFF6EB,61035.0,65308.0,65.536,context_0000,Answer: ,32,62995,synthetic_kv_64k,3999.98976,4280.025088,3.99998976,['V_64950CB4E891']
GB,4.280025088,7DAED700B461,61035.0,4.0,0.06542843143259636,Query key: K_8CB6925F8199,61035.0,65308.0,65.536,context_0000,Answer: ,32,62995,synthetic_kv_64k,3999.98976,4280.025088,3.99998976,['V_7DAED700B461']
GB,4.280025088,00FA5C5F48D4,61035.0,4.0,0.06542843143259636,Query key: K_0DF42751AB86,61035.0,65308.0,65.536,context_0000,Answer: ,32,62995,synthetic_kv_64k,3999.98976,4280.025088,3.99998976,['V_00FA5C5F48D4']
GB,4.280025088, V_D2EA4B6797A1,61035.0,4.0,0.06542843143259636,Query key: K_166E6D779595,61035.0,65308.0,65.536,context_0000,Answer: ,32,62995,synthetic_kv_64k,3999.98976,4280.025088,3.99998976,['V_D2EA4B6797A1']
GB,4.280025088,7AF699A7B99B,61035.0,4.0,0.06542843143259636,Query key: K_A005A97A2846,61035.0,65308.0,65.536,context_0000,Answer: ,32,62995,synthetic_kv_64k,3999.98976,4280.025088,3.99998976,['V_7AF699A7B99B']
GB,4.280025088,34FA06969D48,61035.0,4.0,0.06542843143259636,Query key: K_18D4331DE35C,61035.0,65308.0,65.536,context_0000,Answer: ,32,62995,synthetic_kv_64k,3999.98976,4280.025088,3.99998976,['V_34FA06969D48']
GB,4.280025088, V_FA204AB427E3,61035.0,4.0,0.06542843143259636,Query key: K_A3602BBBA89D,61035.0,65308.0,65.536,context_0000,Answer: ,32,62995,synthetic_kv_64k,3999.98976,4280.025088,3.99998976,['V_FA204AB427E3']
GB,4.280025088,1D91D8014004,61035.0,4.0,0.06542843143259636,Query key: K_793B14F9C394,61035.0,65308.0,65.536,context_0000,Answer: ,32,62995,synthetic_kv_64k,3999.98976,4280.025088,3.99998976,['V_1D91D8014004']
GB,4.280025088,788F65C06B93,61035.0,4.0,0.06542843143259636,Query key: K_C8ED4EF03F80,61035.0,65308.0,65.536,context_0000,Answer: ,32,62995,synthetic_kv_64k,3999.98976,4280.025088,3.99998976,['V_788F65C06B93']
GB,4.280025088,43D7A939EBD1,61035.0,4.0,0.06542843143259636,Query key: K_E5167D3572CC,61035.0,65308.0,65.536,context_0000,Answer: ,32,62995,synthetic_kv_64k,3999.98976,4280.025088,3.99998976,['V_43D7A939EBD1']
GB,4.280025088,63348B4BD7E7,61035.0,4.0,0.06542843143259636,Query key: K_A4511754BF08,61035.0,65308.0,65.536,context_0000,Answer: ,32,62995,synthetic_kv_64k,3999.98976,4280.025088,3.99998976,['V_63348B4BD7E7']
GB,4.280025088,61A6E2AFA629,61035.0,4.0,0.06542843143259636,Query key: K_5EFB2F546033,61035.0,65308.0,65.536,context_0000,Answer: ,32,62995,synthetic_kv_64k,3999.98976,4280.025088,3.99998976,['V_61A6E2AFA629']
GB,4.280025088,0B6C721E5419,61035.0,4.0,0.06542843143259636,Query key: K_2FC35E911B91,61035.0,65308.0,65.536,context_0000,Answer: ,32,62995,synthetic_kv_64k,3999.98976,4280.025088,3.99998976,['V_0B6C721E5419']
GB,4.280025088,436E770E09DB,61035.0,4.0,0.06542843143259636,Query key: K_709243675D58,61035.0,65308.0,65.536,context_0000,Answer: ,32,62995,synthetic_kv_64k,3999.98976,4280.025088,3.99998976,['V_436E770E09DB']
GB,4.280025088,907244C07A9A,61035.0,4.0,0.06542843143259636,Query key: K_D64A39EB038A,61035.0,65308.0,65.536,context_0000,Answer: ,32,62995,synthetic_kv_64k,3999.98976,4280.025088,3.99998976,['V_907244C07A9A']
GB,4.280025088, V_B24BC0927B74,61035.0,4.0,0.06542843143259636,Query key: K_26B00FC79913,61035.0,65308.0,65.536,context_0000,Answer: ,32,62995,synthetic_kv_64k,3999.98976,4280.025088,3.99998976,['V_B24BC0927B74']
GB,4.280025088, V_AB0B15F0EA19,61035.0,4.0,0.06542843143259636,Query key: K_18C1AADF3692,61035.0,65308.0,65.536,context_0000,Answer: ,32,62995,synthetic_kv_64k,3999.98976,4280.025088,3.99998976,['V_AB0B15F0EA19']
GB,4.280025088, V_69FB8A9C66F7,61035.0,4.0,0.06542843143259636,Query key: K_CEE45802B640,61035.0,65308.0,65.536,context_0000,Answer: ,32,62995,synthetic_kv_64k,3999.98976,4280.025088,3.99998976,['V_69FB8A9C66F7']
GB,4.280025088,3A3E96F84FF7,61035.0,4.0,0.06542843143259636,Query key: K_C1A7F8802878,61035.0,65308.0,65.536,context_0000,Answer: ,32,62995,synthetic_kv_64k,3999.98976,4280.025088,3.99998976,['V_3A3E96F84FF7']
GB,4.280025088,6319D73E7BB9,61035.0,4.0,0.06542843143259636,Query key: K_0F9C8DB8DADF,61035.0,65308.0,65.536,context_0000,Answer: ,32,62995,synthetic_kv_64k,3999.98976,4280.025088,3.99998976,['V_6319D73E7BB9']
GB,4.280025088, V_F7336B2B78B9,61035.0,4.0,0.06542843143259636,Query key: K_85C7D183010F,61035.0,65308.0,65.536,context_0000,Answer: ,32,62995,synthetic_kv_64k,3999.98976,4280.025088,3.99998976,['V_F7336B2B78B9']
GB,4.280025088, V_EFB5DDECC40B,61035.0,4.0,0.06542843143259636,Query key: K_AFE3891778E8,61035.0,65308.0,65.536,context_0000,Answer: ,32,62995,synthetic_kv_64k,3999.98976,4280.025088,3.99998976,['V_EFB5DDECC40B']
GB,4.280025088,3C53E1B41171,61035.0,4.0,0.06542843143259636,Query key: K_929D798E175F,61035.0,65308.0,65.536,context_0000,Answer: ,32,62995,synthetic_kv_64k,3999.98976,4280.025088,3.99998976,['V_3C53E1B41171']
GB,4.280025088,6511143665F5,61035.0,4.0,0.06542843143259636,Query key: K_4C8179EC533C,61035.0,65308.0,65.536,context_0000,Answer: ,32,62995,synthetic_kv_64k,3999.98976,4280.025088,3.99998976,['V_6511143665F5']
GB,4.280025088,08E3B6DCBD05,61035.0,4.0,0.06542843143259636,Query key: K_DA9BE71C681A,61035.0,65308.0,65.536,context_0000,Answer: ,32,62995,synthetic_kv_64k,3999.98976,4280.025088,3.99998976,['V_08E3B6DCBD05']
GB,4.280025088,844EE684390C,61035.0,4.0,0.06542843143259636,Query key: K_923B8089B8C5,61035.0,65308.0,65.536,context_0000,Answer: ,32,62995,synthetic_kv_64k,3999.98976,4280.025088,3.99998976,['V_844EE684390C']
GB,4.280025088, V_FB95AD72ED05,61035.0,4.0,0.06542843143259636,Query key: K_924CCCEA5031,61035.0,65308.0,65.536,context_0000,Answer: ,32,62995,synthetic_kv_64k,3999.98976,4280.025088,3.99998976,['V_FB95AD72ED05']
GB,4.280025088, V_F3021ECACAE9,61035.0,4.0,0.06542843143259636,Query key: K_25BF9ECA381B,61035.0,65308.0,65.536,context_0000,Answer: ,32,62995,synthetic_kv_64k,3999.98976,4280.025088,3.99998976,['V_F3021ECACAE9']
GB,4.280025088, V_F2F52C41CBD3,61035.0,4.0,0.06542843143259636,Query key: K_72F4C1D71F4A,61035.0,65308.0,65.536,context_0000,Answer: ,32,62995,synthetic_kv_64k,3999.98976,4280.025088,3.99998976,['V_F2F52C41CBD3']
GB,4.280025088,363EF8DFCC3A,61035.0,4.0,0.06542843143259636,Query key: K_2ACBFBFF8A7D,61035.0,65308.0,65.536,context_0000,Answer: ,32,62995,synthetic_kv_64k,3999.98976,4280.025088,3.99998976,['V_363EF8DFCC3A']
GB,4.280025088,0AEC204DB9DA,61035.0,4.0,0.06542843143259636,Query key: K_3156CEF74829,61035.0,65308.0,65.536,context_0000,Answer: ,32,62995,synthetic_kv_64k,3999.98976,4280.025088,3.99998976,['V_0AEC204DB9DA']
GB,4.280025088, V_AEE1FCFFE9E3,61035.0,4.0,0.06542843143259636,Query key: K_140F6C624C2C,61035.0,65308.0,65.536,context_0000,Answer: ,32,62995,synthetic_kv_64k,3999.98976,4280.025088,3.99998976,['V_AEE1FCFFE9E3']
GB,4.280025088, V_D293FF4D0930,61035.0,4.0,0.06542843143259636,Query key: K_33B06F75EE8A,61035.0,65308.0,65.536,context_0000,Answer: ,32,62995,synthetic_kv_64k,3999.98976,4280.025088,3.99998976,['V_D293FF4D0930']
GB,4.280025088,9855D5881C1C,61035.0,4.0,0.06542843143259636,Query key: K_25DBA091E5B4,61035.0,65308.0,65.536,context_0000,Answer: ,32,62995,synthetic_kv_64k,3999.98976,4280.025088,3.99998976,['V_9855D5881C1C']
GB,4.280025088, V_BA23E92A7B97,61035.0,4.0,0.06542843143259636,Query key: K_51DB4204D733,61035.0,65308.0,65.536,context_0000,Answer: ,32,62995,synthetic_kv_64k,3999.98976,4280.025088,3.99998976,['V_BA23E92A7B97']
GB,4.280025088,16471127B207,61035.0,4.0,0.06542843143259636,Query key: K_CEAEEA074D80,61035.0,65308.0,65.536,context_0000,Answer: ,32,62995,synthetic_kv_64k,3999.98976,4280.025088,3.99998976,['V_16471127B207']
GB,4.280025088,8D5365B90E94,61035.0,4.0,0.06542843143259636,Query key: K_8E6D635A775D,61035.0,65308.0,65.536,context_0000,Answer: ,32,62995,synthetic_kv_64k,3999.98976,4280.025088,3.99998976,['V_8D5365B90E94']
GB,4.280025088,850A46B518DE,61035.0,4.0,0.06542843143259636,Query key: K_DB4B537D0BD1,61035.0,65308.0,65.536,context_0000,Answer: ,32,62995,synthetic_kv_64k,3999.98976,4280.025088,3.99998976,['V_850A46B518DE']
GB,4.280025088,032ADF9B7C1F,61035.0,4.0,0.06542843143259636,Query key: K_EACB7549C9F9,61035.0,65308.0,65.536,context_0000,Answer: ,32,62995,synthetic_kv_64k,3999.98976,4280.025088,3.99998976,['V_032ADF9B7C1F']
GB,4.280025088,966B9F80B96B,61035.0,4.0,0.06542843143259636,Query key: K_B34EC95B61F8,61035.0,65308.0,65.536,context_0000,Answer: ,32,62995,synthetic_kv_64k,3999.98976,4280.025088,3.99998976,['V_966B9F80B96B']
GB,4.280025088,1CCE6B6A8061,61035.0,4.0,0.06542843143259636,Query key: K_C81C85C69FBF,61035.0,65308.0,65.536,context_0000,Answer: ,32,62995,synthetic_kv_64k,3999.98976,4280.025088,3.99998976,['V_1CCE6B6A8061']
GB,4.280025088,910C25F06B0A,61035.0,4.0,0.06542843143259636,Query key: K_264E6A18E5AF,61035.0,65308.0,65.536,context_0000,Answer: ,32,62995,synthetic_kv_64k,3999.98976,4280.025088,3.99998976,['V_910C25F06B0A']
GB,4.280025088, V_F6FFC2250530,61035.0,4.0,0.06542843143259636,Query key: K_952A9682D9FF,61035.0,65308.0,65.536,context_0000,Answer: ,32,62995,synthetic_kv_64k,3999.98976,4280.025088,3.99998976,['V_F6FFC2250530']
GB,4.280025088,1B0AECC817A6,61035.0,4.0,0.06542843143259636,Query key: K_19A6F08CE6C2,61035.0,65308.0,65.536,context_0000,Answer: ,32,62995,synthetic_kv_64k,3999.98976,4280.025088,3.99998976,['V_1B0AECC817A6']
GB,4.280025088, V_C92619DA8262,61035.0,4.0,0.06542843143259636,Query key: K_C790900C0AF7,61035.0,65308.0,65.536,context_0000,Answer: ,32,62995,synthetic_kv_64k,3999.98976,4280.025088,3.99998976,['V_C92619DA8262']
GB,4.280025088, V_E150891F4683,61035.0,4.0,0.06542843143259636,Query key: K_DE12493D6196,61035.0,65308.0,65.536,context_0000,Answer: ,32,62995,synthetic_kv_64k,3999.98976,4280.025088,3.99998976,['V_E150891F4683']
GB,4.280025088, V_439E693016EA,61035.0,4.0,0.06542843143259636,Query key: K_E0BD5807CF74,61035.0,65308.0,65.536,context_0000,Answer: ,32,62995,synthetic_kv_64k,3999.98976,4280.025088,3.99998976,['V_439E693016EA']
GB,4.280025088,92707C4F48E4,61035.0,4.0,0.06542843143259636,Query key: K_A7A0620F230B,61035.0,65308.0,65.536,context_0000,Answer: ,32,62995,synthetic_kv_64k,3999.98976,4280.025088,3.99998976,['V_92707C4F48E4']
GB,4.280025088,2C15099759A3,61035.0,4.0,0.06542843143259636,Query key: K_79199BE4F19F,61035.0,65308.0,65.536,context_0000,Answer: ,32,62995,synthetic_kv_64k,3999.98976,4280.025088,3.99998976,['V_2C15099759A3']
GB,4.280025088,9E4524D38751,61035.0,4.0,0.06542843143259636,Query key: K_672946818A88,61035.0,65308.0,65.536,context_0000,Answer: ,32,62995,synthetic_kv_64k,3999.98976,4280.025088,3.99998976,['V_9E4524D38751']
GB,4.280025088,66D7B193C8B8,61035.0,4.0,0.06542843143259636,Query key: K_AE499BD0D4C7,61035.0,65308.0,65.536,context_0000,Answer: ,32,62995,synthetic_kv_64k,3999.98976,4280.025088,3.99998976,['V_66D7B193C8B8']
GB,4.280025088, V_E103E3BB22AE,61035.0,4.0,0.06542843143259636,Query key: K_655209EDA6F5,61035.0,65308.0,65.536,context_0000,Answer: ,32,62995,synthetic_kv_64k,3999.98976,4280.025088,3.99998976,['V_E103E3BB22AE']
GB,4.280025088,0C9E3CD1FF3F,61035.0,4.0,0.06542843143259636,Query key: K_B0C554DCCBA5,61035.0,65308.0,65.536,context_0000,Answer: ,32,62995,synthetic_kv_64k,3999.98976,4280.025088,3.99998976,['V_0C9E3CD1FF3F']
GB,4.280025088,44C1EBBBD763,61035.0,4.0,0.06542843143259636,Query key: K_79A7BEE975DA,61035.0,65308.0,65.536,context_0000,Answer: ,32,62995,synthetic_kv_64k,3999.98976,4280.025088,3.99998976,['V_44C1EBBBD763']
GB,4.280025088,567E052DFB9A,61035.0,4.0,0.06542843143259636,Query key: K_5F58E5A3D8E9,61035.0,65308.0,65.536,context_0000,Answer: ,32,62995,synthetic_kv_64k,3999.98976,4280.025088,3.99998976,['V_567E052DFB9A']
GB,4.280025088,4F9A4D950273,61035.0,4.0,0.06542843143259636,Query key: K_CB2CD1403430,61035.0,65308.0,65.536,context_0000,Answer: ,32,62995,synthetic_kv_64k,3999.98976,4280.025088,3.99998976,['V_4F9A4D950273']
GB,4.280025088, V_DBB57DDAC1B6,61035.0,4.0,0.06542843143259636,Query key: K_D7C447C4CC51,61035.0,65308.0,65.536,context_0000,Answer: ,32,62995,synthetic_kv_64k,3999.98976,4280.025088,3.99998976,['V_DBB57DDAC1B6']
GB,4.280025088, V_F8F51924C644,61035.0,4.0,0.06542843143259636,Query key: K_AF52B23909F4,61035.0,65308.0,65.536,context_0000,Answer: ,32,62995,synthetic_kv_64k,3999.98976,4280.025088,3.99998976,['V_F8F51924C644']
GB,4.280025088,4CEC226716E3,61035.0,4.0,0.06542843143259636,Query key: K_3A5BDE703B72,61035.0,65308.0,65.536,context_0000,Answer: ,32,62995,synthetic_kv_64k,3999.98976,4280.025088,3.99998976,['V_4CEC226716E3']
GB,4.280025088, V_C626716FB276,61035.0,4.0,0.06542843143259636,Query key: K_BE64F96671A5,61035.0,65308.0,65.536,context_0000,Answer: ,32,62995,synthetic_kv_64k,3999.98976,4280.025088,3.99998976,['V_C626716FB276']
GB,4.280025088, V_BA9244F8B53C,61035.0,4.0,0.06542843143259636,Query key: K_5224D3692867,61035.0,65308.0,65.536,context_0000,Answer: ,32,62995,synthetic_kv_64k,3999.98976,4280.025088,3.99998976,['V_BA9244F8B53C']
GB,4.280025088,16DBA543148E,61035.0,4.0,0.06542843143259636,Query key: K_9ADF6AB19E15,61035.0,65308.0,65.536,context_0000,Answer: ,32,62995,synthetic_kv_64k,3999.98976,4280.025088,3.99998976,['V_16DBA543148E']
GB,4.280025088, V_E9D6361DB014,61035.0,4.0,0.06542843143259636,Query key: K_7114301C8DB3,61035.0,65308.0,65.536,context_0000,Answer: ,32,62995,synthetic_kv_64k,3999.98976,4280.025088,3.99998976,['V_E9D6361DB014']
GB,4.280025088,7C05BDAE8EFF,61035.0,4.0,0.06542843143259636,Query key: K_683CD2EFA93B,61035.0,65308.0,65.536,context_0000,Answer: ,32,62995,synthetic_kv_64k,3999.98976,4280.025088,3.99998976,['V_7C05BDAE8EFF']
GB,4.280025088,5FB8DE0018AA,61035.0,4.0,0.06542843143259636,Query key: K_8439C26E2706,61035.0,65308.0,65.536,context_0000,Answer: ,32,62995,synthetic_kv_64k,3999.98976,4280.025088,3.99998976,['V_5FB8DE0018AA']
GB,4.280025088, V_CA9F83E8B700,61035.0,4.0,0.06542843143259636,Query key: K_0E63D22E3226,61035.0,65308.0,65.536,context_0000,Answer: ,32,62995,synthetic_kv_64k,3999.98976,4280.025088,3.99998976,['V_CA9F83E8B700']
GB,4.280025088, V_B5A64FA5C35E,61035.0,4.0,0.06542843143259636,Query key: K_10CC28B26B1B,61035.0,65308.0,65.536,context_0000,Answer: ,32,62995,synthetic_kv_64k,3999.98976,4280.025088,3.99998976,['V_B5A64FA5C35E']
GB,4.280025088, V_C7CF22B9F24C,61035.0,4.0,0.06542843143259636,Query key: K_674481BD55D5,61035.0,65308.0,65.536,context_0000,Answer: ,32,62995,synthetic_kv_64k,3999.98976,4280.025088,3.99998976,['V_C7CF22B9F24C']
GB,4.280025088,9194E11BF0D4,61035.0,4.0,0.06542843143259636,Query key: K_8637D9EE7DC9,61035.0,65308.0,65.536,context_0000,Answer: ,32,62995,synthetic_kv_64k,3999.98976,4280.025088,3.99998976,['V_9194E11BF0D4']
GB,4.280025088, V_E00B3158F1FB,61035.0,4.0,0.06542843143259636,Query key: K_2C7A07692583,61035.0,65308.0,65.536,context_0000,Answer: ,32,62995,synthetic_kv_64k,3999.98976,4280.025088,3.99998976,['V_E00B3158F1FB']
GB,4.280025088,0EC0D6441A9D,61035.0,4.0,0.06542843143259636,Query key: K_3362D53AE57F,61035.0,65308.0,65.536,context_0000,Answer: ,32,62995,synthetic_kv_64k,3999.98976,4280.025088,3.99998976,['V_0EC0D6441A9D']
GB,4.280025088,0CF174D9D1F5,61035.0,4.0,0.06542843143259636,Query key: K_08773FDE9814,61035.0,65308.0,65.536,context_0000,Answer: ,32,62995,synthetic_kv_64k,3999.98976,4280.025088,3.99998976,['V_0CF174D9D1F5']
GB,4.280025088,32F8B462E3E8,61035.0,4.0,0.06542843143259636,Query key: K_5C41EB04159C,61035.0,65308.0,65.536,context_0000,Answer: ,32,62995,synthetic_kv_64k,3999.98976,4280.025088,3.99998976,['V_32F8B462E3E8']
GB,4.280025088,76D7D2D14EF5,61035.0,4.0,0.06542843143259636,Query key: K_5E4C462363A9,61035.0,65308.0,65.536,context_0000,Answer: ,32,62995,synthetic_kv_64k,3999.98976,4280.025088,3.99998976,['V_76D7D2D14EF5']
GB,4.280025088, V_EC4EA2AA378C,61035.0,4.0,0.06542843143259636,Query key: K_659E814FF657,61035.0,65308.0,65.536,context_0000,Answer: ,32,62995,synthetic_kv_64k,3999.98976,4280.025088,3.99998976,['V_EC4EA2AA378C']
GB,4.280025088,3DEF07D2FD4D,61035.0,4.0,0.06542843143259636,Query key: K_AE611FB621AE,61035.0,65308.0,65.536,context_0000,Answer: ,32,62995,synthetic_kv_64k,3999.98976,4280.025088,3.99998976,['V_3DEF07D2FD4D']
GB,4.280025088,723398133DA1,61035.0,4.0,0.06542843143259636,Query key: K_7D215F59FB4D,61035.0,65308.0,65.536,context_0000,Answer: ,32,62995,synthetic_kv_64k,3999.98976,4280.025088,3.99998976,['V_723398133DA1']
GB,4.280025088,797EDED7D3EF,61035.0,4.0,0.06542843143259636,Query key: K_F5E42D761FFA,61035.0,65308.0,65.536,context_0000,Answer: ,32,62995,synthetic_kv_64k,3999.98976,4280.025088,3.99998976,['V_797EDED7D3EF']
GB,4.280025088,58205989DD6C,61035.0,4.0,0.06542843143259636,Query key: K_8D24963DC8BF,61035.0,65308.0,65.536,context_0000,Answer: ,32,62995,synthetic_kv_64k,3999.98976,4280.025088,3.99998976,['V_58205989DD6C']
GB,4.280025088,4237E4FD6C34,61035.0,4.0,0.06542843143259636,Query key: K_D67029DC073E,61035.0,65308.0,65.536,context_0000,Answer: ,32,62995,synthetic_kv_64k,3999.98976,4280.025088,3.99998976,['V_4237E4FD6C34']
GB,4.280025088,1723B0588256,61035.0,4.0,0.06542843143259636,Query key: K_D4B3BFBBEAB3,61035.0,65308.0,65.536,context_0000,Answer: ,32,62995,synthetic_kv_64k,3999.98976,4280.025088,3.99998976,['V_1723B0588256']
GB,4.280025088,0CB562F5F7C2,61035.0,4.0,0.06542843143259636,Query key: K_070648FA4E98,61035.0,65308.0,65.536,context_0000,Answer: ,32,62995,synthetic_kv_64k,3999.98976,4280.025088,3.99998976,['V_0CB562F5F7C2']
GB,4.280025088, V_C7A2927F8103,61035.0,4.0,0.06542843143259636,Query key: K_DA9429B44CB1,61035.0,65308.0,65.536,context_0000,Answer: ,32,62995,synthetic_kv_64k,3999.98976,4280.025088,3.99998976,['V_C7A2927F8103']
GB,4.280025088,38AADB6BA39B,61035.0,4.0,0.06542843143259636,Query key: K_36DDF704D72F,61035.0,65308.0,65.536,context_0000,Answer: ,32,62995,synthetic_kv_64k,3999.98976,4280.025088,3.99998976,['V_38AADB6BA39B']
GB,4.280025088,34ECAD7D6F81,61035.0,4.0,0.06542843143259636,Query key: K_39A0A5BAB050,61035.0,65308.0,65.536,context_0000,Answer: ,32,62995,synthetic_kv_64k,3999.98976,4280.025088,3.99998976,['V_34ECAD7D6F81']
GB,4.280025088,836668D576B8,61035.0,4.0,0.06542843143259636,Query key: K_A6CE44E2A94B,61035.0,65308.0,65.536,context_0000,Answer: ,32,62995,synthetic_kv_64k,3999.98976,4280.025088,3.99998976,['V_836668D576B8']
GB,4.280025088, V_F796C7C1FB1B,61035.0,4.0,0.06542843143259636,Query key: K_DD58052226B9,61035.0,65308.0,65.536,context_0000,Answer: ,32,62995,synthetic_kv_64k,3999.98976,4280.025088,3.99998976,['V_F796C7C1FB1B']
GB,4.280025088,795E02472360,61035.0,4.0,0.06542843143259636,Query key: K_AEA4C47FA57E,61035.0,65308.0,65.536,context_0000,Answer: ,32,62995,synthetic_kv_64k,3999.98976,4280.025088,3.99998976,['V_795E02472360']
GB,4.280025088,2C56A5BA2472,61035.0,4.0,0.06542843143259636,Query key: K_21DFE959137F,61035.0,65308.0,65.536,context_0000,Answer: ,32,62995,synthetic_kv_64k,3999.98976,4280.025088,3.99998976,['V_2C56A5BA2472']
GB,4.280025088,3948022AADDA,61035.0,4.0,0.06542843143259636,Query key: K_CD0599E4704C,61035.0,65308.0,65.536,context_0000,Answer: ,32,62995,synthetic_kv_64k,3999.98976,4280.025088,3.99998976,['V_3948022AADDA']
GB,4.280025088, V_F168CE1A1669,61035.0,4.0,0.06542843143259636,Query key: K_9BBC409CA8F2,61035.0,65308.0,65.536,context_0000,Answer: ,32,62995,synthetic_kv_64k,3999.98976,4280.025088,3.99998976,['V_F168CE1A1669']
GB,4.280025088, V_B599F78EE9E8,61035.0,4.0,0.06542843143259636,Query key: K_B6764E329B4B,61035.0,65308.0,65.536,context_0000,Answer: ,32,62995,synthetic_kv_64k,3999.98976,4280.025088,3.99998976,['V_B599F78EE9E8']
GB,4.280025088, V_E53E6C7E9A2C,61035.0,4.0,0.06542843143259636,Query key: K_467FA48AA108,61035.0,65308.0,65.536,context_0000,Answer: ,32,62995,synthetic_kv_64k,3999.98976,4280.025088,3.99998976,['V_E53E6C7E9A2C']
GB,4.280025088,758059450186,61035.0,4.0,0.06542843143259636,Query key: K_DA016060B1EB,61035.0,65308.0,65.536,context_0000,Answer: ,32,62995,synthetic_kv_64k,3999.98976,4280.025088,3.99998976,['V_758059450186']
GB,4.280025088,4D597779857F,61035.0,4.0,0.06542843143259636,Query key: K_37DC4082FCDA,61035.0,65308.0,65.536,context_0000,Answer: ,32,62995,synthetic_kv_64k,3999.98976,4280.025088,3.99998976,['V_4D597779857F']
GB,4.280025088,9FA4D30608BE,61035.0,4.0,0.06542843143259636,Query key: K_8548AD5CBA24,61035.0,65308.0,65.536,context_0000,Answer: ,32,62995,synthetic_kv_64k,3999.98976,4280.025088,3.99998976,['V_9FA4D30608BE']
GB,4.280025088,01E11A312044,61035.0,4.0,0.06542843143259636,Query key: K_95A065ABC9FF,61035.0,65308.0,65.536,context_0000,Answer: ,32,62995,synthetic_kv_64k,3999.98976,4280.025088,3.99998976,['V_01E11A312044']
GB,4.280025088, V_F76BA9902071,61035.0,4.0,0.06542843143259636,Query key: K_FFDA82F29004,61035.0,65308.0,65.536,context_0000,Answer: ,32,62995,synthetic_kv_64k,3999.98976,4280.025088,3.99998976,['V_F76BA9902071']
GB,4.280025088,8FBB5FCD859E,61035.0,4.0,0.06542843143259636,Query key: K_D6E1D7E174E6,61035.0,65308.0,65.536,context_0000,Answer: ,32,62995,synthetic_kv_64k,3999.98976,4280.025088,3.99998976,['V_8FBB5FCD859E']
GB,4.280025088,485D9BEAB529,61035.0,4.0,0.06542843143259636,Query key: K_9801A5B83693,61035.0,65308.0,65.536,context_0000,Answer: ,32,62995,synthetic_kv_64k,3999.98976,4280.025088,3.99998976,['V_485D9BEAB529']
GB,4.280025088,7B531BACBD0D,61035.0,4.0,0.06542843143259636,Query key: K_AF354C68EB17,61035.0,65308.0,65.536,context_0000,Answer: ,32,62995,synthetic_kv_64k,3999.98976,4280.025088,3.99998976,['V_7B531BACBD0D']
GB,4.280025088,46C7FD053963,61035.0,4.0,0.06542843143259636,Query key: K_56161057A002,61035.0,65308.0,65.536,context_0000,Answer: ,32,62995,synthetic_kv_64k,3999.98976,4280.025088,3.99998976,['V_46C7FD053963']
GB,4.280025088,46E1DC8AB6A7,61035.0,4.0,0.06542843143259636,Query key: K_533CA3FE0479,61035.0,65308.0,65.536,context_0000,Answer: ,32,62995,synthetic_kv_64k,3999.98976,4280.025088,3.99998976,['V_46E1DC8AB6A7']
GB,4.280025088, V_F3C2B60A3DCC,61035.0,4.0,0.06542843143259636,Query key: K_A7F742DA8609,61035.0,65308.0,65.536,context_0000,Answer: ,32,62995,synthetic_kv_64k,3999.98976,4280.025088,3.99998976,['V_F3C2B60A3DCC']
GB,4.280025088,30384C7D9313,61035.0,4.0,0.06542843143259636,Query key: K_A6C6E4729BE5,61035.0,65308.0,65.536,context_0000,Answer: ,32,62995,synthetic_kv_64k,3999.98976,4280.025088,3.99998976,['V_30384C7D9313']
GB,4.280025088,3D84C3F62136,61035.0,4.0,0.06542843143259636,Query key: K_846D2661C426,61035.0,65308.0,65.536,context_0000,Answer: ,32,62995,synthetic_kv_64k,3999.98976,4280.025088,3.99998976,['V_3D84C3F62136']
GB,4.280025088, V_DB79CE30A61D,61035.0,4.0,0.06542843143259636,Query key: K_0E88E651E3E1,61035.0,65308.0,65.536,context_0000,Answer: ,32,62995,synthetic_kv_64k,3999.98976,4280.025088,3.99998976,['V_DB79CE30A61D']
GB,4.280025088,6772999BC859,61035.0,4.0,0.06542843143259636,Query key: K_CF5ECD67B5DF,61035.0,65308.0,65.536,context_0000,Answer: ,32,62995,synthetic_kv_64k,3999.98976,4280.025088,3.99998976,['V_6772999BC859']
GB,4.280025088,23D2AE46024D,61035.0,4.0,0.06542843143259636,Query key: K_51D0A91883FC,61035.0,65308.0,65.536,context_0000,Answer: ,32,62995,synthetic_kv_64k,3999.98976,4280.025088,3.99998976,['V_23D2AE46024D']
GB,4.280025088,7F53A7C854E4,61035.0,4.0,0.06542843143259636,Query key: K_0684B8A60402,61035.0,65308.0,65.536,context_0000,Answer: ,32,62995,synthetic_kv_64k,3999.98976,4280.025088,3.99998976,['V_7F53A7C854E4']
GB,4.280025088, V_E82B4269C28C,61035.0,4.0,0.06542843143259636,Query key: K_4BACFF5A229E,61035.0,65308.0,65.536,context_0000,Answer: ,32,62995,synthetic_kv_64k,3999.98976,4280.025088,3.99998976,['V_E82B4269C28C']
GB,4.280025088, V_BC9A6365FC2A,61035.0,4.0,0.06542843143259636,Query key: K_67936B271EFF,61035.0,65308.0,65.536,context_0000,Answer: ,32,62995,synthetic_kv_64k,3999.98976,4280.025088,3.99998976,['V_BC9A6365FC2A']
GB,4.280025088, V_FEA8B54401CB,61035.0,4.0,0.06542843143259636,Query key: K_9541090AAA93,61035.0,65308.0,65.536,context_0000,Answer: ,32,62995,synthetic_kv_64k,3999.98976,4280.025088,3.99998976,['V_FEA8B54401CB']
GB,4.280025088, V_57D9309E47BA,61035.0,4.0,0.06542843143259636,Query key: K_D0E692715F6E,61035.0,65308.0,65.536,context_0000,Answer: ,32,62995,synthetic_kv_64k,3999.98976,4280.025088,3.99998976,['V_57D9309E47BA']
GB,4.280025088, V_AFB238ECCB4D,61035.0,4.0,0.06542843143259636,Query key: K_B69FB9FF2C29,61035.0,65308.0,65.536,context_0000,Answer: ,32,62995,synthetic_kv_64k,3999.98976,4280.025088,3.99998976,['V_AFB238ECCB4D']
GB,4.280025088,79C9C8EF0377,61035.0,4.0,0.06542843143259636,Query key: K_A36888DDD880,61035.0,65308.0,65.536,context_0000,Answer: ,32,62995,synthetic_kv_64k,3999.98976,4280.025088,3.99998976,['V_79C9C8EF0377']
GB,4.280025088,5BC6ABFF9286,61035.0,4.0,0.06542843143259636,Query key: K_F0CFE8121EF0,61035.0,65308.0,65.536,context_0000,Answer: ,32,62995,synthetic_kv_64k,3999.98976,4280.025088,3.99998976,['V_5BC6ABFF9286']
GB,4.280025088,2B84D86D655D,61035.0,4.0,0.06542843143259636,Query key: K_4CD981DF62F4,61035.0,65308.0,65.536,context_0000,Answer: ,32,62995,synthetic_kv_64k,3999.98976,4280.025088,3.99998976,['V_2B84D86D655D']
GB,4.280025088,8EE9E061F65F,61035.0,4.0,0.06542843143259636,Query key: K_A859D73418FE,61035.0,65308.0,65.536,context_0000,Answer: ,32,62995,synthetic_kv_64k,3999.98976,4280.025088,3.99998976,['V_8EE9E061F65F']
GB,4.280025088,788518FC83B7,61035.0,4.0,0.06542843143259636,Query key: K_4B352E5EEB6A,61035.0,65308.0,65.536,context_0000,Answer: ,32,62995,synthetic_kv_64k,3999.98976,4280.025088,3.99998976,['V_788518FC83B7']
GB,4.280025088, V_B9A5423701F1,61035.0,4.0,0.06542843143259636,Query key: K_BDAC20C0F275,61035.0,65308.0,65.536,context_0000,Answer: ,32,62995,synthetic_kv_64k,3999.98976,4280.025088,3.99998976,['V_B9A5423701F1']
GB,4.280025088, V_E9A1C34E9BAF,61035.0,4.0,0.06542843143259636,Query key: K_8F1CCEEF9FA8,61035.0,65308.0,65.536,context_0000,Answer: ,32,62995,synthetic_kv_64k,3999.98976,4280.025088,3.99998976,['V_E9A1C34E9BAF']
GB,4.280025088, V_E64BAE01A122,61035.0,4.0,0.06542843143259636,Query key: K_F2692EDD9141,61035.0,65308.0,65.536,context_0000,Answer: ,32,62995,synthetic_kv_64k,3999.98976,4280.025088,3.99998976,['V_E64BAE01A122']
GB,4.280025088,38E516DC5A6E,61035.0,4.0,0.06542843143259636,Query key: K_A78955EC024A,61035.0,65308.0,65.536,context_0000,Answer: ,32,62995,synthetic_kv_64k,3999.98976,4280.025088,3.99998976,['V_38E516DC5A6E']
GB,4.280025088, V_DF16BE848AA2,61035.0,4.0,0.06542843143259636,Query key: K_392C5AF3DA5A,61035.0,65308.0,65.536,context_0000,Answer: ,32,62995,synthetic_kv_64k,3999.98976,4280.025088,3.99998976,['V_DF16BE848AA2']
GB,4.280025088, V_E308C9C04B7D,61035.0,4.0,0.06542843143259636,Query key: K_6BA44E9D23E9,61035.0,65308.0,65.536,context_0000,Answer: ,32,62995,synthetic_kv_64k,3999.98976,4280.025088,3.99998976,['V_E308C9C04B7D']
GB,4.280025088,95E742B40281,61035.0,4.0,0.06542843143259636,Query key: K_5F2654D1332A,61035.0,65308.0,65.536,context_0000,Answer: ,32,62995,synthetic_kv_64k,3999.98976,4280.025088,3.99998976,['V_95E742B40281']
GB,4.280025088,1E26D9E92758,61035.0,4.0,0.06542843143259636,Query key: K_76B94B46EF33,61035.0,65308.0,65.536,context_0000,Answer: ,32,62995,synthetic_kv_64k,3999.98976,4280.025088,3.99998976,['V_1E26D9E92758']
GB,4.280025088, V_A267DDCBF4BC,61035.0,4.0,0.06542843143259636,Query key: K_0DBD787515B9,61035.0,65308.0,65.536,context_0000,Answer: ,32,62995,synthetic_kv_64k,3999.98976,4280.025088,3.99998976,['V_A267DDCBF4BC']
GB,4.280025088,9EE3F1BDB598,61035.0,4.0,0.06542843143259636,Query key: K_948F9565257B,61035.0,65308.0,65.536,context_0000,Answer: ,32,62995,synthetic_kv_64k,3999.98976,4280.025088,3.99998976,['V_9EE3F1BDB598']
GB,4.280025088,31CDE3B16D36,61035.0,4.0,0.06542843143259636,Query key: K_78E3123B31CF,61035.0,65308.0,65.536,context_0000,Answer: ,32,62995,synthetic_kv_64k,3999.98976,4280.025088,3.99998976,['V_31CDE3B16D36']
GB,4.280025088, V_AE42DE14553B,61035.0,4.0,0.06542843143259636,Query key: K_1EAC801F4909,61035.0,65308.0,65.536,context_0000,Answer: ,32,62995,synthetic_kv_64k,3999.98976,4280.025088,3.99998976,['V_AE42DE14553B']
GB,4.280025088,69C14C610AE8,61035.0,4.0,0.06542843143259636,Query key: K_87A361B512ED,61035.0,65308.0,65.536,context_0000,Answer: ,32,62995,synthetic_kv_64k,3999.98976,4280.025088,3.99998976,['V_69C14C610AE8']
GB,4.280025088,2699DAAF7529,61035.0,4.0,0.06542843143259636,Query key: K_DEEF0DD70158,61035.0,65308.0,65.536,context_0000,Answer: ,32,62995,synthetic_kv_64k,3999.98976,4280.025088,3.99998976,['V_2699DAAF7529']
GB,4.280025088,57B93346A332,61035.0,4.0,0.06542843143259636,Query key: K_FE0A232A5E82,61035.0,65308.0,65.536,context_0000,Answer: ,32,62995,synthetic_kv_64k,3999.98976,4280.025088,3.99998976,['V_57B93346A332']
GB,4.280025088, V_E49191C46EFC,61035.0,4.0,0.06542843143259636,Query key: K_FCB868C0CBEF,61035.0,65308.0,65.536,context_0000,Answer: ,32,62995,synthetic_kv_64k,3999.98976,4280.025088,3.99998976,['V_E49191C46EFC']
GB,4.280025088,24AA752366CE,61035.0,4.0,0.06542843143259636,Query key: K_FC95E8184F34,61035.0,65308.0,65.536,context_0000,Answer: ,32,62995,synthetic_kv_64k,3999.98976,4280.025088,3.99998976,['V_24AA752366CE']
GB,4.280025088,2E2BB7360C4F,61035.0,4.0,0.06542843143259636,Query key: K_DCC550FE8199,61035.0,65308.0,65.536,context_0000,Answer: ,32,62995,synthetic_kv_64k,3999.98976,4280.025088,3.99998976,['V_2E2BB7360C4F']
GB,4.280025088,55277CD2192F,61035.0,4.0,0.06542843143259636,Query key: K_14B0C768B07F,61035.0,65308.0,65.536,context_0000,Answer: ,32,62995,synthetic_kv_64k,3999.98976,4280.025088,3.99998976,['V_55277CD2192F']
GB,4.280025088,503B2D445AF8,61035.0,4.0,0.06542843143259636,Query key: K_FC94A18B5D15,61035.0,65308.0,65.536,context_0000,Answer: ,32,62995,synthetic_kv_64k,3999.98976,4280.025088,3.99998976,['V_503B2D445AF8']
GB,4.280025088,73B90134E76B,61035.0,4.0,0.06542843143259636,Query key: K_0ED9A26E865B,61035.0,65308.0,65.536,context_0000,Answer: ,32,62995,synthetic_kv_64k,3999.98976,4280.025088,3.99998976,['V_73B90134E76B']
GB,4.280025088, V_C606C2DD901D,61035.0,4.0,0.06542843143259636,Query key: K_359A4605EC0E,61035.0,65308.0,65.536,context_0000,Answer: ,32,62995,synthetic_kv_64k,3999.98976,4280.025088,3.99998976,['V_C606C2DD901D']
GB,4.280025088,288FC3B534DB,61035.0,4.0,0.06542843143259636,Query key: K_93872B29BF36,61035.0,65308.0,65.536,context_0000,Answer: ,32,62995,synthetic_kv_64k,3999.98976,4280.025088,3.99998976,['V_288FC3B534DB']
GB,4.280025088, V_C79DC37944C1,61035.0,4.0,0.06542843143259636,Query key: K_C9037D54EC82,61035.0,65308.0,65.536,context_0000,Answer: ,32,62995,synthetic_kv_64k,3999.98976,4280.025088,3.99998976,['V_C79DC37944C1']
GB,4.280025088,6F079D4E8B5D,61035.0,4.0,0.06542843143259636,Query key: K_21201689E0B8,61035.0,65308.0,65.536,context_0000,Answer: ,32,62995,synthetic_kv_64k,3999.98976,4280.025088,3.99998976,['V_6F079D4E8B5D']
GB,4.280025088,6DD46744CB9E,61035.0,4.0,0.06542843143259636,Query key: K_6DEDA22C3D4F,61035.0,65308.0,65.536,context_0000,Answer: ,32,62995,synthetic_kv_64k,3999.98976,4280.025088,3.99998976,['V_6DD46744CB9E']
GB,4.280025088,013162210670,61035.0,4.0,0.06542843143259636,Query key: K_7A36F71FB9A6,61035.0,65308.0,65.536,context_0000,Answer: ,32,62995,synthetic_kv_64k,3999.98976,4280.025088,3.99998976,['V_013162210670']
GB,4.280025088, V_BB0C330CCFF5,61035.0,4.0,0.06542843143259636,Query key: K_88A509A85DC5,61035.0,65308.0,65.536,context_0000,Answer: ,32,62995,synthetic_kv_64k,3999.98976,4280.025088,3.99998976,['V_BB0C330CCFF5']
GB,4.280025088, V_E45A039A8ED5,61035.0,4.0,0.06542843143259636,Query key: K_F3375F8392D5,61035.0,65308.0,65.536,context_0000,Answer: ,32,62995,synthetic_kv_64k,3999.98976,4280.025088,3.99998976,['V_E45A039A8ED5']
GB,4.280025088,87F1D54E7948,61035.0,4.0,0.06542843143259636,Query key: K_C1C0527C8F50,61035.0,65308.0,65.536,context_0000,Answer: ,32,62995,synthetic_kv_64k,3999.98976,4280.025088,3.99998976,['V_87F1D54E7948']
GB,4.280025088,010EAD3F5DD4,61035.0,4.0,0.06542843143259636,Query key: K_049630C9A2BE,61035.0,65308.0,65.536,context_0000,Answer: ,32,62995,synthetic_kv_64k,3999.98976,4280.025088,3.99998976,['V_010EAD3F5DD4']
GB,4.280025088,39EC3FB2DF47,61035.0,4.0,0.06542843143259636,Query key: K_BBCDA06E8DE5,61035.0,65308.0,65.536,context_0000,Answer: ,32,62995,synthetic_kv_64k,3999.98976,4280.025088,3.99998976,['V_39EC3FB2DF47']
GB,4.280025088,4FE558274E80,61035.0,4.0,0.06542843143259636,Query key: K_E082B18AD67D,61035.0,65308.0,65.536,context_0000,Answer: ,32,62995,synthetic_kv_64k,3999.98976,4280.025088,3.99998976,['V_4FE558274E80']
GB,4.280025088,80DA62305D27,61035.0,4.0,0.06542843143259636,Query key: K_1A4B21019BFF,61035.0,65308.0,65.536,context_0000,Answer: ,32,62995,synthetic_kv_64k,3999.98976,4280.025088,3.99998976,['V_80DA62305D27']
GB,4.280025088,10B62AC1D5CA,61035.0,4.0,0.06542843143259636,Query key: K_4E5D96B31F4A,61035.0,65308.0,65.536,context_0000,Answer: ,32,62995,synthetic_kv_64k,3999.98976,4280.025088,3.99998976,['V_10B62AC1D5CA']
GB,4.280025088, V_F2CE4C56FB8F,61035.0,4.0,0.06542843143259636,Query key: K_0BB4D2E76DEB,61035.0,65308.0,65.536,context_0000,Answer: ,32,62995,synthetic_kv_64k,3999.98976,4280.025088,3.99998976,['V_F2CE4C56FB8F']
GB,4.280025088,8531BA533122,61035.0,4.0,0.06542843143259636,Query key: K_74B74A73B0BF,61035.0,65308.0,65.536,context_0000,Answer: ,32,62995,synthetic_kv_64k,3999.98976,4280.025088,3.99998976,['V_8531BA533122']
GB,4.280025088,6F04567C5D44,61035.0,4.0,0.06542843143259636,Query key: K_862C98ABB2E7,61035.0,65308.0,65.536,context_0000,Answer: ,32,62995,synthetic_kv_64k,3999.98976,4280.025088,3.99998976,['V_6F04567C5D44']
GB,4.280025088,2240FED747BE,61035.0,4.0,0.06542843143259636,Query key: K_AFD0E3524444,61035.0,65308.0,65.536,context_0000,Answer: ,32,62995,synthetic_kv_64k,3999.98976,4280.025088,3.99998976,['V_2240FED747BE']
GB,4.280025088,7D7CE6C11650,61035.0,4.0,0.06542843143259636,Query key: K_FF0257BD56C9,61035.0,65308.0,65.536,context_0000,Answer: ,32,62995,synthetic_kv_64k,3999.98976,4280.025088,3.99998976,['V_7D7CE6C11650']
GB,4.280025088,2A35303CB04B,61035.0,4.0,0.06542843143259636,Query key: K_C0075BF7DDA1,61035.0,65308.0,65.536,context_0000,Answer: ,32,62995,synthetic_kv_64k,3999.98976,4280.025088,3.99998976,['V_2A35303CB04B']
GB,4.280025088, V_CFDFEB0F827C,61035.0,4.0,0.06542843143259636,Query key: K_E82AF2B5A7EA,61035.0,65308.0,65.536,context_0000,Answer: ,32,62995,synthetic_kv_64k,3999.98976,4280.025088,3.99998976,['V_CFDFEB0F827C']
GB,4.280025088,396D3A799EFA,61035.0,4.0,0.06542843143259636,Query key: K_04E56744ACD4,61035.0,65308.0,65.536,context_0000,Answer: ,32,62995,synthetic_kv_64k,3999.98976,4280.025088,3.99998976,['V_396D3A799EFA']
GB,4.280025088,36102196B3B5,61035.0,4.0,0.06542843143259636,Query key: K_FC21BA27BC64,61035.0,65308.0,65.536,context_0000,Answer: ,32,62995,synthetic_kv_64k,3999.98976,4280.025088,3.99998976,['V_36102196B3B5']
GB,4.280025088,812F96F61C09,61035.0,4.0,0.06542843143259636,Query key: K_059CBBEC721D,61035.0,65308.0,65.536,context_0000,Answer: ,32,62995,synthetic_kv_64k,3999.98976,4280.025088,3.99998976,['V_812F96F61C09']
GB,4.280025088, V_B60B5DD8EFFC,61035.0,4.0,0.06542843143259636,Query key: K_1F872B429596,61035.0,65308.0,65.536,context_0000,Answer: ,32,62995,synthetic_kv_64k,3999.98976,4280.025088,3.99998976,['V_B60B5DD8EFFC']
GB,4.280025088,600C0990A647,61035.0,4.0,0.06542843143259636,Query key: K_CAC8A689D07F,61035.0,65308.0,65.536,context_0000,Answer: ,32,62995,synthetic_kv_64k,3999.98976,4280.025088,3.99998976,['V_600C0990A647']
GB,4.280025088, V_C570417B6634,61035.0,4.0,0.06542843143259636,Query key: K_A3ECE0653245,61035.0,65308.0,65.536,context_0000,Answer: ,32,62995,synthetic_kv_64k,3999.98976,4280.025088,3.99998976,['V_C570417B6634']
GB,4.280025088,980B0C7031EB,61035.0,4.0,0.06542843143259636,Query key: K_9F8588E44A48,61035.0,65308.0,65.536,context_0000,Answer: ,32,62995,synthetic_kv_64k,3999.98976,4280.025088,3.99998976,['V_980B0C7031EB']
GB,4.280025088,1BADA976DC4D,61035.0,4.0,0.06542843143259636,Query key: K_0C47FEA35D37,61035.0,65308.0,65.536,context_0000,Answer: ,32,62995,synthetic_kv_64k,3999.98976,4280.025088,3.99998976,['V_1BADA976DC4D']
GB,4.280025088,0C59050DCBFE,61035.0,4.0,0.06542843143259636,Query key: K_D60BA750350E,61035.0,65308.0,65.536,context_0000,Answer: ,32,62995,synthetic_kv_64k,3999.98976,4280.025088,3.99998976,['V_0C59050DCBFE']
GB,4.280025088,71BE6AB1CDB6,61035.0,4.0,0.06542843143259636,Query key: K_1DA4B0937085,61035.0,65308.0,65.536,context_0000,Answer: ,32,62995,synthetic_kv_64k,3999.98976,4280.025088,3.99998976,['V_71BE6AB1CDB6']
GB,4.280025088,40B38C1AB2C7,61035.0,4.0,0.06542843143259636,Query key: K_1FA361584F88,61035.0,65308.0,65.536,context_0000,Answer: ,32,62995,synthetic_kv_64k,3999.98976,4280.025088,3.99998976,['V_40B38C1AB2C7']
GB,4.280025088,349B27335670,61035.0,4.0,0.06542843143259636,Query key: K_B3AD797209C0,61035.0,65308.0,65.536,context_0000,Answer: ,32,62995,synthetic_kv_64k,3999.98976,4280.025088,3.99998976,['V_349B27335670']
GB,4.280025088,0261A15C159A,61035.0,4.0,0.06542843143259636,Query key: K_AF8CB1F81AD9,61035.0,65308.0,65.536,context_0000,Answer: ,32,62995,synthetic_kv_64k,3999.98976,4280.025088,3.99998976,['V_0261A15C159A']
GB,4.280025088,19D9A962D996,61035.0,4.0,0.06542843143259636,Query key: K_6BBE4D15F7D8,61035.0,65308.0,65.536,context_0000,Answer: ,32,62995,synthetic_kv_64k,3999.98976,4280.025088,3.99998976,['V_19D9A962D996']
GB,4.280025088,9F6F451D38FE,61035.0,4.0,0.06542843143259636,Query key: K_8532A9987BDF,61035.0,65308.0,65.536,context_0000,Answer: ,32,62995,synthetic_kv_64k,3999.98976,4280.025088,3.99998976,['V_9F6F451D38FE']
GB,4.280025088,6B38231D260B,61035.0,4.0,0.06542843143259636,Query key: K_B3629B0ADA0B,61035.0,65308.0,65.536,context_0000,Answer: ,32,62995,synthetic_kv_64k,3999.98976,4280.025088,3.99998976,['V_6B38231D260B']
GB,4.280025088,82F71ADBA8CF,61035.0,4.0,0.06542843143259636,Query key: K_E60CD4A5A81E,61035.0,65308.0,65.536,context_0000,Answer: ,32,62995,synthetic_kv_64k,3999.98976,4280.025088,3.99998976,['V_82F71ADBA8CF']
GB,4.280025088,485F1E23DA4B,61035.0,4.0,0.06542843143259636,Query key: K_9E21B8011026,61035.0,65308.0,65.536,context_0000,Answer: ,32,62995,synthetic_kv_64k,3999.98976,4280.025088,3.99998976,['V_485F1E23DA4B']
GB,4.280025088,7F6B1B341937,61035.0,4.0,0.06542843143259636,Query key: K_C8E61D2FED2A,61035.0,65308.0,65.536,context_0000,Answer: ,32,62995,synthetic_kv_64k,3999.98976,4280.025088,3.99998976,['V_7F6B1B341937']
GB,4.280025088, V_C7283322C68B,61035.0,4.0,0.06542843143259636,Query key: K_9BE732DA81F0,61035.0,65308.0,65.536,context_0000,Answer: ,32,62995,synthetic_kv_64k,3999.98976,4280.025088,3.99998976,['V_C7283322C68B']
GB,4.280025088, V_F91E85ECE729,61035.0,4.0,0.06542843143259636,Query key: K_D4DD435391B2,61035.0,65308.0,65.536,context_0000,Answer: ,32,62995,synthetic_kv_64k,3999.98976,4280.025088,3.99998976,['V_F91E85ECE729']
GB,4.280025088,68E5B4146E4A,61035.0,4.0,0.06542843143259636,Query key: K_5BA033A0DAA7,61035.0,65308.0,65.536,context_0000,Answer: ,32,62995,synthetic_kv_64k,3999.98976,4280.025088,3.99998976,['V_68E5B4146E4A']
GB,4.280025088,8C520A167E18,61035.0,4.0,0.06542843143259636,Query key: K_290E4B9C22F4,61035.0,65308.0,65.536,context_0000,Answer: ,32,62995,synthetic_kv_64k,3999.98976,4280.025088,3.99998976,['V_8C520A167E18']
GB,4.280025088, V_B02E352B6EC8,61035.0,4.0,0.06542843143259636,Query key: K_E90D7F111A36,61035.0,65308.0,65.536,context_0000,Answer: ,32,62995,synthetic_kv_64k,3999.98976,4280.025088,3.99998976,['V_B02E352B6EC8']
GB,4.280025088,3C0854A27051,61035.0,4.0,0.06542843143259636,Query key: K_7B0CEEE13CAE,61035.0,65308.0,65.536,context_0000,Answer: ,32,62995,synthetic_kv_64k,3999.98976,4280.025088,3.99998976,['V_3C0854A27051']
GB,4.280025088,16C8ABF0263E,61035.0,4.0,0.06542843143259636,Query key: K_034300B3700F,61035.0,65308.0,65.536,context_0000,Answer: ,32,62995,synthetic_kv_64k,3999.98976,4280.025088,3.99998976,['V_16C8ABF0263E']
GB,4.280025088,92FBD5D1C669,61035.0,4.0,0.06542843143259636,Query key: K_1C45E8294A67,61035.0,65308.0,65.536,context_0000,Answer: ,32,62995,synthetic_kv_64k,3999.98976,4280.025088,3.99998976,['V_92FBD5D1C669']
GB,4.280025088, V_F30E262E5559,61035.0,4.0,0.06542843143259636,Query key: K_7E7DAB450578,61035.0,65308.0,65.536,context_0000,Answer: ,32,62995,synthetic_kv_64k,3999.98976,4280.025088,3.99998976,['V_F30E262E5559']
GB,4.280025088,133682FF1F2E,61035.0,4.0,0.06542843143259636,Query key: K_C78F170FA87B,61035.0,65308.0,65.536,context_0000,Answer: ,32,62995,synthetic_kv_64k,3999.98976,4280.025088,3.99998976,['V_133682FF1F2E']
GB,4.280025088, V_E79F19EE2C3B,61035.0,4.0,0.06542843143259636,Query key: K_B93CB93B770C,61035.0,65308.0,65.536,context_0000,Answer: ,32,62995,synthetic_kv_64k,3999.98976,4280.025088,3.99998976,['V_E79F19EE2C3B']
GB,4.280025088,74ED3B2D520B,61035.0,4.0,0.06542843143259636,Query key: K_A4F341822509,61035.0,65308.0,65.536,context_0000,Answer: ,32,62995,synthetic_kv_64k,3999.98976,4280.025088,3.99998976,['V_74ED3B2D520B']
GB,4.280025088,439D4BC81C16,61035.0,4.0,0.06542843143259636,Query key: K_FA2FFD1935CC,61035.0,65308.0,65.536,context_0000,Answer: ,32,62995,synthetic_kv_64k,3999.98976,4280.025088,3.99998976,['V_439D4BC81C16']
GB,4.280025088, V_D02C198D13A4,61035.0,4.0,0.06542843143259636,Query key: K_0CD276DAE194,61035.0,65308.0,65.536,context_0000,Answer: ,32,62995,synthetic_kv_64k,3999.98976,4280.025088,3.99998976,['V_D02C198D13A4']
GB,4.280025088, V_DA2C0A190939,61035.0,4.0,0.06542843143259636,Query key: K_DFC72CB941FC,61035.0,65308.0,65.536,context_0000,Answer: ,32,62995,synthetic_kv_64k,3999.98976,4280.025088,3.99998976,['V_DA2C0A190939']
GB,4.280025088, V_AD40CD3566EF,61035.0,4.0,0.06542843143259636,Query key: K_5C374A629C5E,61035.0,65308.0,65.536,context_0000,Answer: ,32,62995,synthetic_kv_64k,3999.98976,4280.025088,3.99998976,['V_AD40CD3566EF']
GB,4.280025088,1DABBD10F87C,61035.0,4.0,0.06542843143259636,Query key: K_6D0E500D92A7,61035.0,65308.0,65.536,context_0000,Answer: ,32,62995,synthetic_kv_64k,3999.98976,4280.025088,3.99998976,['V_1DABBD10F87C']
GB,4.280025088, V_E3EAC219A845,61035.0,4.0,0.06542843143259636,Query key: K_D9EB1851D1CF,61035.0,65308.0,65.536,context_0000,Answer: ,32,62995,synthetic_kv_64k,3999.98976,4280.025088,3.99998976,['V_E3EAC219A845']
GB,4.280025088, V_236DDA1C96AE,61035.0,4.0,0.06542843143259636,Query key: K_02790BBF6334,61035.0,65308.0,65.536,context_0000,Answer: ,32,62995,synthetic_kv_64k,3999.98976,4280.025088,3.99998976,['V_236DDA1C96AE']
GB,4.280025088, V_54232BA6B158,61035.0,4.0,0.06542843143259636,Query key: K_A5AEA9D1A28E,61035.0,65308.0,65.536,context_0000,Answer: ,32,62995,synthetic_kv_64k,3999.98976,4280.025088,3.99998976,['V_54232BA6B158']
GB,4.280025088, V_F480700E0EFC,61035.0,4.0,0.06542843143259636,Query key: K_E4FF5B86EA69,61035.0,65308.0,65.536,context_0000,Answer: ,32,62995,synthetic_kv_64k,3999.98976,4280.025088,3.99998976,['V_F480700E0EFC']
GB,4.280025088, V_BBAAE0E3C5CE,61035.0,4.0,0.06542843143259636,Query key: K_44AF9F2EBEFC,61035.0,65308.0,65.536,context_0000,Answer: ,32,62995,synthetic_kv_64k,3999.98976,4280.025088,3.99998976,['V_BBAAE0E3C5CE']
GB,4.280025088, V_57BCD0A17FE8,61035.0,4.0,0.06542843143259636,Query key: K_5F6417CBA85D,61035.0,65308.0,65.536,context_0000,Answer: ,32,62995,synthetic_kv_64k,3999.98976,4280.025088,3.99998976,['V_57BCD0A17FE8']
GB,4.280025088,667666995AF5,61035.0,4.0,0.06542843143259636,Query key: K_1D242ED087D4,61035.0,65308.0,65.536,context_0000,Answer: ,32,62995,synthetic_kv_64k,3999.98976,4280.025088,3.99998976,['V_667666995AF5']
GB,4.280025088, V_D5F04596DA75,61035.0,4.0,0.06542843143259636,Query key: K_74DFF659F188,61035.0,65308.0,65.536,context_0000,Answer: ,32,62995,synthetic_kv_64k,3999.98976,4280.025088,3.99998976,['V_D5F04596DA75']
GB,4.280025088, V_7A6ED9C59CD9,61035.0,4.0,0.06542843143259636,Query key: K_B09D62BE4009,61035.0,65308.0,65.536,context_0000,Answer: ,32,62995,synthetic_kv_64k,3999.98976,4280.025088,3.99998976,['V_7A6ED9C59CD9']
GB,4.280025088, V_E2D9A61ACD8E,61035.0,4.0,0.06542843143259636,Query key: K_6BF7CCC62FED,61035.0,65308.0,65.536,context_0000,Answer: ,32,62995,synthetic_kv_64k,3999.98976,4280.025088,3.99998976,['V_E2D9A61ACD8E']
GB,4.280025088,21EC1CF14654,61035.0,4.0,0.06542843143259636,Query key: K_2AB2CC0243C6,61035.0,65308.0,65.536,context_0000,Answer: ,32,62995,synthetic_kv_64k,3999.98976,4280.025088,3.99998976,['V_21EC1CF14654']
GB,4.280025088, V_FB480F037337,61035.0,4.0,0.06542843143259636,Query key: K_B9F6B2383056,61035.0,65308.0,65.536,context_0000,Answer: ,32,62995,synthetic_kv_64k,3999.98976,4280.025088,3.99998976,['V_FB480F037337']
GB,4.280025088,1A8C28CE231E,61035.0,4.0,0.06542843143259636,Query key: K_D827F1458426,61035.0,65308.0,65.536,context_0000,Answer: ,32,62995,synthetic_kv_64k,3999.98976,4280.025088,3.99998976,['V_1A8C28CE231E']
GB,4.280025088,7B90973B6977,61035.0,4.0,0.06542843143259636,Query key: K_E9466A80CAC2,61035.0,65308.0,65.536,context_0000,Answer: ,32,62995,synthetic_kv_64k,3999.98976,4280.025088,3.99998976,['V_7B90973B6977']
GB,4.280025088,702BADAB2C2F,61035.0,4.0,0.06542843143259636,Query key: K_91A6CD613988,61035.0,65308.0,65.536,context_0000,Answer: ,32,62995,synthetic_kv_64k,3999.98976,4280.025088,3.99998976,['V_702BADAB2C2F']
GB,4.280025088, V_C777613758C3,61035.0,4.0,0.06542843143259636,Query key: K_9C7F2E671784,61035.0,65308.0,65.536,context_0000,Answer: ,32,62995,synthetic_kv_64k,3999.98976,4280.025088,3.99998976,['V_C777613758C3']
GB,4.280025088, V_DCD10760801F,61035.0,4.0,0.06542843143259636,Query key: K_9C815BCD236C,61035.0,65308.0,65.536,context_0000,Answer: ,32,62995,synthetic_kv_64k,3999.98976,4280.025088,3.99998976,['V_DCD10760801F']
GB,4.280025088, V_BA2ED6AA5382,61035.0,4.0,0.06542843143259636,Query key: K_E144AF390A9D,61035.0,65308.0,65.536,context_0000,Answer: ,32,62995,synthetic_kv_64k,3999.98976,4280.025088,3.99998976,['V_BA2ED6AA5382']
GB,4.280025088,7BAB2172A0AA,61035.0,4.0,0.06542843143259636,Query key: K_E44AF933A9FA,61035.0,65308.0,65.536,context_0000,Answer: ,32,62995,synthetic_kv_64k,3999.98976,4280.025088,3.99998976,['V_7BAB2172A0AA']
GB,4.280025088, V_E3391CE97871,61035.0,4.0,0.06542843143259636,Query key: K_7CF5EB9F33CB,61035.0,65308.0,65.536,context_0000,Answer: ,32,62995,synthetic_kv_64k,3999.98976,4280.025088,3.99998976,['V_E3391CE97871']
GB,4.280025088,10360BC4D7BA,61035.0,4.0,0.06542843143259636,Query key: K_70D06949ECE5,61035.0,65308.0,65.536,context_0000,Answer: ,32,62995,synthetic_kv_64k,3999.98976,4280.025088,3.99998976,['V_10360BC4D7BA']
GB,4.280025088,032A5071E5F0,61035.0,4.0,0.06542843143259636,Query key: K_A7AC42F90F92,61035.0,65308.0,65.536,context_0000,Answer: ,32,62995,synthetic_kv_64k,3999.98976,4280.025088,3.99998976,['V_032A5071E5F0']
GB,4.280025088,865AAD8CBFEA,61035.0,4.0,0.06542843143259636,Query key: K_DE4BB45E9463,61035.0,65308.0,65.536,context_0000,Answer: ,32,62995,synthetic_kv_64k,3999.98976,4280.025088,3.99998976,['V_865AAD8CBFEA']
GB,4.280025088, V_B949939F44EB,61035.0,4.0,0.06542843143259636,Query key: K_BE5EC47CC30B,61035.0,65308.0,65.536,context_0000,Answer: ,32,62995,synthetic_kv_64k,3999.98976,4280.025088,3.99998976,['V_B949939F44EB']
GB,4.280025088, V_F4ACFA575CEA,61035.0,4.0,0.06542843143259636,Query key: K_395790A4A421,61035.0,65308.0,65.536,context_0000,Answer: ,32,62995,synthetic_kv_64k,3999.98976,4280.025088,3.99998976,['V_F4ACFA575CEA']
GB,4.280025088,84E3569ADEF0,61035.0,4.0,0.06542843143259636,Query key: K_DF86AB7AEB66,61035.0,65308.0,65.536,context_0000,Answer: ,32,62995,synthetic_kv_64k,3999.98976,4280.025088,3.99998976,['V_84E3569ADEF0']
GB,4.280025088, V_9E44B359390E,61035.0,4.0,0.06542843143259636,Query key: K_B03085EA16E0,61035.0,65308.0,65.536,context_0000,Answer: ,32,62995,synthetic_kv_64k,3999.98976,4280.025088,3.99998976,['V_9E44B359390E']
GB,4.280025088, V_BA05A9660A5A,61035.0,4.0,0.06542843143259636,Query key: K_6ECF1861C9F3,61035.0,65308.0,65.536,context_0000,Answer: ,32,62995,synthetic_kv_64k,3999.98976,4280.025088,3.99998976,['V_BA05A9660A5A']
GB,4.280025088, V_A9E8588309DE,61035.0,4.0,0.06542843143259636,Query key: K_7B5F3FA2BDE0,61035.0,65308.0,65.536,context_0000,Answer: ,32,62995,synthetic_kv_64k,3999.98976,4280.025088,3.99998976,['V_A9E8588309DE']
GB,4.280025088,260E62874624,61035.0,4.0,0.06542843143259636,Query key: K_A433AD21B4CC,61035.0,65308.0,65.536,context_0000,Answer: ,32,62995,synthetic_kv_64k,3999.98976,4280.025088,3.99998976,['V_260E62874624']
GB,4.280025088, V_E45E8EEFA5DD,61035.0,4.0,0.06542843143259636,Query key: K_D391D6CADE2C,61035.0,65308.0,65.536,context_0000,Answer: ,32,62995,synthetic_kv_64k,3999.98976,4280.025088,3.99998976,['V_E45E8EEFA5DD']
GB,4.280025088,02FB0DF80B89,61035.0,4.0,0.06542843143259636,Query key: K_9CE7FCDFE961,61035.0,65308.0,65.536,context_0000,Answer: ,32,62995,synthetic_kv_64k,3999.98976,4280.025088,3.99998976,['V_02FB0DF80B89']
GB,4.280025088,816C282C6470,61035.0,4.0,0.06542843143259636,Query key: K_EF32A4B5C723,61035.0,65308.0,65.536,context_0000,Answer: ,32,62995,synthetic_kv_64k,3999.98976,4280.025088,3.99998976,['V_816C282C6470']
GB,4.280025088,7EEFDA143A47,61035.0,4.0,0.06542843143259636,Query key: K_7823D94DF188,61035.0,65308.0,65.536,context_0000,Answer: ,32,62995,synthetic_kv_64k,3999.98976,4280.025088,3.99998976,['V_7EEFDA143A47']
GB,4.280025088, V_C05D132A5E58,61035.0,4.0,0.06542843143259636,Query key: K_2A57DE9205EA,61035.0,65308.0,65.536,context_0000,Answer: ,32,62995,synthetic_kv_64k,3999.98976,4280.025088,3.99998976,['V_C05D132A5E58']
GB,4.280025088,54B53DAB1614,61035.0,4.0,0.06542843143259636,Query key: K_52157DDCA413,61035.0,65308.0,65.536,context_0000,Answer: ,32,62995,synthetic_kv_64k,3999.98976,4280.025088,3.99998976,['V_54B53DAB1614']
GB,4.280025088,81C60CE3C8C8,61035.0,4.0,0.06542843143259636,Query key: K_4735F85B6D0A,61035.0,65308.0,65.536,context_0000,Answer: ,32,62995,synthetic_kv_64k,3999.98976,4280.025088,3.99998976,['V_81C60CE3C8C8']
GB,4.280025088,60EEA4B0718E,61035.0,4.0,0.06542843143259636,Query key: K_8CED39034B65,61035.0,65308.0,65.536,context_0000,Answer: ,32,62995,synthetic_kv_64k,3999.98976,4280.025088,3.99998976,['V_60EEA4B0718E']
GB,4.280025088,142E3C28F5DC,61035.0,4.0,0.06542843143259636,Query key: K_D12D673D2920,61035.0,65308.0,65.536,context_0000,Answer: ,32,62995,synthetic_kv_64k,3999.98976,4280.025088,3.99998976,['V_142E3C28F5DC']
GB,4.280025088, V_92B2CD1F75A3,61035.0,4.0,0.06542843143259636,Query key: K_71B675873920,61035.0,65308.0,65.536,context_0000,Answer: ,32,62995,synthetic_kv_64k,3999.98976,4280.025088,3.99998976,['V_92B2CD1F75A3']
GB,4.280025088,7F9ADB496E6D,61035.0,4.0,0.06542843143259636,Query key: K_168872B696CA,61035.0,65308.0,65.536,context_0000,Answer: ,32,62995,synthetic_kv_64k,3999.98976,4280.025088,3.99998976,['V_7F9ADB496E6D']
GB,4.280025088, V_FB0D1E639261,61035.0,4.0,0.06542843143259636,Query key: K_50E972730E7B,61035.0,65308.0,65.536,context_0000,Answer: ,32,62995,synthetic_kv_64k,3999.98976,4280.025088,3.99998976,['V_FB0D1E639261']
GB,4.280025088,048CA7437402,61035.0,4.0,0.06542843143259636,Query key: K_BEC77F53DC0A,61035.0,65308.0,65.536,context_0000,Answer: ,32,62995,synthetic_kv_64k,3999.98976,4280.025088,3.99998976,['V_048CA7437402']
GB,4.280025088,092C698F04F8,61035.0,4.0,0.06542843143259636,Query key: K_67471A46D536,61035.0,65308.0,65.536,context_0000,Answer: ,32,62995,synthetic_kv_64k,3999.98976,4280.025088,3.99998976,['V_092C698F04F8']
GB,4.280025088, V_D36E000B1F5E,61035.0,4.0,0.06542843143259636,Query key: K_8C918EA02346,61035.0,65308.0,65.536,context_0000,Answer: ,32,62995,synthetic_kv_64k,3999.98976,4280.025088,3.99998976,['V_D36E000B1F5E']
GB,4.280025088, V_F6929AAD10CE,61035.0,4.0,0.06542843143259636,Query key: K_CAB21744EE3F,61035.0,65308.0,65.536,context_0000,Answer: ,32,62995,synthetic_kv_64k,3999.98976,4280.025088,3.99998976,['V_F6929AAD10CE']
GB,4.280025088, V_E3DE4DFA21BE,61035.0,4.0,0.06542843143259636,Query key: K_A3359E7B1E95,61035.0,65308.0,65.536,context_0000,Answer: ,32,62995,synthetic_kv_64k,3999.98976,4280.025088,3.99998976,['V_E3DE4DFA21BE']
GB,4.280025088, V_A79334F43404,61035.0,4.0,0.06542843143259636,Query key: K_8FF582226C16,61035.0,65308.0,65.536,context_0000,Answer: ,32,62995,synthetic_kv_64k,3999.98976,4280.025088,3.99998976,['V_A79334F43404']
GB,4.280025088,5742F34A7949,61035.0,4.0,0.06542843143259636,Query key: K_74CAABE5BE96,61035.0,65308.0,65.536,context_0000,Answer: ,32,62995,synthetic_kv_64k,3999.98976,4280.025088,3.99998976,['V_5742F34A7949']
GB,4.280025088, V_D10B0DE4FAF4,61035.0,4.0,0.06542843143259636,Query key: K_D3475D04032D,61035.0,65308.0,65.536,context_0000,Answer: ,32,62995,synthetic_kv_64k,3999.98976,4280.025088,3.99998976,['V_D10B0DE4FAF4']
GB,4.280025088,54FC74577D47,61035.0,4.0,0.06542843143259636,Query key: K_D82539112943,61035.0,65308.0,65.536,context_0000,Answer: ,32,62995,synthetic_kv_64k,3999.98976,4280.025088,3.99998976,['V_54FC74577D47']
GB,4.280025088,99969EA87552,61035.0,4.0,0.06542843143259636,Query key: K_C4758F660BBD,61035.0,65308.0,65.536,context_0000,Answer: ,32,62995,synthetic_kv_64k,3999.98976,4280.025088,3.99998976,['V_99969EA87552']
GB,4.280025088,5D00A83C1C2B,61035.0,4.0,0.06542843143259636,Query key: K_B776791F49F6,61035.0,65308.0,65.536,context_0000,Answer: ,32,62995,synthetic_kv_64k,3999.98976,4280.025088,3.99998976,['V_5D00A83C1C2B']
GB,4.280025088,18F11D30A290,61035.0,4.0,0.06542843143259636,Query key: K_73D9B7461B72,61035.0,65308.0,65.536,context_0000,Answer: ,32,62995,synthetic_kv_64k,3999.98976,4280.025088,3.99998976,['V_18F11D30A290']
GB,4.280025088,008F38C46B38,61035.0,4.0,0.06542843143259636,Query key: K_A8AEC262CAD0,61035.0,65308.0,65.536,context_0000,Answer: ,32,62995,synthetic_kv_64k,3999.98976,4280.025088,3.99998976,['V_008F38C46B38']
GB,4.280025088, V_A237D4734534,61035.0,4.0,0.06542843143259636,Query key: K_5AEA57632E1E,61035.0,65308.0,65.536,context_0000,Answer: ,32,62995,synthetic_kv_64k,3999.98976,4280.025088,3.99998976,['V_A237D4734534']
GB,4.280025088,8C354ABF6F5C,61035.0,4.0,0.06542843143259636,Query key: K_CCC7F6E5203C,61035.0,65308.0,65.536,context_0000,Answer: ,32,62995,synthetic_kv_64k,3999.98976,4280.025088,3.99998976,['V_8C354ABF6F5C']
GB,4.280025088,1B37B3BC912F,61035.0,4.0,0.06542843143259636,Query key: K_5FB785A0D089,61035.0,65308.0,65.536,context_0000,Answer: ,32,62995,synthetic_kv_64k,3999.98976,4280.025088,3.99998976,['V_1B37B3BC912F']
GB,4.280025088,7E0F2A061609,61035.0,4.0,0.06542843143259636,Query key: K_E5990BB81D38,61035.0,65308.0,65.536,context_0000,Answer: ,32,62995,synthetic_kv_64k,3999.98976,4280.025088,3.99998976,['V_7E0F2A061609']
GB,4.280025088, V_BE15B783E1D5,61035.0,4.0,0.06542843143259636,Query key: K_D26423F47A55,61035.0,65308.0,65.536,context_0000,Answer: ,32,62995,synthetic_kv_64k,3999.98976,4280.025088,3.99998976,['V_BE15B783E1D5']
GB,4.280025088,41191B61D453,61035.0,4.0,0.06542843143259636,Query key: K_68C2B8B818CF,61035.0,65308.0,65.536,context_0000,Answer: ,32,62995,synthetic_kv_64k,3999.98976,4280.025088,3.99998976,['V_41191B61D453']
GB,4.280025088,1EE93002D831,61035.0,4.0,0.06542843143259636,Query key: K_32279C60C81B,61035.0,65308.0,65.536,context_0000,Answer: ,32,62995,synthetic_kv_64k,3999.98976,4280.025088,3.99998976,['V_1EE93002D831']
GB,4.280025088,37306494DD5C,61035.0,4.0,0.06542843143259636,Query key: K_DA29EE22A70B,61035.0,65308.0,65.536,context_0000,Answer: ,32,62995,synthetic_kv_64k,3999.98976,4280.025088,3.99998976,['V_37306494DD5C']
GB,4.280025088, V_30C9C80B2AF7,61035.0,4.0,0.06542843143259636,Query key: K_D3157500F785,61035.0,65308.0,65.536,context_0000,Answer: ,32,62995,synthetic_kv_64k,3999.98976,4280.025088,3.99998976,['V_30C9C80B2AF7']
GB,4.280025088, V_C1D41B968925,61035.0,4.0,0.06542843143259636,Query key: K_5682B77F69B9,61035.0,65308.0,65.536,context_0000,Answer: ,32,62995,synthetic_kv_64k,3999.98976,4280.025088,3.99998976,['V_C1D41B968925']
GB,4.280025088, V_A21CED376567,61035.0,4.0,0.06542843143259636,Query key: K_0BE76A1ABA9D,61035.0,65308.0,65.536,context_0000,Answer: ,32,62995,synthetic_kv_64k,3999.98976,4280.025088,3.99998976,['V_A21CED376567']
GB,4.280025088,1F8B96BC532D,61035.0,4.0,0.06542843143259636,Query key: K_AC11D6642FE8,61035.0,65308.0,65.536,context_0000,Answer: ,32,62995,synthetic_kv_64k,3999.98976,4280.025088,3.99998976,['V_1F8B96BC532D']
GB,4.280025088,7517735444FB,61035.0,4.0,0.06542843143259636,Query key: K_E44AC5AB4E57,61035.0,65308.0,65.536,context_0000,Answer: ,32,62995,synthetic_kv_64k,3999.98976,4280.025088,3.99998976,['V_7517735444FB']
GB,4.280025088,8113F4C8E393,61035.0,4.0,0.06542843143259636,Query key: K_96DDA8909E31,61035.0,65308.0,65.536,context_0000,Answer: ,32,62995,synthetic_kv_64k,3999.98976,4280.025088,3.99998976,['V_8113F4C8E393']
GB,4.280025088,011C7FB33BE5,61035.0,4.0,0.06542843143259636,Query key: K_F6BF22778161,61035.0,65308.0,65.536,context_0000,Answer: ,32,62995,synthetic_kv_64k,3999.98976,4280.025088,3.99998976,['V_011C7FB33BE5']
GB,4.280025088,8DA00C6F3051,61035.0,4.0,0.06542843143259636,Query key: K_BC7887C5F526,61035.0,65308.0,65.536,context_0000,Answer: ,32,62995,synthetic_kv_64k,3999.98976,4280.025088,3.99998976,['V_8DA00C6F3051']
GB,4.280025088,95CAD6BCA712,61035.0,4.0,0.06542843143259636,Query key: K_6ECCEF705D01,61035.0,65308.0,65.536,context_0000,Answer: ,32,62995,synthetic_kv_64k,3999.98976,4280.025088,3.99998976,['V_95CAD6BCA712']
GB,4.280025088, V_C7F482221AD3,61035.0,4.0,0.06542843143259636,Query key: K_ECA37BA16DD7,61035.0,65308.0,65.536,context_0000,Answer: ,32,62995,synthetic_kv_64k,3999.98976,4280.025088,3.99998976,['V_C7F482221AD3']
GB,4.280025088, V_B11A2D5D2395,61035.0,4.0,0.06542843143259636,Query key: K_E901EBD14B0C,61035.0,65308.0,65.536,context_0000,Answer: ,32,62995,synthetic_kv_64k,3999.98976,4280.025088,3.99998976,['V_B11A2D5D2395']
GB,4.280025088, V_D0B3BB01B2A5,61035.0,4.0,0.06542843143259636,Query key: K_2C74941C23FA,61035.0,65308.0,65.536,context_0000,Answer: ,32,62995,synthetic_kv_64k,3999.98976,4280.025088,3.99998976,['V_D0B3BB01B2A5']
GB,4.280025088, V_A853632D0302,61035.0,4.0,0.06542843143259636,Query key: K_1A8220DDA0FF,61035.0,65308.0,65.536,context_0000,Answer: ,32,62995,synthetic_kv_64k,3999.98976,4280.025088,3.99998976,['V_A853632D0302']
GB,4.280025088,5264E1F85B33,61035.0,4.0,0.06542843143259636,Query key: K_9B2D99BD6240,61035.0,65308.0,65.536,context_0000,Answer: ,32,62995,synthetic_kv_64k,3999.98976,4280.025088,3.99998976,['V_5264E1F85B33']
GB,4.280025088,6B2D6279403C,61035.0,4.0,0.06542843143259636,Query key: K_E1A2810D5C57,61035.0,65308.0,65.536,context_0000,Answer: ,32,62995,synthetic_kv_64k,3999.98976,4280.025088,3.99998976,['V_6B2D6279403C']
GB,4.280025088, V_B148EA7917E1,61035.0,4.0,0.06542843143259636,Query key: K_9BE7FAC08FC4,61035.0,65308.0,65.536,context_0000,Answer: ,32,62995,synthetic_kv_64k,3999.98976,4280.025088,3.99998976,['V_B148EA7917E1']
GB,4.280025088,65DA460A6125,61035.0,4.0,0.06542843143259636,Query key: K_3F8CC32AFC4A,61035.0,65308.0,65.536,context_0000,Answer: ,32,62995,synthetic_kv_64k,3999.98976,4280.025088,3.99998976,['V_65DA460A6125']
GB,4.280025088,4B4EF8722413,61035.0,4.0,0.06542843143259636,Query key: K_57C5F6AE10E8,61035.0,65308.0,65.536,context_0000,Answer: ,32,62995,synthetic_kv_64k,3999.98976,4280.025088,3.99998976,['V_4B4EF8722413']
GB,4.280025088,235F2224A806,61035.0,4.0,0.06542843143259636,Query key: K_CE0773EDB223,61035.0,65308.0,65.536,context_0000,Answer: ,32,62995,synthetic_kv_64k,3999.98976,4280.025088,3.99998976,['V_235F2224A806']
GB,4.280025088, V_E2EDB33422CB,61035.0,4.0,0.06542843143259636,Query key: K_9A3F69A9AFF9,61035.0,65308.0,65.536,context_0000,Answer: ,32,62995,synthetic_kv_64k,3999.98976,4280.025088,3.99998976,['V_E2EDB33422CB']
GB,4.280025088, V_D7D34C859233,61035.0,4.0,0.06542843143259636,Query key: K_8325BF98E734,61035.0,65308.0,65.536,context_0000,Answer: ,32,62995,synthetic_kv_64k,3999.98976,4280.025088,3.99998976,['V_D7D34C859233']
GB,4.280025088,505CDC57546D,61035.0,4.0,0.06542843143259636,Query key: K_8C3DB3952193,61035.0,65308.0,65.536,context_0000,Answer: ,32,62995,synthetic_kv_64k,3999.98976,4280.025088,3.99998976,['V_505CDC57546D']
GB,4.280025088,8DB7EF7DB821,61035.0,4.0,0.06542843143259636,Query key: K_BCA0B63D65D5,61035.0,65308.0,65.536,context_0000,Answer: ,32,62995,synthetic_kv_64k,3999.98976,4280.025088,3.99998976,['V_8DB7EF7DB821']
GB,4.280025088,35AF336D7786,61035.0,4.0,0.06542843143259636,Query key: K_37A3A1F0FA7A,61035.0,65308.0,65.536,context_0000,Answer: ,32,62995,synthetic_kv_64k,3999.98976,4280.025088,3.99998976,['V_35AF336D7786']
GB,4.280025088, V_AFC54A636AF5,61035.0,4.0,0.06542843143259636,Query key: K_B6E19FC97264,61035.0,65308.0,65.536,context_0000,Answer: ,32,62995,synthetic_kv_64k,3999.98976,4280.025088,3.99998976,['V_AFC54A636AF5']
GB,4.280025088,21F6AC20AF11,61035.0,4.0,0.06542843143259636,Query key: K_EBD3586528E6,61035.0,65308.0,65.536,context_0000,Answer: ,32,62995,synthetic_kv_64k,3999.98976,4280.025088,3.99998976,['V_21F6AC20AF11']
GB,4.280025088, V_F9A5A66C0FA1,61035.0,4.0,0.06542843143259636,Query key: K_B5DCFB38CD91,61035.0,65308.0,65.536,context_0000,Answer: ,32,62995,synthetic_kv_64k,3999.98976,4280.025088,3.99998976,['V_F9A5A66C0FA1']
GB,4.280025088,8AE080FF2909,61035.0,4.0,0.06542843143259636,Query key: K_2D85F554E1F8,61035.0,65308.0,65.536,context_0000,Answer: ,32,62995,synthetic_kv_64k,3999.98976,4280.025088,3.99998976,['V_8AE080FF2909']
GB,4.280025088, V_B5D95287964D,61035.0,4.0,0.06542843143259636,Query key: K_A30AB1BE6DF2,61035.0,65308.0,65.536,context_0000,Answer: ,32,62995,synthetic_kv_64k,3999.98976,4280.025088,3.99998976,['V_B5D95287964D']
GB,4.280025088,8FF15A2C41BC,61035.0,4.0,0.06542843143259636,Query key: K_C2C21D8B32D9,61035.0,65308.0,65.536,context_0000,Answer: ,32,62995,synthetic_kv_64k,3999.98976,4280.025088,3.99998976,['V_8FF15A2C41BC']
GB,4.280025088, V_F1539215583A,61035.0,4.0,0.06542843143259636,Query key: K_95327AF985FF,61035.0,65308.0,65.536,context_0000,Answer: ,32,62995,synthetic_kv_64k,3999.98976,4280.025088,3.99998976,['V_F1539215583A']
GB,4.280025088, V_AC9B6ADFD568,61035.0,4.0,0.06542843143259636,Query key: K_B5CAAACAD101,61035.0,65308.0,65.536,context_0000,Answer: ,32,62995,synthetic_kv_64k,3999.98976,4280.025088,3.99998976,['V_AC9B6ADFD568']
GB,4.280025088,88ADD7654A18,61035.0,4.0,0.06542843143259636,Query key: K_E4D4BF74531C,61035.0,65308.0,65.536,context_0000,Answer: ,32,62995,synthetic_kv_64k,3999.98976,4280.025088,3.99998976,['V_88ADD7654A18']
GB,4.280025088, V_6C21D8E8B97C,61035.0,4.0,0.06542843143259636,Query key: K_E0A24932936E,61035.0,65308.0,65.536,context_0000,Answer: ,32,62995,synthetic_kv_64k,3999.98976,4280.025088,3.99998976,['V_6C21D8E8B97C']
GB,4.280025088, V_1B4185D1A1EF,61035.0,4.0,0.06542843143259636,Query key: K_0344CEED0FFC,61035.0,65308.0,65.536,context_0000,Answer: ,32,62995,synthetic_kv_64k,3999.98976,4280.025088,3.99998976,['V_1B4185D1A1EF']
GB,4.280025088,0D95253421BC,61035.0,4.0,0.06542843143259636,Query key: K_618006783C34,61035.0,65308.0,65.536,context_0000,Answer: ,32,62995,synthetic_kv_64k,3999.98976,4280.025088,3.99998976,['V_0D95253421BC']
GB,4.280025088,4458332CCE0A,61035.0,4.0,0.06542843143259636,Query key: K_0E7DAB95C72F,61035.0,65308.0,65.536,context_0000,Answer: ,32,62995,synthetic_kv_64k,3999.98976,4280.025088,3.99998976,['V_4458332CCE0A']
GB,4.280025088, V_FBC829330FC4,61035.0,4.0,0.06542843143259636,Query key: K_C918C00C200C,61035.0,65308.0,65.536,context_0000,Answer: ,32,62995,synthetic_kv_64k,3999.98976,4280.025088,3.99998976,['V_FBC829330FC4']
GB,4.280025088,257C4024C424,61035.0,4.0,0.06542843143259636,Query key: K_AEF2495FA2FC,61035.0,65308.0,65.536,context_0000,Answer: ,32,62995,synthetic_kv_64k,3999.98976,4280.025088,3.99998976,['V_257C4024C424']
GB,4.280025088, V_C8CBB0CAD2EB,61035.0,4.0,0.06542843143259636,Query key: K_0FE1D6E1BA00,61035.0,65308.0,65.536,context_0000,Answer: ,32,62995,synthetic_kv_64k,3999.98976,4280.025088,3.99998976,['V_C8CBB0CAD2EB']
GB,4.280025088,8A8AC0EB8875,61035.0,4.0,0.06542843143259636,Query key: K_34394B8E5509,61035.0,65308.0,65.536,context_0000,Answer: ,32,62995,synthetic_kv_64k,3999.98976,4280.025088,3.99998976,['V_8A8AC0EB8875']
GB,4.280025088,73DDD06405A8,61035.0,4.0,0.06542843143259636,Query key: K_5BD208453B2F,61035.0,65308.0,65.536,context_0000,Answer: ,32,62995,synthetic_kv_64k,3999.98976,4280.025088,3.99998976,['V_73DDD06405A8']
GB,4.280025088, V_ACEFDE3790FB,61035.0,4.0,0.06542843143259636,Query key: K_9DB91A3C2131,61035.0,65308.0,65.536,context_0000,Answer: ,32,62995,synthetic_kv_64k,3999.98976,4280.025088,3.99998976,['V_ACEFDE3790FB']
GB,4.280025088,396CDD664071,61035.0,4.0,0.06542843143259636,Query key: K_8FD7BD4F6118,61035.0,65308.0,65.536,context_0000,Answer: ,32,62995,synthetic_kv_64k,3999.98976,4280.025088,3.99998976,['V_396CDD664071']
GB,4.280025088,638E8FAF6D4A,61035.0,4.0,0.06542843143259636,Query key: K_A5A9BE0EC2DA,61035.0,65308.0,65.536,context_0000,Answer: ,32,62995,synthetic_kv_64k,3999.98976,4280.025088,3.99998976,['V_638E8FAF6D4A']
GB,4.280025088, V_CBFDC8C85AD6,61035.0,4.0,0.06542843143259636,Query key: K_82CB3CD30E99,61035.0,65308.0,65.536,context_0000,Answer: ,32,62995,synthetic_kv_64k,3999.98976,4280.025088,3.99998976,['V_CBFDC8C85AD6']
GB,4.280025088, V_B16449A2AFDE,61035.0,4.0,0.06542843143259636,Query key: K_B235CC7F9517,61035.0,65308.0,65.536,context_0000,Answer: ,32,62995,synthetic_kv_64k,3999.98976,4280.025088,3.99998976,['V_B16449A2AFDE']
GB,4.280025088,61AFED2E1BCD,61035.0,4.0,0.06542843143259636,Query key: K_0C06AA1C4023,61035.0,65308.0,65.536,context_0000,Answer: ,32,62995,synthetic_kv_64k,3999.98976,4280.025088,3.99998976,['V_61AFED2E1BCD']
GB,4.280025088, V_C9C1F4EA6B97,61035.0,4.0,0.06542843143259636,Query key: K_6AA46336C815,61035.0,65308.0,65.536,context_0000,Answer: ,32,62995,synthetic_kv_64k,3999.98976,4280.025088,3.99998976,['V_C9C1F4EA6B97']
GB,4.280025088, V_F740500A174E,61035.0,4.0,0.06542843143259636,Query key: K_AF65F9CF8499,61035.0,65308.0,65.536,context_0000,Answer: ,32,62995,synthetic_kv_64k,3999.98976,4280.025088,3.99998976,['V_F740500A174E']
GB,4.280025088, V_BE610351B09D,61035.0,4.0,0.06542843143259636,Query key: K_0DC58D5809B7,61035.0,65308.0,65.536,context_0000,Answer: ,32,62995,synthetic_kv_64k,3999.98976,4280.025088,3.99998976,['V_BE610351B09D']
GB,4.280025088, V_DE6C9EDD2182,61035.0,4.0,0.06542843143259636,Query key: K_33FD4057E470,61035.0,65308.0,65.536,context_0000,Answer: ,32,62995,synthetic_kv_64k,3999.98976,4280.025088,3.99998976,['V_DE6C9EDD2182']
GB,4.280025088,716CDEC00F3A,61035.0,4.0,0.06542843143259636,Query key: K_DC46C7EAB19B,61035.0,65308.0,65.536,context_0000,Answer: ,32,62995,synthetic_kv_64k,3999.98976,4280.025088,3.99998976,['V_716CDEC00F3A']
GB,4.280025088, V_A23FE9572BC2,61035.0,4.0,0.06542843143259636,Query key: K_39BDD479CC36,61035.0,65308.0,65.536,context_0000,Answer: ,32,62995,synthetic_kv_64k,3999.98976,4280.025088,3.99998976,['V_A23FE9572BC2']
GB,4.280025088,5E24A5CB3C6E,61035.0,4.0,0.06542843143259636,Query key: K_B5A4B4629214,61035.0,65308.0,65.536,context_0000,Answer: ,32,62995,synthetic_kv_64k,3999.98976,4280.025088,3.99998976,['V_5E24A5CB3C6E']
GB,4.280025088, V_BD0B8BEEF83F,61035.0,4.0,0.06542843143259636,Query key: K_96A0C14EBD10,61035.0,65308.0,65.536,context_0000,Answer: ,32,62995,synthetic_kv_64k,3999.98976,4280.025088,3.99998976,['V_BD0B8BEEF83F']
GB,4.280025088, V_B993C6B18D94,61035.0,4.0,0.06542843143259636,Query key: K_324B9A7791A2,61035.0,65308.0,65.536,context_0000,Answer: ,32,62995,synthetic_kv_64k,3999.98976,4280.025088,3.99998976,['V_B993C6B18D94']
GB,4.280025088,72E54B4F3B2E,61035.0,4.0,0.06542843143259636,Query key: K_3189F6DBB2B6,61035.0,65308.0,65.536,context_0000,Answer: ,32,62995,synthetic_kv_64k,3999.98976,4280.025088,3.99998976,['V_72E54B4F3B2E']
GB,4.280025088,1310AEC2BB19,61035.0,4.0,0.06542843143259636,Query key: K_FBC32D6BC882,61035.0,65308.0,65.536,context_0000,Answer: ,32,62995,synthetic_kv_64k,3999.98976,4280.025088,3.99998976,['V_1310AEC2BB19']
GB,4.280025088, V_BC2E2C7DD667,61035.0,4.0,0.06542843143259636,Query key: K_F6642FDDB26A,61035.0,65308.0,65.536,context_0000,Answer: ,32,62995,synthetic_kv_64k,3999.98976,4280.025088,3.99998976,['V_BC2E2C7DD667']
GB,4.280025088,0A676090103C,61035.0,4.0,0.06542843143259636,Query key: K_1E8D838B77AD,61035.0,65308.0,65.536,context_0000,Answer: ,32,62995,synthetic_kv_64k,3999.98976,4280.025088,3.99998976,['V_0A676090103C']
GB,4.280025088,43A58E7D3F5A,61035.0,4.0,0.06542843143259636,Query key: K_47736DB2B020,61035.0,65308.0,65.536,context_0000,Answer: ,32,62995,synthetic_kv_64k,3999.98976,4280.025088,3.99998976,['V_43A58E7D3F5A']
GB,4.280025088, V_D89495801C3A,61035.0,4.0,0.06542843143259636,Query key: K_2932214C0A4D,61035.0,65308.0,65.536,context_0000,Answer: ,32,62995,synthetic_kv_64k,3999.98976,4280.025088,3.99998976,['V_D89495801C3A']
GB,4.280025088, V_7761549FC34C,61035.0,4.0,0.06542843143259636,Query key: K_01714148BD11,61035.0,65308.0,65.536,context_0000,Answer: ,32,62995,synthetic_kv_64k,3999.98976,4280.025088,3.99998976,['V_7761549FC34C']
GB,4.280025088,0A3927A158A0,61035.0,4.0,0.06542843143259636,Query key: K_EFFFB5AE329D,61035.0,65308.0,65.536,context_0000,Answer: ,32,62995,synthetic_kv_64k,3999.98976,4280.025088,3.99998976,['V_0A3927A158A0']
GB,4.280025088,98CD5297E1AD,61035.0,4.0,0.06542843143259636,Query key: K_EDBA27591AD4,61035.0,65308.0,65.536,context_0000,Answer: ,32,62995,synthetic_kv_64k,3999.98976,4280.025088,3.99998976,['V_98CD5297E1AD']
GB,4.280025088, V_A018EEB093FE,61035.0,4.0,0.06542843143259636,Query key: K_C60E0D04DCB6,61035.0,65308.0,65.536,context_0000,Answer: ,32,62995,synthetic_kv_64k,3999.98976,4280.025088,3.99998976,['V_A018EEB093FE']
GB,4.280025088,4D18A971A31F,61035.0,4.0,0.06542843143259636,Query key: K_D7D89D9887BC,61035.0,65308.0,65.536,context_0000,Answer: ,32,62995,synthetic_kv_64k,3999.98976,4280.025088,3.99998976,['V_4D18A971A31F']
GB,4.280025088,8CD7929AF586,61035.0,4.0,0.06542843143259636,Query key: K_CA377D94BF10,61035.0,65308.0,65.536,context_0000,Answer: ,32,62995,synthetic_kv_64k,3999.98976,4280.025088,3.99998976,['V_8CD7929AF586']
GB,4.280025088, V_B52AC8B648E0,61035.0,4.0,0.06542843143259636,Query key: K_12A85BAB7F4A,61035.0,65308.0,65.536,context_0000,Answer: ,32,62995,synthetic_kv_64k,3999.98976,4280.025088,3.99998976,['V_B52AC8B648E0']
GB,4.280025088, V_F4FD384F6E3B,61035.0,4.0,0.06542843143259636,Query key: K_8680515F352C,61035.0,65308.0,65.536,context_0000,Answer: ,32,62995,synthetic_kv_64k,3999.98976,4280.025088,3.99998976,['V_F4FD384F6E3B']
GB,4.280025088, V_C94811740357,61035.0,4.0,0.06542843143259636,Query key: K_85462F120B9E,61035.0,65308.0,65.536,context_0000,Answer: ,32,62995,synthetic_kv_64k,3999.98976,4280.025088,3.99998976,['V_C94811740357']
GB,4.280025088,8B076A7A7841,61035.0,4.0,0.06542843143259636,Query key: K_28CC8150E0C9,61035.0,65308.0,65.536,context_0000,Answer: ,32,62995,synthetic_kv_64k,3999.98976,4280.025088,3.99998976,['V_8B076A7A7841']
GB,4.280025088,59721789BE63,61035.0,4.0,0.06542843143259636,Query key: K_6746897B303D,61035.0,65308.0,65.536,context_0000,Answer: ,32,62995,synthetic_kv_64k,3999.98976,4280.025088,3.99998976,['V_59721789BE63']
GB,4.280025088, V_A9D0369E5AF8,61035.0,4.0,0.06542843143259636,Query key: K_E22638A06FFE,61035.0,65308.0,65.536,context_0000,Answer: ,32,62995,synthetic_kv_64k,3999.98976,4280.025088,3.99998976,['V_A9D0369E5AF8']
GB,4.280025088, V_4B275C5D3F1B,61035.0,4.0,0.06542843143259636,Query key: K_54C054F6516E,61035.0,65308.0,65.536,context_0000,Answer: ,32,62995,synthetic_kv_64k,3999.98976,4280.025088,3.99998976,['V_4B275C5D3F1B']
GB,4.280025088,9E47C0AE0B1A,61035.0,4.0,0.06542843143259636,Query key: K_F34737EC07A6,61035.0,65308.0,65.536,context_0000,Answer: ,32,62995,synthetic_kv_64k,3999.98976,4280.025088,3.99998976,['V_9E47C0AE0B1A']
GB,4.280025088,8FB3FF2336E9,61035.0,4.0,0.06542843143259636,Query key: K_799087CEC69D,61035.0,65308.0,65.536,context_0000,Answer: ,32,62995,synthetic_kv_64k,3999.98976,4280.025088,3.99998976,['V_8FB3FF2336E9']
GB,4.280025088, V_A638FB2B8B80,61035.0,4.0,0.06542843143259636,Query key: K_C08BD2DD3E26,61035.0,65308.0,65.536,context_0000,Answer: ,32,62995,synthetic_kv_64k,3999.98976,4280.025088,3.99998976,['V_A638FB2B8B80']
GB,4.280025088,5893AB3F8D22,61035.0,4.0,0.06542843143259636,Query key: K_1D5E0240F59A,61035.0,65308.0,65.536,context_0000,Answer: ,32,62995,synthetic_kv_64k,3999.98976,4280.025088,3.99998976,['V_5893AB3F8D22']
GB,4.280025088, V_A46BE78D147C,61035.0,4.0,0.06542843143259636,Query key: K_3D8772173FA3,61035.0,65308.0,65.536,context_0000,Answer: ,32,62995,synthetic_kv_64k,3999.98976,4280.025088,3.99998976,['V_A46BE78D147C']
GB,4.280025088,3E6B9F027CBF,61035.0,4.0,0.06542843143259636,Query key: K_EB299D1B83DF,61035.0,65308.0,65.536,context_0000,Answer: ,32,62995,synthetic_kv_64k,3999.98976,4280.025088,3.99998976,['V_3E6B9F027CBF']
GB,4.280025088, V_E2BAAEBBAF9C,61035.0,4.0,0.06542843143259636,Query key: K_0A35F57A431E,61035.0,65308.0,65.536,context_0000,Answer: ,32,62995,synthetic_kv_64k,3999.98976,4280.025088,3.99998976,['V_E2BAAEBBAF9C']
GB,4.280025088, V_CBD4EA7A8C21,61035.0,4.0,0.06542843143259636,Query key: K_61A15228ED8D,61035.0,65308.0,65.536,context_0000,Answer: ,32,62995,synthetic_kv_64k,3999.98976,4280.025088,3.99998976,['V_CBD4EA7A8C21']
GB,4.280025088,41AF62C8C3F4,61035.0,4.0,0.06542843143259636,Query key: K_1D06F1EAB64A,61035.0,65308.0,65.536,context_0000,Answer: ,32,62995,synthetic_kv_64k,3999.98976,4280.025088,3.99998976,['V_41AF62C8C3F4']
GB,4.280025088,065348677B30,61035.0,4.0,0.06542843143259636,Query key: K_B9568A4CFE1F,61035.0,65308.0,65.536,context_0000,Answer: ,32,62995,synthetic_kv_64k,3999.98976,4280.025088,3.99998976,['V_065348677B30']
GB,4.280025088, V_C53FD275BD43,61035.0,4.0,0.06542843143259636,Query key: K_8451E94D4FBE,61035.0,65308.0,65.536,context_0000,Answer: ,32,62995,synthetic_kv_64k,3999.98976,4280.025088,3.99998976,['V_C53FD275BD43']
GB,4.280025088,823CCD8565CE,61035.0,4.0,0.06542843143259636,Query key: K_83A95FFD4015,61035.0,65308.0,65.536,context_0000,Answer: ,32,62995,synthetic_kv_64k,3999.98976,4280.025088,3.99998976,['V_823CCD8565CE']
GB,4.280025088,4BE30B39DCCF,61035.0,4.0,0.06542843143259636,Query key: K_7C9F7210045A,61035.0,65308.0,65.536,context_0000,Answer: ,32,62995,synthetic_kv_64k,3999.98976,4280.025088,3.99998976,['V_4BE30B39DCCF']
GB,4.280025088,520031487DF8,61035.0,4.0,0.06542843143259636,Query key: K_A6CAE5F5C891,61035.0,65308.0,65.536,context_0000,Answer: ,32,62995,synthetic_kv_64k,3999.98976,4280.025088,3.99998976,['V_520031487DF8']
GB,4.280025088,1890F2BE029F,61035.0,4.0,0.06542843143259636,Query key: K_1514838E9A61,61035.0,65308.0,65.536,context_0000,Answer: ,32,62995,synthetic_kv_64k,3999.98976,4280.025088,3.99998976,['V_1890F2BE029F']
GB,4.280025088, V_C5F8F4CE8477,61035.0,4.0,0.06542843143259636,Query key: K_F8BC2ADA62CE,61035.0,65308.0,65.536,context_0000,Answer: ,32,62995,synthetic_kv_64k,3999.98976,4280.025088,3.99998976,['V_C5F8F4CE8477']
GB,4.280025088, V_A07E01E06AD8,61035.0,4.0,0.06542843143259636,Query key: K_888089B8B7EE,61035.0,65308.0,65.536,context_0000,Answer: ,32,62995,synthetic_kv_64k,3999.98976,4280.025088,3.99998976,['V_A07E01E06AD8']
GB,4.280025088, V_A127AB9B153D,61035.0,4.0,0.06542843143259636,Query key: K_35F510C2C2E5,61035.0,65308.0,65.536,context_0000,Answer: ,32,62995,synthetic_kv_64k,3999.98976,4280.025088,3.99998976,['V_A127AB9B153D']
GB,4.280025088, V_AF76DD6D6B41,61035.0,4.0,0.06542843143259636,Query key: K_3692C6097CD8,61035.0,65308.0,65.536,context_0000,Answer: ,32,62995,synthetic_kv_64k,3999.98976,4280.025088,3.99998976,['V_AF76DD6D6B41']
GB,4.280025088,34A01A9AF29E,61035.0,4.0,0.06542843143259636,Query key: K_D5EE6C98FD9B,61035.0,65308.0,65.536,context_0000,Answer: ,32,62995,synthetic_kv_64k,3999.98976,4280.025088,3.99998976,['V_34A01A9AF29E']
GB,4.280025088, V_E0EEB3E6F4C6,61035.0,4.0,0.06542843143259636,Query key: K_D42889AA4293,61035.0,65308.0,65.536,context_0000,Answer: ,32,62995,synthetic_kv_64k,3999.98976,4280.025088,3.99998976,['V_E0EEB3E6F4C6']
GB,4.280025088,6F6BC673F2E0,61035.0,4.0,0.06542843143259636,Query key: K_BDCAF9E9CF93,61035.0,65308.0,65.536,context_0000,Answer: ,32,62995,synthetic_kv_64k,3999.98976,4280.025088,3.99998976,['V_6F6BC673F2E0']
GB,4.280025088,1276F0938776,61035.0,4.0,0.06542843143259636,Query key: K_D116A5850828,61035.0,65308.0,65.536,context_0000,Answer: ,32,62995,synthetic_kv_64k,3999.98976,4280.025088,3.99998976,['V_1276F0938776']
GB,4.280025088,0614275C75DC,61035.0,4.0,0.06542843143259636,Query key: K_AFA0BF343CA7,61035.0,65308.0,65.536,context_0000,Answer: ,32,62995,synthetic_kv_64k,3999.98976,4280.025088,3.99998976,['V_0614275C75DC']
GB,4.280025088,09B254EB4C91,61035.0,4.0,0.06542843143259636,Query key: K_B784758FC8FA,61035.0,65308.0,65.536,context_0000,Answer: ,32,62995,synthetic_kv_64k,3999.98976,4280.025088,3.99998976,['V_09B254EB4C91']
GB,4.280025088,2D900DE4833E,61035.0,4.0,0.06542843143259636,Query key: K_12C01667C518,61035.0,65308.0,65.536,context_0000,Answer: ,32,62995,synthetic_kv_64k,3999.98976,4280.025088,3.99998976,['V_2D900DE4833E']
GB,4.280025088,12088EDE9B46,61035.0,4.0,0.06542843143259636,Query key: K_407DCB51A911,61035.0,65308.0,65.536,context_0000,Answer: ,32,62995,synthetic_kv_64k,3999.98976,4280.025088,3.99998976,['V_12088EDE9B46']
GB,4.280025088, V_E9363A46FBE3,61035.0,4.0,0.06542843143259636,Query key: K_D2559330BA83,61035.0,65308.0,65.536,context_0000,Answer: ,32,62995,synthetic_kv_64k,3999.98976,4280.025088,3.99998976,['V_E9363A46FBE3']
GB,4.280025088,737C63561ADD,61035.0,4.0,0.06542843143259636,Query key: K_685A4236C0BF,61035.0,65308.0,65.536,context_0000,Answer: ,32,62995,synthetic_kv_64k,3999.98976,4280.025088,3.99998976,['V_737C63561ADD']
GB,4.280025088,50FF6EDABA8C,61035.0,4.0,0.06542843143259636,Query key: K_6789A155EB2C,61035.0,65308.0,65.536,context_0000,Answer: ,32,62995,synthetic_kv_64k,3999.98976,4280.025088,3.99998976,['V_50FF6EDABA8C']
GB,4.280025088,1E49AC5D4E57,61035.0,4.0,0.06542843143259636,Query key: K_63B60452F779,61035.0,65308.0,65.536,context_0000,Answer: ,32,62995,synthetic_kv_64k,3999.98976,4280.025088,3.99998976,['V_1E49AC5D4E57']
GB,4.280025088, V_B864A43447FB,61035.0,4.0,0.06542843143259636,Query key: K_018288EAE7D4,61035.0,65308.0,65.536,context_0000,Answer: ,32,62995,synthetic_kv_64k,3999.98976,4280.025088,3.99998976,['V_B864A43447FB']
GB,4.280025088, V_BEF6C186A221,61035.0,4.0,0.06542843143259636,Query key: K_10309E4C24DD,61035.0,65308.0,65.536,context_0000,Answer: ,32,62995,synthetic_kv_64k,3999.98976,4280.025088,3.99998976,['V_BEF6C186A221']
GB,4.280025088, V_D926B36D0121,61035.0,4.0,0.06542843143259636,Query key: K_0BA695EA6825,61035.0,65308.0,65.536,context_0000,Answer: ,32,62995,synthetic_kv_64k,3999.98976,4280.025088,3.99998976,['V_D926B36D0121']
GB,4.280025088, V_80B9ED94898B,61035.0,4.0,0.06542843143259636,Query key: K_5B92129538DF,61035.0,65308.0,65.536,context_0000,Answer: ,32,62995,synthetic_kv_64k,3999.98976,4280.025088,3.99998976,['V_80B9ED94898B']
GB,4.280025088, V_AF95C971BF51,61035.0,4.0,0.06542843143259636,Query key: K_4A321B2BB2EC,61035.0,65308.0,65.536,context_0000,Answer: ,32,62995,synthetic_kv_64k,3999.98976,4280.025088,3.99998976,['V_AF95C971BF51']
GB,4.280025088,4811162534CA,61035.0,4.0,0.06542843143259636,Query key: K_9B474D2551EB,61035.0,65308.0,65.536,context_0000,Answer: ,32,62995,synthetic_kv_64k,3999.98976,4280.025088,3.99998976,['V_4811162534CA']
GB,4.280025088,61A4700B8B43,61035.0,4.0,0.06542843143259636,Query key: K_ED3BC3E90323,61035.0,65308.0,65.536,context_0000,Answer: ,32,62995,synthetic_kv_64k,3999.98976,4280.025088,3.99998976,['V_61A4700B8B43']
GB,4.280025088,07E3A9252745,61035.0,4.0,0.06542843143259636,Query key: K_D27665262474,61035.0,65308.0,65.536,context_0000,Answer: ,32,62995,synthetic_kv_64k,3999.98976,4280.025088,3.99998976,['V_07E3A9252745']
GB,4.280025088,3849889157FD,61035.0,4.0,0.06542843143259636,Query key: K_2804795741BB,61035.0,65308.0,65.536,context_0000,Answer: ,32,62995,synthetic_kv_64k,3999.98976,4280.025088,3.99998976,['V_3849889157FD']
GB,4.280025088, V_CBF9641816B7,61035.0,4.0,0.06542843143259636,Query key: K_BF2B22E9E527,61035.0,65308.0,65.536,context_0000,Answer: ,32,62995,synthetic_kv_64k,3999.98976,4280.025088,3.99998976,['V_CBF9641816B7']
GB,4.280025088,4B838BB4995A,61035.0,4.0,0.06542843143259636,Query key: K_D976CC27F386,61035.0,65308.0,65.536,context_0000,Answer: ,32,62995,synthetic_kv_64k,3999.98976,4280.025088,3.99998976,['V_4B838BB4995A']
GB,4.280025088,4C4D24E2226C,61035.0,4.0,0.06542843143259636,Query key: K_A250F5CB5BE4,61035.0,65308.0,65.536,context_0000,Answer: ,32,62995,synthetic_kv_64k,3999.98976,4280.025088,3.99998976,['V_4C4D24E2226C']
GB,4.280025088, V_F722EA06F94B,61035.0,4.0,0.06542843143259636,Query key: K_E310AD62D094,61035.0,65308.0,65.536,context_0000,Answer: ,32,62995,synthetic_kv_64k,3999.98976,4280.025088,3.99998976,['V_F722EA06F94B']
GB,4.280025088, V_A5DFBAB503FB,61035.0,4.0,0.06542843143259636,Query key: K_DDFCCB863DEA,61035.0,65308.0,65.536,context_0000,Answer: ,32,62995,synthetic_kv_64k,3999.98976,4280.025088,3.99998976,['V_A5DFBAB503FB']
GB,4.280025088,02DAF3102525,61035.0,4.0,0.06542843143259636,Query key: K_F5175F857B21,61035.0,65308.0,65.536,context_0000,Answer: ,32,62995,synthetic_kv_64k,3999.98976,4280.025088,3.99998976,['V_02DAF3102525']
GB,4.280025088,24318E190D07,61035.0,4.0,0.06542843143259636,Query key: K_DFF08DB3C2C1,61035.0,65308.0,65.536,context_0000,Answer: ,32,62995,synthetic_kv_64k,3999.98976,4280.025088,3.99998976,['V_24318E190D07']
GB,4.280025088,929D0149A2AF,61035.0,4.0,0.06542843143259636,Query key: K_0AB11F8C56E0,61035.0,65308.0,65.536,context_0000,Answer: ,32,62995,synthetic_kv_64k,3999.98976,4280.025088,3.99998976,['V_929D0149A2AF']
GB,4.280025088, V_8C2A8982CBF8,61035.0,4.0,0.06542843143259636,Query key: K_64E298BE5FF0,61035.0,65308.0,65.536,context_0000,Answer: ,32,62995,synthetic_kv_64k,3999.98976,4280.025088,3.99998976,['V_8C2A8982CBF8']
GB,4.280025088,35C64E003D55,61035.0,4.0,0.06542843143259636,Query key: K_15CAF26D3DD3,61035.0,65308.0,65.536,context_0000,Answer: ,32,62995,synthetic_kv_64k,3999.98976,4280.025088,3.99998976,['V_35C64E003D55']
GB,4.280025088, V_B9D7E74ED0B3,61035.0,4.0,0.06542843143259636,Query key: K_BDCEBF905D6A,61035.0,65308.0,65.536,context_0000,Answer: ,32,62995,synthetic_kv_64k,3999.98976,4280.025088,3.99998976,['V_B9D7E74ED0B3']
GB,4.280025088, V_E7D769A3B991,61035.0,4.0,0.06542843143259636,Query key: K_36345806A961,61035.0,65308.0,65.536,context_0000,Answer: ,32,62995,synthetic_kv_64k,3999.98976,4280.025088,3.99998976,['V_E7D769A3B991']
GB,4.280025088,24778336A758,61035.0,4.0,0.06542843143259636,Query key: K_D9F9A55BC44F,61035.0,65308.0,65.536,context_0000,Answer: ,32,62995,synthetic_kv_64k,3999.98976,4280.025088,3.99998976,['V_24778336A758']
GB,4.280025088,9DEC38858F7E,61035.0,4.0,0.06542843143259636,Query key: K_2F1A29344E15,61035.0,65308.0,65.536,context_0000,Answer: ,32,62995,synthetic_kv_64k,3999.98976,4280.025088,3.99998976,['V_9DEC38858F7E']
GB,4.280025088,1D5731BF5CF6,61035.0,4.0,0.06542843143259636,Query key: K_40B3D5B211A9,61035.0,65308.0,65.536,context_0000,Answer: ,32,62995,synthetic_kv_64k,3999.98976,4280.025088,3.99998976,['V_1D5731BF5CF6']
GB,4.280025088,913ACCB68571,61035.0,4.0,0.06542843143259636,Query key: K_ABC52E6D7A04,61035.0,65308.0,65.536,context_0000,Answer: ,32,62995,synthetic_kv_64k,3999.98976,4280.025088,3.99998976,['V_913ACCB68571']
GB,4.280025088, V_C044D9F48BBD,61035.0,4.0,0.06542843143259636,Query key: K_0DECDA2D2156,61035.0,65308.0,65.536,context_0000,Answer: ,32,62995,synthetic_kv_64k,3999.98976,4280.025088,3.99998976,['V_C044D9F48BBD']
GB,4.280025088,8C81FE8B4CCB,61035.0,4.0,0.06542843143259636,Query key: K_FD75EEAFCA83,61035.0,65308.0,65.536,context_0000,Answer: ,32,62995,synthetic_kv_64k,3999.98976,4280.025088,3.99998976,['V_8C81FE8B4CCB']
GB,4.280025088,12B98CB6D1F0,61035.0,4.0,0.06542843143259636,Query key: K_A509761579E7,61035.0,65308.0,65.536,context_0000,Answer: ,32,62995,synthetic_kv_64k,3999.98976,4280.025088,3.99998976,['V_12B98CB6D1F0']
GB,4.280025088,402D113EAF84,61035.0,4.0,0.06542843143259636,Query key: K_ABF34A68369C,61035.0,65308.0,65.536,context_0000,Answer: ,32,62995,synthetic_kv_64k,3999.98976,4280.025088,3.99998976,['V_402D113EAF84']
GB,4.280025088,94A1B9C037AA,61035.0,4.0,0.06542843143259636,Query key: K_32891923CAFC,61035.0,65308.0,65.536,context_0000,Answer: ,32,62995,synthetic_kv_64k,3999.98976,4280.025088,3.99998976,['V_94A1B9C037AA']
GB,4.280025088,5B6D54B2A582,61035.0,4.0,0.06542843143259636,Query key: K_F3987CB882A0,61035.0,65308.0,65.536,context_0000,Answer: ,32,62995,synthetic_kv_64k,3999.98976,4280.025088,3.99998976,['V_5B6D54B2A582']
GB,4.280025088,3C0AA7CD13CB,61035.0,4.0,0.06542843143259636,Query key: K_ABDA20D2B528,61035.0,65308.0,65.536,context_0000,Answer: ,32,62995,synthetic_kv_64k,3999.98976,4280.025088,3.99998976,['V_3C0AA7CD13CB']
GB,4.280025088,11DE9E98961D,61035.0,4.0,0.06542843143259636,Query key: K_48FE199C8D94,61035.0,65308.0,65.536,context_0000,Answer: ,32,62995,synthetic_kv_64k,3999.98976,4280.025088,3.99998976,['V_11DE9E98961D']
GB,4.280025088,7C61515A6B43,61035.0,4.0,0.06542843143259636,Query key: K_3189E66E2C11,61035.0,65308.0,65.536,context_0000,Answer: ,32,62995,synthetic_kv_64k,3999.98976,4280.025088,3.99998976,['V_7C61515A6B43']
GB,4.280025088, V_A8CF9DC89E1A,61035.0,4.0,0.06542843143259636,Query key: K_540E735D88F3,61035.0,65308.0,65.536,context_0000,Answer: ,32,62995,synthetic_kv_64k,3999.98976,4280.025088,3.99998976,['V_A8CF9DC89E1A']
GB,4.280025088,2703958C2936,61035.0,4.0,0.06542843143259636,Query key: K_B1864E40BFBA,61035.0,65308.0,65.536,context_0000,Answer: ,32,62995,synthetic_kv_64k,3999.98976,4280.025088,3.99998976,['V_2703958C2936']
GB,4.280025088, V_CEC55D4F7107,61035.0,4.0,0.06542843143259636,Query key: K_911D90C80420,61035.0,65308.0,65.536,context_0000,Answer: ,32,62995,synthetic_kv_64k,3999.98976,4280.025088,3.99998976,['V_CEC55D4F7107']
GB,4.280025088,2B2B6DA58DAD,61035.0,4.0,0.06542843143259636,Query key: K_F56A50FB35B0,61035.0,65308.0,65.536,context_0000,Answer: ,32,62995,synthetic_kv_64k,3999.98976,4280.025088,3.99998976,['V_2B2B6DA58DAD']
GB,4.280025088, V_C9213F05557C,61035.0,4.0,0.06542843143259636,Query key: K_502E013CA998,61035.0,65308.0,65.536,context_0000,Answer: ,32,62995,synthetic_kv_64k,3999.98976,4280.025088,3.99998976,['V_C9213F05557C']
GB,4.280025088, V_A40DBD64987E,61035.0,4.0,0.06542843143259636,Query key: K_B65238B5E89A,61035.0,65308.0,65.536,context_0000,Answer: ,32,62995,synthetic_kv_64k,3999.98976,4280.025088,3.99998976,['V_A40DBD64987E']
GB,4.280025088,5C07D71173E4,61035.0,4.0,0.06542843143259636,Query key: K_46D46FA5D3B0,61035.0,65308.0,65.536,context_0000,Answer: ,32,62995,synthetic_kv_64k,3999.98976,4280.025088,3.99998976,['V_5C07D71173E4']
GB,4.280025088,54E1BBA41AE0,61035.0,4.0,0.06542843143259636,Query key: K_ADF82261DDEF,61035.0,65308.0,65.536,context_0000,Answer: ,32,62995,synthetic_kv_64k,3999.98976,4280.025088,3.99998976,['V_54E1BBA41AE0']
GB,4.280025088,7202767D3B27,61035.0,4.0,0.06542843143259636,Query key: K_7ADEE0BD202C,61035.0,65308.0,65.536,context_0000,Answer: ,32,62995,synthetic_kv_64k,3999.98976,4280.025088,3.99998976,['V_7202767D3B27']
GB,4.280025088,7CAA4E336644,61035.0,4.0,0.06542843143259636,Query key: K_C6575BD67D4D,61035.0,65308.0,65.536,context_0000,Answer: ,32,62995,synthetic_kv_64k,3999.98976,4280.025088,3.99998976,['V_7CAA4E336644']
GB,4.280025088, V_A5422CFF45F8,61035.0,4.0,0.06542843143259636,Query key: K_1BDC8D3A5D76,61035.0,65308.0,65.536,context_0000,Answer: ,32,62995,synthetic_kv_64k,3999.98976,4280.025088,3.99998976,['V_A5422CFF45F8']
GB,4.280025088,47D6D77FBEEB,61035.0,4.0,0.06542843143259636,Query key: K_14FC9B4BF377,61035.0,65308.0,65.536,context_0000,Answer: ,32,62995,synthetic_kv_64k,3999.98976,4280.025088,3.99998976,['V_47D6D77FBEEB']
GB,4.280025088, V_E42C23D7263D,61035.0,4.0,0.06542843143259636,Query key: K_D391DBD4A86D,61035.0,65308.0,65.536,context_0000,Answer: ,32,62995,synthetic_kv_64k,3999.98976,4280.025088,3.99998976,['V_E42C23D7263D']
GB,4.280025088, V_BBC94363589C,61035.0,4.0,0.06542843143259636,Query key: K_324989E2DF24,61035.0,65308.0,65.536,context_0000,Answer: ,32,62995,synthetic_kv_64k,3999.98976,4280.025088,3.99998976,['V_BBC94363589C']
GB,4.280025088, V_BA38139309D1,61035.0,4.0,0.06542843143259636,Query key: K_A06AE2E6E7A6,61035.0,65308.0,65.536,context_0000,Answer: ,32,62995,synthetic_kv_64k,3999.98976,4280.025088,3.99998976,['V_BA38139309D1']
GB,4.280025088, V_D97E04C4F46A,61035.0,4.0,0.06542843143259636,Query key: K_E461134D695A,61035.0,65308.0,65.536,context_0000,Answer: ,32,62995,synthetic_kv_64k,3999.98976,4280.025088,3.99998976,['V_D97E04C4F46A']
GB,4.280025088, V_D00907FC584E,61035.0,4.0,0.06542843143259636,Query key: K_A1B281D67019,61035.0,65308.0,65.536,context_0000,Answer: ,32,62995,synthetic_kv_64k,3999.98976,4280.025088,3.99998976,['V_D00907FC584E']
GB,4.280025088, V_C4EA67B6E467,61035.0,4.0,0.06542843143259636,Query key: K_943294F6C67A,61035.0,65308.0,65.536,context_0000,Answer: ,32,62995,synthetic_kv_64k,3999.98976,4280.025088,3.99998976,['V_C4EA67B6E467']
GB,4.280025088,0962E80382EB,61035.0,4.0,0.06542843143259636,Query key: K_3677970C9EB4,61035.0,65308.0,65.536,context_0000,Answer: ,32,62995,synthetic_kv_64k,3999.98976,4280.025088,3.99998976,['V_0962E80382EB']
GB,4.280025088, V_E4DC8B20CE3E,61035.0,4.0,0.06542843143259636,Query key: K_42B78D3543BE,61035.0,65308.0,65.536,context_0000,Answer: ,32,62995,synthetic_kv_64k,3999.98976,4280.025088,3.99998976,['V_E4DC8B20CE3E']
GB,4.280025088, V_A76678DBCDE3,61035.0,4.0,0.06542843143259636,Query key: K_8A28FFACA645,61035.0,65308.0,65.536,context_0000,Answer: ,32,62995,synthetic_kv_64k,3999.98976,4280.025088,3.99998976,['V_A76678DBCDE3']
GB,4.280025088,647A5DA64A3A,61035.0,4.0,0.06542843143259636,Query key: K_260CC6735380,61035.0,65308.0,65.536,context_0000,Answer: ,32,62995,synthetic_kv_64k,3999.98976,4280.025088,3.99998976,['V_647A5DA64A3A']
GB,4.280025088,96F0C5AB48DA,61035.0,4.0,0.06542843143259636,Query key: K_E435392A9FC4,61035.0,65308.0,65.536,context_0000,Answer: ,32,62995,synthetic_kv_64k,3999.98976,4280.025088,3.99998976,['V_96F0C5AB48DA']
GB,4.280025088,22464A7EEBC2,61035.0,4.0,0.06542843143259636,Query key: K_DB6FBBB4C0CE,61035.0,65308.0,65.536,context_0000,Answer: ,32,62995,synthetic_kv_64k,3999.98976,4280.025088,3.99998976,['V_22464A7EEBC2']
GB,4.280025088,172E82AA5C46,61035.0,4.0,0.06542843143259636,Query key: K_804976F6A778,61035.0,65308.0,65.536,context_0000,Answer: ,32,62995,synthetic_kv_64k,3999.98976,4280.025088,3.99998976,['V_172E82AA5C46']
GB,4.280025088,02B6808E08D2,61035.0,4.0,0.06542843143259636,Query key: K_5D266593B659,61035.0,65308.0,65.536,context_0000,Answer: ,32,62995,synthetic_kv_64k,3999.98976,4280.025088,3.99998976,['V_02B6808E08D2']
GB,4.280025088, V_F6C8D9155664,61035.0,4.0,0.06542843143259636,Query key: K_3D27A9A54C24,61035.0,65308.0,65.536,context_0000,Answer: ,32,62995,synthetic_kv_64k,3999.98976,4280.025088,3.99998976,['V_F6C8D9155664']
GB,4.280025088, V_AF259D31762A,61035.0,4.0,0.06542843143259636,Query key: K_FB5ACE7968B7,61035.0,65308.0,65.536,context_0000,Answer: ,32,62995,synthetic_kv_64k,3999.98976,4280.025088,3.99998976,['V_AF259D31762A']
GB,4.280025088,23EF839E7623,61035.0,4.0,0.06542843143259636,Query key: K_C1D82A74B90C,61035.0,65308.0,65.536,context_0000,Answer: ,32,62995,synthetic_kv_64k,3999.98976,4280.025088,3.99998976,['V_23EF839E7623']
GB,4.280025088,90FC2DDC756B,61035.0,4.0,0.06542843143259636,Query key: K_28C2723B80D4,61035.0,65308.0,65.536,context_0000,Answer: ,32,62995,synthetic_kv_64k,3999.98976,4280.025088,3.99998976,['V_90FC2DDC756B']
GB,4.280025088, V_DF48A8CF4F62,61035.0,4.0,0.06542843143259636,Query key: K_90D9F2DEC75C,61035.0,65308.0,65.536,context_0000,Answer: ,32,62995,synthetic_kv_64k,3999.98976,4280.025088,3.99998976,['V_DF48A8CF4F62']
GB,4.280025088, V_BB64BC653D94,61035.0,4.0,0.06542843143259636,Query key: K_256DF7BD8499,61035.0,65308.0,65.536,context_0000,Answer: ,32,62995,synthetic_kv_64k,3999.98976,4280.025088,3.99998976,['V_BB64BC653D94']
GB,4.280025088, V_0A585BDA0655,61035.0,4.0,0.06542843143259636,Query key: K_F06D7BC6E121,61035.0,65308.0,65.536,context_0000,Answer: ,32,62995,synthetic_kv_64k,3999.98976,4280.025088,3.99998976,['V_0A585BDA0655']
GB,4.280025088,3B537CD61DA4,61035.0,4.0,0.06542843143259636,Query key: K_C2EF38048786,61035.0,65308.0,65.536,context_0000,Answer: ,32,62995,synthetic_kv_64k,3999.98976,4280.025088,3.99998976,['V_3B537CD61DA4']
GB,4.280025088,3BE85E934DE0,61035.0,4.0,0.06542843143259636,Query key: K_43AC1017AB44,61035.0,65308.0,65.536,context_0000,Answer: ,32,62995,synthetic_kv_64k,3999.98976,4280.025088,3.99998976,['V_3BE85E934DE0']
GB,4.280025088, V_849434EF2552,61035.0,4.0,0.06542843143259636,Query key: K_AB280AF57E60,61035.0,65308.0,65.536,context_0000,Answer: ,32,62995,synthetic_kv_64k,3999.98976,4280.025088,3.99998976,['V_849434EF2552']
GB,4.280025088,635A5C7AF83D,61035.0,4.0,0.06542843143259636,Query key: K_CA9DE860BCB1,61035.0,65308.0,65.536,context_0000,Answer: ,32,62995,synthetic_kv_64k,3999.98976,4280.025088,3.99998976,['V_635A5C7AF83D']
GB,4.280025088, V_E1AD7463835E,61035.0,4.0,0.06542843143259636,Query key: K_EAFB783C91EB,61035.0,65308.0,65.536,context_0000,Answer: ,32,62995,synthetic_kv_64k,3999.98976,4280.025088,3.99998976,['V_E1AD7463835E']
GB,4.280025088, V_A605FB07EE93,61035.0,4.0,0.06542843143259636,Query key: K_0A370BE3534A,61035.0,65308.0,65.536,context_0000,Answer: ,32,62995,synthetic_kv_64k,3999.98976,4280.025088,3.99998976,['V_A605FB07EE93']
GB,4.280025088, V_F7EBB4280F0D,61035.0,4.0,0.06542843143259636,Query key: K_1A6C52F6531F,61035.0,65308.0,65.536,context_0000,Answer: ,32,62995,synthetic_kv_64k,3999.98976,4280.025088,3.99998976,['V_F7EBB4280F0D']
GB,4.280025088,4603D463C183,61035.0,4.0,0.06542843143259636,Query key: K_A2318578B1C6,61035.0,65308.0,65.536,context_0000,Answer: ,32,62995,synthetic_kv_64k,3999.98976,4280.025088,3.99998976,['V_4603D463C183']
GB,4.280025088,94214368AE93,61035.0,4.0,0.06542843143259636,Query key: K_BDEDD5BA304C,61035.0,65308.0,65.536,context_0000,Answer: ,32,62995,synthetic_kv_64k,3999.98976,4280.025088,3.99998976,['V_94214368AE93']
GB,4.280025088,606C2C816BF0,61035.0,4.0,0.06542843143259636,Query key: K_91F68B5A8683,61035.0,65308.0,65.536,context_0000,Answer: ,32,62995,synthetic_kv_64k,3999.98976,4280.025088,3.99998976,['V_606C2C816BF0']
GB,4.280025088,96725D8416E0,61035.0,4.0,0.06542843143259636,Query key: K_60E6A75743F9,61035.0,65308.0,65.536,context_0000,Answer: ,32,62995,synthetic_kv_64k,3999.98976,4280.025088,3.99998976,['V_96725D8416E0']
GB,4.280025088,13EDD5E14D1F,61035.0,4.0,0.06542843143259636,Query key: K_E5F2A741104B,61035.0,65308.0,65.536,context_0000,Answer: ,32,62995,synthetic_kv_64k,3999.98976,4280.025088,3.99998976,['V_13EDD5E14D1F']
GB,4.280025088, V_F9016057153A,61035.0,4.0,0.06542843143259636,Query key: K_406784440504,61035.0,65308.0,65.536,context_0000,Answer: ,32,62995,synthetic_kv_64k,3999.98976,4280.025088,3.99998976,['V_F9016057153A']
GB,4.280025088,67E58430F0FA,61035.0,4.0,0.06542843143259636,Query key: K_390FE8410A39,61035.0,65308.0,65.536,context_0000,Answer: ,32,62995,synthetic_kv_64k,3999.98976,4280.025088,3.99998976,['V_67E58430F0FA']
GB,4.280025088,5854DE22DC3F,61035.0,4.0,0.06542843143259636,Query key: K_D1365A578607,61035.0,65308.0,65.536,context_0000,Answer: ,32,62995,synthetic_kv_64k,3999.98976,4280.025088,3.99998976,['V_5854DE22DC3F']
GB,4.280025088, V_E31D7B6B911E,61035.0,4.0,0.06542843143259636,Query key: K_CAEB7CA2F582,61035.0,65308.0,65.536,context_0000,Answer: ,32,62995,synthetic_kv_64k,3999.98976,4280.025088,3.99998976,['V_E31D7B6B911E']
GB,4.280025088, V_E1CC8078636D,61035.0,4.0,0.06542843143259636,Query key: K_01B09AAD9234,61035.0,65308.0,65.536,context_0000,Answer: ,32,62995,synthetic_kv_64k,3999.98976,4280.025088,3.99998976,['V_E1CC8078636D']
GB,4.280025088,3AE02A6524AF,61035.0,4.0,0.06542843143259636,Query key: K_709D23936D45,61035.0,65308.0,65.536,context_0000,Answer: ,32,62995,synthetic_kv_64k,3999.98976,4280.025088,3.99998976,['V_3AE02A6524AF']
GB,4.280025088,47E3A4BAE8BF,61035.0,4.0,0.06542843143259636,Query key: K_83B813BC0DC6,61035.0,65308.0,65.536,context_0000,Answer: ,32,62995,synthetic_kv_64k,3999.98976,4280.025088,3.99998976,['V_47E3A4BAE8BF']
GB,4.280025088,28482FD90CE1,61035.0,4.0,0.06542843143259636,Query key: K_26763625FC20,61035.0,65308.0,65.536,context_0000,Answer: ,32,62995,synthetic_kv_64k,3999.98976,4280.025088,3.99998976,['V_28482FD90CE1']
GB,4.280025088, V_D123B7A1267E,61035.0,4.0,0.06542843143259636,Query key: K_9A1E5CBAA496,61035.0,65308.0,65.536,context_0000,Answer: ,32,62995,synthetic_kv_64k,3999.98976,4280.025088,3.99998976,['V_D123B7A1267E']
GB,4.280025088,6A243AF7FA21,61035.0,4.0,0.06542843143259636,Query key: K_A93E1E4AE3A7,61035.0,65308.0,65.536,context_0000,Answer: ,32,62995,synthetic_kv_64k,3999.98976,4280.025088,3.99998976,['V_6A243AF7FA21']
GB,4.280025088,1D03B862ACC3,61035.0,4.0,0.06542843143259636,Query key: K_5489CFA9026B,61035.0,65308.0,65.536,context_0000,Answer: ,32,62995,synthetic_kv_64k,3999.98976,4280.025088,3.99998976,['V_1D03B862ACC3']
GB,4.280025088,7AA17A9398BB,61035.0,4.0,0.06542843143259636,Query key: K_ACDB7B44ACD0,61035.0,65308.0,65.536,context_0000,Answer: ,32,62995,synthetic_kv_64k,3999.98976,4280.025088,3.99998976,['V_7AA17A9398BB']
GB,4.280025088, V_A5B229476F54,61035.0,4.0,0.06542843143259636,Query key: K_973E35F0B1BE,61035.0,65308.0,65.536,context_0000,Answer: ,32,62995,synthetic_kv_64k,3999.98976,4280.025088,3.99998976,['V_A5B229476F54']
GB,4.280025088,3E6105BF0618,61035.0,4.0,0.06542843143259636,Query key: K_6930D5576899,61035.0,65308.0,65.536,context_0000,Answer: ,32,62995,synthetic_kv_64k,3999.98976,4280.025088,3.99998976,['V_3E6105BF0618']
GB,4.280025088,97A492D00319,61035.0,4.0,0.06542843143259636,Query key: K_20BD0B0B81DE,61035.0,65308.0,65.536,context_0000,Answer: ,32,62995,synthetic_kv_64k,3999.98976,4280.025088,3.99998976,['V_97A492D00319']
GB,4.280025088,833CA1298FA2,61035.0,4.0,0.06542843143259636,Query key: K_227D293FC266,61035.0,65308.0,65.536,context_0000,Answer: ,32,62995,synthetic_kv_64k,3999.98976,4280.025088,3.99998976,['V_833CA1298FA2']
GB,4.280025088,259892803DA2,61035.0,4.0,0.06542843143259636,Query key: K_E40B0A086989,61035.0,65308.0,65.536,context_0000,Answer: ,32,62995,synthetic_kv_64k,3999.98976,4280.025088,3.99998976,['V_259892803DA2']
GB,4.280025088, V_EC25421D4DCA,61035.0,4.0,0.06542843143259636,Query key: K_2A950E503FD8,61035.0,65308.0,65.536,context_0000,Answer: ,32,62995,synthetic_kv_64k,3999.98976,4280.025088,3.99998976,['V_EC25421D4DCA']
GB,4.280025088,67CBF54F1B92,61035.0,4.0,0.06542843143259636,Query key: K_84422E16F0B6,61035.0,65308.0,65.536,context_0000,Answer: ,32,62995,synthetic_kv_64k,3999.98976,4280.025088,3.99998976,['V_67CBF54F1B92']
GB,4.280025088, V_A33B904865C6,61035.0,4.0,0.06542843143259636,Query key: K_F820996F7E88,61035.0,65308.0,65.536,context_0000,Answer: ,32,62995,synthetic_kv_64k,3999.98976,4280.025088,3.99998976,['V_A33B904865C6']
GB,4.280025088, V_BA5CB8344070,61035.0,4.0,0.06542843143259636,Query key: K_E0E504C44853,61035.0,65308.0,65.536,context_0000,Answer: ,32,62995,synthetic_kv_64k,3999.98976,4280.025088,3.99998976,['V_BA5CB8344070']
GB,4.280025088, V_F27F48907B6D,61035.0,4.0,0.06542843143259636,Query key: K_D240A9681FC1,61035.0,65308.0,65.536,context_0000,Answer: ,32,62995,synthetic_kv_64k,3999.98976,4280.025088,3.99998976,['V_F27F48907B6D']
GB,4.280025088,9B4572FEFDC2,61035.0,4.0,0.06542843143259636,Query key: K_377215F39D39,61035.0,65308.0,65.536,context_0000,Answer: ,32,62995,synthetic_kv_64k,3999.98976,4280.025088,3.99998976,['V_9B4572FEFDC2']
GB,4.280025088,7B4EDE0787B1,61035.0,4.0,0.06542843143259636,Query key: K_78AEFE268E77,61035.0,65308.0,65.536,context_0000,Answer: ,32,62995,synthetic_kv_64k,3999.98976,4280.025088,3.99998976,['V_7B4EDE0787B1']
GB,4.280025088,6928D492B51A,61035.0,4.0,0.06542843143259636,Query key: K_38282BAA43C9,61035.0,65308.0,65.536,context_0000,Answer: ,32,62995,synthetic_kv_64k,3999.98976,4280.025088,3.99998976,['V_6928D492B51A']
GB,4.280025088,9528CB6BF562,61035.0,4.0,0.06542843143259636,Query key: K_248899D090FD,61035.0,65308.0,65.536,context_0000,Answer: ,32,62995,synthetic_kv_64k,3999.98976,4280.025088,3.99998976,['V_9528CB6BF562']
GB,4.280025088, V_9F8A2E8FF5A8,61035.0,4.0,0.06542843143259636,Query key: K_C47AD209383B,61035.0,65308.0,65.536,context_0000,Answer: ,32,62995,synthetic_kv_64k,3999.98976,4280.025088,3.99998976,['V_9F8A2E8FF5A8']
GB,4.280025088,2AEF43B7A0EF,61035.0,4.0,0.06542843143259636,Query key: K_82C4A8DEBD88,61035.0,65308.0,65.536,context_0000,Answer: ,32,62995,synthetic_kv_64k,3999.98976,4280.025088,3.99998976,['V_2AEF43B7A0EF']
GB,4.280025088, V_EC1F57B94DFB,61035.0,4.0,0.06542843143259636,Query key: K_AF82B9644E4F,61035.0,65308.0,65.536,context_0000,Answer: ,32,62995,synthetic_kv_64k,3999.98976,4280.025088,3.99998976,['V_EC1F57B94DFB']
GB,4.280025088,119F97314C91,61035.0,4.0,0.06542843143259636,Query key: K_98B674169E82,61035.0,65308.0,65.536,context_0000,Answer: ,32,62995,synthetic_kv_64k,3999.98976,4280.025088,3.99998976,['V_119F97314C91']
GB,4.280025088,21D862ADA157,61035.0,4.0,0.06542843143259636,Query key: K_60D23AD51382,61035.0,65308.0,65.536,context_0000,Answer: ,32,62995,synthetic_kv_64k,3999.98976,4280.025088,3.99998976,['V_21D862ADA157']
GB,4.280025088, V_85D033CD1D56,61035.0,4.0,0.06542843143259636,Query key: K_043D1BCB404C,61035.0,65308.0,65.536,context_0000,Answer: ,32,62995,synthetic_kv_64k,3999.98976,4280.025088,3.99998976,['V_85D033CD1D56']
GB,4.280025088, V_AF32811DB4AF,61035.0,4.0,0.06542843143259636,Query key: K_E8CADC0E3375,61035.0,65308.0,65.536,context_0000,Answer: ,32,62995,synthetic_kv_64k,3999.98976,4280.025088,3.99998976,['V_AF32811DB4AF']
GB,4.280025088,9B022649A478,61035.0,4.0,0.06542843143259636,Query key: K_D3966B77AF9E,61035.0,65308.0,65.536,context_0000,Answer: ,32,62995,synthetic_kv_64k,3999.98976,4280.025088,3.99998976,['V_9B022649A478']
GB,4.280025088, V_E6CF79D29001,61035.0,4.0,0.06542843143259636,Query key: K_2D6B18A70609,61035.0,65308.0,65.536,context_0000,Answer: ,32,62995,synthetic_kv_64k,3999.98976,4280.025088,3.99998976,['V_E6CF79D29001']
GB,4.280025088, V_E0B409FE4CDD,61035.0,4.0,0.06542843143259636,Query key: K_998D9D6022C5,61035.0,65308.0,65.536,context_0000,Answer: ,32,62995,synthetic_kv_64k,3999.98976,4280.025088,3.99998976,['V_E0B409FE4CDD']
GB,4.280025088, V_C09C80DA2ED7,61035.0,4.0,0.06542843143259636,Query key: K_880BC8AB96AC,61035.0,65308.0,65.536,context_0000,Answer: ,32,62995,synthetic_kv_64k,3999.98976,4280.025088,3.99998976,['V_C09C80DA2ED7']
GB,4.280025088, V_A8CD7B742440,61035.0,4.0,0.06542843143259636,Query key: K_17DB1E158E2F,61035.0,65308.0,65.536,context_0000,Answer: ,32,62995,synthetic_kv_64k,3999.98976,4280.025088,3.99998976,['V_A8CD7B742440']
GB,4.280025088,8A0E9A7D509D,61035.0,4.0,0.06542843143259636,Query key: K_E6E8215D3B1F,61035.0,65308.0,65.536,context_0000,Answer: ,32,62995,synthetic_kv_64k,3999.98976,4280.025088,3.99998976,['V_8A0E9A7D509D']
GB,4.280025088, V_F00FE59FC1C2,61035.0,4.0,0.06542843143259636,Query key: K_004ED3D877A8,61035.0,65308.0,65.536,context_0000,Answer: ,32,62995,synthetic_kv_64k,3999.98976,4280.025088,3.99998976,['V_F00FE59FC1C2']
GB,4.280025088,6E76A6340D1A,61035.0,4.0,0.06542843143259636,Query key: K_ADB6C65DE86E,61035.0,65308.0,65.536,context_0000,Answer: ,32,62995,synthetic_kv_64k,3999.98976,4280.025088,3.99998976,['V_6E76A6340D1A']
GB,4.280025088, V_DFF45ED10E7F,61035.0,4.0,0.06542843143259636,Query key: K_6BB185A4B0CB,61035.0,65308.0,65.536,context_0000,Answer: ,32,62995,synthetic_kv_64k,3999.98976,4280.025088,3.99998976,['V_DFF45ED10E7F']
GB,4.280025088,6DD087A20E22,61035.0,4.0,0.06542843143259636,Query key: K_B2980B1EC578,61035.0,65308.0,65.536,context_0000,Answer: ,32,62995,synthetic_kv_64k,3999.98976,4280.025088,3.99998976,['V_6DD087A20E22']
GB,4.280025088,7B6CCD638BA8,61035.0,4.0,0.06542843143259636,Query key: K_F03C3ABF9C65,61035.0,65308.0,65.536,context_0000,Answer: ,32,62995,synthetic_kv_64k,3999.98976,4280.025088,3.99998976,['V_7B6CCD638BA8']
GB,4.280025088, V_59BB6198B718,61035.0,4.0,0.06542843143259636,Query key: K_C4C7CA20508D,61035.0,65308.0,65.536,context_0000,Answer: ,32,62995,synthetic_kv_64k,3999.98976,4280.025088,3.99998976,['V_59BB6198B718']
GB,4.280025088, V_E869BDCBFFFC,61035.0,4.0,0.06542843143259636,Query key: K_CDFB96CBDAFB,61035.0,65308.0,65.536,context_0000,Answer: ,32,62995,synthetic_kv_64k,3999.98976,4280.025088,3.99998976,['V_E869BDCBFFFC']
GB,4.280025088,937CB25B6DE7,61035.0,4.0,0.06542843143259636,Query key: K_D652C2F43C10,61035.0,65308.0,65.536,context_0000,Answer: ,32,62995,synthetic_kv_64k,3999.98976,4280.025088,3.99998976,['V_937CB25B6DE7']
GB,4.280025088,4128224629CD,61035.0,4.0,0.06542843143259636,Query key: K_6CEC1903F9B3,61035.0,65308.0,65.536,context_0000,Answer: ,32,62995,synthetic_kv_64k,3999.98976,4280.025088,3.99998976,['V_4128224629CD']
GB,4.280025088, V_E8FB3B85F6E1,61035.0,4.0,0.06542843143259636,Query key: K_C40F7A25ED81,61035.0,65308.0,65.536,context_0000,Answer: ,32,62995,synthetic_kv_64k,3999.98976,4280.025088,3.99998976,['V_E8FB3B85F6E1']
GB,4.280025088,992948842A14,61035.0,4.0,0.06542843143259636,Query key: K_1575DBEAE9F8,61035.0,65308.0,65.536,context_0000,Answer: ,32,62995,synthetic_kv_64k,3999.98976,4280.025088,3.99998976,['V_992948842A14']
GB,4.280025088,41FF689D1205,61035.0,4.0,0.06542843143259636,Query key: K_8B31E073C1D0,61035.0,65308.0,65.536,context_0000,Answer: ,32,62995,synthetic_kv_64k,3999.98976,4280.025088,3.99998976,['V_41FF689D1205']
GB,4.280025088, V_BE5FB58AC738,61035.0,4.0,0.06542843143259636,Query key: K_01663063AE7F,61035.0,65308.0,65.536,context_0000,Answer: ,32,62995,synthetic_kv_64k,3999.98976,4280.025088,3.99998976,['V_BE5FB58AC738']
GB,4.280025088,85C593F6F723,61035.0,4.0,0.06542843143259636,Query key: K_01D2CA179780,61035.0,65308.0,65.536,context_0000,Answer: ,32,62995,synthetic_kv_64k,3999.98976,4280.025088,3.99998976,['V_85C593F6F723']
GB,4.280025088,600101D77831,61035.0,4.0,0.06542843143259636,Query key: K_850F1E2A03F1,61035.0,65308.0,65.536,context_0000,Answer: ,32,62995,synthetic_kv_64k,3999.98976,4280.025088,3.99998976,['V_600101D77831']
GB,4.280025088, V_CDE5B0117B0A,61035.0,4.0,0.06542843143259636,Query key: K_3496A79055B0,61035.0,65308.0,65.536,context_0000,Answer: ,32,62995,synthetic_kv_64k,3999.98976,4280.025088,3.99998976,['V_CDE5B0117B0A']
GB,4.280025088,1B495CBDB682,61035.0,4.0,0.06542843143259636,Query key: K_68AA50DEEF43,61035.0,65308.0,65.536,context_0000,Answer: ,32,62995,synthetic_kv_64k,3999.98976,4280.025088,3.99998976,['V_1B495CBDB682']
GB,4.280025088,95DAA6CDAE3C,61035.0,4.0,0.06542843143259636,Query key: K_6D13279F91AB,61035.0,65308.0,65.536,context_0000,Answer: ,32,62995,synthetic_kv_64k,3999.98976,4280.025088,3.99998976,['V_95DAA6CDAE3C']
GB,4.280025088,893EDADFC499,61035.0,4.0,0.06542843143259636,Query key: K_42E440EE131D,61035.0,65308.0,65.536,context_0000,Answer: ,32,62995,synthetic_kv_64k,3999.98976,4280.025088,3.99998976,['V_893EDADFC499']
GB,4.280025088,9CA45D9AD9F1,61035.0,4.0,0.06542843143259636,Query key: K_908E6C6E8796,61035.0,65308.0,65.536,context_0000,Answer: ,32,62995,synthetic_kv_64k,3999.98976,4280.025088,3.99998976,['V_9CA45D9AD9F1']
GB,4.280025088,65BFAE3C2CE6,61035.0,4.0,0.06542843143259636,Query key: K_FDE6468B22AF,61035.0,65308.0,65.536,context_0000,Answer: ,32,62995,synthetic_kv_64k,3999.98976,4280.025088,3.99998976,['V_65BFAE3C2CE6']
GB,4.280025088,8D5669C9520F,61035.0,4.0,0.06542843143259636,Query key: K_3425C145D6BA,61035.0,65308.0,65.536,context_0000,Answer: ,32,62995,synthetic_kv_64k,3999.98976,4280.025088,3.99998976,['V_8D5669C9520F']
GB,4.280025088,2DC07B8301CF,61035.0,4.0,0.06542843143259636,Query key: K_8EBCC8A65B85,61035.0,65308.0,65.536,context_0000,Answer: ,32,62995,synthetic_kv_64k,3999.98976,4280.025088,3.99998976,['V_2DC07B8301CF']
GB,4.280025088,7BD78E0EABB7,61035.0,4.0,0.06542843143259636,Query key: K_8F205EC646EB,61035.0,65308.0,65.536,context_0000,Answer: ,32,62995,synthetic_kv_64k,3999.98976,4280.025088,3.99998976,['V_7BD78E0EABB7']
GB,4.280025088,93E04E80D10B,61035.0,4.0,0.06542843143259636,Query key: K_FD0E40F7924B,61035.0,65308.0,65.536,context_0000,Answer: ,32,62995,synthetic_kv_64k,3999.98976,4280.025088,3.99998976,['V_93E04E80D10B']
GB,4.280025088,65EBB49B4B72,61035.0,4.0,0.06542843143259636,Query key: K_C6315827BC1D,61035.0,65308.0,65.536,context_0000,Answer: ,32,62995,synthetic_kv_64k,3999.98976,4280.025088,3.99998976,['V_65EBB49B4B72']
GB,4.280025088, DD23DAE13586,61035.0,4.0,0.06542843143259636,Query key: K_2358BC5C3CD8,61035.0,65308.0,65.536,context_0000,Answer: ,32,62995,synthetic_kv_64k,3999.98976,4280.025088,3.99998976,['V_DD23DAE13586']
GB,4.280025088,3AD2BF70C042,61035.0,4.0,0.06542843143259636,Query key: K_1E7CA8C6C2DF,61035.0,65308.0,65.536,context_0000,Answer: ,32,62995,synthetic_kv_64k,3999.98976,4280.025088,3.99998976,['V_3AD2BF70C042']
GB,4.280025088, V_F301B3061300,61035.0,4.0,0.06542843143259636,Query key: K_C87972540AB7,61035.0,65308.0,65.536,context_0000,Answer: ,32,62995,synthetic_kv_64k,3999.98976,4280.025088,3.99998976,['V_F301B3061300']
GB,4.280025088,822236E6BA85,61035.0,4.0,0.06542843143259636,Query key: K_19AB296B67BF,61035.0,65308.0,65.536,context_0000,Answer: ,32,62995,synthetic_kv_64k,3999.98976,4280.025088,3.99998976,['V_822236E6BA85']
GB,4.280025088, V_CD0456A3DCCC,61035.0,4.0,0.06542843143259636,Query key: K_C93C668B28DA,61035.0,65308.0,65.536,context_0000,Answer: ,32,62995,synthetic_kv_64k,3999.98976,4280.025088,3.99998976,['V_CD0456A3DCCC']
GB,4.280025088, V_AF3FB2725AA7,61035.0,4.0,0.06542843143259636,Query key: K_9D308CF29000,61035.0,65308.0,65.536,context_0000,Answer: ,32,62995,synthetic_kv_64k,3999.98976,4280.025088,3.99998976,['V_AF3FB2725AA7']
GB,4.280025088, V_639C2926205D,61035.0,4.0,0.06542843143259636,Query key: K_0D53B4F02F6F,61035.0,65308.0,65.536,context_0000,Answer: ,32,62995,synthetic_kv_64k,3999.98976,4280.025088,3.99998976,['V_639C2926205D']
GB,4.280025088, V_CDEB015ABA1D,61035.0,4.0,0.06542843143259636,Query key: K_A2C8F6EE137D,61035.0,65308.0,65.536,context_0000,Answer: ,32,62995,synthetic_kv_64k,3999.98976,4280.025088,3.99998976,['V_CDEB015ABA1D']
GB,4.280025088,78BF25343E85,61035.0,4.0,0.06542843143259636,Query key: K_D2C0175194D7,61035.0,65308.0,65.536,context_0000,Answer: ,32,62995,synthetic_kv_64k,3999.98976,4280.025088,3.99998976,['V_78BF25343E85']
GB,4.280025088,16906F74E55D,61035.0,4.0,0.06542843143259636,Query key: K_99A9ED054732,61035.0,65308.0,65.536,context_0000,Answer: ,32,62995,synthetic_kv_64k,3999.98976,4280.025088,3.99998976,['V_16906F74E55D']
GB,4.280025088, V_5EEF38C5EF5E,61035.0,4.0,0.06542843143259636,Query key: K_4359106793B6,61035.0,65308.0,65.536,context_0000,Answer: ,32,62995,synthetic_kv_64k,3999.98976,4280.025088,3.99998976,['V_5EEF38C5EF5E']
GB,4.280025088, V_B97809AA5570,61035.0,4.0,0.06542843143259636,Query key: K_9BE9147D7BFC,61035.0,65308.0,65.536,context_0000,Answer: ,32,62995,synthetic_kv_64k,3999.98976,4280.025088,3.99998976,['V_B97809AA5570']
GB,4.280025088,6690FC04CA7A,61035.0,4.0,0.06542843143259636,Query key: K_EE416263307C,61035.0,65308.0,65.536,context_0000,Answer: ,32,62995,synthetic_kv_64k,3999.98976,4280.025088,3.99998976,['V_6690FC04CA7A']
GB,4.280025088,495685609E8A,61035.0,4.0,0.06542843143259636,Query key: K_A7FB9D2CD944,61035.0,65308.0,65.536,context_0000,Answer: ,32,62995,synthetic_kv_64k,3999.98976,4280.025088,3.99998976,['V_495685609E8A']
GB,4.280025088,0EB598F3F640,61035.0,4.0,0.06542843143259636,Query key: K_F6A9B62BCCB1,61035.0,65308.0,65.536,context_0000,Answer: ,32,62995,synthetic_kv_64k,3999.98976,4280.025088,3.99998976,['V_0EB598F3F640']
GB,4.280025088,2CDED1FA82A6,61035.0,4.0,0.06542843143259636,Query key: K_C60BF21A6F38,61035.0,65308.0,65.536,context_0000,Answer: ,32,62995,synthetic_kv_64k,3999.98976,4280.025088,3.99998976,['V_2CDED1FA82A6']
GB,4.280025088,02BD706078EB,61035.0,4.0,0.06542843143259636,Query key: K_7E8EA3EA21A2,61035.0,65308.0,65.536,context_0000,Answer: ,32,62995,synthetic_kv_64k,3999.98976,4280.025088,3.99998976,['V_02BD706078EB']
GB,4.280025088, V_EE46A829907C,61035.0,4.0,0.06542843143259636,Query key: K_D9BE33A315F3,61035.0,65308.0,65.536,context_0000,Answer: ,32,62995,synthetic_kv_64k,3999.98976,4280.025088,3.99998976,['V_EE46A829907C']
GB,4.280025088,31DA4937B90F,61035.0,4.0,0.06542843143259636,Query key: K_84A5CDCD0A34,61035.0,65308.0,65.536,context_0000,Answer: ,32,62995,synthetic_kv_64k,3999.98976,4280.025088,3.99998976,['V_31DA4937B90F']
GB,4.280025088,82B39979CF26,61035.0,4.0,0.06542843143259636,Query key: K_C8B1089A9F4F,61035.0,65308.0,65.536,context_0000,Answer: ,32,62995,synthetic_kv_64k,3999.98976,4280.025088,3.99998976,['V_82B39979CF26']
GB,4.280025088,9D7D3B4EC9F5,61035.0,4.0,0.06542843143259636,Query key: K_B2CD840C5CB0,61035.0,65308.0,65.536,context_0000,Answer: ,32,62995,synthetic_kv_64k,3999.98976,4280.025088,3.99998976,['V_9D7D3B4EC9F5']
GB,4.280025088,5C17093B4D72,61035.0,4.0,0.06542843143259636,Query key: K_AC8C2B633B18,61035.0,65308.0,65.536,context_0000,Answer: ,32,62995,synthetic_kv_64k,3999.98976,4280.025088,3.99998976,['V_5C17093B4D72']
GB,4.280025088, V_F9C30012D399,61035.0,4.0,0.06542843143259636,Query key: K_A7AF3D3FEC1B,61035.0,65308.0,65.536,context_0000,Answer: ,32,62995,synthetic_kv_64k,3999.98976,4280.025088,3.99998976,['V_F9C30012D399']
GB,4.280025088,46A3FF2F6883,61035.0,4.0,0.06542843143259636,Query key: K_163B284E4CD4,61035.0,65308.0,65.536,context_0000,Answer: ,32,62995,synthetic_kv_64k,3999.98976,4280.025088,3.99998976,['V_46A3FF2F6883']
GB,4.280025088, V_AB6E5A669316,61035.0,4.0,0.06542843143259636,Query key: K_6641C798A445,61035.0,65308.0,65.536,context_0000,Answer: ,32,62995,synthetic_kv_64k,3999.98976,4280.025088,3.99998976,['V_AB6E5A669316']
GB,4.280025088,33479609598E,61035.0,4.0,0.06542843143259636,Query key: K_67CB65281970,61035.0,65308.0,65.536,context_0000,Answer: ,32,62995,synthetic_kv_64k,3999.98976,4280.025088,3.99998976,['V_33479609598E']
GB,4.280025088, V_B420BCA726EB,61035.0,4.0,0.06542843143259636,Query key: K_03EF848AC924,61035.0,65308.0,65.536,context_0000,Answer: ,32,62995,synthetic_kv_64k,3999.98976,4280.025088,3.99998976,['V_B420BCA726EB']
GB,4.280025088,8CB217151C03,61035.0,4.0,0.06542843143259636,Query key: K_EB4F1190E515,61035.0,65308.0,65.536,context_0000,Answer: ,32,62995,synthetic_kv_64k,3999.98976,4280.025088,3.99998976,['V_8CB217151C03']
GB,4.280025088,8F22D46B7756,61035.0,4.0,0.06542843143259636,Query key: K_B9E448D495A4,61035.0,65308.0,65.536,context_0000,Answer: ,32,62995,synthetic_kv_64k,3999.98976,4280.025088,3.99998976,['V_8F22D46B7756']
GB,4.280025088,58F4591CC524,61035.0,4.0,0.06542843143259636,Query key: K_953BEA3E072A,61035.0,65308.0,65.536,context_0000,Answer: ,32,62995,synthetic_kv_64k,3999.98976,4280.025088,3.99998976,['V_58F4591CC524']
GB,4.280025088,39EE46C937E0,61035.0,4.0,0.06542843143259636,Query key: K_D0C5F69A0539,61035.0,65308.0,65.536,context_0000,Answer: ,32,62995,synthetic_kv_64k,3999.98976,4280.025088,3.99998976,['V_39EE46C937E0']
GB,4.280025088,746B31CC6738,61035.0,4.0,0.06542843143259636,Query key: K_F68A9B3AA1D1,61035.0,65308.0,65.536,context_0000,Answer: ,32,62995,synthetic_kv_64k,3999.98976,4280.025088,3.99998976,['V_746B31CC6738']
GB,4.280025088,0130932D1648,61035.0,4.0,0.06542843143259636,Query key: K_6769EE01B9E0,61035.0,65308.0,65.536,context_0000,Answer: ,32,62995,synthetic_kv_64k,3999.98976,4280.025088,3.99998976,['V_0130932D1648']
GB,4.280025088,81986839F98F,61035.0,4.0,0.06542843143259636,Query key: K_2CCF42D7F112,61035.0,65308.0,65.536,context_0000,Answer: ,32,62995,synthetic_kv_64k,3999.98976,4280.025088,3.99998976,['V_81986839F98F']
GB,4.280025088,80CF1287E313,61035.0,4.0,0.06542843143259636,Query key: K_8F021B414999,61035.0,65308.0,65.536,context_0000,Answer: ,32,62995,synthetic_kv_64k,3999.98976,4280.025088,3.99998976,['V_80CF1287E313']
GB,4.280025088,1DF4F26F9B19,61035.0,4.0,0.06542843143259636,Query key: K_57084B541670,61035.0,65308.0,65.536,context_0000,Answer: ,32,62995,synthetic_kv_64k,3999.98976,4280.025088,3.99998976,['V_1DF4F26F9B19']
GB,4.280025088,41F8F4EAE769,61035.0,4.0,0.06542843143259636,Query key: K_8366CD8D9F75,61035.0,65308.0,65.536,context_0000,Answer: ,32,62995,synthetic_kv_64k,3999.98976,4280.025088,3.99998976,['V_41F8F4EAE769']
GB,4.280025088, V_CB1BD02A6CBB,61035.0,4.0,0.06542843143259636,Query key: K_89B4E048F1DE,61035.0,65308.0,65.536,context_0000,Answer: ,32,62995,synthetic_kv_64k,3999.98976,4280.025088,3.99998976,['V_CB1BD02A6CBB']
GB,4.280025088,7159B1B68ECD,61035.0,4.0,0.06542843143259636,Query key: K_4009932C3EC9,61035.0,65308.0,65.536,context_0000,Answer: ,32,62995,synthetic_kv_64k,3999.98976,4280.025088,3.99998976,['V_7159B1B68ECD']
GB,4.280025088, V_7BCF902BD154,61035.0,4.0,0.06542843143259636,Query key: K_6088F74F6900,61035.0,65308.0,65.536,context_0000,Answer: ,32,62995,synthetic_kv_64k,3999.98976,4280.025088,3.99998976,['V_7BCF902BD154']
GB,4.280025088,56F4C1E9C4FA,61035.0,4.0,0.06542843143259636,Query key: K_3E47C51C91F4,61035.0,65308.0,65.536,context_0000,Answer: ,32,62995,synthetic_kv_64k,3999.98976,4280.025088,3.99998976,['V_56F4C1E9C4FA']
GB,4.280025088, V_AE7C75771730,61035.0,4.0,0.06542843143259636,Query key: K_C68DF613BDA0,61035.0,65308.0,65.536,context_0000,Answer: ,32,62995,synthetic_kv_64k,3999.98976,4280.025088,3.99998976,['V_AE7C75771730']
GB,4.280025088, V_DCAD963A4333,61035.0,4.0,0.06542843143259636,Query key: K_E58275F1C654,61035.0,65308.0,65.536,context_0000,Answer: ,32,62995,synthetic_kv_64k,3999.98976,4280.025088,3.99998976,['V_DCAD963A4333']
GB,4.280025088,42001DC3C26E,61035.0,4.0,0.06542843143259636,Query key: K_7B620700749A,61035.0,65308.0,65.536,context_0000,Answer: ,32,62995,synthetic_kv_64k,3999.98976,4280.025088,3.99998976,['V_42001DC3C26E']
GB,4.280025088, V_C9E5A237A8C1,61035.0,4.0,0.06542843143259636,Query key: K_61F6114B3C79,61035.0,65308.0,65.536,context_0000,Answer: ,32,62995,synthetic_kv_64k,3999.98976,4280.025088,3.99998976,['V_C9E5A237A8C1']
GB,4.280025088, V_B380AD4A2B3C,61035.0,4.0,0.06542843143259636,Query key: K_386AFE83C32A,61035.0,65308.0,65.536,context_0000,Answer: ,32,62995,synthetic_kv_64k,3999.98976,4280.025088,3.99998976,['V_B380AD4A2B3C']
GB,4.280025088,699450D3BA03,61035.0,4.0,0.06542843143259636,Query key: K_CCD73ADCB38C,61035.0,65308.0,65.536,context_0000,Answer: ,32,62995,synthetic_kv_64k,3999.98976,4280.025088,3.99998976,['V_699450D3BA03']
GB,4.280025088,892084399ED9,61035.0,4.0,0.06542843143259636,Query key: K_5A64F49816AD,61035.0,65308.0,65.536,context_0000,Answer: ,32,62995,synthetic_kv_64k,3999.98976,4280.025088,3.99998976,['V_892084399ED9']
GB,4.280025088,436AD5098E07,61035.0,4.0,0.06542843143259636,Query key: K_B368027D3808,61035.0,65308.0,65.536,context_0000,Answer: ,32,62995,synthetic_kv_64k,3999.98976,4280.025088,3.99998976,['V_436AD5098E07']
GB,4.280025088,662017CF775F,61035.0,4.0,0.06542843143259636,Query key: K_498B3F8DCF96,61035.0,65308.0,65.536,context_0000,Answer: ,32,62995,synthetic_kv_64k,3999.98976,4280.025088,3.99998976,['V_662017CF775F']
GB,4.280025088,578CD231F372,61035.0,4.0,0.06542843143259636,Query key: K_BFB0AC777762,61035.0,65308.0,65.536,context_0000,Answer: ,32,62995,synthetic_kv_64k,3999.98976,4280.025088,3.99998976,['V_578CD231F372']
GB,4.280025088,2DB1EE6FFBEA,61035.0,4.0,0.06542843143259636,Query key: K_8DF713769FF9,61035.0,65308.0,65.536,context_0000,Answer: ,32,62995,synthetic_kv_64k,3999.98976,4280.025088,3.99998976,['V_2DB1EE6FFBEA']
GB,4.280025088,37F35A81762A,61035.0,4.0,0.06542843143259636,Query key: K_505979FF89D9,61035.0,65308.0,65.536,context_0000,Answer: ,32,62995,synthetic_kv_64k,3999.98976,4280.025088,3.99998976,['V_37F35A81762A']
GB,4.280025088,2ECA44E22691,61035.0,4.0,0.06542843143259636,Query key: K_92DEE4F1E8E8,61035.0,65308.0,65.536,context_0000,Answer: ,32,62995,synthetic_kv_64k,3999.98976,4280.025088,3.99998976,['V_2ECA44E22691']
GB,4.280025088, V_EE25AEE01EC9,61035.0,4.0,0.06542843143259636,Query key: K_BF04F2765513,61035.0,65308.0,65.536,context_0000,Answer: ,32,62995,synthetic_kv_64k,3999.98976,4280.025088,3.99998976,['V_EE25AEE01EC9']
GB,4.280025088, V_BCB37FBE6BB3,61035.0,4.0,0.06542843143259636,Query key: K_30AEE8F10194,61035.0,65308.0,65.536,context_0000,Answer: ,32,62995,synthetic_kv_64k,3999.98976,4280.025088,3.99998976,['V_BCB37FBE6BB3']
GB,4.280025088,3DF7BC45144A,61035.0,4.0,0.06542843143259636,Query key: K_3C1F331D58BB,61035.0,65308.0,65.536,context_0000,Answer: ,32,62995,synthetic_kv_64k,3999.98976,4280.025088,3.99998976,['V_3DF7BC45144A']
GB,4.280025088,3AAD34EF71DF,61035.0,4.0,0.06542843143259636,Query key: K_43F1DF6C0D60,61035.0,65308.0,65.536,context_0000,Answer: ,32,62995,synthetic_kv_64k,3999.98976,4280.025088,3.99998976,['V_3AAD34EF71DF']
GB,4.280025088, V_D61A3FEC0A37,61035.0,4.0,0.06542843143259636,Query key: K_D5BE33E88249,61035.0,65308.0,65.536,context_0000,Answer: ,32,62995,synthetic_kv_64k,3999.98976,4280.025088,3.99998976,['V_D61A3FEC0A37']
GB,4.280025088, V_C76827EF5357,61035.0,4.0,0.06542843143259636,Query key: K_5B249E5C5DCD,61035.0,65308.0,65.536,context_0000,Answer: ,32,62995,synthetic_kv_64k,3999.98976,4280.025088,3.99998976,['V_C76827EF5357']
GB,4.280025088,1417EB91731A,61035.0,4.0,0.06542843143259636,Query key: K_1EB01B4FFD5F,61035.0,65308.0,65.536,context_0000,Answer: ,32,62995,synthetic_kv_64k,3999.98976,4280.025088,3.99998976,['V_1417EB91731A']
GB,4.280025088,7E1FA9D6290D,61035.0,4.0,0.06542843143259636,Query key: K_F4ADAD0205F5,61035.0,65308.0,65.536,context_0000,Answer: ,32,62995,synthetic_kv_64k,3999.98976,4280.025088,3.99998976,['V_7E1FA9D6290D']
GB,4.280025088, V_DB6AC3A58237,61035.0,4.0,0.06542843143259636,Query key: K_01B29D23C3CF,61035.0,65308.0,65.536,context_0000,Answer: ,32,62995,synthetic_kv_64k,3999.98976,4280.025088,3.99998976,['V_DB6AC3A58237']
GB,4.280025088, V_D9170AD1C18C,61035.0,4.0,0.06542843143259636,Query key: K_F53F8A9E0964,61035.0,65308.0,65.536,context_0000,Answer: ,32,62995,synthetic_kv_64k,3999.98976,4280.025088,3.99998976,['V_D9170AD1C18C']
GB,4.280025088, V_50BF9EE4105D,61035.0,4.0,0.06542843143259636,Query key: K_5F067B777E71,61035.0,65308.0,65.536,context_0000,Answer: ,32,62995,synthetic_kv_64k,3999.98976,4280.025088,3.99998976,['V_50BF9EE4105D']
GB,4.280025088, V_E188FC40A3D4,61035.0,4.0,0.06542843143259636,Query key: K_E5EB7E0A04C2,61035.0,65308.0,65.536,context_0000,Answer: ,32,62995,synthetic_kv_64k,3999.98976,4280.025088,3.99998976,['V_E188FC40A3D4']
GB,4.280025088,4654DE67A278,61035.0,4.0,0.06542843143259636,Query key: K_9313E5A1C6E4,61035.0,65308.0,65.536,context_0000,Answer: ,32,62995,synthetic_kv_64k,3999.98976,4280.025088,3.99998976,['V_4654DE67A278']
GB,4.280025088, V_C3A6FC014A22,61035.0,4.0,0.06542843143259636,Query key: K_2ED07DA56B6E,61035.0,65308.0,65.536,context_0000,Answer: ,32,62995,synthetic_kv_64k,3999.98976,4280.025088,3.99998976,['V_C3A6FC014A22']
GB,4.280025088,65DB47BF8DB7,61035.0,4.0,0.06542843143259636,Query key: K_82D9EA7F6C7D,61035.0,65308.0,65.536,context_0000,Answer: ,32,62995,synthetic_kv_64k,3999.98976,4280.025088,3.99998976,['V_65DB47BF8DB7']
GB,4.280025088,20D493A05478,61035.0,4.0,0.06542843143259636,Query key: K_C00B38DB128D,61035.0,65308.0,65.536,context_0000,Answer: ,32,62995,synthetic_kv_64k,3999.98976,4280.025088,3.99998976,['V_20D493A05478']
GB,4.280025088,6C55CC9CF41C,61035.0,4.0,0.06542843143259636,Query key: K_86960DDCA788,61035.0,65308.0,65.536,context_0000,Answer: ,32,62995,synthetic_kv_64k,3999.98976,4280.025088,3.99998976,['V_6C55CC9CF41C']
GB,4.280025088,08568A6FC4B3,61035.0,4.0,0.06542843143259636,Query key: K_F08D7A732F35,61035.0,65308.0,65.536,context_0000,Answer: ,32,62995,synthetic_kv_64k,3999.98976,4280.025088,3.99998976,['V_08568A6FC4B3']
GB,4.280025088, V_DC4364CAA1C7,61035.0,4.0,0.06542843143259636,Query key: K_58E780A23721,61035.0,65308.0,65.536,context_0000,Answer: ,32,62995,synthetic_kv_64k,3999.98976,4280.025088,3.99998976,['V_DC4364CAA1C7']
GB,4.280025088,750A2CBFB769,61035.0,4.0,0.06542843143259636,Query key: K_C6A1AFB3E3AD,61035.0,65308.0,65.536,context_0000,Answer: ,32,62995,synthetic_kv_64k,3999.98976,4280.025088,3.99998976,['V_750A2CBFB769']
GB,4.280025088,84A9B2C027E8,61035.0,4.0,0.06542843143259636,Query key: K_1ED0F9FC6034,61035.0,65308.0,65.536,context_0000,Answer: ,32,62995,synthetic_kv_64k,3999.98976,4280.025088,3.99998976,['V_84A9B2C027E8']
GB,4.280025088, V_0227B0701A53,61035.0,4.0,0.06542843143259636,Query key: K_50CE75C72FB6,61035.0,65308.0,65.536,context_0000,Answer: ,32,62995,synthetic_kv_64k,3999.98976,4280.025088,3.99998976,['V_0227B0701A53']
GB,4.280025088,612235F3DE4A,61035.0,4.0,0.06542843143259636,Query key: K_AC920306A258,61035.0,65308.0,65.536,context_0000,Answer: ,32,62995,synthetic_kv_64k,3999.98976,4280.025088,3.99998976,['V_612235F3DE4A']
GB,4.280025088,5C91534FC96D,61035.0,4.0,0.06542843143259636,Query key: K_19CA94BCF47A,61035.0,65308.0,65.536,context_0000,Answer: ,32,62995,synthetic_kv_64k,3999.98976,4280.025088,3.99998976,['V_5C91534FC96D']
GB,4.280025088,2FE9427BBFFB,61035.0,4.0,0.06542843143259636,Query key: K_DCA19CDF0664,61035.0,65308.0,65.536,context_0000,Answer: ,32,62995,synthetic_kv_64k,3999.98976,4280.025088,3.99998976,['V_2FE9427BBFFB']
GB,4.280025088,44F73CB526D7,61035.0,4.0,0.06542843143259636,Query key: K_434A8C6EA6AD,61035.0,65308.0,65.536,context_0000,Answer: ,32,62995,synthetic_kv_64k,3999.98976,4280.025088,3.99998976,['V_44F73CB526D7']
GB,4.280025088,57D59CF3137E,61035.0,4.0,0.06542843143259636,Query key: K_F56278AA16EA,61035.0,65308.0,65.536,context_0000,Answer: ,32,62995,synthetic_kv_64k,3999.98976,4280.025088,3.99998976,['V_57D59CF3137E']
GB,4.280025088,6C877FAF6458,61035.0,4.0,0.06542843143259636,Query key: K_2F145DAD348E,61035.0,65308.0,65.536,context_0000,Answer: ,32,62995,synthetic_kv_64k,3999.98976,4280.025088,3.99998976,['V_6C877FAF6458']
GB,4.280025088, V_C08FB361E70A,61035.0,4.0,0.06542843143259636,Query key: K_6B4935E574E0,61035.0,65308.0,65.536,context_0000,Answer: ,32,62995,synthetic_kv_64k,3999.98976,4280.025088,3.99998976,['V_C08FB361E70A']
GB,4.280025088,668DDAB51D55,61035.0,4.0,0.06542843143259636,Query key: K_5D755F4FAF10,61035.0,65308.0,65.536,context_0000,Answer: ,32,62995,synthetic_kv_64k,3999.98976,4280.025088,3.99998976,['V_668DDAB51D55']
GB,4.280025088,92472E0D3860,61035.0,4.0,0.06542843143259636,Query key: K_73624795CD1D,61035.0,65308.0,65.536,context_0000,Answer: ,32,62995,synthetic_kv_64k,3999.98976,4280.025088,3.99998976,['V_92472E0D3860']
GB,4.280025088, V_AF9E936DB4A7,61035.0,4.0,0.06542843143259636,Query key: K_FAB121925613,61035.0,65308.0,65.536,context_0000,Answer: ,32,62995,synthetic_kv_64k,3999.98976,4280.025088,3.99998976,['V_AF9E936DB4A7']
GB,4.280025088, V_B8871991103F,61035.0,4.0,0.06542843143259636,Query key: K_D06E3A8359B6,61035.0,65308.0,65.536,context_0000,Answer: ,32,62995,synthetic_kv_64k,3999.98976,4280.025088,3.99998976,['V_B8871991103F']
GB,4.280025088,8E2A3C5DBA42,61035.0,4.0,0.06542843143259636,Query key: K_CDD8451B6267,61035.0,65308.0,65.536,context_0000,Answer: ,32,62995,synthetic_kv_64k,3999.98976,4280.025088,3.99998976,['V_8E2A3C5DBA42']
GB,4.280025088,3231618192DE,61035.0,4.0,0.06542843143259636,Query key: K_DB376EA5E341,61035.0,65308.0,65.536,context_0000,Answer: ,32,62995,synthetic_kv_64k,3999.98976,4280.025088,3.99998976,['V_3231618192DE']
GB,4.280025088, V_BD11F58AB7C7,61035.0,4.0,0.06542843143259636,Query key: K_CCCF255603D4,61035.0,65308.0,65.536,context_0000,Answer: ,32,62995,synthetic_kv_64k,3999.98976,4280.025088,3.99998976,['V_BD11F58AB7C7']
GB,4.280025088,027ECE40483B,61035.0,4.0,0.06542843143259636,Query key: K_79152648C819,61035.0,65308.0,65.536,context_0000,Answer: ,32,62995,synthetic_kv_64k,3999.98976,4280.025088,3.99998976,['V_027ECE40483B']
GB,4.280025088,226C7FE5A4B6,61035.0,4.0,0.06542843143259636,Query key: K_6BE82D36226C,61035.0,65308.0,65.536,context_0000,Answer: ,32,62995,synthetic_kv_64k,3999.98976,4280.025088,3.99998976,['V_226C7FE5A4B6']
GB,4.280025088, V_A172D9719E00,61035.0,4.0,0.06542843143259636,Query key: K_E4ADFEDD22D9,61035.0,65308.0,65.536,context_0000,Answer: ,32,62995,synthetic_kv_64k,3999.98976,4280.025088,3.99998976,['V_A172D9719E00']
GB,4.280025088,50D3B876A455,61035.0,4.0,0.06542843143259636,Query key: K_88B3845A91B8,61035.0,65308.0,65.536,context_0000,Answer: ,32,62995,synthetic_kv_64k,3999.98976,4280.025088,3.99998976,['V_50D3B876A455']
GB,4.280025088,403F4CCF0A4B,61035.0,4.0,0.06542843143259636,Query key: K_7C93C90B9454,61035.0,65308.0,65.536,context_0000,Answer: ,32,62995,synthetic_kv_64k,3999.98976,4280.025088,3.99998976,['V_403F4CCF0A4B']
GB,4.280025088,0C36915D9A63,61035.0,4.0,0.06542843143259636,Query key: K_DBC68FE84E20,61035.0,65308.0,65.536,context_0000,Answer: ,32,62995,synthetic_kv_64k,3999.98976,4280.025088,3.99998976,['V_0C36915D9A63']
GB,4.280025088,29D0B0C77002,61035.0,4.0,0.06542843143259636,Query key: K_195665FDAADB,61035.0,65308.0,65.536,context_0000,Answer: ,32,62995,synthetic_kv_64k,3999.98976,4280.025088,3.99998976,['V_29D0B0C77002']
GB,4.280025088,4119D0566199,61035.0,4.0,0.06542843143259636,Query key: K_37280F5E8B47,61035.0,65308.0,65.536,context_0000,Answer: ,32,62995,synthetic_kv_64k,3999.98976,4280.025088,3.99998976,['V_4119D0566199']
GB,4.280025088,18A7A13EA66D,61035.0,4.0,0.06542843143259636,Query key: K_D6C679FE7CCC,61035.0,65308.0,65.536,context_0000,Answer: ,32,62995,synthetic_kv_64k,3999.98976,4280.025088,3.99998976,['V_18A7A13EA66D']
GB,4.280025088,428055AC0D06,61035.0,4.0,0.06542843143259636,Query key: K_BE9D7329AF6E,61035.0,65308.0,65.536,context_0000,Answer: ,32,62995,synthetic_kv_64k,3999.98976,4280.025088,3.99998976,['V_428055AC0D06']
GB,4.280025088,8EB78F73198E,61035.0,4.0,0.06542843143259636,Query key: K_5C3D5C6801D6,61035.0,65308.0,65.536,context_0000,Answer: ,32,62995,synthetic_kv_64k,3999.98976,4280.025088,3.99998976,['V_8EB78F73198E']
GB,4.280025088,581941F9994A,61035.0,4.0,0.06542843143259636,Query key: K_CF5DEE8D5DAA,61035.0,65308.0,65.536,context_0000,Answer: ,32,62995,synthetic_kv_64k,3999.98976,4280.025088,3.99998976,['V_581941F9994A']
GB,4.280025088,59E11F096B9D,61035.0,4.0,0.06542843143259636,Query key: K_69690513EDA8,61035.0,65308.0,65.536,context_0000,Answer: ,32,62995,synthetic_kv_64k,3999.98976,4280.025088,3.99998976,['V_59E11F096B9D']
GB,4.280025088,9B07F68ECE81,61035.0,4.0,0.06542843143259636,Query key: K_ADF9DE0BDE18,61035.0,65308.0,65.536,context_0000,Answer: ,32,62995,synthetic_kv_64k,3999.98976,4280.025088,3.99998976,['V_9B07F68ECE81']
GB,4.280025088, V_A65D936DD1A8,61035.0,4.0,0.06542843143259636,Query key: K_93AC32EEEB38,61035.0,65308.0,65.536,context_0000,Answer: ,32,62995,synthetic_kv_64k,3999.98976,4280.025088,3.99998976,['V_A65D936DD1A8']
GB,4.280025088, V_FAB82CAE93A2,61035.0,4.0,0.06542843143259636,Query key: K_89D7A62D7221,61035.0,65308.0,65.536,context_0000,Answer: ,32,62995,synthetic_kv_64k,3999.98976,4280.025088,3.99998976,['V_FAB82CAE93A2']
GB,4.280025088,53395AE86D18,61035.0,4.0,0.06542843143259636,Query key: K_48DCC7C2564A,61035.0,65308.0,65.536,context_0000,Answer: ,32,62995,synthetic_kv_64k,3999.98976,4280.025088,3.99998976,['V_53395AE86D18']
GB,4.280025088, V_C6557CCC63DE,61035.0,4.0,0.06542843143259636,Query key: K_82ACAC565DA6,61035.0,65308.0,65.536,context_0000,Answer: ,32,62995,synthetic_kv_64k,3999.98976,4280.025088,3.99998976,['V_C6557CCC63DE']
GB,4.280025088,1412E3BEF3D6,61035.0,4.0,0.06542843143259636,Query key: K_726ABC8CFA8F,61035.0,65308.0,65.536,context_0000,Answer: ,32,62995,synthetic_kv_64k,3999.98976,4280.025088,3.99998976,['V_1412E3BEF3D6']
GB,4.280025088,76B849599BED,61035.0,4.0,0.06542843143259636,Query key: K_9D19618DDE71,61035.0,65308.0,65.536,context_0000,Answer: ,32,62995,synthetic_kv_64k,3999.98976,4280.025088,3.99998976,['V_76B849599BED']
GB,4.280025088, V_DE462514C7CE,61035.0,4.0,0.06542843143259636,Query key: K_F4E3A1B7E3D8,61035.0,65308.0,65.536,context_0000,Answer: ,32,62995,synthetic_kv_64k,3999.98976,4280.025088,3.99998976,['V_DE462514C7CE']
GB,4.280025088, V_EDB6CEC68CFE,61035.0,4.0,0.06542843143259636,Query key: K_A3FD2AE63AF6,61035.0,65308.0,65.536,context_0000,Answer: ,32,62995,synthetic_kv_64k,3999.98976,4280.025088,3.99998976,['V_EDB6CEC68CFE']
GB,4.280025088,9CC0A19B224A,61035.0,4.0,0.06542843143259636,Query key: K_6BFC565F1491,61035.0,65308.0,65.536,context_0000,Answer: ,32,62995,synthetic_kv_64k,3999.98976,4280.025088,3.99998976,['V_9CC0A19B224A']
GB,4.280025088, V_E835D9518F98,61035.0,4.0,0.06542843143259636,Query key: K_679F9256D707,61035.0,65308.0,65.536,context_0000,Answer: ,32,62995,synthetic_kv_64k,3999.98976,4280.025088,3.99998976,['V_E835D9518F98']
GB,4.280025088, V_57F72978CC73,61035.0,4.0,0.06542843143259636,Query key: K_144012439B0F,61035.0,65308.0,65.536,context_0000,Answer: ,32,62995,synthetic_kv_64k,3999.98976,4280.025088,3.99998976,['V_57F72978CC73']
GB,4.280025088, V_A72B511EEEB8,61035.0,4.0,0.06542843143259636,Query key: K_50403A6C7DA6,61035.0,65308.0,65.536,context_0000,Answer: ,32,62995,synthetic_kv_64k,3999.98976,4280.025088,3.99998976,['V_A72B511EEEB8']
GB,4.280025088,9AFA44791214,61035.0,4.0,0.06542843143259636,Query key: K_B5DE4A965478,61035.0,65308.0,65.536,context_0000,Answer: ,32,62995,synthetic_kv_64k,3999.98976,4280.025088,3.99998976,['V_9AFA44791214']
GB,4.280025088, V_E33F457083E4,61035.0,4.0,0.06542843143259636,Query key: K_653CA5076897,61035.0,65308.0,65.536,context_0000,Answer: ,32,62995,synthetic_kv_64k,3999.98976,4280.025088,3.99998976,['V_E33F457083E4']
GB,4.280025088, V_F053DCE0E2BB,61035.0,4.0,0.06542843143259636,Query key: K_C7ED71E4DC42,61035.0,65308.0,65.536,context_0000,Answer: ,32,62995,synthetic_kv_64k,3999.98976,4280.025088,3.99998976,['V_F053DCE0E2BB']
GB,4.280025088,855C96405FCD,61035.0,4.0,0.06542843143259636,Query key: K_BF765CF85EEB,61035.0,65308.0,65.536,context_0000,Answer: ,32,62995,synthetic_kv_64k,3999.98976,4280.025088,3.99998976,['V_855C96405FCD']
GB,4.280025088,2AD569FB2FE6,61035.0,4.0,0.06542843143259636,Query key: K_7346F72CB6C8,61035.0,65308.0,65.536,context_0000,Answer: ,32,62995,synthetic_kv_64k,3999.98976,4280.025088,3.99998976,['V_2AD569FB2FE6']
GB,4.280025088,200205E9F407,61035.0,4.0,0.06542843143259636,Query key: K_DAAD2F132A6D,61035.0,65308.0,65.536,context_0000,Answer: ,32,62995,synthetic_kv_64k,3999.98976,4280.025088,3.99998976,['V_200205E9F407']
GB,4.280025088,406BA97A4F4E,61035.0,4.0,0.06542843143259636,Query key: K_3C10BA4F4B03,61035.0,65308.0,65.536,context_0000,Answer: ,32,62995,synthetic_kv_64k,3999.98976,4280.025088,3.99998976,['V_406BA97A4F4E']
GB,4.280025088, V_BFEEB360DFAA,61035.0,4.0,0.06542843143259636,Query key: K_BE6EF0C0804B,61035.0,65308.0,65.536,context_0000,Answer: ,32,62995,synthetic_kv_64k,3999.98976,4280.025088,3.99998976,['V_BFEEB360DFAA']
GB,4.280025088,65A42ABAA4F9,61035.0,4.0,0.06542843143259636,Query key: K_35E8147F1F67,61035.0,65308.0,65.536,context_0000,Answer: ,32,62995,synthetic_kv_64k,3999.98976,4280.025088,3.99998976,['V_65A42ABAA4F9']
GB,4.280025088, V_EFD11054B2D5,61035.0,4.0,0.06542843143259636,Query key: K_18761A5ED196,61035.0,65308.0,65.536,context_0000,Answer: ,32,62995,synthetic_kv_64k,3999.98976,4280.025088,3.99998976,['V_EFD11054B2D5']
GB,4.280025088,0DC78C662766,61035.0,4.0,0.06542843143259636,Query key: K_7922E0F1E44C,61035.0,65308.0,65.536,context_0000,Answer: ,32,62995,synthetic_kv_64k,3999.98976,4280.025088,3.99998976,['V_0DC78C662766']
GB,4.280025088,862365A29CC8,61035.0,4.0,0.06542843143259636,Query key: K_C55B06BFD9C4,61035.0,65308.0,65.536,context_0000,Answer: ,32,62995,synthetic_kv_64k,3999.98976,4280.025088,3.99998976,['V_862365A29CC8']
GB,4.280025088,1A9B154FF37D,61035.0,4.0,0.06542843143259636,Query key: K_FEFAC3D6CD54,61035.0,65308.0,65.536,context_0000,Answer: ,32,62995,synthetic_kv_64k,3999.98976,4280.025088,3.99998976,['V_1A9B154FF37D']
GB,4.280025088,159527C00F89,61035.0,4.0,0.06542843143259636,Query key: K_9E3B4330125C,61035.0,65308.0,65.536,context_0000,Answer: ,32,62995,synthetic_kv_64k,3999.98976,4280.025088,3.99998976,['V_159527C00F89']
GB,4.280025088,63CCE2AE3F87,61035.0,4.0,0.06542843143259636,Query key: K_EE7CA7A31D25,61035.0,65308.0,65.536,context_0000,Answer: ,32,62995,synthetic_kv_64k,3999.98976,4280.025088,3.99998976,['V_63CCE2AE3F87']
GB,4.280025088, V_BCD23F5560CD,61035.0,4.0,0.06542843143259636,Query key: K_3AB74F32EA54,61035.0,65308.0,65.536,context_0000,Answer: ,32,62995,synthetic_kv_64k,3999.98976,4280.025088,3.99998976,['V_BCD23F5560CD']
GB,4.280025088,205CA06109DB,61035.0,4.0,0.06542843143259636,Query key: K_717248BFB602,61035.0,65308.0,65.536,context_0000,Answer: ,32,62995,synthetic_kv_64k,3999.98976,4280.025088,3.99998976,['V_205CA06109DB']
GB,4.280025088,2BACD6A919E8,61035.0,4.0,0.06542843143259636,Query key: K_86D8219B606D,61035.0,65308.0,65.536,context_0000,Answer: ,32,62995,synthetic_kv_64k,3999.98976,4280.025088,3.99998976,['V_2BACD6A919E8']
GB,4.280025088,5B59A9DE5B26,61035.0,4.0,0.06542843143259636,Query key: K_08FF075072D6,61035.0,65308.0,65.536,context_0000,Answer: ,32,62995,synthetic_kv_64k,3999.98976,4280.025088,3.99998976,['V_5B59A9DE5B26']
GB,4.280025088, DD3E534064B0,61035.0,4.0,0.06542843143259636,Query key: K_EA4FDC412176,61035.0,65308.0,65.536,context_0000,Answer: ,32,62995,synthetic_kv_64k,3999.98976,4280.025088,3.99998976,['V_DD3E534064B0']
GB,4.280025088, DEF3F99863F2,61035.0,4.0,0.06542843143259636,Query key: K_779979E546E7,61035.0,65308.0,65.536,context_0000,Answer: ,32,62995,synthetic_kv_64k,3999.98976,4280.025088,3.99998976,['V_DEF3F99863F2']
GB,4.280025088,8C6D45BCF3BA,61035.0,4.0,0.06542843143259636,Query key: K_EF528A63B93C,61035.0,65308.0,65.536,context_0000,Answer: ,32,62995,synthetic_kv_64k,3999.98976,4280.025088,3.99998976,['V_8C6D45BCF3BA']
GB,4.280025088, V_F2CFF833EBFB,61035.0,4.0,0.06542843143259636,Query key: K_229671E15B9F,61035.0,65308.0,65.536,context_0000,Answer: ,32,62995,synthetic_kv_64k,3999.98976,4280.025088,3.99998976,['V_F2CFF833EBFB']
GB,4.280025088,97402D5245F4,61035.0,4.0,0.06542843143259636,Query key: K_8A0EB29769B2,61035.0,65308.0,65.536,context_0000,Answer: ,32,62995,synthetic_kv_64k,3999.98976,4280.025088,3.99998976,['V_97402D5245F4']
GB,4.280025088, V_BFB8A18C5492,61035.0,4.0,0.06542843143259636,Query key: K_74E098FB4727,61035.0,65308.0,65.536,context_0000,Answer: ,32,62995,synthetic_kv_64k,3999.98976,4280.025088,3.99998976,['V_BFB8A18C5492']
GB,4.280025088,6F5A9061498F,61035.0,4.0,0.06542843143259636,Query key: K_E096A2C723D4,61035.0,65308.0,65.536,context_0000,Answer: ,32,62995,synthetic_kv_64k,3999.98976,4280.025088,3.99998976,['V_6F5A9061498F']
GB,4.280025088,88A6A3B81F92,61035.0,4.0,0.06542843143259636,Query key: K_A3C986017633,61035.0,65308.0,65.536,context_0000,Answer: ,32,62995,synthetic_kv_64k,3999.98976,4280.025088,3.99998976,['V_88A6A3B81F92']
GB,4.280025088,7B4D58E0058F,61035.0,4.0,0.06542843143259636,Query key: K_E8AF4F45F6F7,61035.0,65308.0,65.536,context_0000,Answer: ,32,62995,synthetic_kv_64k,3999.98976,4280.025088,3.99998976,['V_7B4D58E0058F']
GB,4.280025088,16EDCE015413,61035.0,4.0,0.06542843143259636,Query key: K_3A258A27B0B0,61035.0,65308.0,65.536,context_0000,Answer: ,32,62995,synthetic_kv_64k,3999.98976,4280.025088,3.99998976,['V_16EDCE015413']
GB,4.280025088,69865DA3F9CF,61035.0,4.0,0.06542843143259636,Query key: K_4ED0711DC1DD,61035.0,65308.0,65.536,context_0000,Answer: ,32,62995,synthetic_kv_64k,3999.98976,4280.025088,3.99998976,['V_69865DA3F9CF']
GB,4.280025088,02B34DB6F475,61035.0,4.0,0.06542843143259636,Query key: K_27DD4282B6E4,61035.0,65308.0,65.536,context_0000,Answer: ,32,62995,synthetic_kv_64k,3999.98976,4280.025088,3.99998976,['V_02B34DB6F475']
GB,4.280025088, V_C21FD0BCBAD5,61035.0,4.0,0.06542843143259636,Query key: K_85F800060D5A,61035.0,65308.0,65.536,context_0000,Answer: ,32,62995,synthetic_kv_64k,3999.98976,4280.025088,3.99998976,['V_C21FD0BCBAD5']
GB,4.280025088,49695808D790,61035.0,4.0,0.06542843143259636,Query key: K_22E4D913057D,61035.0,65308.0,65.536,context_0000,Answer: ,32,62995,synthetic_kv_64k,3999.98976,4280.025088,3.99998976,['V_49695808D790']
GB,4.280025088, V_B011022111E5,61035.0,4.0,0.06542843143259636,Query key: K_88FC781D5B6C,61035.0,65308.0,65.536,context_0000,Answer: ,32,62995,synthetic_kv_64k,3999.98976,4280.025088,3.99998976,['V_B011022111E5']
GB,4.280025088, V_C166F26BCEBF,61035.0,4.0,0.06542843143259636,Query key: K_7DEFEC0DFC3A,61035.0,65308.0,65.536,context_0000,Answer: ,32,62995,synthetic_kv_64k,3999.98976,4280.025088,3.99998976,['V_C166F26BCEBF']
GB,4.280025088, V_C41002568389,61035.0,4.0,0.06542843143259636,Query key: K_4CB37A211151,61035.0,65308.0,65.536,context_0000,Answer: ,32,62995,synthetic_kv_64k,3999.98976,4280.025088,3.99998976,['V_C41002568389']
GB,4.280025088,98D54AFCF9E8,61035.0,4.0,0.06542843143259636,Query key: K_CC476E310234,61035.0,65308.0,65.536,context_0000,Answer: ,32,62995,synthetic_kv_64k,3999.98976,4280.025088,3.99998976,['V_98D54AFCF9E8']
GB,4.280025088,8C5701D909B4,61035.0,4.0,0.06542843143259636,Query key: K_CBF83B30EE97,61035.0,65308.0,65.536,context_0000,Answer: ,32,62995,synthetic_kv_64k,3999.98976,4280.025088,3.99998976,['V_8C5701D909B4']
GB,4.280025088, V_E1D569678586,61035.0,4.0,0.06542843143259636,Query key: K_30465FA72012,61035.0,65308.0,65.536,context_0000,Answer: ,32,62995,synthetic_kv_64k,3999.98976,4280.025088,3.99998976,['V_E1D569678586']
GB,4.280025088,3FF9650E78E4,61035.0,4.0,0.06542843143259636,Query key: K_6FE68F807D8B,61035.0,65308.0,65.536,context_0000,Answer: ,32,62995,synthetic_kv_64k,3999.98976,4280.025088,3.99998976,['V_3FF9650E78E4']
GB,4.280025088, V_A55FBCB3C168,61035.0,4.0,0.06542843143259636,Query key: K_B70629CC0789,61035.0,65308.0,65.536,context_0000,Answer: ,32,62995,synthetic_kv_64k,3999.98976,4280.025088,3.99998976,['V_A55FBCB3C168']
GB,4.280025088,387860DC12EB,61035.0,4.0,0.06542843143259636,Query key: K_D41363C4E76D,61035.0,65308.0,65.536,context_0000,Answer: ,32,62995,synthetic_kv_64k,3999.98976,4280.025088,3.99998976,['V_387860DC12EB']
GB,4.280025088, V_A0156C17E150,61035.0,4.0,0.06542843143259636,Query key: K_14474352ACEA,61035.0,65308.0,65.536,context_0000,Answer: ,32,62995,synthetic_kv_64k,3999.98976,4280.025088,3.99998976,['V_A0156C17E150']
GB,4.280025088, V_CCCAC3B8C80F,61035.0,4.0,0.06542843143259636,Query key: K_84403D53EC43,61035.0,65308.0,65.536,context_0000,Answer: ,32,62995,synthetic_kv_64k,3999.98976,4280.025088,3.99998976,['V_CCCAC3B8C80F']
GB,4.280025088, V_B1A5CEBD3B2B,61035.0,4.0,0.06542843143259636,Query key: K_9CFBE8F2C584,61035.0,65308.0,65.536,context_0000,Answer: ,32,62995,synthetic_kv_64k,3999.98976,4280.025088,3.99998976,['V_B1A5CEBD3B2B']
GB,4.280025088, V_A60148E09502,61035.0,4.0,0.06542843143259636,Query key: K_4598AF449605,61035.0,65308.0,65.536,context_0000,Answer: ,32,62995,synthetic_kv_64k,3999.98976,4280.025088,3.99998976,['V_A60148E09502']
GB,4.280025088,44D1CF0E1567,61035.0,4.0,0.06542843143259636,Query key: K_882DBE3074F8,61035.0,65308.0,65.536,context_0000,Answer: ,32,62995,synthetic_kv_64k,3999.98976,4280.025088,3.99998976,['V_44D1CF0E1567']
GB,4.280025088,1186DA7DCC53,61035.0,4.0,0.06542843143259636,Query key: K_302069B41194,61035.0,65308.0,65.536,context_0000,Answer: ,32,62995,synthetic_kv_64k,3999.98976,4280.025088,3.99998976,['V_1186DA7DCC53']
GB,4.280025088,1C404A22EAE9,61035.0,4.0,0.06542843143259636,Query key: K_22F92EB23CA3,61035.0,65308.0,65.536,context_0000,Answer: ,32,62995,synthetic_kv_64k,3999.98976,4280.025088,3.99998976,['V_1C404A22EAE9']
GB,4.280025088,73E89E2383D0,61035.0,4.0,0.06542843143259636,Query key: K_7491A30B669C,61035.0,65308.0,65.536,context_0000,Answer: ,32,62995,synthetic_kv_64k,3999.98976,4280.025088,3.99998976,['V_73E89E2383D0']
GB,4.280025088,7DF39F6CCAB4,61035.0,4.0,0.06542843143259636,Query key: K_B35245AA9503,61035.0,65308.0,65.536,context_0000,Answer: ,32,62995,synthetic_kv_64k,3999.98976,4280.025088,3.99998976,['V_7DF39F6CCAB4']
GB,4.280025088,26F304F718C8,61035.0,4.0,0.06542843143259636,Query key: K_52153012F819,61035.0,65308.0,65.536,context_0000,Answer: ,32,62995,synthetic_kv_64k,3999.98976,4280.025088,3.99998976,['V_26F304F718C8']
GB,4.280025088,05AA88F3D7EA,61035.0,4.0,0.06542843143259636,Query key: K_F83F0CB4AFE1,61035.0,65308.0,65.536,context_0000,Answer: ,32,62995,synthetic_kv_64k,3999.98976,4280.025088,3.99998976,['V_05AA88F3D7EA']
GB,4.280025088,48381A2E9864,61035.0,4.0,0.06542843143259636,Query key: K_F8EA2F999B2A,61035.0,65308.0,65.536,context_0000,Answer: ,32,62995,synthetic_kv_64k,3999.98976,4280.025088,3.99998976,['V_48381A2E9864']
GB,4.280025088,703CB71714CD,61035.0,4.0,0.06542843143259636,Query key: K_200244E9F8FB,61035.0,65308.0,65.536,context_0000,Answer: ,32,62995,synthetic_kv_64k,3999.98976,4280.025088,3.99998976,['V_703CB71714CD']
GB,4.280025088,17173B997815,61035.0,4.0,0.06542843143259636,Query key: K_0219BA23B07A,61035.0,65308.0,65.536,context_0000,Answer: ,32,62995,synthetic_kv_64k,3999.98976,4280.025088,3.99998976,['V_17173B997815']
GB,4.280025088,37997E5B3AC9,61035.0,4.0,0.06542843143259636,Query key: K_03C5269334EF,61035.0,65308.0,65.536,context_0000,Answer: ,32,62995,synthetic_kv_64k,3999.98976,4280.025088,3.99998976,['V_37997E5B3AC9']
GB,4.280025088, V_C9254FC37D4E,61035.0,4.0,0.06542843143259636,Query key: K_6B95578799D9,61035.0,65308.0,65.536,context_0000,Answer: ,32,62995,synthetic_kv_64k,3999.98976,4280.025088,3.99998976,['V_C9254FC37D4E']
GB,4.280025088,5F13FF7A884D,61035.0,4.0,0.06542843143259636,Query key: K_7F96CCA99089,61035.0,65308.0,65.536,context_0000,Answer: ,32,62995,synthetic_kv_64k,3999.98976,4280.025088,3.99998976,['V_5F13FF7A884D']
GB,4.280025088,081FCA9ACF77,61035.0,4.0,0.06542843143259636,Query key: K_B26A76B40672,61035.0,65308.0,65.536,context_0000,Answer: ,32,62995,synthetic_kv_64k,3999.98976,4280.025088,3.99998976,['V_081FCA9ACF77']
GB,4.280025088, V_C025D7F2A678,61035.0,4.0,0.06542843143259636,Query key: K_1489548B2CE3,61035.0,65308.0,65.536,context_0000,Answer: ,32,62995,synthetic_kv_64k,3999.98976,4280.025088,3.99998976,['V_C025D7F2A678']
GB,4.280025088,44390E588770,61035.0,4.0,0.06542843143259636,Query key: K_2566F39EF1BE,61035.0,65308.0,65.536,context_0000,Answer: ,32,62995,synthetic_kv_64k,3999.98976,4280.025088,3.99998976,['V_44390E588770']
GB,4.280025088, V_8B0E12464474,61035.0,4.0,0.06542843143259636,Query key: K_6475C6913069,61035.0,65308.0,65.536,context_0000,Answer: ,32,62995,synthetic_kv_64k,3999.98976,4280.025088,3.99998976,['V_8B0E12464474']
GB,4.280025088, V_E54C3133839E,61035.0,4.0,0.06542843143259636,Query key: K_2E7D785B8A07,61035.0,65308.0,65.536,context_0000,Answer: ,32,62995,synthetic_kv_64k,3999.98976,4280.025088,3.99998976,['V_E54C3133839E']
GB,4.280025088,61AFD13757E1,61035.0,4.0,0.06542843143259636,Query key: K_4005D76F1E65,61035.0,65308.0,65.536,context_0000,Answer: ,32,62995,synthetic_kv_64k,3999.98976,4280.025088,3.99998976,['V_61AFD13757E1']
GB,4.280025088, V_F97F1F38DF55,61035.0,4.0,0.06542843143259636,Query key: K_033AD4085391,61035.0,65308.0,65.536,context_0000,Answer: ,32,62995,synthetic_kv_64k,3999.98976,4280.025088,3.99998976,['V_F97F1F38DF55']
GB,4.280025088,62823FBBFF57,61035.0,4.0,0.06542843143259636,Query key: K_B6F5C4A531CD,61035.0,65308.0,65.536,context_0000,Answer: ,32,62995,synthetic_kv_64k,3999.98976,4280.025088,3.99998976,['V_62823FBBFF57']
GB,4.280025088,3F467165E36B,61035.0,4.0,0.06542843143259636,Query key: K_F997C56F05E6,61035.0,65308.0,65.536,context_0000,Answer: ,32,62995,synthetic_kv_64k,3999.98976,4280.025088,3.99998976,['V_3F467165E36B']
GB,4.280025088,32FD08942176,61035.0,4.0,0.06542843143259636,Query key: K_FE99BCD49975,61035.0,65308.0,65.536,context_0000,Answer: ,32,62995,synthetic_kv_64k,3999.98976,4280.025088,3.99998976,['V_32FD08942176']
GB,4.280025088,180DC55FFDE8,61035.0,4.0,0.06542843143259636,Query key: K_BC3E75F94230,61035.0,65308.0,65.536,context_0000,Answer: ,32,62995,synthetic_kv_64k,3999.98976,4280.025088,3.99998976,['V_180DC55FFDE8']
GB,4.280025088,355CFB6BF1DC,61035.0,4.0,0.06542843143259636,Query key: K_AA7F85695F97,61035.0,65308.0,65.536,context_0000,Answer: ,32,62995,synthetic_kv_64k,3999.98976,4280.025088,3.99998976,['V_355CFB6BF1DC']
GB,4.280025088, V_F612AE7300EB,61035.0,4.0,0.06542843143259636,Query key: K_639D790B185C,61035.0,65308.0,65.536,context_0000,Answer: ,32,62995,synthetic_kv_64k,3999.98976,4280.025088,3.99998976,['V_F612AE7300EB']
GB,4.280025088,289A52B444E8,61035.0,4.0,0.06542843143259636,Query key: K_EFAB4FE66636,61035.0,65308.0,65.536,context_0000,Answer: ,32,62995,synthetic_kv_64k,3999.98976,4280.025088,3.99998976,['V_289A52B444E8']
GB,4.280025088, V_BEA60ACCB23C,61035.0,4.0,0.06542843143259636,Query key: K_BA6DA110E887,61035.0,65308.0,65.536,context_0000,Answer: ,32,62995,synthetic_kv_64k,3999.98976,4280.025088,3.99998976,['V_BEA60ACCB23C']
GB,4.280025088,1F44855B6C5B,61035.0,4.0,0.06542843143259636,Query key: K_8CB1EFFAD15B,61035.0,65308.0,65.536,context_0000,Answer: ,32,62995,synthetic_kv_64k,3999.98976,4280.025088,3.99998976,['V_1F44855B6C5B']
GB,4.280025088,4C7FA3760C2D,61035.0,4.0,0.06542843143259636,Query key: K_7B3140D91A8E,61035.0,65308.0,65.536,context_0000,Answer: ,32,62995,synthetic_kv_64k,3999.98976,4280.025088,3.99998976,['V_4C7FA3760C2D']
GB,4.280025088,0D55E3347BAC,61035.0,4.0,0.06542843143259636,Query key: K_5C4432DF8D45,61035.0,65308.0,65.536,context_0000,Answer: ,32,62995,synthetic_kv_64k,3999.98976,4280.025088,3.99998976,['V_0D55E3347BAC']
GB,4.280025088, V_F92837C0F87A,61035.0,4.0,0.06542843143259636,Query key: K_AAACDD18AB28,61035.0,65308.0,65.536,context_0000,Answer: ,32,62995,synthetic_kv_64k,3999.98976,4280.025088,3.99998976,['V_F92837C0F87A']
GB,4.280025088,6F25A206527C,61035.0,4.0,0.06542843143259636,Query key: K_3C681CE8E12F,61035.0,65308.0,65.536,context_0000,Answer: ,32,62995,synthetic_kv_64k,3999.98976,4280.025088,3.99998976,['V_6F25A206527C']
GB,4.280025088, V_CB5D2AD820CA,61035.0,4.0,0.06542843143259636,Query key: K_03DB531350E0,61035.0,65308.0,65.536,context_0000,Answer: ,32,62995,synthetic_kv_64k,3999.98976,4280.025088,3.99998976,['V_CB5D2AD820CA']
GB,4.280025088,65531EA15B0F,61035.0,4.0,0.06542843143259636,Query key: K_95AE46AE7E06,61035.0,65308.0,65.536,context_0000,Answer: ,32,62995,synthetic_kv_64k,3999.98976,4280.025088,3.99998976,['V_65531EA15B0F']
GB,4.280025088, V_F80502493A09,61035.0,4.0,0.06542843143259636,Query key: K_3E3BCA0553A2,61035.0,65308.0,65.536,context_0000,Answer: ,32,62995,synthetic_kv_64k,3999.98976,4280.025088,3.99998976,['V_F80502493A09']
GB,4.280025088, V_B0D5C891D55D,61035.0,4.0,0.06542843143259636,Query key: K_94C10AC013D5,61035.0,65308.0,65.536,context_0000,Answer: ,32,62995,synthetic_kv_64k,3999.98976,4280.025088,3.99998976,['V_B0D5C891D55D']
GB,4.280025088,27AD98A15E4F,61035.0,4.0,0.06542843143259636,Query key: K_B03B79AB56D1,61035.0,65308.0,65.536,context_0000,Answer: ,32,62995,synthetic_kv_64k,3999.98976,4280.025088,3.99998976,['V_27AD98A15E4F']
GB,4.280025088,3FAC16E827B0,61035.0,4.0,0.06542843143259636,Query key: K_C5525F13FB98,61035.0,65308.0,65.536,context_0000,Answer: ,32,62995,synthetic_kv_64k,3999.98976,4280.025088,3.99998976,['V_3FAC16E827B0']
GB,4.280025088, V_AF9A17661795,61035.0,4.0,0.06542843143259636,Query key: K_7FFA285EED0A,61035.0,65308.0,65.536,context_0000,Answer: ,32,62995,synthetic_kv_64k,3999.98976,4280.025088,3.99998976,['V_AF9A17661795']
GB,4.280025088, V_F83BEE4C1B18,61035.0,4.0,0.06542843143259636,Query key: K_56A29E5F8273,61035.0,65308.0,65.536,context_0000,Answer: ,32,62995,synthetic_kv_64k,3999.98976,4280.025088,3.99998976,['V_F83BEE4C1B18']
GB,4.280025088,0F5FA008AC20,61035.0,4.0,0.06542843143259636,Query key: K_C272FF39A117,61035.0,65308.0,65.536,context_0000,Answer: ,32,62995,synthetic_kv_64k,3999.98976,4280.025088,3.99998976,['V_0F5FA008AC20']
GB,4.280025088,2767A502DC4B,61035.0,4.0,0.06542843143259636,Query key: K_5B030F4D6C40,61035.0,65308.0,65.536,context_0000,Answer: ,32,62995,synthetic_kv_64k,3999.98976,4280.025088,3.99998976,['V_2767A502DC4B']
GB,4.280025088,1B7ECA9D8831,61035.0,4.0,0.06542843143259636,Query key: K_894EB38A3DB1,61035.0,65308.0,65.536,context_0000,Answer: ,32,62995,synthetic_kv_64k,3999.98976,4280.025088,3.99998976,['V_1B7ECA9D8831']
GB,4.280025088,51153B90908E,61035.0,4.0,0.06542843143259636,Query key: K_7CE320363A73,61035.0,65308.0,65.536,context_0000,Answer: ,32,62995,synthetic_kv_64k,3999.98976,4280.025088,3.99998976,['V_51153B90908E']
GB,4.280025088, V_A507C9DF301E,61035.0,4.0,0.06542843143259636,Query key: K_8EF0FB4F1972,61035.0,65308.0,65.536,context_0000,Answer: ,32,62995,synthetic_kv_64k,3999.98976,4280.025088,3.99998976,['V_A507C9DF301E']
GB,4.280025088, V_E44CCE36E92A,61035.0,4.0,0.06542843143259636,Query key: K_58E9C1B6EDD4,61035.0,65308.0,65.536,context_0000,Answer: ,32,62995,synthetic_kv_64k,3999.98976,4280.025088,3.99998976,['V_E44CCE36E92A']
GB,4.280025088,057731662C94,61035.0,4.0,0.06542843143259636,Query key: K_BBB2704FE1A8,61035.0,65308.0,65.536,context_0000,Answer: ,32,62995,synthetic_kv_64k,3999.98976,4280.025088,3.99998976,['V_057731662C94']
GB,4.280025088, V_B9725BB0DD76,61035.0,4.0,0.06542843143259636,Query key: K_60B5B072AFC8,61035.0,65308.0,65.536,context_0000,Answer: ,32,62995,synthetic_kv_64k,3999.98976,4280.025088,3.99998976,['V_B9725BB0DD76']
GB,4.280025088,0A1BE60EC813,61035.0,4.0,0.06542843143259636,Query key: K_402D227DCECC,61035.0,65308.0,65.536,context_0000,Answer: ,32,62995,synthetic_kv_64k,3999.98976,4280.025088,3.99998976,['V_0A1BE60EC813']
GB,4.280025088,8F1C70000009,61035.0,4.0,0.06542843143259636,Query key: K_B4E57C3CC2BC,61035.0,65308.0,65.536,context_0000,Answer: ,32,62995,synthetic_kv_64k,3999.98976,4280.025088,3.99998976,['V_8F1C70000009']
GB,4.280025088, V_7D76B271115B,61035.0,4.0,0.06542843143259636,Query key: K_8AF04B726A7C,61035.0,65308.0,65.536,context_0000,Answer: ,32,62995,synthetic_kv_64k,3999.98976,4280.025088,3.99998976,['V_7D76B271115B']
GB,4.280025088, V_8B2A2FC6C4E6,61035.0,4.0,0.06542843143259636,Query key: K_911330952621,61035.0,65308.0,65.536,context_0000,Answer: ,32,62995,synthetic_kv_64k,3999.98976,4280.025088,3.99998976,['V_8B2A2FC6C4E6']
GB,4.280025088,77E8BB7EB979,61035.0,4.0,0.06542843143259636,Query key: K_52DC59008D65,61035.0,65308.0,65.536,context_0000,Answer: ,32,62995,synthetic_kv_64k,3999.98976,4280.025088,3.99998976,['V_77E8BB7EB979']
GB,4.280025088,9943D4D353A5,61035.0,4.0,0.06542843143259636,Query key: K_DE1F467BA9E5,61035.0,65308.0,65.536,context_0000,Answer: ,32,62995,synthetic_kv_64k,3999.98976,4280.025088,3.99998976,['V_9943D4D353A5']
GB,4.280025088,290C8DF50B01,61035.0,4.0,0.06542843143259636,Query key: K_DC4DEA1AF7D2,61035.0,65308.0,65.536,context_0000,Answer: ,32,62995,synthetic_kv_64k,3999.98976,4280.025088,3.99998976,['V_290C8DF50B01']
GB,4.280025088,730A27AFBFF9,61035.0,4.0,0.06542843143259636,Query key: K_87F811A1E557,61035.0,65308.0,65.536,context_0000,Answer: ,32,62995,synthetic_kv_64k,3999.98976,4280.025088,3.99998976,['V_730A27AFBFF9']
GB,4.280025088,8AA6436ADB9D,61035.0,4.0,0.06542843143259636,Query key: K_D1C54BB13407,61035.0,65308.0,65.536,context_0000,Answer: ,32,62995,synthetic_kv_64k,3999.98976,4280.025088,3.99998976,['V_8AA6436ADB9D']
GB,4.280025088, V_C6A2002F2CA4,61035.0,4.0,0.06542843143259636,Query key: K_743E5DFB1922,61035.0,65308.0,65.536,context_0000,Answer: ,32,62995,synthetic_kv_64k,3999.98976,4280.025088,3.99998976,['V_C6A2002F2CA4']
GB,4.280025088, V_BBD06108FFCC,61035.0,4.0,0.06542843143259636,Query key: K_8186A355AD05,61035.0,65308.0,65.536,context_0000,Answer: ,32,62995,synthetic_kv_64k,3999.98976,4280.025088,3.99998976,['V_BBD06108FFCC']
GB,4.280025088,9EA604CAD30A,61035.0,4.0,0.06542843143259636,Query key: K_E2072F7F2CD7,61035.0,65308.0,65.536,context_0000,Answer: ,32,62995,synthetic_kv_64k,3999.98976,4280.025088,3.99998976,['V_9EA604CAD30A']
GB,4.280025088, V_9EC5C6A90598,61035.0,4.0,0.06542843143259636,Query key: K_5D34DB592A19,61035.0,65308.0,65.536,context_0000,Answer: ,32,62995,synthetic_kv_64k,3999.98976,4280.025088,3.99998976,['V_9EC5C6A90598']
GB,4.280025088,1037B893B08A,61035.0,4.0,0.06542843143259636,Query key: K_52193D211DAF,61035.0,65308.0,65.536,context_0000,Answer: ,32,62995,synthetic_kv_64k,3999.98976,4280.025088,3.99998976,['V_1037B893B08A']
GB,4.280025088, V_D1AD89F90DE9,61035.0,4.0,0.06542843143259636,Query key: K_F798A885A7B4,61035.0,65308.0,65.536,context_0000,Answer: ,32,62995,synthetic_kv_64k,3999.98976,4280.025088,3.99998976,['V_D1AD89F90DE9']
GB,4.280025088, V_AEE786296FBE,61035.0,4.0,0.06542843143259636,Query key: K_309B63329992,61035.0,65308.0,65.536,context_0000,Answer: ,32,62995,synthetic_kv_64k,3999.98976,4280.025088,3.99998976,['V_AEE786296FBE']
GB,4.280025088,27758D2CFE83,61035.0,4.0,0.06542843143259636,Query key: K_C4077F5F61AA,61035.0,65308.0,65.536,context_0000,Answer: ,32,62995,synthetic_kv_64k,3999.98976,4280.025088,3.99998976,['V_27758D2CFE83']
GB,4.280025088,68E85295EA96,61035.0,4.0,0.06542843143259636,Query key: K_487B9CF023DD,61035.0,65308.0,65.536,context_0000,Answer: ,32,62995,synthetic_kv_64k,3999.98976,4280.025088,3.99998976,['V_68E85295EA96']
GB,4.280025088,18A41C4760A5,61035.0,4.0,0.06542843143259636,Query key: K_5270A41247A2,61035.0,65308.0,65.536,context_0000,Answer: ,32,62995,synthetic_kv_64k,3999.98976,4280.025088,3.99998976,['V_18A41C4760A5']
GB,4.280025088,0B341111EE29,61035.0,4.0,0.06542843143259636,Query key: K_A8AD85F0786A,61035.0,65308.0,65.536,context_0000,Answer: ,32,62995,synthetic_kv_64k,3999.98976,4280.025088,3.99998976,['V_0B341111EE29']
GB,4.280025088,2DBB2138E2E6,61035.0,4.0,0.06542843143259636,Query key: K_F013D5CF3B4C,61035.0,65308.0,65.536,context_0000,Answer: ,32,62995,synthetic_kv_64k,3999.98976,4280.025088,3.99998976,['V_2DBB2138E2E6']
GB,4.280025088,1B6733BB7382,61035.0,4.0,0.06542843143259636,Query key: K_0801DF9D3910,61035.0,65308.0,65.536,context_0000,Answer: ,32,62995,synthetic_kv_64k,3999.98976,4280.025088,3.99998976,['V_1B6733BB7382']
GB,4.280025088,08251947EA42,61035.0,4.0,0.06542843143259636,Query key: K_310D7C413A2A,61035.0,65308.0,65.536,context_0000,Answer: ,32,62995,synthetic_kv_64k,3999.98976,4280.025088,3.99998976,['V_08251947EA42']
GB,4.280025088,637BD617B9C0,61035.0,4.0,0.06542843143259636,Query key: K_A449922DDAB6,61035.0,65308.0,65.536,context_0000,Answer: ,32,62995,synthetic_kv_64k,3999.98976,4280.025088,3.99998976,['V_637BD617B9C0']
GB,4.280025088,9FBC869C3A8E,61035.0,4.0,0.06542843143259636,Query key: K_7D6AA86D8706,61035.0,65308.0,65.536,context_0000,Answer: ,32,62995,synthetic_kv_64k,3999.98976,4280.025088,3.99998976,['V_9FBC869C3A8E']
GB,4.280025088,0C904185300D,61035.0,4.0,0.06542843143259636,Query key: K_971DB38950CE,61035.0,65308.0,65.536,context_0000,Answer: ,32,62995,synthetic_kv_64k,3999.98976,4280.025088,3.99998976,['V_0C904185300D']
GB,4.280025088, V_B7C49B1FC6D1,61035.0,4.0,0.06542843143259636,Query key: K_38815DC96097,61035.0,65308.0,65.536,context_0000,Answer: ,32,62995,synthetic_kv_64k,3999.98976,4280.025088,3.99998976,['V_B7C49B1FC6D1']
GB,4.280025088, V_EBC8EE224F70,61035.0,4.0,0.06542843143259636,Query key: K_03591224CBD2,61035.0,65308.0,65.536,context_0000,Answer: ,32,62995,synthetic_kv_64k,3999.98976,4280.025088,3.99998976,['V_EBC8EE224F70']
GB,4.280025088, V_EDAB7DCCC026,61035.0,4.0,0.06542843143259636,Query key: K_A7DF356FDC0A,61035.0,65308.0,65.536,context_0000,Answer: ,32,62995,synthetic_kv_64k,3999.98976,4280.025088,3.99998976,['V_EDAB7DCCC026']
GB,4.280025088,77D214780C9D,61035.0,4.0,0.06542843143259636,Query key: K_D503E3C7CA9A,61035.0,65308.0,65.536,context_0000,Answer: ,32,62995,synthetic_kv_64k,3999.98976,4280.025088,3.99998976,['V_77D214780C9D']
GB,4.280025088,5C650F8A0C2C,61035.0,4.0,0.06542843143259636,Query key: K_A390CD0FA4A6,61035.0,65308.0,65.536,context_0000,Answer: ,32,62995,synthetic_kv_64k,3999.98976,4280.025088,3.99998976,['V_5C650F8A0C2C']
GB,4.280025088, V_E3F3F030BFD4,61035.0,4.0,0.06542843143259636,Query key: K_BE548EDA6433,61035.0,65308.0,65.536,context_0000,Answer: ,32,62995,synthetic_kv_64k,3999.98976,4280.025088,3.99998976,['V_E3F3F030BFD4']
GB,4.280025088, V_CB535E7B4866,61035.0,4.0,0.06542843143259636,Query key: K_D2706A7BE8B1,61035.0,65308.0,65.536,context_0000,Answer: ,32,62995,synthetic_kv_64k,3999.98976,4280.025088,3.99998976,['V_CB535E7B4866']
GB,4.280025088,9DEFD2DA43EC,61035.0,4.0,0.06542843143259636,Query key: K_0EECB55BEAAA,61035.0,65308.0,65.536,context_0000,Answer: ,32,62995,synthetic_kv_64k,3999.98976,4280.025088,3.99998976,['V_9DEFD2DA43EC']
GB,4.280025088, V_BBFB0A683EB8,61035.0,4.0,0.06542843143259636,Query key: K_876D440C7E5B,61035.0,65308.0,65.536,context_0000,Answer: ,32,62995,synthetic_kv_64k,3999.98976,4280.025088,3.99998976,['V_BBFB0A683EB8']
GB,4.280025088,13F34DCCB05D,61035.0,4.0,0.06542843143259636,Query key: K_D59E1204F4D6,61035.0,65308.0,65.536,context_0000,Answer: ,32,62995,synthetic_kv_64k,3999.98976,4280.025088,3.99998976,['V_13F34DCCB05D']
GB,4.280025088,84FCF5E90352,61035.0,4.0,0.06542843143259636,Query key: K_3745F1D188B9,61035.0,65308.0,65.536,context_0000,Answer: ,32,62995,synthetic_kv_64k,3999.98976,4280.025088,3.99998976,['V_84FCF5E90352']
GB,4.280025088,3B23B9A4DE2B,61035.0,4.0,0.06542843143259636,Query key: K_19E918DCCEB6,61035.0,65308.0,65.536,context_0000,Answer: ,32,62995,synthetic_kv_64k,3999.98976,4280.025088,3.99998976,['V_3B23B9A4DE2B']
GB,4.280025088,317030807A5D,61035.0,4.0,0.06542843143259636,Query key: K_62A5881AF04F,61035.0,65308.0,65.536,context_0000,Answer: ,32,62995,synthetic_kv_64k,3999.98976,4280.025088,3.99998976,['V_317030807A5D']
GB,4.280025088,91ED3FAEEF01,61035.0,4.0,0.06542843143259636,Query key: K_A82986B4852C,61035.0,65308.0,65.536,context_0000,Answer: ,32,62995,synthetic_kv_64k,3999.98976,4280.025088,3.99998976,['V_91ED3FAEEF01']
GB,4.280025088,8EF42DCC4095,61035.0,4.0,0.06542843143259636,Query key: K_F28FA0154D65,61035.0,65308.0,65.536,context_0000,Answer: ,32,62995,synthetic_kv_64k,3999.98976,4280.025088,3.99998976,['V_8EF42DCC4095']
GB,4.280025088, V_BF006A4989A6,61035.0,4.0,0.06542843143259636,Query key: K_8EE2BFCB3388,61035.0,65308.0,65.536,context_0000,Answer: ,32,62995,synthetic_kv_64k,3999.98976,4280.025088,3.99998976,['V_BF006A4989A6']
GB,4.280025088,9399A37CE1C5,61035.0,4.0,0.06542843143259636,Query key: K_C42B1B02FA24,61035.0,65308.0,65.536,context_0000,Answer: ,32,62995,synthetic_kv_64k,3999.98976,4280.025088,3.99998976,['V_9399A37CE1C5']
GB,4.280025088, V_B3DA756EB67D,61035.0,4.0,0.06542843143259636,Query key: K_ACAB5BA37CB5,61035.0,65308.0,65.536,context_0000,Answer: ,32,62995,synthetic_kv_64k,3999.98976,4280.025088,3.99998976,['V_B3DA756EB67D']
GB,4.280025088,1AA6E200C157,61035.0,4.0,0.06542843143259636,Query key: K_6D54AA4D52A8,61035.0,65308.0,65.536,context_0000,Answer: ,32,62995,synthetic_kv_64k,3999.98976,4280.025088,3.99998976,['V_1AA6E200C157']
GB,4.280025088,8CCA2E2E77A4,61035.0,4.0,0.06542843143259636,Query key: K_CADE2AB403F6,61035.0,65308.0,65.536,context_0000,Answer: ,32,62995,synthetic_kv_64k,3999.98976,4280.025088,3.99998976,['V_8CCA2E2E77A4']
GB,4.280025088, V_A85456673E49,61035.0,4.0,0.06542843143259636,Query key: K_813366CC7376,61035.0,65308.0,65.536,context_0000,Answer: ,32,62995,synthetic_kv_64k,3999.98976,4280.025088,3.99998976,['V_A85456673E49']
GB,4.280025088,9994FF9957A8,61035.0,4.0,0.06542843143259636,Query key: K_88AD287E4086,61035.0,65308.0,65.536,context_0000,Answer: ,32,62995,synthetic_kv_64k,3999.98976,4280.025088,3.99998976,['V_9994FF9957A8']
GB,4.280025088, V_E7095A31E916,61035.0,4.0,0.06542843143259636,Query key: K_EEFB71693ED5,61035.0,65308.0,65.536,context_0000,Answer: ,32,62995,synthetic_kv_64k,3999.98976,4280.025088,3.99998976,['V_E7095A31E916']
GB,4.280025088, V_FF31FDD084A1,61035.0,4.0,0.06542843143259636,Query key: K_8CD250ADFF63,61035.0,65308.0,65.536,context_0000,Answer: ,32,62995,synthetic_kv_64k,3999.98976,4280.025088,3.99998976,['V_FF31FDD084A1']
GB,4.280025088,698F5F290290,61035.0,4.0,0.06542843143259636,Query key: K_D848531C8812,61035.0,65308.0,65.536,context_0000,Answer: ,32,62995,synthetic_kv_64k,3999.98976,4280.025088,3.99998976,['V_698F5F290290']
GB,4.280025088, V_D37E6E3B0507,61035.0,4.0,0.06542843143259636,Query key: K_A21CC3A1962D,61035.0,65308.0,65.536,context_0000,Answer: ,32,62995,synthetic_kv_64k,3999.98976,4280.025088,3.99998976,['V_D37E6E3B0507']
GB,4.280025088,3D9F9BC0FA93,61035.0,4.0,0.06542843143259636,Query key: K_52CDB9D276F4,61035.0,65308.0,65.536,context_0000,Answer: ,32,62995,synthetic_kv_64k,3999.98976,4280.025088,3.99998976,['V_3D9F9BC0FA93']
GB,4.280025088,600436C3FE85,61035.0,4.0,0.06542843143259636,Query key: K_8BAE902A405C,61035.0,65308.0,65.536,context_0000,Answer: ,32,62995,synthetic_kv_64k,3999.98976,4280.025088,3.99998976,['V_600436C3FE85']
GB,4.280025088, V_BE9CED17F6E9,61035.0,4.0,0.06542843143259636,Query key: K_8CDCC4057420,61035.0,65308.0,65.536,context_0000,Answer: ,32,62995,synthetic_kv_64k,3999.98976,4280.025088,3.99998976,['V_BE9CED17F6E9']
GB,4.280025088,73D0F62ECF88,61035.0,4.0,0.06542843143259636,Query key: K_5C29410BFC29,61035.0,65308.0,65.536,context_0000,Answer: ,32,62995,synthetic_kv_64k,3999.98976,4280.025088,3.99998976,['V_73D0F62ECF88']
GB,4.280025088, V_000C65A7BA30,61035.0,4.0,0.06542843143259636,Query key: K_F5B7728F5897,61035.0,65308.0,65.536,context_0000,Answer: ,32,62995,synthetic_kv_64k,3999.98976,4280.025088,3.99998976,['V_000C65A7BA30']
GB,4.280025088,48D3FBA3091F,61035.0,4.0,0.06542843143259636,Query key: K_08DFB9EFAAD6,61035.0,65308.0,65.536,context_0000,Answer: ,32,62995,synthetic_kv_64k,3999.98976,4280.025088,3.99998976,['V_48D3FBA3091F']
GB,4.280025088,229484820C08,61035.0,4.0,0.06542843143259636,Query key: K_042C9883E9B1,61035.0,65308.0,65.536,context_0000,Answer: ,32,62995,synthetic_kv_64k,3999.98976,4280.025088,3.99998976,['V_229484820C08']
GB,4.280025088,01AE4D457EA5,61035.0,4.0,0.06542843143259636,Query key: K_E3ECFE503FDC,61035.0,65308.0,65.536,context_0000,Answer: ,32,62995,synthetic_kv_64k,3999.98976,4280.025088,3.99998976,['V_01AE4D457EA5']
GB,4.280025088,36FE38CD9122,61035.0,4.0,0.06542843143259636,Query key: K_FC014CE2AFA2,61035.0,65308.0,65.536,context_0000,Answer: ,32,62995,synthetic_kv_64k,3999.98976,4280.025088,3.99998976,['V_36FE38CD9122']
GB,4.280025088, V_C582058E389E,61035.0,4.0,0.06542843143259636,Query key: K_509DDB107E7F,61035.0,65308.0,65.536,context_0000,Answer: ,32,62995,synthetic_kv_64k,3999.98976,4280.025088,3.99998976,['V_C582058E389E']
GB,4.280025088, V_D284B0916FB7,61035.0,4.0,0.06542843143259636,Query key: K_F17FD26AA790,61035.0,65308.0,65.536,context_0000,Answer: ,32,62995,synthetic_kv_64k,3999.98976,4280.025088,3.99998976,['V_D284B0916FB7']
GB,4.280025088,82E28DBCDE5A,61035.0,4.0,0.06542843143259636,Query key: K_EB4A46A52064,61035.0,65308.0,65.536,context_0000,Answer: ,32,62995,synthetic_kv_64k,3999.98976,4280.025088,3.99998976,['V_82E28DBCDE5A']
GB,4.280025088,9255ED0940F7,61035.0,4.0,0.06542843143259636,Query key: K_92178E6B3085,61035.0,65308.0,65.536,context_0000,Answer: ,32,62995,synthetic_kv_64k,3999.98976,4280.025088,3.99998976,['V_9255ED0940F7']
GB,4.280025088,75DA09A9161A,61035.0,4.0,0.06542843143259636,Query key: K_1823279B637C,61035.0,65308.0,65.536,context_0000,Answer: ,32,62995,synthetic_kv_64k,3999.98976,4280.025088,3.99998976,['V_75DA09A9161A']
GB,4.280025088, V_43D6236EB832,61035.0,4.0,0.06542843143259636,Query key: K_27F65B0C4170,61035.0,65308.0,65.536,context_0000,Answer: ,32,62995,synthetic_kv_64k,3999.98976,4280.025088,3.99998976,['V_43D6236EB832']
GB,4.280025088,3FF695082801,61035.0,4.0,0.06542843143259636,Query key: K_E3BE5DF924FB,61035.0,65308.0,65.536,context_0000,Answer: ,32,62995,synthetic_kv_64k,3999.98976,4280.025088,3.99998976,['V_3FF695082801']
GB,4.280025088,4CE0CFA28FB8,61035.0,4.0,0.06542843143259636,Query key: K_41993BA58126,61035.0,65308.0,65.536,context_0000,Answer: ,32,62995,synthetic_kv_64k,3999.98976,4280.025088,3.99998976,['V_4CE0CFA28FB8']
GB,4.280025088,91AE66592D83,61035.0,4.0,0.06542843143259636,Query key: K_920B17871810,61035.0,65308.0,65.536,context_0000,Answer: ,32,62995,synthetic_kv_64k,3999.98976,4280.025088,3.99998976,['V_91AE66592D83']
GB,4.280025088,13C3BBF8DA91,61035.0,4.0,0.06542843143259636,Query key: K_37A9EAFA4D5B,61035.0,65308.0,65.536,context_0000,Answer: ,32,62995,synthetic_kv_64k,3999.98976,4280.025088,3.99998976,['V_13C3BBF8DA91']
GB,4.280025088,7B87CAFBC4FE,61035.0,4.0,0.06542843143259636,Query key: K_531FB93C92D5,61035.0,65308.0,65.536,context_0000,Answer: ,32,62995,synthetic_kv_64k,3999.98976,4280.025088,3.99998976,['V_7B87CAFBC4FE']
GB,4.280025088, V_E626D3616B3A,61035.0,4.0,0.06542843143259636,Query key: K_7CFF2C435667,61035.0,65308.0,65.536,context_0000,Answer: ,32,62995,synthetic_kv_64k,3999.98976,4280.025088,3.99998976,['V_E626D3616B3A']
GB,4.280025088, V_D1CB9383F86D,61035.0,4.0,0.06542843143259636,Query key: K_B3EDB0894DE4,61035.0,65308.0,65.536,context_0000,Answer: ,32,62995,synthetic_kv_64k,3999.98976,4280.025088,3.99998976,['V_D1CB9383F86D']
GB,4.280025088, V_A46A98611260,61035.0,4.0,0.06542843143259636,Query key: K_1869E85C1EC9,61035.0,65308.0,65.536,context_0000,Answer: ,32,62995,synthetic_kv_64k,3999.98976,4280.025088,3.99998976,['V_A46A98611260']
GB,4.280025088, V_CEEFBB1502EA,61035.0,4.0,0.06542843143259636,Query key: K_09914CE6928B,61035.0,65308.0,65.536,context_0000,Answer: ,32,62995,synthetic_kv_64k,3999.98976,4280.025088,3.99998976,['V_CEEFBB1502EA']
GB,4.280025088, V_C7B61417182A,61035.0,4.0,0.06542843143259636,Query key: K_61AD93875413,61035.0,65308.0,65.536,context_0000,Answer: ,32,62995,synthetic_kv_64k,3999.98976,4280.025088,3.99998976,['V_C7B61417182A']
GB,4.280025088,559AC559CD0F,61035.0,4.0,0.06542843143259636,Query key: K_EBFF0E50F355,61035.0,65308.0,65.536,context_0000,Answer: ,32,62995,synthetic_kv_64k,3999.98976,4280.025088,3.99998976,['V_559AC559CD0F']
GB,4.280025088, V_6F2ED13032DB,61035.0,4.0,0.06542843143259636,Query key: K_E13A5911F42E,61035.0,65308.0,65.536,context_0000,Answer: ,32,62995,synthetic_kv_64k,3999.98976,4280.025088,3.99998976,['V_6F2ED13032DB']
GB,4.280025088,1EDBDE2A2DDF,61035.0,4.0,0.06542843143259636,Query key: K_EE246AA12ABD,61035.0,65308.0,65.536,context_0000,Answer: ,32,62995,synthetic_kv_64k,3999.98976,4280.025088,3.99998976,['V_1EDBDE2A2DDF']
GB,4.280025088, V_BF673A0A2B59,61035.0,4.0,0.06542843143259636,Query key: K_C538DEAA543E,61035.0,65308.0,65.536,context_0000,Answer: ,32,62995,synthetic_kv_64k,3999.98976,4280.025088,3.99998976,['V_BF673A0A2B59']
GB,4.280025088, V_EDBC9A307096,61035.0,4.0,0.06542843143259636,Query key: K_D977A71C8948,61035.0,65308.0,65.536,context_0000,Answer: ,32,62995,synthetic_kv_64k,3999.98976,4280.025088,3.99998976,['V_EDBC9A307096']
GB,4.280025088, V_A1D7C704E80E,61035.0,4.0,0.06542843143259636,Query key: K_A24602ED5D15,61035.0,65308.0,65.536,context_0000,Answer: ,32,62995,synthetic_kv_64k,3999.98976,4280.025088,3.99998976,['V_A1D7C704E80E']
GB,4.280025088,863D4E0648D0,61035.0,4.0,0.06542843143259636,Query key: K_0DDB61EAAA65,61035.0,65308.0,65.536,context_0000,Answer: ,32,62995,synthetic_kv_64k,3999.98976,4280.025088,3.99998976,['V_863D4E0648D0']
GB,4.280025088, V_909E8A38D5AA,61035.0,4.0,0.06542843143259636,Query key: K_51BE0A8AEB94,61035.0,65308.0,65.536,context_0000,Answer: ,32,62995,synthetic_kv_64k,3999.98976,4280.025088,3.99998976,['V_909E8A38D5AA']
GB,4.280025088, V_B2A0809D6444,61035.0,4.0,0.06542843143259636,Query key: K_53AB264AE04F,61035.0,65308.0,65.536,context_0000,Answer: ,32,62995,synthetic_kv_64k,3999.98976,4280.025088,3.99998976,['V_B2A0809D6444']
GB,4.280025088, V_AC730CEEDDC2,61035.0,4.0,0.06542843143259636,Query key: K_2737388629FF,61035.0,65308.0,65.536,context_0000,Answer: ,32,62995,synthetic_kv_64k,3999.98976,4280.025088,3.99998976,['V_AC730CEEDDC2']
GB,4.280025088, V_F8966493F5EF,61035.0,4.0,0.06542843143259636,Query key: K_FF53BB48BBBA,61035.0,65308.0,65.536,context_0000,Answer: ,32,62995,synthetic_kv_64k,3999.98976,4280.025088,3.99998976,['V_F8966493F5EF']
GB,4.280025088,9343985A9548,61035.0,4.0,0.06542843143259636,Query key: K_C0BA7213E7CC,61035.0,65308.0,65.536,context_0000,Answer: ,32,62995,synthetic_kv_64k,3999.98976,4280.025088,3.99998976,['V_9343985A9548']
GB,4.280025088,6E9338DA9A90,61035.0,4.0,0.06542843143259636,Query key: K_170F8135F15A,61035.0,65308.0,65.536,context_0000,Answer: ,32,62995,synthetic_kv_64k,3999.98976,4280.025088,3.99998976,['V_6E9338DA9A90']
GB,4.280025088,25E464F2502E,61035.0,4.0,0.06542843143259636,Query key: K_C94F4A2F3876,61035.0,65308.0,65.536,context_0000,Answer: ,32,62995,synthetic_kv_64k,3999.98976,4280.025088,3.99998976,['V_25E464F2502E']
GB,4.280025088,79D11521AD35,61035.0,4.0,0.06542843143259636,Query key: K_560F21D72432,61035.0,65308.0,65.536,context_0000,Answer: ,32,62995,synthetic_kv_64k,3999.98976,4280.025088,3.99998976,['V_79D11521AD35']
GB,4.280025088,8C530C9FA6E6,61035.0,4.0,0.06542843143259636,Query key: K_BECC9249EE3A,61035.0,65308.0,65.536,context_0000,Answer: ,32,62995,synthetic_kv_64k,3999.98976,4280.025088,3.99998976,['V_8C530C9FA6E6']
GB,4.280025088,660515C7BC83,61035.0,4.0,0.06542843143259636,Query key: K_4336663166A7,61035.0,65308.0,65.536,context_0000,Answer: ,32,62995,synthetic_kv_64k,3999.98976,4280.025088,3.99998976,['V_660515C7BC83']
GB,4.280025088, V_B2A7C6196773,61035.0,4.0,0.06542843143259636,Query key: K_6F3A80777AC5,61035.0,65308.0,65.536,context_0000,Answer: ,32,62995,synthetic_kv_64k,3999.98976,4280.025088,3.99998976,['V_B2A7C6196773']
GB,4.280025088,7B1D2286E3F8,61035.0,4.0,0.06542843143259636,Query key: K_C3142160446E,61035.0,65308.0,65.536,context_0000,Answer: ,32,62995,synthetic_kv_64k,3999.98976,4280.025088,3.99998976,['V_7B1D2286E3F8']
GB,4.280025088,65337CE4770E,61035.0,4.0,0.06542843143259636,Query key: K_32B78F2E08D3,61035.0,65308.0,65.536,context_0000,Answer: ,32,62995,synthetic_kv_64k,3999.98976,4280.025088,3.99998976,['V_65337CE4770E']
GB,4.280025088,8FA832339053,61035.0,4.0,0.06542843143259636,Query key: K_9242A6F9C0E1,61035.0,65308.0,65.536,context_0000,Answer: ,32,62995,synthetic_kv_64k,3999.98976,4280.025088,3.99998976,['V_8FA832339053']
GB,4.280025088, V_8635BC54B8C1,61035.0,4.0,0.06542843143259636,Query key: K_FF409DB1F7F9,61035.0,65308.0,65.536,context_0000,Answer: ,32,62995,synthetic_kv_64k,3999.98976,4280.025088,3.99998976,['V_8635BC54B8C1']
