memory_budget,retained_context_tokens,task,uncompressed_kv_memory_gb,answer_prefix,predicted_answer,kv_memory_per_token_kb,token_budget,compression_ratio,context_length,retained_kv_memory_mb,memory_budget_unit,context_tokens,retained_kv_memory_gb,context_id,question,uncompressed_kv_memory_mb,answer,max_new_tokens
4096.0,27777.0,synthetic_kv_64k,8.622784512,,BDD606671AD1,147.456,27777.0,0.5249927321853036,62995,4095.885312,MB,58477.0,4.095885312,context_0000,What is the value associated with key 1C80A3B1799D? Return only the value.,8622.784512,['BDD606671AD1'],32
4096.0,27777.0,synthetic_kv_64k,8.622784512,,B3B8392456DE,147.456,27777.0,0.5249927321853036,62995,4095.885312,MB,58477.0,4.095885312,context_0000,What is the value associated with key 3EB146685257? Return only the value.,8622.784512,['23B8392456DE'],32
4096.0,27777.0,synthetic_kv_64k,8.622784512,,BD9CAD3C2D6D,147.456,27777.0,0.5249927321853036,62995,4095.885312,MB,58477.0,4.095885312,context_0000,What is the value associated with key 1A3DBC8960A9? Return only the value.,8622.784512,['BD9CAD3C2D6D'],32
4096.0,27777.0,synthetic_kv_64k,8.622784512,,972A16419F82,147.456,27777.0,0.5249927321853036,62995,4095.885312,MB,58477.0,4.095885312,context_0000,What is the value associated with key 8B9DE465E150? Return only the value.,8622.784512,['972A16419F82'],32
4096.0,27777.0,synthetic_kv_64k,8.622784512,,CA624355884C,147.456,27777.0,0.5249927321853036,62995,4095.885312,MB,58477.0,4.095885312,context_0000,What is the value associated with key 08226C031199? Return only the value.,8622.784512,['17FC07A0CA6E'],32
4096.0,27777.0,synthetic_kv_64k,8.622784512,,5048BF7750A8,147.456,27777.0,0.5249927321853036,62995,4095.885312,MB,58477.0,4.095885312,context_0000,What is the value associated with key 3B8F37F8A88B? Return only the value.,8622.784512,['9A1D815EF6D1'],32
4096.0,27777.0,synthetic_kv_64k,8.622784512,,45E739681C81,147.456,27777.0,0.5249927321853036,62995,4095.885312,MB,58477.0,4.095885312,context_0000,What is the value associated with key 8FAD06CB0FB3? Return only the value.,8622.784512,['B74D32E70629'],32
4096.0,27777.0,synthetic_kv_64k,8.622784512,,4F4B814848F6,147.456,27777.0,0.5249927321853036,62995,4095.885312,MB,58477.0,4.095885312,context_0000,What is the value associated with key B38AA65ED389? Return only the value.,8622.784512,['6B658B8148F6'],32
4096.0,27777.0,synthetic_kv_64k,8.622784512,,473796DA1DAC,147.456,27777.0,0.5249927321853036,62995,4095.885312,MB,58477.0,4.095885312,context_0000,What is the value associated with key 72FF386ECBE0? Return only the value.,8622.784512,['473796DA1DAC'],32
4096.0,27777.0,synthetic_kv_64k,8.622784512,,C24101A9E71F,147.456,27777.0,0.5249927321853036,62995,4095.885312,MB,58477.0,4.095885312,context_0000,What is the value associated with key DE8ACF36D58B? Return only the value.,8622.784512,['C24101A9E71F'],32
4096.0,27777.0,synthetic_kv_64k,8.622784512,,6C30B2B9437A,147.456,27777.0,0.5249927321853036,62995,4095.885312,MB,58477.0,4.095885312,context_0000,What is the value associated with key 28DFCE4A2BBD? Return only the value.,8622.784512,['6C30B2B9437A'],32
4096.0,27777.0,synthetic_kv_64k,8.622784512,,18A41C4760A5,147.456,27777.0,0.5249927321853036,62995,4095.885312,MB,58477.0,4.095885312,context_0000,What is the value associated with key 4722571AA876? Return only the value.,8622.784512,['371E27CD8130'],32
4096.0,27777.0,synthetic_kv_64k,8.622784512,,574689468109,147.456,27777.0,0.5249927321853036,62995,4095.885312,MB,58477.0,4.095885312,context_0000,What is the value associated with key C374F50BEA63? Return only the value.,8622.784512,['1A2A562B0F79'],32
4096.0,27777.0,synthetic_kv_64k,8.622784512,,0F841931E9EE,147.456,27777.0,0.5249927321853036,62995,4095.885312,MB,58477.0,4.095885312,context_0000,What is the value associated with key 614217BE3111? Return only the value.,8622.784512,['5BE618C26797'],32
4096.0,27777.0,synthetic_kv_64k,8.622784512,,43B79A8DCA03,147.456,27777.0,0.5249927321853036,62995,4095.885312,MB,58477.0,4.095885312,context_0000,What is the value associated with key 580DD8F56413? Return only the value.,8622.784512,['43B79A8DCA03'],32
4096.0,27777.0,synthetic_kv_64k,8.622784512,,310C3FA7F104,147.456,27777.0,0.5249927321853036,62995,4095.885312,MB,58477.0,4.095885312,context_0000,What is the value associated with key 0B1FCE9FF57F? Return only the value.,8622.784512,['759CBACFB3D0'],32
4096.0,27777.0,synthetic_kv_64k,8.622784512,,EC1BF91E1D4C,147.456,27777.0,0.5249927321853036,62995,4095.885312,MB,58477.0,4.095885312,context_0000,What is the value associated with key 1FF489463E85? Return only the value.,8622.784512,['EC1BF91E1D4C'],32
4096.0,27777.0,synthetic_kv_64k,8.622784512,,D20E4E20FD1A,147.456,27777.0,0.5249927321853036,62995,4095.885312,MB,58477.0,4.095885312,context_0000,What is the value associated with key 142C60E7A113? Return only the value.,8622.784512,['4B0D8D5288F1'],32
4096.0,27777.0,synthetic_kv_64k,8.622784512,,4F08C2874F06,147.456,27777.0,0.5249927321853036,62995,4095.885312,MB,58477.0,4.095885312,context_0000,What is the value associated with key A0EED453DD32? Return only the value.,8622.784512,['E2AC9E574F7A'],32
4096.0,27777.0,synthetic_kv_64k,8.622784512,,313993CD59BF,147.456,27777.0,0.5249927321853036,62995,4095.885312,MB,58477.0,4.095885312,context_0000,What is the value associated with key 5C94DC98D2C1? Return only the value.,8622.784512,['313993CD59BF'],32
4096.0,27777.0,synthetic_kv_64k,8.622784512,,A9480BBB2599,147.456,27777.0,0.5249927321853036,62995,4095.885312,MB,58477.0,4.095885312,context_0000,What is the value associated with key 11CEB45ED1F0? Return only the value.,8622.784512,['A9480BBB2599'],32
4096.0,27777.0,synthetic_kv_64k,8.622784512,,CD4E568933A9,147.456,27777.0,0.5249927321853036,62995,4095.885312,MB,58477.0,4.095885312,context_0000,What is the value associated with key C5E73A578A8E? Return only the value.,8622.784512,['FC374A15544D'],32
4096.0,27777.0,synthetic_kv_64k,8.622784512,,313993CD59BF,147.456,27777.0,0.5249927321853036,62995,4095.885312,MB,58477.0,4.095885312,context_0000,What is the value associated with key DAF6146D3F31? Return only the value.,8622.784512,['DDD13B982EF8'],32
4096.0,27777.0,synthetic_kv_64k,8.622784512,,EA697C54535F,147.456,27777.0,0.5249927321853036,62995,4095.885312,MB,58477.0,4.095885312,context_0000,What is the value associated with key 614F19DB3AD0? Return only the value.,8622.784512,['741247294739'],32
4096.0,27777.0,synthetic_kv_64k,8.622784512,,A49B9082889E,147.456,27777.0,0.5249927321853036,62995,4095.885312,MB,58477.0,4.095885312,context_0000,What is the value associated with key D588A2BC372F? Return only the value.,8622.784512,['29A35D65A441'],32
4096.0,27777.0,synthetic_kv_64k,8.622784512,,4048BF58588D,147.456,27777.0,0.5249927321853036,62995,4095.885312,MB,58477.0,4.095885312,context_0000,What is the value associated with key 5AF35EC42E08? Return only the value.,8622.784512,['AB9035A240AE'],32
4096.0,27777.0,synthetic_kv_64k,8.622784512,,AE90A65E688E,147.456,27777.0,0.5249927321853036,62995,4095.885312,MB,58477.0,4.095885312,context_0000,What is the value associated with key B3AA4458A885? Return only the value.,8622.784512,['AEFCEFC89849'],32
4096.0,27777.0,synthetic_kv_64k,8.622784512,,A28D9BF00273,147.456,27777.0,0.5249927321853036,62995,4095.885312,MB,58477.0,4.095885312,context_0000,What is the value associated with key 1247A5E5A5AB? Return only the value.,8622.784512,['A28D9BF00273'],32
4096.0,27777.0,synthetic_kv_64k,8.622784512,,5417CA56588D,147.456,27777.0,0.5249927321853036,62995,4095.885312,MB,58477.0,4.095885312,context_0000,What is the value associated with key 88BD2BCFBE01? Return only the value.,8622.784512,['3EABBAA80DD4'],32
4096.0,27777.0,synthetic_kv_64k,8.622784512,,90E0FBDD3933,147.456,27777.0,0.5249927321853036,62995,4095.885312,MB,58477.0,4.095885312,context_0000,What is the value associated with key 765629D4BEEF? Return only the value.,8622.784512,['451B6123FDF7'],32
4096.0,27777.0,synthetic_kv_64k,8.622784512,,D394263A487E,147.456,27777.0,0.5249927321853036,62995,4095.885312,MB,58477.0,4.095885312,context_0000,What is the value associated with key ECE6FD5166E6? Return only the value.,8622.784512,['B02BA3D70628'],32
4096.0,27777.0,synthetic_kv_64k,8.622784512,,5048BF5A688E,147.456,27777.0,0.5249927321853036,62995,4095.885312,MB,58477.0,4.095885312,context_0000,What is the value associated with key 38388E944239? Return only the value.,8622.784512,['5304AF42E12F'],32
4096.0,27777.0,synthetic_kv_64k,8.622784512,,EE3A8895229A,147.456,27777.0,0.5249927321853036,62995,4095.885312,MB,58477.0,4.095885312,context_0000,What is the value associated with key C4B0D7C524A5? Return only the value.,8622.784512,['0E51C6A7EE39'],32
4096.0,27777.0,synthetic_kv_64k,8.622784512,,5417CE64688D,147.456,27777.0,0.5249927321853036,62995,4095.885312,MB,58477.0,4.095885312,context_0000,What is the value associated with key D2613AA2E4F9? Return only the value.,8622.784512,['CE170837B8A3'],32
4096.0,27777.0,synthetic_kv_64k,8.622784512,,7C056CD66193,147.456,27777.0,0.5249927321853036,62995,4095.885312,MB,58477.0,4.095885312,context_0000,What is the value associated with key 66B250C187FC? Return only the value.,8622.784512,['10F1448AAA9E'],32
4096.0,27777.0,synthetic_kv_64k,8.622784512,,A1A27E8C542A,147.456,27777.0,0.5249927321853036,62995,4095.885312,MB,58477.0,4.095885312,context_0000,What is the value associated with key E9C33602F8AC? Return only the value.,8622.784512,['9132F16287E4'],32
4096.0,27777.0,synthetic_kv_64k,8.622784512,,473796DA1DAC,147.456,27777.0,0.5249927321853036,62995,4095.885312,MB,58477.0,4.095885312,context_0000,What is the value associated with key B7C9E059A0EE? Return only the value.,8622.784512,['366E508EBAD7'],32
4096.0,27777.0,synthetic_kv_64k,8.622784512,,4E7E455AC762,147.456,27777.0,0.5249927321853036,62995,4095.885312,MB,58477.0,4.095885312,context_0000,What is the value associated with key 7FCDA7CAD415? Return only the value.,8622.784512,['E27A654821D0'],32
4096.0,27777.0,synthetic_kv_64k,8.622784512,,37123755484E,147.456,27777.0,0.5249927321853036,62995,4095.885312,MB,58477.0,4.095885312,context_0000,What is the value associated with key A491EA1FCA65? Return only the value.,8622.784512,['2493757750A9'],32
4096.0,27777.0,synthetic_kv_64k,8.622784512,,BEB73F22FAF8,147.456,27777.0,0.5249927321853036,62995,4095.885312,MB,58477.0,4.095885312,context_0000,What is the value associated with key 23BE43CF2FDE? Return only the value.,8622.784512,['BEB73F22FAF8'],32
4096.0,27777.0,synthetic_kv_64k,8.622784512,,5048BF7B539B,147.456,27777.0,0.5249927321853036,62995,4095.885312,MB,58477.0,4.095885312,context_0000,What is the value associated with key 89FA8FB5D27B? Return only the value.,8622.784512,['BF3C434308BC'],32
4096.0,27777.0,synthetic_kv_64k,8.622784512,,404844848484,147.456,27777.0,0.5249927321853036,62995,4095.885312,MB,58477.0,4.095885312,context_0000,What is the value associated with key 6DAD95A76D79? Return only the value.,8622.784512,['9562E5D7B875'],32
4096.0,27777.0,synthetic_kv_64k,8.622784512,,506EB757CB10,147.456,27777.0,0.5249927321853036,62995,4095.885312,MB,58477.0,4.095885312,context_0000,What is the value associated with key 5CAB663F1C97? Return only the value.,8622.784512,['FF50382567B8'],32
4096.0,27777.0,synthetic_kv_64k,8.622784512,,500A2C304E6C,147.456,27777.0,0.5249927321853036,62995,4095.885312,MB,58477.0,4.095885312,context_0000,What is the value associated with key 2369FF5E9FF0? Return only the value.,8622.784512,['7E57827050A8'],32
4096.0,27777.0,synthetic_kv_64k,8.622784512,,BF85AD64B56C,147.456,27777.0,0.5249927321853036,62995,4095.885312,MB,58477.0,4.095885312,context_0000,What is the value associated with key C17A1745D6D8? Return only the value.,8622.784512,['DC710C0FD195'],32
4096.0,27777.0,synthetic_kv_64k,8.622784512,,D00907FC584E,147.456,27777.0,0.5249927321853036,62995,4095.885312,MB,58477.0,4.095885312,context_0000,What is the value associated with key 27201C11F735? Return only the value.,8622.784512,['28F4A0A04DC4'],32
4096.0,27777.0,synthetic_kv_64k,8.622784512,,500314348259,147.456,27777.0,0.5249927321853036,62995,4095.885312,MB,58477.0,4.095885312,context_0000,What is the value associated with key AE34CAC5B68C? Return only the value.,8622.784512,['98AE6C12ACE8'],32
4096.0,27777.0,synthetic_kv_64k,8.622784512,,988C61B1CD22,147.456,27777.0,0.5249927321853036,62995,4095.885312,MB,58477.0,4.095885312,context_0000,What is the value associated with key 628010435A10? Return only the value.,8622.784512,['988C61B1CD22'],32
4096.0,27777.0,synthetic_kv_64k,8.622784512,,905C877409A9,147.456,27777.0,0.5249927321853036,62995,4095.885312,MB,58477.0,4.095885312,context_0000,What is the value associated with key 77D2FF01CF99? Return only the value.,8622.784512,['405C877409A9'],32
4096.0,27777.0,synthetic_kv_64k,8.622784512,,4F0E9C574F06,147.456,27777.0,0.5249927321853036,62995,4095.885312,MB,58477.0,4.095885312,context_0000,What is the value associated with key 8DA0F89897B9? Return only the value.,8622.784512,['F143DC5C0EED'],32
4096.0,27777.0,synthetic_kv_64k,8.622784512,,393706D148E4,147.456,27777.0,0.5249927321853036,62995,4095.885312,MB,58477.0,4.095885312,context_0000,What is the value associated with key AE2702F06B90? Return only the value.,8622.784512,['1D53B88139B9'],32
4096.0,27777.0,synthetic_kv_64k,8.622784512,,9360C3FE8A29,147.456,27777.0,0.5249927321853036,62995,4095.885312,MB,58477.0,4.095885312,context_0000,What is the value associated with key E281AE849217? Return only the value.,8622.784512,['C0398976E334'],32
4096.0,27777.0,synthetic_kv_64k,8.622784512,,50482775484C,147.456,27777.0,0.5249927321853036,62995,4095.885312,MB,58477.0,4.095885312,context_0000,What is the value associated with key C4C2444EA7C8? Return only the value.,8622.784512,['5715A4161293'],32
4096.0,27777.0,synthetic_kv_64k,8.622784512,,48E095024C4D,147.456,27777.0,0.5249927321853036,62995,4095.885312,MB,58477.0,4.095885312,context_0000,What is the value associated with key 4B221C8EAEE9? Return only the value.,8622.784512,['287D6F4CC69A'],32
4096.0,27777.0,synthetic_kv_64k,8.622784512,,B8DBF42D47CC,147.456,27777.0,0.5249927321853036,62995,4095.885312,MB,58477.0,4.095885312,context_0000,What is the value associated with key 00D474273CA3? Return only the value.,8622.784512,['B8DBF42D47CC'],32
4096.0,27777.0,synthetic_kv_64k,8.622784512,,3D41843D588D,147.456,27777.0,0.5249927321853036,62995,4095.885312,MB,58477.0,4.095885312,context_0000,What is the value associated with key B83CE037E5ED? Return only the value.,8622.784512,['F8CD436D76E2'],32
4096.0,27777.0,synthetic_kv_64k,8.622784512,,6F9695D40C2D,147.456,27777.0,0.5249927321853036,62995,4095.885312,MB,58477.0,4.095885312,context_0000,What is the value associated with key C30F8026695F? Return only the value.,8622.784512,['81F72DBC2134'],32
4096.0,27777.0,synthetic_kv_64k,8.622784512,,4E8D4B85444D,147.456,27777.0,0.5249927321853036,62995,4095.885312,MB,58477.0,4.095885312,context_0000,What is the value associated with key 1B3DE9A1FA6F? Return only the value.,8622.784512,['A013DEDA4E16'],32
4096.0,27777.0,synthetic_kv_64k,8.622784512,,54C689456F27,147.456,27777.0,0.5249927321853036,62995,4095.885312,MB,58477.0,4.095885312,context_0000,What is the value associated with key D7774C66E0A8? Return only the value.,8622.784512,['81F6A39231A7'],32
4096.0,27777.0,synthetic_kv_64k,8.622784512,,7394843F0E7C,147.456,27777.0,0.5249927321853036,62995,4095.885312,MB,58477.0,4.095885312,context_0000,What is the value associated with key 32EB9BE578C7? Return only the value.,8622.784512,['5FB82720797D'],32
4096.0,27777.0,synthetic_kv_64k,8.622784512,,5417CAAA5BBE,147.456,27777.0,0.5249927321853036,62995,4095.885312,MB,58477.0,4.095885312,context_0000,What is the value associated with key 295BC333E861? Return only the value.,8622.784512,['F4188A14BE62'],32
4096.0,27777.0,synthetic_kv_64k,8.622784512,,5462F43BA052,147.456,27777.0,0.5249927321853036,62995,4095.885312,MB,58477.0,4.095885312,context_0000,What is the value associated with key EC24C754108F? Return only the value.,8622.784512,['EB2287C5421E'],32
4096.0,27777.0,synthetic_kv_64k,8.622784512,,E5D618318AA3,147.456,27777.0,0.5249927321853036,62995,4095.885312,MB,58477.0,4.095885312,context_0000,What is the value associated with key 995400257AD1? Return only the value.,8622.784512,['7D1552FBE43B'],32
4096.0,27777.0,synthetic_kv_64k,8.622784512,,5CECEDD96831,147.456,27777.0,0.5249927321853036,62995,4095.885312,MB,58477.0,4.095885312,context_0000,What is the value associated with key 1CA304FC6D82? Return only the value.,8622.784512,['5CECEDD96831'],32
4096.0,27777.0,synthetic_kv_64k,8.622784512,,5FA59B1495A2,147.456,27777.0,0.5249927321853036,62995,4095.885312,MB,58477.0,4.095885312,context_0000,What is the value associated with key FC3EE0F3EAB0? Return only the value.,8622.784512,['CE88D4E80839'],32
4096.0,27777.0,synthetic_kv_64k,8.622784512,,38730B85443F,147.456,27777.0,0.5249927321853036,62995,4095.885312,MB,58477.0,4.095885312,context_0000,What is the value associated with key 3D4C4EB93EFF? Return only the value.,8622.784512,['3DA90ED42F1A'],32
4096.0,27777.0,synthetic_kv_64k,8.622784512,,4654DE67A278,147.456,27777.0,0.5249927321853036,62995,4095.885312,MB,58477.0,4.095885312,context_0000,What is the value associated with key 913EE0C53CB8? Return only the value.,8622.784512,['1429F26B4776'],32
4096.0,27777.0,synthetic_kv_64k,8.622784512,,DEE1C369DEE1,147.456,27777.0,0.5249927321853036,62995,4095.885312,MB,58477.0,4.095885312,context_0000,What is the value associated with key BB5E15ED6269? Return only the value.,8622.784512,['D0E67C69DEE1'],32
4096.0,27777.0,synthetic_kv_64k,8.622784512,,885FC2B6D2C5,147.456,27777.0,0.5249927321853036,62995,4095.885312,MB,58477.0,4.095885312,context_0000,What is the value associated with key FA5D11B7E948? Return only the value.,8622.784512,['885FC2B6D2C5'],32
4096.0,27777.0,synthetic_kv_64k,8.622784512,,5048BF57CB10,147.456,27777.0,0.5249927321853036,62995,4095.885312,MB,58477.0,4.095885312,context_0000,What is the value associated with key 2031C40DB9B4? Return only the value.,8622.784512,['A8E520DE435D'],32
4096.0,27777.0,synthetic_kv_64k,8.622784512,,5048BF57CB10,147.456,27777.0,0.5249927321853036,62995,4095.885312,MB,58477.0,4.095885312,context_0000,What is the value associated with key F26479AC1B1E? Return only the value.,8622.784512,['2A458CBFEDB0'],32
4096.0,27777.0,synthetic_kv_64k,8.622784512,,271EB1A6B1F1,147.456,27777.0,0.5249927321853036,62995,4095.885312,MB,58477.0,4.095885312,context_0000,What is the value associated with key 871543DAC043? Return only the value.,8622.784512,['9B49DF57C59A'],32
4096.0,27777.0,synthetic_kv_64k,8.622784512,,E39E6843E33C,147.456,27777.0,0.5249927321853036,62995,4095.885312,MB,58477.0,4.095885312,context_0000,What is the value associated with key F6E06C52C49F? Return only the value.,8622.784512,['EDCD36386821'],32
4096.0,27777.0,synthetic_kv_64k,8.622784512,,348890882EAF,147.456,27777.0,0.5249927321853036,62995,4095.885312,MB,58477.0,4.095885312,context_0000,What is the value associated with key C1598A0F4EFB? Return only the value.,8622.784512,['B09BBADCC32A'],32
4096.0,27777.0,synthetic_kv_64k,8.622784512,,0C904185300D,147.456,27777.0,0.5249927321853036,62995,4095.885312,MB,58477.0,4.095885312,context_0000,What is the value associated with key B683337EA2DF? Return only the value.,8622.784512,['66244FCCA39A'],32
4096.0,27777.0,synthetic_kv_64k,8.622784512,,5F98A65E688E,147.456,27777.0,0.5249927321853036,62995,4095.885312,MB,58477.0,4.095885312,context_0000,What is the value associated with key ABF3FEC21BBE? Return only the value.,8622.784512,['5F98A65E688E'],32
4096.0,27777.0,synthetic_kv_64k,8.622784512,,759426A524E3,147.456,27777.0,0.5249927321853036,62995,4095.885312,MB,58477.0,4.095885312,context_0000,What is the value associated with key E64D702753A1? Return only the value.,8622.784512,['7394847FD9B4'],32
4096.0,27777.0,synthetic_kv_64k,8.622784512,,5F98A65E688E,147.456,27777.0,0.5249927321853036,62995,4095.885312,MB,58477.0,4.095885312,context_0000,What is the value associated with key 3F761EFA2197? Return only the value.,8622.784512,['10643985C3CF'],32
4096.0,27777.0,synthetic_kv_64k,8.622784512,,0E5DCBD00EF2,147.456,27777.0,0.5249927321853036,62995,4095.885312,MB,58477.0,4.095885312,context_0000,What is the value associated with key 0562568CC69B? Return only the value.,8622.784512,['8DCD969B6662'],32
4096.0,27777.0,synthetic_kv_64k,8.622784512,,3878609C2E6C,147.456,27777.0,0.5249927321853036,62995,4095.885312,MB,58477.0,4.095885312,context_0000,What is the value associated with key 96A43AE8CC93? Return only the value.,8622.784512,['01D738602AB6'],32
4096.0,27777.0,synthetic_kv_64k,8.622784512,,0F12A18FF6B6,147.456,27777.0,0.5249927321853036,62995,4095.885312,MB,58477.0,4.095885312,context_0000,What is the value associated with key B535122C9A56? Return only the value.,8622.784512,['0F12A18FF6B6'],32
4096.0,27777.0,synthetic_kv_64k,8.622784512,,080AE7C99B26,147.456,27777.0,0.5249927321853036,62995,4095.885312,MB,58477.0,4.095885312,context_0000,What is the value associated with key 11413A9BEDD4? Return only the value.,8622.784512,['080AE7C99B26'],32
4096.0,27777.0,synthetic_kv_64k,8.622784512,,9458C2874F06,147.456,27777.0,0.5249927321853036,62995,4095.885312,MB,58477.0,4.095885312,context_0000,What is the value associated with key 5496DC1110C1? Return only the value.,8622.784512,['839F1223B513'],32
4096.0,27777.0,synthetic_kv_64k,8.622784512,,2493757750A9,147.456,27777.0,0.5249927321853036,62995,4095.885312,MB,58477.0,4.095885312,context_0000,What is the value associated with key 474A3CEDDF2D? Return only the value.,8622.784512,['7C44AB4220A7'],32
4096.0,27777.0,synthetic_kv_64k,8.622784512,,5C62F43BA052,147.456,27777.0,0.5249927321853036,62995,4095.885312,MB,58477.0,4.095885312,context_0000,What is the value associated with key 8A0B36D8393A? Return only the value.,8622.784512,['B92D21DF306F'],32
4096.0,27777.0,synthetic_kv_64k,8.622784512,,774C7F4D487E,147.456,27777.0,0.5249927321853036,62995,4095.885312,MB,58477.0,4.095885312,context_0000,What is the value associated with key E1E3EF7DDC76? Return only the value.,8622.784512,['9382922FE15A'],32
4096.0,27777.0,synthetic_kv_64k,8.622784512,,3A943E68908E,147.456,27777.0,0.5249927321853036,62995,4095.885312,MB,58477.0,4.095885312,context_0000,What is the value associated with key 3E357900F7F9? Return only the value.,8622.784512,['7914C8DCD19F'],32
4096.0,27777.0,synthetic_kv_64k,8.622784512,,46704CEDA164,147.456,27777.0,0.5249927321853036,62995,4095.885312,MB,58477.0,4.095885312,context_0000,What is the value associated with key 6835CEB81F9D? Return only the value.,8622.784512,['182530BEB45F'],32
4096.0,27777.0,synthetic_kv_64k,8.622784512,,5F98A65B343E,147.456,27777.0,0.5249927321853036,62995,4095.885312,MB,58477.0,4.095885312,context_0000,What is the value associated with key A8B318D0752B? Return only the value.,8622.784512,['5AB36E595ED3'],32
4096.0,27777.0,synthetic_kv_64k,8.622784512,,500A2C3750A9,147.456,27777.0,0.5249927321853036,62995,4095.885312,MB,58477.0,4.095885312,context_0000,What is the value associated with key 693D6C6FA611? Return only the value.,8622.784512,['DD24778EEDB3'],32
4096.0,27777.0,synthetic_kv_64k,8.622784512,,0BA64639447B,147.456,27777.0,0.5249927321853036,62995,4095.885312,MB,58477.0,4.095885312,context_0000,What is the value associated with key 0DDEBAA4B71A? Return only the value.,8622.784512,['A748AC619E63'],32
4096.0,27777.0,synthetic_kv_64k,8.622784512,,0F841931E9EE,147.456,27777.0,0.5249927321853036,62995,4095.885312,MB,58477.0,4.095885312,context_0000,What is the value associated with key A56CFBF24050? Return only the value.,8622.784512,['0F841931E9EE'],32
4096.0,27777.0,synthetic_kv_64k,8.622784512,,C249018E648C,147.456,27777.0,0.5249927321853036,62995,4095.885312,MB,58477.0,4.095885312,context_0000,What is the value associated with key BA6C6712303A? Return only the value.,8622.784512,['CCF356DC8907'],32
4096.0,27777.0,synthetic_kv_64k,8.622784512,,310C3FA7F104,147.456,27777.0,0.5249927321853036,62995,4095.885312,MB,58477.0,4.095885312,context_0000,What is the value associated with key 1BF9DC96925E? Return only the value.,8622.784512,['310C3FA7F104'],32
4096.0,27777.0,synthetic_kv_64k,8.622784512,,3C0BA757CB10,147.456,27777.0,0.5249927321853036,62995,4095.885312,MB,58477.0,4.095885312,context_0000,What is the value associated with key 894A30B187EF? Return only the value.,8622.784512,['23E272D8567D'],32
4096.0,27777.0,synthetic_kv_64k,8.622784512,,509426A58C8E,147.456,27777.0,0.5249927321853036,62995,4095.885312,MB,58477.0,4.095885312,context_0000,What is the value associated with key 2EF96C006F61? Return only the value.,8622.784512,['766E474EBC19'],32
4096.0,27777.0,synthetic_kv_64k,8.622784512,,5C4432DF8D45,147.456,27777.0,0.5249927321853036,62995,4095.885312,MB,58477.0,4.095885312,context_0000,What is the value associated with key DFDE3FF350BF? Return only the value.,8622.784512,['134CEC5B227C'],32
4096.0,27777.0,synthetic_kv_64k,8.622784512,,E1CDEC955A8C,147.456,27777.0,0.5249927321853036,62995,4095.885312,MB,58477.0,4.095885312,context_0000,What is the value associated with key CEDA71710434? Return only the value.,8622.784512,['DB20DC815FE7'],32
4096.0,27777.0,synthetic_kv_64k,8.622784512,,43D20D2784E0,147.456,27777.0,0.5249927321853036,62995,4095.885312,MB,58477.0,4.095885312,context_0000,What is the value associated with key 19108CE21EA3? Return only the value.,8622.784512,['A6F20CF35B58'],32
4096.0,27777.0,synthetic_kv_64k,8.622784512,,E442877409A9,147.456,27777.0,0.5249927321853036,62995,4095.885312,MB,58477.0,4.095885312,context_0000,What is the value associated with key 8A63FFD0F9D5? Return only the value.,8622.784512,['03C7D605E770'],32
4096.0,27777.0,synthetic_kv_64k,8.622784512,,B57698549F22,147.456,27777.0,0.5249927321853036,62995,4095.885312,MB,58477.0,4.095885312,context_0000,What is the value associated with key 17E0F8102383? Return only the value.,8622.784512,['C0E9ED2662E9'],32
4096.0,27777.0,synthetic_kv_64k,8.622784512,,680A2A935D62,147.456,27777.0,0.5249927321853036,62995,4095.885312,MB,58477.0,4.095885312,context_0000,What is the value associated with key 3C83D9441FA5? Return only the value.,8622.784512,['680A2A935D62'],32
4096.0,27777.0,synthetic_kv_64k,8.622784512,,DD5936B82481,147.456,27777.0,0.5249927321853036,62995,4095.885312,MB,58477.0,4.095885312,context_0000,What is the value associated with key 7B3A7C52FA17? Return only the value.,8622.784512,['DD5936B82481'],32
4096.0,27777.0,synthetic_kv_64k,8.622784512,,2A250F02BAD0,147.456,27777.0,0.5249927321853036,62995,4095.885312,MB,58477.0,4.095885312,context_0000,What is the value associated with key E70666AA9385? Return only the value.,8622.784512,['2A250F02BAD0'],32
4096.0,27777.0,synthetic_kv_64k,8.622784512,,3948C2874F06,147.456,27777.0,0.5249927321853036,62995,4095.885312,MB,58477.0,4.095885312,context_0000,What is the value associated with key 008D610461E3? Return only the value.,8622.784512,['63F2FC3D3348'],32
4096.0,27777.0,synthetic_kv_64k,8.622784512,,2493757750A9,147.456,27777.0,0.5249927321853036,62995,4095.885312,MB,58477.0,4.095885312,context_0000,What is the value associated with key ED3043E458FC? Return only the value.,8622.784512,['C8FEC8B8D9C6'],32
4096.0,27777.0,synthetic_kv_64k,8.622784512,,F891DD3F487E,147.456,27777.0,0.5249927321853036,62995,4095.885312,MB,58477.0,4.095885312,context_0000,What is the value associated with key 4906747B6DBA? Return only the value.,8622.784512,['B2536C4A37EA'],32
4096.0,27777.0,synthetic_kv_64k,8.622784512,,0F12A18FF6B6,147.456,27777.0,0.5249927321853036,62995,4095.885312,MB,58477.0,4.095885312,context_0000,What is the value associated with key BB02F512C4C3? Return only the value.,8622.784512,['C88AFED4057D'],32
4096.0,27777.0,synthetic_kv_64k,8.622784512,,9C96B7E99ACA,147.456,27777.0,0.5249927321853036,62995,4095.885312,MB,58477.0,4.095885312,context_0000,What is the value associated with key A9708E46D534? Return only the value.,8622.784512,['7C96B7E99ACA'],32
4096.0,27777.0,synthetic_kv_64k,8.622784512,,FA34DD3F7D7E,147.456,27777.0,0.5249927321853036,62995,4095.885312,MB,58477.0,4.095885312,context_0000,What is the value associated with key 309D27A0C3D7? Return only the value.,8622.784512,['37BB4BF50B52'],32
4096.0,27777.0,synthetic_kv_64k,8.622784512,,2303D69D42F1,147.456,27777.0,0.5249927321853036,62995,4095.885312,MB,58477.0,4.095885312,context_0000,What is the value associated with key 0EF8F7FD5646? Return only the value.,8622.784512,['BC59944528C0'],32
4096.0,27777.0,synthetic_kv_64k,8.622784512,,5048BF7B539B,147.456,27777.0,0.5249927321853036,62995,4095.885312,MB,58477.0,4.095885312,context_0000,What is the value associated with key 0F9A8ACD4E10? Return only the value.,8622.784512,['5048BF7B539B'],32
4096.0,27777.0,synthetic_kv_64k,8.622784512,,7A0E958CA9BA,147.456,27777.0,0.5249927321853036,62995,4095.885312,MB,58477.0,4.095885312,context_0000,What is the value associated with key 0CD60EA2622B? Return only the value.,8622.784512,['7A0E958CA9BA'],32
4096.0,27777.0,synthetic_kv_64k,8.622784512,,5F9024E9693C,147.456,27777.0,0.5249927321853036,62995,4095.885312,MB,58477.0,4.095885312,context_0000,What is the value associated with key EB5C80BACD64? Return only the value.,8622.784512,['87F7DA4BD9CA'],32
4096.0,27777.0,synthetic_kv_64k,8.622784512,,4F6B5987E3D0,147.456,27777.0,0.5249927321853036,62995,4095.885312,MB,58477.0,4.095885312,context_0000,What is the value associated with key 0E8F284D82E5? Return only the value.,8622.784512,['8201F5F59B22'],32
4096.0,27777.0,synthetic_kv_64k,8.622784512,,118A2F3536DF,147.456,27777.0,0.5249927321853036,62995,4095.885312,MB,58477.0,4.095885312,context_0000,What is the value associated with key D9F114822F53? Return only the value.,8622.784512,['118A2F923996'],32
4096.0,27777.0,synthetic_kv_64k,8.622784512,,217DC56811CD,147.456,27777.0,0.5249927321853036,62995,4095.885312,MB,58477.0,4.095885312,context_0000,What is the value associated with key 116598543881? Return only the value.,8622.784512,['DCA0ACDABACC'],32
4096.0,27777.0,synthetic_kv_64k,8.622784512,,43D6236EB832,147.456,27777.0,0.5249927321853036,62995,4095.885312,MB,58477.0,4.095885312,context_0000,What is the value associated with key 675D3C365296? Return only the value.,8622.784512,['F10C1EB0E38A'],32
4096.0,27777.0,synthetic_kv_64k,8.622784512,,E58275F1C654,147.456,27777.0,0.5249927321853036,62995,4095.885312,MB,58477.0,4.095885312,context_0000,What is the value associated with key 91D6E3E9DE99? Return only the value.,8622.784512,['94343F07F814'],32
4096.0,27777.0,synthetic_kv_64k,8.622784512,,14FC9E8FC965,147.456,27777.0,0.5249927321853036,62995,4095.885312,MB,58477.0,4.095885312,context_0000,What is the value associated with key 0A2C98326856? Return only the value.,8622.784512,['14FC9E8FC965'],32
4096.0,27777.0,synthetic_kv_64k,8.622784512,,90B2956B8C0C,147.456,27777.0,0.5249927321853036,62995,4095.885312,MB,58477.0,4.095885312,context_0000,What is the value associated with key A8496B5252E3? Return only the value.,8622.784512,['90B2956B8C0C'],32
4096.0,27777.0,synthetic_kv_64k,8.622784512,,539F1E9B23BC,147.456,27777.0,0.5249927321853036,62995,4095.885312,MB,58477.0,4.095885312,context_0000,What is the value associated with key 50FD85D51695? Return only the value.,8622.784512,['42C1EF48E8D5'],32
4096.0,27777.0,synthetic_kv_64k,8.622784512,,887BE980F8C1,147.456,27777.0,0.5249927321853036,62995,4095.885312,MB,58477.0,4.095885312,context_0000,What is the value associated with key AB73344A54B8? Return only the value.,8622.784512,['506EB758588D'],32
4096.0,27777.0,synthetic_kv_64k,8.622784512,,2181655B30E2,147.456,27777.0,0.5249927321853036,62995,4095.885312,MB,58477.0,4.095885312,context_0000,What is the value associated with key 43FF3D1A85DD? Return only the value.,8622.784512,['2181655238A6'],32
4096.0,27777.0,synthetic_kv_64k,8.622784512,,7700A85750A8,147.456,27777.0,0.5249927321853036,62995,4095.885312,MB,58477.0,4.095885312,context_0000,What is the value associated with key A53FABF3E3FC? Return only the value.,8622.784512,['750C4CCC9BC2'],32
4096.0,27777.0,synthetic_kv_64k,8.622784512,,73948438E713,147.456,27777.0,0.5249927321853036,62995,4095.885312,MB,58477.0,4.095885312,context_0000,What is the value associated with key EDD450F0FD0A? Return only the value.,8622.784512,['EF8CC07A30F2'],32
4096.0,27777.0,synthetic_kv_64k,8.622784512,,3D44AB4220A7,147.456,27777.0,0.5249927321853036,62995,4095.885312,MB,58477.0,4.095885312,context_0000,What is the value associated with key 026212922F83? Return only the value.,8622.784512,['9F0475523327'],32
4096.0,27777.0,synthetic_kv_64k,8.622784512,,2D4C48474F06,147.456,27777.0,0.5249927321853036,62995,4095.885312,MB,58477.0,4.095885312,context_0000,What is the value associated with key 9020FF9AB5C2? Return only the value.,8622.784512,['1998FF002D4D'],32
4096.0,27777.0,synthetic_kv_64k,8.622784512,,0E5E59077299,147.456,27777.0,0.5249927321853036,62995,4095.885312,MB,58477.0,4.095885312,context_0000,What is the value associated with key 89A212C136E0? Return only the value.,8622.784512,['8181369147EB'],32
4096.0,27777.0,synthetic_kv_64k,8.622784512,,5958EEEA163E,147.456,27777.0,0.5249927321853036,62995,4095.885312,MB,58477.0,4.095885312,context_0000,What is the value associated with key 21E843E42CAF? Return only the value.,8622.784512,['5958EEEA163E'],32
4096.0,27777.0,synthetic_kv_64k,8.622784512,,3E89E117DAC3,147.456,27777.0,0.5249927321853036,62995,4095.885312,MB,58477.0,4.095885312,context_0000,What is the value associated with key 119CE1805081? Return only the value.,8622.784512,['3E89E117DAC3'],32
4096.0,27777.0,synthetic_kv_64k,8.622784512,,7C44AB4220A7,147.456,27777.0,0.5249927321853036,62995,4095.885312,MB,58477.0,4.095885312,context_0000,What is the value associated with key 48F45E9953D2? Return only the value.,8622.784512,['702C286218B8'],32
4096.0,27777.0,synthetic_kv_64k,8.622784512,,3E89E117DAC3,147.456,27777.0,0.5249927321853036,62995,4095.885312,MB,58477.0,4.095885312,context_0000,What is the value associated with key 8B10D5704F32? Return only the value.,8622.784512,['4D71B41B3143'],32
4096.0,27777.0,synthetic_kv_64k,8.622784512,,3D42A5D8444D,147.456,27777.0,0.5249927321853036,62995,4095.885312,MB,58477.0,4.095885312,context_0000,What is the value associated with key FBDD9C96E9EC? Return only the value.,8622.784512,['CE9EFCBB4E59'],32
4096.0,27777.0,synthetic_kv_64k,8.622784512,,24E601582463,147.456,27777.0,0.5249927321853036,62995,4095.885312,MB,58477.0,4.095885312,context_0000,What is the value associated with key 8768A76AFDE6? Return only the value.,8622.784512,['AAF90200B1F0'],32
4096.0,27777.0,synthetic_kv_64k,8.622784512,,F143DC5C0EED,147.456,27777.0,0.5249927321853036,62995,4095.885312,MB,58477.0,4.095885312,context_0000,What is the value associated with key 8DFAD12DBC9A? Return only the value.,8622.784512,['EE874CA415EA'],32
4096.0,27777.0,synthetic_kv_64k,8.622784512,,CA9DE860BCB1,147.456,27777.0,0.5249927321853036,62995,4095.885312,MB,58477.0,4.095885312,context_0000,What is the value associated with key 1A84A9D3D7C7? Return only the value.,8622.784512,['E0CCF05DB76E'],32
4096.0,27777.0,synthetic_kv_64k,8.622784512,,D1930035D195,147.456,27777.0,0.5249927321853036,62995,4095.885312,MB,58477.0,4.095885312,context_0000,What is the value associated with key 43B42260E70F? Return only the value.,8622.784512,['E3C41D8CBBAC'],32
4096.0,27777.0,synthetic_kv_64k,8.622784512,,5F98A6535A19,147.456,27777.0,0.5249927321853036,62995,4095.885312,MB,58477.0,4.095885312,context_0000,What is the value associated with key BE0F1B66B5A9? Return only the value.,8622.784512,['27CB8DA01097'],32
4096.0,27777.0,synthetic_kv_64k,8.622784512,,67FDA3348E81,147.456,27777.0,0.5249927321853036,62995,4095.885312,MB,58477.0,4.095885312,context_0000,What is the value associated with key 482145B89CD9? Return only the value.,8622.784512,['35EB9AD620AB'],32
4096.0,27777.0,synthetic_kv_64k,8.622784512,,AFFF341EF40B,147.456,27777.0,0.5249927321853036,62995,4095.885312,MB,58477.0,4.095885312,context_0000,What is the value associated with key 57C7B7B56EA7? Return only the value.,8622.784512,['AFFF341EF40B'],32
4096.0,27777.0,synthetic_kv_64k,8.622784512,,54CEC8CCE2C2,147.456,27777.0,0.5249927321853036,62995,4095.885312,MB,58477.0,4.095885312,context_0000,What is the value associated with key DA58A25D6B29? Return only the value.,8622.784512,['8162439472E6'],32
4096.0,27777.0,synthetic_kv_64k,8.622784512,,348718548485,147.456,27777.0,0.5249927321853036,62995,4095.885312,MB,58477.0,4.095885312,context_0000,What is the value associated with key 40497D106C60? Return only the value.,8622.784512,['E87DE7C421C7'],32
4096.0,27777.0,synthetic_kv_64k,8.622784512,,DF4934896049,147.456,27777.0,0.5249927321853036,62995,4095.885312,MB,58477.0,4.095885312,context_0000,What is the value associated with key 0D01D89A40C0? Return only the value.,8622.784512,['A26017A0DF49'],32
4096.0,27777.0,synthetic_kv_64k,8.622784512,,3E2428577299,147.456,27777.0,0.5249927321853036,62995,4095.885312,MB,58477.0,4.095885312,context_0000,What is the value associated with key D4506C6F7633? Return only the value.,8622.784512,['0B4946D483F3'],32
4096.0,27777.0,synthetic_kv_64k,8.622784512,,23B79993394C,147.456,27777.0,0.5249927321853036,62995,4095.885312,MB,58477.0,4.095885312,context_0000,What is the value associated with key 556300E85ECE? Return only the value.,8622.784512,['217DC56811CD'],32
4096.0,27777.0,synthetic_kv_64k,8.622784512,,73D78345487E,147.456,27777.0,0.5249927321853036,62995,4095.885312,MB,58477.0,4.095885312,context_0000,What is the value associated with key FAD4A319DCB4? Return only the value.,8622.784512,['295D430F801D'],32
4096.0,27777.0,synthetic_kv_64k,8.622784512,,F4E950521700,147.456,27777.0,0.5249927321853036,62995,4095.885312,MB,58477.0,4.095885312,context_0000,What is the value associated with key 711CBDC14F1F? Return only the value.,8622.784512,['B4A68D3AED99'],32
4096.0,27777.0,synthetic_kv_64k,8.622784512,,45DF382C922A,147.456,27777.0,0.5249927321853036,62995,4095.885312,MB,58477.0,4.095885312,context_0000,What is the value associated with key 8F976D7CE3C9? Return only the value.,8622.784512,['1CA30279B6A6'],32
4096.0,27777.0,synthetic_kv_64k,8.622784512,,5048BF7E895D,147.456,27777.0,0.5249927321853036,62995,4095.885312,MB,58477.0,4.095885312,context_0000,What is the value associated with key F1EE13432E61? Return only the value.,8622.784512,['B0E6E21342B0'],32
4096.0,27777.0,synthetic_kv_64k,8.622784512,,4400E88DA719,147.456,27777.0,0.5249927321853036,62995,4095.885312,MB,58477.0,4.095885312,context_0000,What is the value associated with key 2628E767DCEA? Return only the value.,8622.784512,['09398BABCE3B'],32
4096.0,27777.0,synthetic_kv_64k,8.622784512,,5A1B591196DC,147.456,27777.0,0.5249927321853036,62995,4095.885312,MB,58477.0,4.095885312,context_0000,What is the value associated with key 5E84D5A804EB? Return only the value.,8622.784512,['8D72951F58D0'],32
4096.0,27777.0,synthetic_kv_64k,8.622784512,,F2D90692F2D1,147.456,27777.0,0.5249927321853036,62995,4095.885312,MB,58477.0,4.095885312,context_0000,What is the value associated with key 6E0625E97977? Return only the value.,8622.784512,['0AB520A04502'],32
4096.0,27777.0,synthetic_kv_64k,8.622784512,,670AB321BF21,147.456,27777.0,0.5249927321853036,62995,4095.885312,MB,58477.0,4.095885312,context_0000,What is the value associated with key 5D594EEA04E7? Return only the value.,8622.784512,['EEDEE623A689'],32
4096.0,27777.0,synthetic_kv_64k,8.622784512,,0A36DC574F1D,147.456,27777.0,0.5249927321853036,62995,4095.885312,MB,58477.0,4.095885312,context_0000,What is the value associated with key F8E1CBCEABDE? Return only the value.,8622.784512,['0A36DC570131'],32
4096.0,27777.0,synthetic_kv_64k,8.622784512,,AE9B35D5A98C,147.456,27777.0,0.5249927321853036,62995,4095.885312,MB,58477.0,4.095885312,context_0000,What is the value associated with key 5B99E61FECC0? Return only the value.,8622.784512,['AE9B35C7936C'],32
4096.0,27777.0,synthetic_kv_64k,8.622784512,,6FDC5E36E943,147.456,27777.0,0.5249927321853036,62995,4095.885312,MB,58477.0,4.095885312,context_0000,What is the value associated with key AABC3FE12E47? Return only the value.,8622.784512,['5A8A1A50AEC3'],32
4096.0,27777.0,synthetic_kv_64k,8.622784512,,530AB8BA8368,147.456,27777.0,0.5249927321853036,62995,4095.885312,MB,58477.0,4.095885312,context_0000,What is the value associated with key 8F54C7B5B2BC? Return only the value.,8622.784512,['DFEDE256A6DC'],32
4096.0,27777.0,synthetic_kv_64k,8.622784512,,51FAD6F89F7A,147.456,27777.0,0.5249927321853036,62995,4095.885312,MB,58477.0,4.095885312,context_0000,What is the value associated with key F94D6808593F? Return only the value.,8622.784512,['BFDD9EE3AC2A'],32
4096.0,27777.0,synthetic_kv_64k,8.622784512,,3326905881AD,147.456,27777.0,0.5249927321853036,62995,4095.885312,MB,58477.0,4.095885312,context_0000,What is the value associated with key ECFE2790CEBD? Return only the value.,8622.784512,['3C9AEE0CAEB5'],32
4096.0,27777.0,synthetic_kv_64k,8.622784512,,3E199F6A6A65,147.456,27777.0,0.5249927321853036,62995,4095.885312,MB,58477.0,4.095885312,context_0000,What is the value associated with key 2999DD56CC94? Return only the value.,8622.784512,['CCC5F9E8A369'],32
4096.0,27777.0,synthetic_kv_64k,8.622784512,,73D58845648C,147.456,27777.0,0.5249927321853036,62995,4095.885312,MB,58477.0,4.095885312,context_0000,What is the value associated with key 2D53CF8EBC5A? Return only the value.,8622.784512,['698CE1A47E10'],32
4096.0,27777.0,synthetic_kv_64k,8.622784512,,5417CAAA5B0D,147.456,27777.0,0.5249927321853036,62995,4095.885312,MB,58477.0,4.095885312,context_0000,What is the value associated with key 2DEA0658663A? Return only the value.,8622.784512,['ECABBC8F7D29'],32
4096.0,27777.0,synthetic_kv_64k,8.622784512,,F42DFD359F6A,147.456,27777.0,0.5249927321853036,62995,4095.885312,MB,58477.0,4.095885312,context_0000,What is the value associated with key C84A550A1B46? Return only the value.,8622.784512,['6966EE49F329'],32
4096.0,27777.0,synthetic_kv_64k,8.622784512,,378E8F10D33E,147.456,27777.0,0.5249927321853036,62995,4095.885312,MB,58477.0,4.095885312,context_0000,What is the value associated with key AB7FCD5F4822? Return only the value.,8622.784512,['BC2CDD334CC7'],32
4096.0,27777.0,synthetic_kv_64k,8.622784512,,3C072CED3C0D,147.456,27777.0,0.5249927321853036,62995,4095.885312,MB,58477.0,4.095885312,context_0000,What is the value associated with key 3F87CF8D446A? Return only the value.,8622.784512,['28C1444D610B'],32
4096.0,27777.0,synthetic_kv_64k,8.622784512,,4E8A58490613,147.456,27777.0,0.5249927321853036,62995,4095.885312,MB,58477.0,4.095885312,context_0000,What is the value associated with key B386C991603F? Return only the value.,8622.784512,['61EE1BAC27A7'],32
4096.0,27777.0,synthetic_kv_64k,8.622784512,,5F98A65E688E,147.456,27777.0,0.5249927321853036,62995,4095.885312,MB,58477.0,4.095885312,context_0000,What is the value associated with key 09E9DF465290? Return only the value.,8622.784512,['787FDBCCC477'],32
4096.0,27777.0,synthetic_kv_64k,8.622784512,,5C6785448C2C,147.456,27777.0,0.5249927321853036,62995,4095.885312,MB,58477.0,4.095885312,context_0000,What is the value associated with key 331738F16A81? Return only the value.,8622.784512,['EB1FD10BD1D0'],32
4096.0,27777.0,synthetic_kv_64k,8.622784512,,FD154E20C965,147.456,27777.0,0.5249927321853036,62995,4095.885312,MB,58477.0,4.095885312,context_0000,What is the value associated with key 598375D66ED4? Return only the value.,8622.784512,['D20E4E20FD1A'],32
4096.0,27777.0,synthetic_kv_64k,8.622784512,,709426A56C8A,147.456,27777.0,0.5249927321853036,62995,4095.885312,MB,58477.0,4.095885312,context_0000,What is the value associated with key DF0FCB9BC326? Return only the value.,8622.784512,['39113A43B2BA'],32
4096.0,27777.0,synthetic_kv_64k,8.622784512,,7394847FD9B4,147.456,27777.0,0.5249927321853036,62995,4095.885312,MB,58477.0,4.095885312,context_0000,What is the value associated with key A8F7060EDF5B? Return only the value.,8622.784512,['66013170F437'],32
4096.0,27777.0,synthetic_kv_64k,8.622784512,,5C0BA757CB10,147.456,27777.0,0.5249927321853036,62995,4095.885312,MB,58477.0,4.095885312,context_0000,What is the value associated with key 47525408F9AC? Return only the value.,8622.784512,['11C5DD463C09'],32
4096.0,27777.0,synthetic_kv_64k,8.622784512,,59E44774BC58,147.456,27777.0,0.5249927321853036,62995,4095.885312,MB,58477.0,4.095885312,context_0000,What is the value associated with key C5F8F7860B50? Return only the value.,8622.784512,['59E44774BC58'],32
4096.0,27777.0,synthetic_kv_64k,8.622784512,,5C9DB42A0456,147.456,27777.0,0.5249927321853036,62995,4095.885312,MB,58477.0,4.095885312,context_0000,What is the value associated with key 8268A43825B5? Return only the value.,8622.784512,['ADF46651529E'],32
4096.0,27777.0,synthetic_kv_64k,8.622784512,,313993CD59BF,147.456,27777.0,0.5249927321853036,62995,4095.885312,MB,58477.0,4.095885312,context_0000,What is the value associated with key D7FAFB2CA025? Return only the value.,8622.784512,['54C689456F27'],32
4096.0,27777.0,synthetic_kv_64k,8.622784512,,3E89E117DAC3,147.456,27777.0,0.5249927321853036,62995,4095.885312,MB,58477.0,4.095885312,context_0000,What is the value associated with key 0710F071D879? Return only the value.,8622.784512,['E0851D870966'],32
4096.0,27777.0,synthetic_kv_64k,8.622784512,,5C07D71173E4,147.456,27777.0,0.5249927321853036,62995,4095.885312,MB,58477.0,4.095885312,context_0000,What is the value associated with key 42DEF86C2CA2? Return only the value.,8622.784512,['94A12DB69EDB'],32
4096.0,27777.0,synthetic_kv_64k,8.622784512,,50484C654C4E,147.456,27777.0,0.5249927321853036,62995,4095.885312,MB,58477.0,4.095885312,context_0000,What is the value associated with key FBC9F668A617? Return only the value.,8622.784512,['09CB43F59A85'],32
4096.0,27777.0,synthetic_kv_64k,8.622784512,,473796DA1DAC,147.456,27777.0,0.5249927321853036,62995,4095.885312,MB,58477.0,4.095885312,context_0000,What is the value associated with key 98B81BC044FC? Return only the value.,8622.784512,['587E6F3F920C'],32
4096.0,27777.0,synthetic_kv_64k,8.622784512,,2D704C35484D,147.456,27777.0,0.5249927321853036,62995,4095.885312,MB,58477.0,4.095885312,context_0000,What is the value associated with key C953BA81EDD9? Return only the value.,8622.784512,['6FB7504D281F'],32
4096.0,27777.0,synthetic_kv_64k,8.622784512,,3270AB8309A1,147.456,27777.0,0.5249927321853036,62995,4095.885312,MB,58477.0,4.095885312,context_0000,What is the value associated with key FBF69B3080D5? Return only the value.,8622.784512,['1D9A82EC9F2D'],32
4096.0,27777.0,synthetic_kv_64k,8.622784512,,30A9939B462D,147.456,27777.0,0.5249927321853036,62995,4095.885312,MB,58477.0,4.095885312,context_0000,What is the value associated with key E645629C2AE3? Return only the value.,8622.784512,['30A9939B462D'],32
4096.0,27777.0,synthetic_kv_64k,8.622784512,,0F841931E9EE,147.456,27777.0,0.5249927321853036,62995,4095.885312,MB,58477.0,4.095885312,context_0000,What is the value associated with key 0B5C41357E8C? Return only the value.,8622.784512,['6FA1B572F3D0'],32
4096.0,27777.0,synthetic_kv_64k,8.622784512,,CE7AECF27E76,147.456,27777.0,0.5249927321853036,62995,4095.885312,MB,58477.0,4.095885312,context_0000,What is the value associated with key 8519006ED6E3? Return only the value.,8622.784512,['CE77ECF27E76'],32
4096.0,27777.0,synthetic_kv_64k,8.622784512,,522327794685,147.456,27777.0,0.5249927321853036,62995,4095.885312,MB,58477.0,4.095885312,context_0000,What is the value associated with key AFD589D7FD6C? Return only the value.,8622.784512,['F0B5B82C9074'],32
4096.0,27777.0,synthetic_kv_64k,8.622784512,,3270ABAE4F43,147.456,27777.0,0.5249927321853036,62995,4095.885312,MB,58477.0,4.095885312,context_0000,What is the value associated with key BCAEBDF070AA? Return only the value.,8622.784512,['3270ABAE4F43'],32
4096.0,27777.0,synthetic_kv_64k,8.622784512,,387E6844584C,147.456,27777.0,0.5249927321853036,62995,4095.885312,MB,58477.0,4.095885312,context_0000,What is the value associated with key 6E695D3D9E56? Return only the value.,8622.784512,['F2E911E9CDAA'],32
4096.0,27777.0,synthetic_kv_64k,8.622784512,,378E8F10D33E,147.456,27777.0,0.5249927321853036,62995,4095.885312,MB,58477.0,4.095885312,context_0000,What is the value associated with key EBB7AA0B7B14? Return only the value.,8622.784512,['9F875487FD4F'],32
4096.0,27777.0,synthetic_kv_64k,8.622784512,,5048BF57CB10,147.456,27777.0,0.5249927321853036,62995,4095.885312,MB,58477.0,4.095885312,context_0000,What is the value associated with key A9D3505CC686? Return only the value.,8622.784512,['1FE7D9178793'],32
4096.0,27777.0,synthetic_kv_64k,8.622784512,,506384858485,147.456,27777.0,0.5249927321853036,62995,4095.885312,MB,58477.0,4.095885312,context_0000,What is the value associated with key E669B841D0A0? Return only the value.,8622.784512,['81D24CE1EB90'],32
4096.0,27777.0,synthetic_kv_64k,8.622784512,,7394847FD9B4,147.456,27777.0,0.5249927321853036,62995,4095.885312,MB,58477.0,4.095885312,context_0000,What is the value associated with key AAB94F2D4796? Return only the value.,8622.784512,['5380688C7015'],32
4096.0,27777.0,synthetic_kv_64k,8.622784512,,310C3904048C,147.456,27777.0,0.5249927321853036,62995,4095.885312,MB,58477.0,4.095885312,context_0000,What is the value associated with key B27C6703B636? Return only the value.,8622.784512,['8DED4BB00F20'],32
4096.0,27777.0,synthetic_kv_64k,8.622784512,,83804854888C,147.456,27777.0,0.5249927321853036,62995,4095.885312,MB,58477.0,4.095885312,context_0000,What is the value associated with key 311C2095EEF6? Return only the value.,8622.784512,['AA386BA25EFE'],32
4096.0,27777.0,synthetic_kv_64k,8.622784512,,B5638C45814C,147.456,27777.0,0.5249927321853036,62995,4095.885312,MB,58477.0,4.095885312,context_0000,What is the value associated with key 610FF0BBAC67? Return only the value.,8622.784512,['BF85AD64B56C'],32
4096.0,27777.0,synthetic_kv_64k,8.622784512,,62B09D9262AF,147.456,27777.0,0.5249927321853036,62995,4095.885312,MB,58477.0,4.095885312,context_0000,What is the value associated with key 2C8DE71E43A6? Return only the value.,8622.784512,['91B09D9262AF'],32
4096.0,27777.0,synthetic_kv_64k,8.622784512,,D56F8C459CE2,147.456,27777.0,0.5249927321853036,62995,4095.885312,MB,58477.0,4.095885312,context_0000,What is the value associated with key 67F44D0B0D1A? Return only the value.,8622.784512,['D56F8C459CE2'],32
4096.0,27777.0,synthetic_kv_64k,8.622784512,,5C0BA757CB10,147.456,27777.0,0.5249927321853036,62995,4095.885312,MB,58477.0,4.095885312,context_0000,What is the value associated with key 4DCA001A9A8B? Return only the value.,8622.784512,['35CE49732D6C'],32
4096.0,27777.0,synthetic_kv_64k,8.622784512,,E8950B387C34,147.456,27777.0,0.5249927321853036,62995,4095.885312,MB,58477.0,4.095885312,context_0000,What is the value associated with key C9276E0D2648? Return only the value.,8622.784512,['9B4E9479E1E6'],32
4096.0,27777.0,synthetic_kv_64k,8.622784512,,539F1223B513,147.456,27777.0,0.5249927321853036,62995,4095.885312,MB,58477.0,4.095885312,context_0000,What is the value associated with key 527EA79AC9AA? Return only the value.,8622.784512,['711877097749'],32
4096.0,27777.0,synthetic_kv_64k,8.622784512,,7E415FF595EA,147.456,27777.0,0.5249927321853036,62995,4095.885312,MB,58477.0,4.095885312,context_0000,What is the value associated with key ACF571316269? Return only the value.,8622.784512,['82DC36B5229A'],32
4096.0,27777.0,synthetic_kv_64k,8.622784512,,31F345635C2D,147.456,27777.0,0.5249927321853036,62995,4095.885312,MB,58477.0,4.095885312,context_0000,What is the value associated with key CB327922BAC2? Return only the value.,8622.784512,['F5B7E6B3C944'],32
4096.0,27777.0,synthetic_kv_64k,8.622784512,,6C93B25F13DF,147.456,27777.0,0.5249927321853036,62995,4095.885312,MB,58477.0,4.095885312,context_0000,What is the value associated with key BC67CBC84759? Return only the value.,8622.784512,['A8AA2B70E525'],32
4096.0,27777.0,synthetic_kv_64k,8.622784512,,5F98A65E688E,147.456,27777.0,0.5249927321853036,62995,4095.885312,MB,58477.0,4.095885312,context_0000,What is the value associated with key 48A615B52908? Return only the value.,8622.784512,['A9F283F4A9A9'],32
4096.0,27777.0,synthetic_kv_64k,8.622784512,,3895907C4462,147.456,27777.0,0.5249927321853036,62995,4095.885312,MB,58477.0,4.095885312,context_0000,What is the value associated with key 9E87A2086977? Return only the value.,8622.784512,['17E855CEE5DB'],32
4096.0,27777.0,synthetic_kv_64k,8.622784512,,5C44AB4220A7,147.456,27777.0,0.5249927321853036,62995,4095.885312,MB,58477.0,4.095885312,context_0000,What is the value associated with key F3B6D1843324? Return only the value.,8622.784512,['3C20C04A96C4'],32
4096.0,27777.0,synthetic_kv_64k,8.622784512,,8E4C6D5D0477,147.456,27777.0,0.5249927321853036,62995,4095.885312,MB,58477.0,4.095885312,context_0000,What is the value associated with key 4F77AC3C5640? Return only the value.,8622.784512,['CE7A39820CFF'],32
4096.0,27777.0,synthetic_kv_64k,8.622784512,,5417CAAA5BBE,147.456,27777.0,0.5249927321853036,62995,4095.885312,MB,58477.0,4.095885312,context_0000,What is the value associated with key 25B832FA2DE8? Return only the value.,8622.784512,['0BD40640BE0F'],32
4096.0,27777.0,synthetic_kv_64k,8.622784512,,0F7E6C4624E9,147.456,27777.0,0.5249927321853036,62995,4095.885312,MB,58477.0,4.095885312,context_0000,What is the value associated with key FBE33EAE0032? Return only the value.,8622.784512,['9C7C79A28903'],32
4096.0,27777.0,synthetic_kv_64k,8.622784512,,504848448484,147.456,27777.0,0.5249927321853036,62995,4095.885312,MB,58477.0,4.095885312,context_0000,What is the value associated with key C4BBD98868DD? Return only the value.,8622.784512,['749612A4DEF0'],32
4096.0,27777.0,synthetic_kv_64k,8.622784512,,70942692DC63,147.456,27777.0,0.5249927321853036,62995,4095.885312,MB,58477.0,4.095885312,context_0000,What is the value associated with key E2D96A18CE4C? Return only the value.,8622.784512,['935FA1384DDC'],32
4096.0,27777.0,synthetic_kv_64k,8.622784512,,310C3FA7F104,147.456,27777.0,0.5249927321853036,62995,4095.885312,MB,58477.0,4.095885312,context_0000,What is the value associated with key B7E531C681EC? Return only the value.,8622.784512,['624CB24445A7'],32
4096.0,27777.0,synthetic_kv_64k,8.622784512,,380A9858E201,147.456,27777.0,0.5249927321853036,62995,4095.885312,MB,58477.0,4.095885312,context_0000,What is the value associated with key 664F7E8F8095? Return only the value.,8622.784512,['25C73E75C3B4'],32
4096.0,27777.0,synthetic_kv_64k,8.622784512,,366E5044E58A,147.456,27777.0,0.5249927321853036,62995,4095.885312,MB,58477.0,4.095885312,context_0000,What is the value associated with key B008A7F36AE9? Return only the value.,8622.784512,['E485016B6287'],32
4096.0,27777.0,synthetic_kv_64k,8.622784512,,582443204444,147.456,27777.0,0.5249927321853036,62995,4095.885312,MB,58477.0,4.095885312,context_0000,What is the value associated with key DC45C03F3538? Return only the value.,8622.784512,['E2ADC521BF2D'],32
4096.0,27777.0,synthetic_kv_64k,8.622784512,,43D41C459CE2,147.456,27777.0,0.5249927321853036,62995,4095.885312,MB,58477.0,4.095885312,context_0000,What is the value associated with key C7461B494E15? Return only the value.,8622.784512,['38056CD66193'],32
4096.0,27777.0,synthetic_kv_64k,8.622784512,,7B4C623AD0FC,147.456,27777.0,0.5249927321853036,62995,4095.885312,MB,58477.0,4.095885312,context_0000,What is the value associated with key CDDA2D06E8CF? Return only the value.,8622.784512,['B227F53D4330'],32
4096.0,27777.0,synthetic_kv_64k,8.622784512,,217DC56811CD,147.456,27777.0,0.5249927321853036,62995,4095.885312,MB,58477.0,4.095885312,context_0000,What is the value associated with key 76EC8498E113? Return only the value.,8622.784512,['8EB20CDB1CA4'],32
4096.0,27777.0,synthetic_kv_64k,8.622784512,,13AEC359810A,147.456,27777.0,0.5249927321853036,62995,4095.885312,MB,58477.0,4.095885312,context_0000,What is the value associated with key EADF3FCB7546? Return only the value.,8622.784512,['1F11D92C9227'],32
4096.0,27777.0,synthetic_kv_64k,8.622784512,,508248BDDB3E,147.456,27777.0,0.5249927321853036,62995,4095.885312,MB,58477.0,4.095885312,context_0000,What is the value associated with key 222274DAAEBF? Return only the value.,8622.784512,['76F2CD29A36F'],32
4096.0,27777.0,synthetic_kv_64k,8.622784512,,37F28BDDCEE3,147.456,27777.0,0.5249927321853036,62995,4095.885312,MB,58477.0,4.095885312,context_0000,What is the value associated with key 87F8AAE65FC1? Return only the value.,8622.784512,['8F15FCE68504'],32
4096.0,27777.0,synthetic_kv_64k,8.622784512,,3E4290A3FBBF,147.456,27777.0,0.5249927321853036,62995,4095.885312,MB,58477.0,4.095885312,context_0000,What is the value associated with key 513A986F9025? Return only the value.,8622.784512,['C158F335CBA3'],32
4096.0,27777.0,synthetic_kv_64k,8.622784512,,887BE980F85C,147.456,27777.0,0.5249927321853036,62995,4095.885312,MB,58477.0,4.095885312,context_0000,What is the value associated with key 714CE4347D51? Return only the value.,8622.784512,['D0A49CD6C852'],32
4096.0,27777.0,synthetic_kv_64k,8.622784512,,5900548813FE,147.456,27777.0,0.5249927321853036,62995,4095.885312,MB,58477.0,4.095885312,context_0000,What is the value associated with key E45BB8225688? Return only the value.,8622.784512,['6D3E81392443'],32
4096.0,27777.0,synthetic_kv_64k,8.622784512,,5A3008E8945A,147.456,27777.0,0.5249927321853036,62995,4095.885312,MB,58477.0,4.095885312,context_0000,What is the value associated with key E827D4A02E53? Return only the value.,8622.784512,['72278C41561B'],32
4096.0,27777.0,synthetic_kv_64k,8.622784512,,589154448841,147.456,27777.0,0.5249927321853036,62995,4095.885312,MB,58477.0,4.095885312,context_0000,What is the value associated with key 28BEE5AF6E39? Return only the value.,8622.784512,['DC8ABE6033F7'],32
4096.0,27777.0,synthetic_kv_64k,8.622784512,,8E4C6D5D0477,147.456,27777.0,0.5249927321853036,62995,4095.885312,MB,58477.0,4.095885312,context_0000,What is the value associated with key 733779844388? Return only the value.,8622.784512,['C074425A609F'],32
4096.0,27777.0,synthetic_kv_64k,8.622784512,,46FDA33DC7AF,147.456,27777.0,0.5249927321853036,62995,4095.885312,MB,58477.0,4.095885312,context_0000,What is the value associated with key D7013F4B1A70? Return only the value.,8622.784512,['46FDA33DC7AF'],32
4096.0,27777.0,synthetic_kv_64k,8.622784512,,5C0BA757CB10,147.456,27777.0,0.5249927321853036,62995,4095.885312,MB,58477.0,4.095885312,context_0000,What is the value associated with key C715C40C5D91? Return only the value.,8622.784512,['7C0E8573E793'],32
4096.0,27777.0,synthetic_kv_64k,8.622784512,,348718503444,147.456,27777.0,0.5249927321853036,62995,4095.885312,MB,58477.0,4.095885312,context_0000,What is the value associated with key 3D3FA07295E9? Return only the value.,8622.784512,['709B464C04AF'],32
4096.0,27777.0,synthetic_kv_64k,8.622784512,,5A28CB8383F2,147.456,27777.0,0.5249927321853036,62995,4095.885312,MB,58477.0,4.095885312,context_0000,What is the value associated with key B6AA13D5F2F7? Return only the value.,8622.784512,['3C0749257AF1'],32
4096.0,27777.0,synthetic_kv_64k,8.622784512,,3C9A238D8DED,147.456,27777.0,0.5249927321853036,62995,4095.885312,MB,58477.0,4.095885312,context_0000,What is the value associated with key 55FA458F1F19? Return only the value.,8622.784512,['E49D51D87C64'],32
4096.0,27777.0,synthetic_kv_64k,8.622784512,,3E2428456887,147.456,27777.0,0.5249927321853036,62995,4095.885312,MB,58477.0,4.095885312,context_0000,What is the value associated with key 14A08A476A87? Return only the value.,8622.784512,['269C236C7B87'],32
4096.0,27777.0,synthetic_kv_64k,8.622784512,,F51538161654,147.456,27777.0,0.5249927321853036,62995,4095.885312,MB,58477.0,4.095885312,context_0000,What is the value associated with key 620E3B33F3D8? Return only the value.,8622.784512,['271EB1A6B1F1'],32
4096.0,27777.0,synthetic_kv_64k,8.622784512,,6F9488D524E6,147.456,27777.0,0.5249927321853036,62995,4095.885312,MB,58477.0,4.095885312,context_0000,What is the value associated with key 36C5B4D7E28E? Return only the value.,8622.784512,['6A3410714D51'],32
4096.0,27777.0,synthetic_kv_64k,8.622784512,,77468AE8905B,147.456,27777.0,0.5249927321853036,62995,4095.885312,MB,58477.0,4.095885312,context_0000,What is the value associated with key 54B468586EBA? Return only the value.,8622.784512,['77468AE8905B'],32
4096.0,27777.0,synthetic_kv_64k,8.622784512,,6B0A9D896047,147.456,27777.0,0.5249927321853036,62995,4095.885312,MB,58477.0,4.095885312,context_0000,What is the value associated with key 0FF06A702E2F? Return only the value.,8622.784512,['D53834F3193C'],32
4096.0,27777.0,synthetic_kv_64k,8.622784512,,5F98A65E688E,147.456,27777.0,0.5249927321853036,62995,4095.885312,MB,58477.0,4.095885312,context_0000,What is the value associated with key 63B46B8E869F? Return only the value.,8622.784512,['C511E7A37E81'],32
4096.0,27777.0,synthetic_kv_64k,8.622784512,,504844844444,147.456,27777.0,0.5249927321853036,62995,4095.885312,MB,58477.0,4.095885312,context_0000,What is the value associated with key F23195863A76? Return only the value.,8622.784512,['0500B20DCB6E'],32
4096.0,27777.0,synthetic_kv_64k,8.622784512,,71187709774D,147.456,27777.0,0.5249927321853036,62995,4095.885312,MB,58477.0,4.095885312,context_0000,What is the value associated with key E172DB52CA58? Return only the value.,8622.784512,['9360C3FE0183'],32
4096.0,27777.0,synthetic_kv_64k,8.622784512,,A8C48554544C,147.456,27777.0,0.5249927321853036,62995,4095.885312,MB,58477.0,4.095885312,context_0000,What is the value associated with key 7A1B6160A6B4? Return only the value.,8622.784512,['F157018267C4'],32
4096.0,27777.0,synthetic_kv_64k,8.622784512,,43D6236EB832,147.456,27777.0,0.5249927321853036,62995,4095.885312,MB,58477.0,4.095885312,context_0000,What is the value associated with key 4C715A0CDD7C? Return only the value.,8622.784512,['63D6C0E3BEFD'],32
4096.0,27777.0,synthetic_kv_64k,8.622784512,,085B4A8FF810,147.456,27777.0,0.5249927321853036,62995,4095.885312,MB,58477.0,4.095885312,context_0000,What is the value associated with key E442DA7B9095? Return only the value.,8622.784512,['D5F2F41402B1'],32
4096.0,27777.0,synthetic_kv_64k,8.622784512,,2493757750A9,147.456,27777.0,0.5249927321853036,62995,4095.885312,MB,58477.0,4.095885312,context_0000,What is the value associated with key 89C86B44FA8D? Return only the value.,8622.784512,['BC10BF5D2FDF'],32
4096.0,27777.0,synthetic_kv_64k,8.622784512,,E5D69A6EC2F5,147.456,27777.0,0.5249927321853036,62995,4095.885312,MB,58477.0,4.095885312,context_0000,What is the value associated with key CCC48BCF53A1? Return only the value.,8622.784512,['E5D69A6EC2F5'],32
4096.0,27777.0,synthetic_kv_64k,8.622784512,,49267895424A,147.456,27777.0,0.5249927321853036,62995,4095.885312,MB,58477.0,4.095885312,context_0000,What is the value associated with key 7CFC3875394C? Return only the value.,8622.784512,['45DF382C043F'],32
4096.0,27777.0,synthetic_kv_64k,8.622784512,,54CEC8CCE2C2,147.456,27777.0,0.5249927321853036,62995,4095.885312,MB,58477.0,4.095885312,context_0000,What is the value associated with key 7C536F92F25E? Return only the value.,8622.784512,['638C076E2BBA'],32
4096.0,27777.0,synthetic_kv_64k,8.622784512,,310C3FA7F104,147.456,27777.0,0.5249927321853036,62995,4095.885312,MB,58477.0,4.095885312,context_0000,What is the value associated with key AB3B560C95EE? Return only the value.,8622.784512,['CC53ADDC3E13'],32
4096.0,27777.0,synthetic_kv_64k,8.622784512,,378E8F10DE8C,147.456,27777.0,0.5249927321853036,62995,4095.885312,MB,58477.0,4.095885312,context_0000,What is the value associated with key B96367814C1F? Return only the value.,8622.784512,['D72B2A405F12'],32
4096.0,27777.0,synthetic_kv_64k,8.622784512,,036914375044,147.456,27777.0,0.5249927321853036,62995,4095.885312,MB,58477.0,4.095885312,context_0000,What is the value associated with key EB6777A6E17C? Return only the value.,8622.784512,['FB1020AC3703'],32
4096.0,27777.0,synthetic_kv_64k,8.622784512,,582D8754535D,147.456,27777.0,0.5249927321853036,62995,4095.885312,MB,58477.0,4.095885312,context_0000,What is the value associated with key 88BC9F4C3B79? Return only the value.,8622.784512,['E82C06E745F9'],32
4096.0,27777.0,synthetic_kv_64k,8.622784512,,735584544444,147.456,27777.0,0.5249927321853036,62995,4095.885312,MB,58477.0,4.095885312,context_0000,What is the value associated with key 978664DE82E6? Return only the value.,8622.784512,['A9BA907BFE36'],32
4096.0,27777.0,synthetic_kv_64k,8.622784512,,564CBC9204C7,147.456,27777.0,0.5249927321853036,62995,4095.885312,MB,58477.0,4.095885312,context_0000,What is the value associated with key 157D06F028FF? Return only the value.,8622.784512,['6DB9A48B3DBE'],32
4096.0,27777.0,synthetic_kv_64k,8.622784512,,582718300477,147.456,27777.0,0.5249927321853036,62995,4095.885312,MB,58477.0,4.095885312,context_0000,What is the value associated with key DDE922BD3388? Return only the value.,8622.784512,['2E857631DE9D'],32
4096.0,27777.0,synthetic_kv_64k,8.622784512,,7C9618318AA3,147.456,27777.0,0.5249927321853036,62995,4095.885312,MB,58477.0,4.095885312,context_0000,What is the value associated with key 42990CDF742B? Return only the value.,8622.784512,['53CD610CF373'],32
4096.0,27777.0,synthetic_kv_64k,8.622784512,,284B5744F596,147.456,27777.0,0.5249927321853036,62995,4095.885312,MB,58477.0,4.095885312,context_0000,What is the value associated with key 7467362F5E5C? Return only the value.,8622.784512,['566653AC2AB9'],32
4096.0,27777.0,synthetic_kv_64k,8.622784512,,739484704D48,147.456,27777.0,0.5249927321853036,62995,4095.885312,MB,58477.0,4.095885312,context_0000,What is the value associated with key E130C2DFF335? Return only the value.,8622.784512,['473B610E6A64'],32
4096.0,27777.0,synthetic_kv_64k,8.622784512,,5715A41C525A,147.456,27777.0,0.5249927321853036,62995,4095.885312,MB,58477.0,4.095885312,context_0000,What is the value associated with key F382C083B73A? Return only the value.,8622.784512,['6BEBD4F8FD72'],32
4096.0,27777.0,synthetic_kv_64k,8.622784512,,5417CAAA5B5D,147.456,27777.0,0.5249927321853036,62995,4095.885312,MB,58477.0,4.095885312,context_0000,What is the value associated with key D5BC4094DDED? Return only the value.,8622.784512,['786614F7CE8D'],32
4096.0,27777.0,synthetic_kv_64k,8.622784512,,5C9DB42A0456,147.456,27777.0,0.5249927321853036,62995,4095.885312,MB,58477.0,4.095885312,context_0000,What is the value associated with key BFC004F64D86? Return only the value.,8622.784512,['0D558A175DFE'],32
4096.0,27777.0,synthetic_kv_64k,8.622784512,,3E50382567B8,147.456,27777.0,0.5249927321853036,62995,4095.885312,MB,58477.0,4.095885312,context_0000,What is the value associated with key F3B1FFF9F585? Return only the value.,8622.784512,['396659970043'],32
4096.0,27777.0,synthetic_kv_64k,8.622784512,,3C080E63584C,147.456,27777.0,0.5249927321853036,62995,4095.885312,MB,58477.0,4.095885312,context_0000,What is the value associated with key 1190A66FD7F7? Return only the value.,8622.784512,['F510C7FEE39F'],32
4096.0,27777.0,synthetic_kv_64k,8.622784512,,2AB78D60447D,147.456,27777.0,0.5249927321853036,62995,4095.885312,MB,58477.0,4.095885312,context_0000,What is the value associated with key 0A4EA6D964A3? Return only the value.,8622.784512,['07F1C1156D6D'],32
4096.0,27777.0,synthetic_kv_64k,8.622784512,,5C3F084567B8,147.456,27777.0,0.5249927321853036,62995,4095.885312,MB,58477.0,4.095885312,context_0000,What is the value associated with key 3F4DF319C125? Return only the value.,8622.784512,['D6D733094D35'],32
4096.0,27777.0,synthetic_kv_64k,8.622784512,,47B82552356E,147.456,27777.0,0.5249927321853036,62995,4095.885312,MB,58477.0,4.095885312,context_0000,What is the value associated with key 9F0F05379FF6? Return only the value.,8622.784512,['3D112702878B'],32
4096.0,27777.0,synthetic_kv_64k,8.622784512,,3E4290A3FBBF,147.456,27777.0,0.5249927321853036,62995,4095.885312,MB,58477.0,4.095885312,context_0000,What is the value associated with key 793B20500494? Return only the value.,8622.784512,['1D48AB61A7B1'],32
4096.0,27777.0,synthetic_kv_64k,8.622784512,,9458C2874F06,147.456,27777.0,0.5249927321853036,62995,4095.885312,MB,58477.0,4.095885312,context_0000,What is the value associated with key F2A090604F62? Return only the value.,8622.784512,['770C37CC863B'],32
4096.0,27777.0,synthetic_kv_64k,8.622784512,,5C0BA757CB10,147.456,27777.0,0.5249927321853036,62995,4095.885312,MB,58477.0,4.095885312,context_0000,What is the value associated with key 4199B31022F0? Return only the value.,8622.784512,['5E6FC4536F1D'],32
4096.0,27777.0,synthetic_kv_64k,8.622784512,,23E271E89E76,147.456,27777.0,0.5249927321853036,62995,4095.885312,MB,58477.0,4.095885312,context_0000,What is the value associated with key 9B1B2AF43AB7? Return only the value.,8622.784512,['F6B79B749245'],32
4096.0,27777.0,synthetic_kv_64k,8.622784512,,730A0556848D,147.456,27777.0,0.5249927321853036,62995,4095.885312,MB,58477.0,4.095885312,context_0000,What is the value associated with key B7E6BF780E3F? Return only the value.,8622.784512,['C71D1D5206AB'],32
4096.0,27777.0,synthetic_kv_64k,8.622784512,,3E4290A3FBBF,147.456,27777.0,0.5249927321853036,62995,4095.885312,MB,58477.0,4.095885312,context_0000,What is the value associated with key 29ECD1BDB8C0? Return only the value.,8622.784512,['4FA0F6F7F0CC'],32
4096.0,27777.0,synthetic_kv_64k,8.622784512,,E948C2874F06,147.456,27777.0,0.5249927321853036,62995,4095.885312,MB,58477.0,4.095885312,context_0000,What is the value associated with key 94241BAC5C15? Return only the value.,8622.784512,['EDCB0692DC63'],32
4096.0,27777.0,synthetic_kv_64k,8.622784512,,5417CAAA5B52,147.456,27777.0,0.5249927321853036,62995,4095.885312,MB,58477.0,4.095885312,context_0000,What is the value associated with key 93674FDC6E1B? Return only the value.,8622.784512,['E874AD66A1BD'],32
4096.0,27777.0,synthetic_kv_64k,8.622784512,,F8915B66A18E,147.456,27777.0,0.5249927321853036,62995,4095.885312,MB,58477.0,4.095885312,context_0000,What is the value associated with key 6014F54AD0A2? Return only the value.,8622.784512,['F104658B2523'],32
4096.0,27777.0,synthetic_kv_64k,8.622784512,,37072485848C,147.456,27777.0,0.5249927321853036,62995,4095.885312,MB,58477.0,4.095885312,context_0000,What is the value associated with key 32C5B70B3420? Return only the value.,8622.784512,['979313748146'],32
4096.0,27777.0,synthetic_kv_64k,8.622784512,,34984D3365A2,147.456,27777.0,0.5249927321853036,62995,4095.885312,MB,58477.0,4.095885312,context_0000,What is the value associated with key D4A0B0CC1B3B? Return only the value.,8622.784512,['3E2BA092F52A'],32
4096.0,27777.0,synthetic_kv_64k,8.622784512,,B42A9ABA0F15,147.456,27777.0,0.5249927321853036,62995,4095.885312,MB,58477.0,4.095885312,context_0000,What is the value associated with key B27B1A16342C? Return only the value.,8622.784512,['4D34C5C14EB4'],32
4096.0,27777.0,synthetic_kv_64k,8.622784512,,503B2D445AF8,147.456,27777.0,0.5249927321853036,62995,4095.885312,MB,58477.0,4.095885312,context_0000,What is the value associated with key AF2BD9ACD158? Return only the value.,8622.784512,['CE3799B49350'],32
4096.0,27777.0,synthetic_kv_64k,8.622784512,,547449C4535F,147.456,27777.0,0.5249927321853036,62995,4095.885312,MB,58477.0,4.095885312,context_0000,What is the value associated with key CBD51EFD76E9? Return only the value.,8622.784512,['90E0FBDD3933'],32
4096.0,27777.0,synthetic_kv_64k,8.622784512,,582BF8E89181,147.456,27777.0,0.5249927321853036,62995,4095.885312,MB,58477.0,4.095885312,context_0000,What is the value associated with key 0A83C85ACA46? Return only the value.,8622.784512,['886158E25888'],32
4096.0,27777.0,synthetic_kv_64k,8.622784512,,503CFF54352C,147.456,27777.0,0.5249927321853036,62995,4095.885312,MB,58477.0,4.095885312,context_0000,What is the value associated with key A9596DAA2E68? Return only the value.,8622.784512,['11A75EDDBBBF'],32
4096.0,27777.0,synthetic_kv_64k,8.622784512,,5048BF57CB10,147.456,27777.0,0.5249927321853036,62995,4095.885312,MB,58477.0,4.095885312,context_0000,What is the value associated with key A5C58186A576? Return only the value.,8622.784512,['033D575AED2C'],32
4096.0,27777.0,synthetic_kv_64k,8.622784512,,5F98A6DA447B,147.456,27777.0,0.5249927321853036,62995,4095.885312,MB,58477.0,4.095885312,context_0000,What is the value associated with key 6B88D97DC9CD? Return only the value.,8622.784512,['7D7DD284476C'],32
4096.0,27777.0,synthetic_kv_64k,8.622784512,,5462F43BA052,147.456,27777.0,0.5249927321853036,62995,4095.885312,MB,58477.0,4.095885312,context_0000,What is the value associated with key 6EFB1B049863? Return only the value.,8622.784512,['5CB8F5F62C97'],32
4096.0,27777.0,synthetic_kv_64k,8.622784512,,F03C3ABF9C65,147.456,27777.0,0.5249927321853036,62995,4095.885312,MB,58477.0,4.095885312,context_0000,What is the value associated with key E43EA2B5B498? Return only the value.,8622.784512,['75B1D4262982'],32
4096.0,27777.0,synthetic_kv_64k,8.622784512,,56963548F615,147.456,27777.0,0.5249927321853036,62995,4095.885312,MB,58477.0,4.095885312,context_0000,What is the value associated with key 272AB5122DF8? Return only the value.,8622.784512,['2D176F7C15EA'],32
4096.0,27777.0,synthetic_kv_64k,8.622784512,,5E6FC4536F1D,147.456,27777.0,0.5249927321853036,62995,4095.885312,MB,58477.0,4.095885312,context_0000,What is the value associated with key 8591BBDA0242? Return only the value.,8622.784512,['A684F7294951'],32
4096.0,27777.0,synthetic_kv_64k,8.622784512,,5E6FC4536F1D,147.456,27777.0,0.5249927321853036,62995,4095.885312,MB,58477.0,4.095885312,context_0000,What is the value associated with key 9DAC45241EA6? Return only the value.,8622.784512,['EB6CCEE624D0'],32
4096.0,27777.0,synthetic_kv_64k,8.622784512,,8FC3F6BD80C7,147.456,27777.0,0.5249927321853036,62995,4095.885312,MB,58477.0,4.095885312,context_0000,What is the value associated with key C64E89C5B31A? Return only the value.,8622.784512,['77017BC67E1F'],32
4096.0,27777.0,synthetic_kv_64k,8.622784512,,670AB321BF21,147.456,27777.0,0.5249927321853036,62995,4095.885312,MB,58477.0,4.095885312,context_0000,What is the value associated with key D3636F81CF4F? Return only the value.,8622.784512,['97ACBB2488A3'],32
4096.0,27777.0,synthetic_kv_64k,8.622784512,,887BE980F43F,147.456,27777.0,0.5249927321853036,62995,4095.885312,MB,58477.0,4.095885312,context_0000,What is the value associated with key 528244B591F7? Return only the value.,8622.784512,['3ED8DA09DFA0'],32
4096.0,27777.0,synthetic_kv_64k,8.622784512,,5C0BA757CB10,147.456,27777.0,0.5249927321853036,62995,4095.885312,MB,58477.0,4.095885312,context_0000,What is the value associated with key EF43D4AAC9A3? Return only the value.,8622.784512,['4767162F8A24'],32
4096.0,27777.0,synthetic_kv_64k,8.622784512,,3E89E117DAC3,147.456,27777.0,0.5249927321853036,62995,4095.885312,MB,58477.0,4.095885312,context_0000,What is the value associated with key 7367E1B294DE? Return only the value.,8622.784512,['C01F3E6DD58B'],32
4096.0,27777.0,synthetic_kv_64k,8.622784512,,3E04C2D6626C,147.456,27777.0,0.5249927321853036,62995,4095.885312,MB,58477.0,4.095885312,context_0000,What is the value associated with key 91E176F72255? Return only the value.,8622.784512,['AB0E9C3EB2D5'],32
4096.0,27777.0,synthetic_kv_64k,8.622784512,,7E8A0758E201,147.456,27777.0,0.5249927321853036,62995,4095.885312,MB,58477.0,4.095885312,context_0000,What is the value associated with key 561E6105716B? Return only the value.,8622.784512,['7E8A0758E201'],32
4096.0,27777.0,synthetic_kv_64k,8.622784512,,6E41382567B8,147.456,27777.0,0.5249927321853036,62995,4095.885312,MB,58477.0,4.095885312,context_0000,What is the value associated with key 5334D9D80B8D? Return only the value.,8622.784512,['7CD02E8D0E87'],32
4096.0,27777.0,synthetic_kv_64k,8.622784512,,58485454484C,147.456,27777.0,0.5249927321853036,62995,4095.885312,MB,58477.0,4.095885312,context_0000,What is the value associated with key 5AD5364D7C87? Return only the value.,8622.784512,['4223CC3EBDDE'],32
4096.0,27777.0,synthetic_kv_64k,8.622784512,,989DE153C94C,147.456,27777.0,0.5249927321853036,62995,4095.885312,MB,58477.0,4.095885312,context_0000,What is the value associated with key 479757207246? Return only the value.,8622.784512,['989DE15CA666'],32
4096.0,27777.0,synthetic_kv_64k,8.622784512,,94FB53C93AE7,147.456,27777.0,0.5249927321853036,62995,4095.885312,MB,58477.0,4.095885312,context_0000,What is the value associated with key E14EB380C73A? Return only the value.,8622.784512,['8E4846B98991'],32
4096.0,27777.0,synthetic_kv_64k,8.622784512,,6E3C55B145E4,147.456,27777.0,0.5249927321853036,62995,4095.885312,MB,58477.0,4.095885312,context_0000,What is the value associated with key 84410299436A? Return only the value.,8622.784512,['30E9F2B43ABF'],32
4096.0,27777.0,synthetic_kv_64k,8.622784512,,54BB28FEA42F,147.456,27777.0,0.5249927321853036,62995,4095.885312,MB,58477.0,4.095885312,context_0000,What is the value associated with key 3DC915EABB27? Return only the value.,8622.784512,['680BB856D035'],32
4096.0,27777.0,synthetic_kv_64k,8.622784512,,929D42A04556,147.456,27777.0,0.5249927321853036,62995,4095.885312,MB,58477.0,4.095885312,context_0000,What is the value associated with key 8E207D137018? Return only the value.,8622.784512,['3D85C2171429'],32
4096.0,27777.0,synthetic_kv_64k,8.622784512,,5C0BA757CB10,147.456,27777.0,0.5249927321853036,62995,4095.885312,MB,58477.0,4.095885312,context_0000,What is the value associated with key 79E1B0CBC61F? Return only the value.,8622.784512,['B63BA559E463'],32
4096.0,27777.0,synthetic_kv_64k,8.622784512,,046ACAFDA613,147.456,27777.0,0.5249927321853036,62995,4095.885312,MB,58477.0,4.095885312,context_0000,What is the value associated with key 72BB7DA67785? Return only the value.,8622.784512,['046ACAFDA613'],32
4096.0,27777.0,synthetic_kv_64k,8.622784512,,678638BA8ABC,147.456,27777.0,0.5249927321853036,62995,4095.885312,MB,58477.0,4.095885312,context_0000,What is the value associated with key 4B5317D2582E? Return only the value.,8622.784512,['678638BA8ABC'],32
4096.0,27777.0,synthetic_kv_64k,8.622784512,,670A382567B8,147.456,27777.0,0.5249927321853036,62995,4095.885312,MB,58477.0,4.095885312,context_0000,What is the value associated with key 3E49B118F68D? Return only the value.,8622.784512,['A9F94E6384BB'],32
4096.0,27777.0,synthetic_kv_64k,8.622784512,,5C1142F5B3F5,147.456,27777.0,0.5249927321853036,62995,4095.885312,MB,58477.0,4.095885312,context_0000,What is the value associated with key 5E7894E0D3BA? Return only the value.,8622.784512,['8DB079279973'],32
4096.0,27777.0,synthetic_kv_64k,8.622784512,,39010DBF0CAF,147.456,27777.0,0.5249927321853036,62995,4095.885312,MB,58477.0,4.095885312,context_0000,What is the value associated with key 580087EA7FF5? Return only the value.,8622.784512,['FF236CEDD15D'],32
4096.0,27777.0,synthetic_kv_64k,8.622784512,,A34058330E8B,147.456,27777.0,0.5249927321853036,62995,4095.885312,MB,58477.0,4.095885312,context_0000,What is the value associated with key 8CE6BEF59FE6? Return only the value.,8622.784512,['5A1054AEBD1B'],32
4096.0,27777.0,synthetic_kv_64k,8.622784512,,96A9DC359F6A,147.456,27777.0,0.5249927321853036,62995,4095.885312,MB,58477.0,4.095885312,context_0000,What is the value associated with key 7428B3EE4D3B? Return only the value.,8622.784512,['4E7E455AC762'],32
4096.0,27777.0,synthetic_kv_64k,8.622784512,,4C7FA3760C2D,147.456,27777.0,0.5249927321853036,62995,4095.885312,MB,58477.0,4.095885312,context_0000,What is the value associated with key 3B04405BFDC9? Return only the value.,8622.784512,['B8A61EE34DC4'],32
4096.0,27777.0,synthetic_kv_64k,8.622784512,,239F1E9B23BC,147.456,27777.0,0.5249927321853036,62995,4095.885312,MB,58477.0,4.095885312,context_0000,What is the value associated with key 50C7314D3441? Return only the value.,8622.784512,['BE2D1E9B23BC'],32
4096.0,27777.0,synthetic_kv_64k,8.622784512,,50484E64444E,147.456,27777.0,0.5249927321853036,62995,4095.885312,MB,58477.0,4.095885312,context_0000,What is the value associated with key F36C892E6161? Return only the value.,8622.784512,['B0AEC31EDBBC'],32
4096.0,27777.0,synthetic_kv_64k,8.622784512,,3C072CED3C0D,147.456,27777.0,0.5249927321853036,62995,4095.885312,MB,58477.0,4.095885312,context_0000,What is the value associated with key 31082F65FAFA? Return only the value.,8622.784512,['BD153764FBDA'],32
4096.0,27777.0,synthetic_kv_64k,8.622784512,,96EFB97E6703,147.456,27777.0,0.5249927321853036,62995,4095.885312,MB,58477.0,4.095885312,context_0000,What is the value associated with key 46C87BF47042? Return only the value.,8622.784512,['96EFB97E6703'],32
4096.0,27777.0,synthetic_kv_64k,8.622784512,,CB48C354128A,147.456,27777.0,0.5249927321853036,62995,4095.885312,MB,58477.0,4.095885312,context_0000,What is the value associated with key C29CFA02EAEC? Return only the value.,8622.784512,['98C7864E9A13'],32
4096.0,27777.0,synthetic_kv_64k,8.622784512,,3E684854884C,147.456,27777.0,0.5249927321853036,62995,4095.885312,MB,58477.0,4.095885312,context_0000,What is the value associated with key FB0248729A4D? Return only the value.,8622.784512,['D52719BC143E'],32
4096.0,27777.0,synthetic_kv_64k,8.622784512,,5C62F43BA052,147.456,27777.0,0.5249927321853036,62995,4095.885312,MB,58477.0,4.095885312,context_0000,What is the value associated with key 4BD631B1B099? Return only the value.,8622.784512,['5C623A3C563E'],32
4096.0,27777.0,synthetic_kv_64k,8.622784512,,45C0942E77E0,147.456,27777.0,0.5249927321853036,62995,4095.885312,MB,58477.0,4.095885312,context_0000,What is the value associated with key 4D612DEFE193? Return only the value.,8622.784512,['B540039F3A25'],32
4096.0,27777.0,synthetic_kv_64k,8.622784512,,2F8C6E8D9644,147.456,27777.0,0.5249927321853036,62995,4095.885312,MB,58477.0,4.095885312,context_0000,What is the value associated with key 206788BD13D1? Return only the value.,8622.784512,['0BA64639447B'],32
4096.0,27777.0,synthetic_kv_64k,8.622784512,,4AC98DA8EEE4,147.456,27777.0,0.5249927321853036,62995,4095.885312,MB,58477.0,4.095885312,context_0000,What is the value associated with key 0DF5F96B648A? Return only the value.,8622.784512,['4AC98DA8EEE4'],32
4096.0,27777.0,synthetic_kv_64k,8.622784512,,548C340DE049,147.456,27777.0,0.5249927321853036,62995,4095.885312,MB,58477.0,4.095885312,context_0000,What is the value associated with key F1AFB289F224? Return only the value.,8622.784512,['A34B2053DA42'],32
4096.0,27777.0,synthetic_kv_64k,8.622784512,,34984D38E415,147.456,27777.0,0.5249927321853036,62995,4095.885312,MB,58477.0,4.095885312,context_0000,What is the value associated with key C0B6DE53790A? Return only the value.,8622.784512,['1A437DAA39F0'],32
4096.0,27777.0,synthetic_kv_64k,8.622784512,,3F6E23CBE943,147.456,27777.0,0.5249927321853036,62995,4095.885312,MB,58477.0,4.095885312,context_0000,What is the value associated with key 0323DF6A8F93? Return only the value.,8622.784512,['48CA92F5DF7B'],32
4096.0,27777.0,synthetic_kv_64k,8.622784512,,3E89E117DAC3,147.456,27777.0,0.5249927321853036,62995,4095.885312,MB,58477.0,4.095885312,context_0000,What is the value associated with key 7A8D782A65E0? Return only the value.,8622.784512,['573870C2903F'],32
4096.0,27777.0,synthetic_kv_64k,8.622784512,,50A20D270659,147.456,27777.0,0.5249927321853036,62995,4095.885312,MB,58477.0,4.095885312,context_0000,What is the value associated with key F72A2F32751E? Return only the value.,8622.784512,['40A20D270659'],32
4096.0,27777.0,synthetic_kv_64k,8.622784512,,3C0AB833E1F9,147.456,27777.0,0.5249927321853036,62995,4095.885312,MB,58477.0,4.095885312,context_0000,What is the value associated with key DC99F0E98B3B? Return only the value.,8622.784512,['1D347A4C75D4'],32
4096.0,27777.0,synthetic_kv_64k,8.622784512,,080AE7C99B26,147.456,27777.0,0.5249927321853036,62995,4095.885312,MB,58477.0,4.095885312,context_0000,What is the value associated with key 10BAD2762BDC? Return only the value.,8622.784512,['7DE36694C343'],32
4096.0,27777.0,synthetic_kv_64k,8.622784512,,6750E69D888C,147.456,27777.0,0.5249927321853036,62995,4095.885312,MB,58477.0,4.095885312,context_0000,What is the value associated with key 93B712F70C97? Return only the value.,8622.784512,['AFBBA1235A8C'],32
4096.0,27777.0,synthetic_kv_64k,8.622784512,,378E8F1022A9,147.456,27777.0,0.5249927321853036,62995,4095.885312,MB,58477.0,4.095885312,context_0000,What is the value associated with key 26D70DB95301? Return only the value.,8622.784512,['CFA72631D00B'],32
4096.0,27777.0,synthetic_kv_64k,8.622784512,,504824444444,147.456,27777.0,0.5249927321853036,62995,4095.885312,MB,58477.0,4.095885312,context_0000,What is the value associated with key F2F990164161? Return only the value.,8622.784512,['15CE4DC82A1E'],32
4096.0,27777.0,synthetic_kv_64k,8.622784512,,57B6589DECB0,147.456,27777.0,0.5249927321853036,62995,4095.885312,MB,58477.0,4.095885312,context_0000,What is the value associated with key 3F89FE716B14? Return only the value.,8622.784512,['8EDD1E52D770'],32
4096.0,27777.0,synthetic_kv_64k,8.622784512,,EE9C48F1096D,147.456,27777.0,0.5249927321853036,62995,4095.885312,MB,58477.0,4.095885312,context_0000,What is the value associated with key 6A8AC3B290D0? Return only the value.,8622.784512,['989B9B37A22B'],32
4096.0,27777.0,synthetic_kv_64k,8.622784512,,8E4C6D5D0477,147.456,27777.0,0.5249927321853036,62995,4095.885312,MB,58477.0,4.095885312,context_0000,What is the value associated with key 9E50CA6DFDA1? Return only the value.,8622.784512,['C69339C6A1CA'],32
4096.0,27777.0,synthetic_kv_64k,8.622784512,,BF85AD64B56C,147.456,27777.0,0.5249927321853036,62995,4095.885312,MB,58477.0,4.095885312,context_0000,What is the value associated with key 616085C7504B? Return only the value.,8622.784512,['E8937354EA6F'],32
4096.0,27777.0,synthetic_kv_64k,8.622784512,,45F34826B1F1,147.456,27777.0,0.5249927321853036,62995,4095.885312,MB,58477.0,4.095885312,context_0000,What is the value associated with key 4C1F715629EE? Return only the value.,8622.784512,['96A9DC33E1F9'],32
4096.0,27777.0,synthetic_kv_64k,8.622784512,,98740435368A,147.456,27777.0,0.5249927321853036,62995,4095.885312,MB,58477.0,4.095885312,context_0000,What is the value associated with key 6DC7FD72B050? Return only the value.,8622.784512,['91914E2D6645'],32
4096.0,27777.0,synthetic_kv_64k,8.622784512,,582D8044589C,147.456,27777.0,0.5249927321853036,62995,4095.885312,MB,58477.0,4.095885312,context_0000,What is the value associated with key 0F6B9EFBA58B? Return only the value.,8622.784512,['F5C99C10C572'],32
4096.0,27777.0,synthetic_kv_64k,8.622784512,,43B4E1E89E7E,147.456,27777.0,0.5249927321853036,62995,4095.885312,MB,58477.0,4.095885312,context_0000,What is the value associated with key 1967BD767E35? Return only the value.,8622.784512,['C342F295456E'],32
4096.0,27777.0,synthetic_kv_64k,8.622784512,,2D8444444444,147.456,27777.0,0.5249927321853036,62995,4095.885312,MB,58477.0,4.095885312,context_0000,What is the value associated with key A0213531968D? Return only the value.,8622.784512,['43BF3605BF54'],32
4096.0,27777.0,synthetic_kv_64k,8.622784512,,3D672834E4C0,147.456,27777.0,0.5249927321853036,62995,4095.885312,MB,58477.0,4.095885312,context_0000,What is the value associated with key 14C8A911D192? Return only the value.,8622.784512,['3D672834E4C0'],32
4096.0,27777.0,synthetic_kv_64k,8.622784512,,5DA42FDC9992,147.456,27777.0,0.5249927321853036,62995,4095.885312,MB,58477.0,4.095885312,context_0000,What is the value associated with key 8D4F2C7F0B79? Return only the value.,8622.784512,['28121337739E'],32
4096.0,27777.0,synthetic_kv_64k,8.622784512,,43D6236EB832,147.456,27777.0,0.5249927321853036,62995,4095.885312,MB,58477.0,4.095885312,context_0000,What is the value associated with key 689400AF5B3A? Return only the value.,8622.784512,['B07A735435EA'],32
4096.0,27777.0,synthetic_kv_64k,8.622784512,,E442ABD809A9,147.456,27777.0,0.5249927321853036,62995,4095.885312,MB,58477.0,4.095885312,context_0000,What is the value associated with key 784C980402A2? Return only the value.,8622.784512,['085B4A8FF810'],32
4096.0,27777.0,synthetic_kv_64k,8.622784512,,37F28BDDCEE3,147.456,27777.0,0.5249927321853036,62995,4095.885312,MB,58477.0,4.095885312,context_0000,What is the value associated with key 49C13B4206C5? Return only the value.,8622.784512,['4860B4FB0EB9'],32
4096.0,27777.0,synthetic_kv_64k,8.622784512,,1238743B65A2,147.456,27777.0,0.5249927321853036,62995,4095.885312,MB,58477.0,4.095885312,context_0000,What is the value associated with key DC0FB3F6FE0D? Return only the value.,8622.784512,['1238743B65A2'],32
4096.0,27777.0,synthetic_kv_64k,8.622784512,,89310DBF0CAF,147.456,27777.0,0.5249927321853036,62995,4095.885312,MB,58477.0,4.095885312,context_0000,What is the value associated with key 3BC1AFF8754D? Return only the value.,8622.784512,['43B9EC856F37'],32
4096.0,27777.0,synthetic_kv_64k,8.622784512,,5C0BA757CB10,147.456,27777.0,0.5249927321853036,62995,4095.885312,MB,58477.0,4.095885312,context_0000,What is the value associated with key CA8FC9AF18F8? Return only the value.,8622.784512,['96FCA003CD28'],32
4096.0,27777.0,synthetic_kv_64k,8.622784512,,2493757750A9,147.456,27777.0,0.5249927321853036,62995,4095.885312,MB,58477.0,4.095885312,context_0000,What is the value associated with key CDCCA9434AA0? Return only the value.,8622.784512,['32A4EF04E57D'],32
4096.0,27777.0,synthetic_kv_64k,8.622784512,,F502E6843C0D,147.456,27777.0,0.5249927321853036,62995,4095.885312,MB,58477.0,4.095885312,context_0000,What is the value associated with key 1D616CD5E859? Return only the value.,8622.784512,['398D8B6870B5'],32
4096.0,27777.0,synthetic_kv_64k,8.622784512,,500A8011316B,147.456,27777.0,0.5249927321853036,62995,4095.885312,MB,58477.0,4.095885312,context_0000,What is the value associated with key 2624A5CB63A2? Return only the value.,8622.784512,['4400E88DA719'],32
4096.0,27777.0,synthetic_kv_64k,8.622784512,,EDC24365E71C,147.456,27777.0,0.5249927321853036,62995,4095.885312,MB,58477.0,4.095885312,context_0000,What is the value associated with key 2469D39E198B? Return only the value.,8622.784512,['0F441247EA4E'],32
4096.0,27777.0,synthetic_kv_64k,8.622784512,,300444444444,147.456,27777.0,0.5249927321853036,62995,4095.885312,MB,58477.0,4.095885312,context_0000,What is the value associated with key CAE92A79EA68? Return only the value.,8622.784512,['98544EBFA5C3'],32
4096.0,27777.0,synthetic_kv_64k,8.622784512,,C9D80444C9AA,147.456,27777.0,0.5249927321853036,62995,4095.885312,MB,58477.0,4.095885312,context_0000,What is the value associated with key D301BFBBB17F? Return only the value.,8622.784512,['EBD391B78D8E'],32
4096.0,27777.0,synthetic_kv_64k,8.622784512,,630721E89181,147.456,27777.0,0.5249927321853036,62995,4095.885312,MB,58477.0,4.095885312,context_0000,What is the value associated with key 706C49E2623D? Return only the value.,8622.784512,['77FC1FD5A423'],32
4096.0,27777.0,synthetic_kv_64k,8.622784512,,4497889D4B76,147.456,27777.0,0.5249927321853036,62995,4095.885312,MB,58477.0,4.095885312,context_0000,What is the value associated with key 4DD8B04D3376? Return only the value.,8622.784512,['670AB321BF21'],32
4096.0,27777.0,synthetic_kv_64k,8.622784512,,5417CAAA5B0D,147.456,27777.0,0.5249927321853036,62995,4095.885312,MB,58477.0,4.095885312,context_0000,What is the value associated with key 45B1F1533AE8? Return only the value.,8622.784512,['8A3C801EF1DA'],32
4096.0,27777.0,synthetic_kv_64k,8.622784512,,7325EC170298,147.456,27777.0,0.5249927321853036,62995,4095.885312,MB,58477.0,4.095885312,context_0000,What is the value associated with key 70107E695D0D? Return only the value.,8622.784512,['99181497D658'],32
4096.0,27777.0,synthetic_kv_64k,8.622784512,,70A896116C4C,147.456,27777.0,0.5249927321853036,62995,4095.885312,MB,58477.0,4.095885312,context_0000,What is the value associated with key E3B10A3450FC? Return only the value.,8622.784512,['BC0A6E996E3E'],32
4096.0,27777.0,synthetic_kv_64k,8.622784512,,630721C9A15D,147.456,27777.0,0.5249927321853036,62995,4095.885312,MB,58477.0,4.095885312,context_0000,What is the value associated with key 9A8C5283AAC7? Return only the value.,8622.784512,['069F40181C6E'],32
4096.0,27777.0,synthetic_kv_64k,8.622784512,,5C70FCA45567,147.456,27777.0,0.5249927321853036,62995,4095.885312,MB,58477.0,4.095885312,context_0000,What is the value associated with key 3A9A176132ED? Return only the value.,8622.784512,['AC9EF63FCE41'],32
4096.0,27777.0,synthetic_kv_64k,8.622784512,,6E930DBF0CAF,147.456,27777.0,0.5249927321853036,62995,4095.885312,MB,58477.0,4.095885312,context_0000,What is the value associated with key DC4AD6016237? Return only the value.,8622.784512,['964D93403FAD'],32
4096.0,27777.0,synthetic_kv_64k,8.622784512,,379D9E5D6444,147.456,27777.0,0.5249927321853036,62995,4095.885312,MB,58477.0,4.095885312,context_0000,What is the value associated with key 054FF366BAD4? Return only the value.,8622.784512,['C3C7FFE3FA49'],32
4096.0,27777.0,synthetic_kv_64k,8.622784512,,3D44A824564D,147.456,27777.0,0.5249927321853036,62995,4095.885312,MB,58477.0,4.095885312,context_0000,What is the value associated with key D248AC1AA554? Return only the value.,8622.784512,['938444FEACAE'],32
4096.0,27777.0,synthetic_kv_64k,8.622784512,,6CD6FD61F13B,147.456,27777.0,0.5249927321853036,62995,4095.885312,MB,58477.0,4.095885312,context_0000,What is the value associated with key C35B0A4C9F7F? Return only the value.,8622.784512,['2CD9C19AD58C'],32
4096.0,27777.0,synthetic_kv_64k,8.622784512,,5DA42FDC9992,147.456,27777.0,0.5249927321853036,62995,4095.885312,MB,58477.0,4.095885312,context_0000,What is the value associated with key 84DA7872BDEB? Return only the value.,8622.784512,['7135A6C9537F'],32
4096.0,27777.0,synthetic_kv_64k,8.622784512,,449758485841,147.456,27777.0,0.5249927321853036,62995,4095.885312,MB,58477.0,4.095885312,context_0000,What is the value associated with key 4735EA83BF00? Return only the value.,8622.784512,['FF372E76128B'],32
4096.0,27777.0,synthetic_kv_64k,8.622784512,,A6B8D563848E,147.456,27777.0,0.5249927321853036,62995,4095.885312,MB,58477.0,4.095885312,context_0000,What is the value associated with key 6F9695D82980? Return only the value.,8622.784512,['D072A2814044'],32
4096.0,27777.0,synthetic_kv_64k,8.622784512,,3D406C33E1F9,147.456,27777.0,0.5249927321853036,62995,4095.885312,MB,58477.0,4.095885312,context_0000,What is the value associated with key F8147DE1BDFE? Return only the value.,8622.784512,['7852175BA98D'],32
4096.0,27777.0,synthetic_kv_64k,8.622784512,,3F6E23CBE943,147.456,27777.0,0.5249927321853036,62995,4095.885312,MB,58477.0,4.095885312,context_0000,What is the value associated with key 68895913F9D3? Return only the value.,8622.784512,['52305553B2FE'],32
4096.0,27777.0,synthetic_kv_64k,8.622784512,,630721C9A15D,147.456,27777.0,0.5249927321853036,62995,4095.885312,MB,58477.0,4.095885312,context_0000,What is the value associated with key 1AC7AB8DDEB4? Return only the value.,8622.784512,['292BDB946570'],32
4096.0,27777.0,synthetic_kv_64k,8.622784512,,933683EFA9F3,147.456,27777.0,0.5249927321853036,62995,4095.885312,MB,58477.0,4.095885312,context_0000,What is the value associated with key 6961546E035A? Return only the value.,8622.784512,['7ED7B194990B'],32
4096.0,27777.0,synthetic_kv_64k,8.622784512,,5F98A65E688E,147.456,27777.0,0.5249927321853036,62995,4095.885312,MB,58477.0,4.095885312,context_0000,What is the value associated with key A99F49C8A43F? Return only the value.,8622.784512,['6684F1F8343E'],32
4096.0,27777.0,synthetic_kv_64k,8.622784512,,739484353654,147.456,27777.0,0.5249927321853036,62995,4095.885312,MB,58477.0,4.095885312,context_0000,What is the value associated with key C2B0D045DD1C? Return only the value.,8622.784512,['09648CD321B0'],32
4096.0,27777.0,synthetic_kv_64k,8.622784512,,2D4352306F1D,147.456,27777.0,0.5249927321853036,62995,4095.885312,MB,58477.0,4.095885312,context_0000,What is the value associated with key 168B746F7891? Return only the value.,8622.784512,['409D50843242'],32
4096.0,27777.0,synthetic_kv_64k,8.622784512,,668DD8629D5A,147.456,27777.0,0.5249927321853036,62995,4095.885312,MB,58477.0,4.095885312,context_0000,What is the value associated with key 1DAD52C21221? Return only the value.,8622.784512,['C5C5F85E06A1'],32
4096.0,27777.0,synthetic_kv_64k,8.622784512,,584C6D24588C,147.456,27777.0,0.5249927321853036,62995,4095.885312,MB,58477.0,4.095885312,context_0000,What is the value associated with key DD6A6778043B? Return only the value.,8622.784512,['D32E83BC9478'],32
4096.0,27777.0,synthetic_kv_64k,8.622784512,,DE8EA85C6E4A,147.456,27777.0,0.5249927321853036,62995,4095.885312,MB,58477.0,4.095885312,context_0000,What is the value associated with key 004BFCF56188? Return only the value.,8622.784512,['DE8EA85C6E4A'],32
4096.0,27777.0,synthetic_kv_64k,8.622784512,,8FC3F6BD8168,147.456,27777.0,0.5249927321853036,62995,4095.885312,MB,58477.0,4.095885312,context_0000,What is the value associated with key 76448AE769ED? Return only the value.,8622.784512,['0DE069CA97D2'],32
4096.0,27777.0,synthetic_kv_64k,8.622784512,,37F28BDDC85A,147.456,27777.0,0.5249927321853036,62995,4095.885312,MB,58477.0,4.095885312,context_0000,What is the value associated with key 84B8300568D2? Return only the value.,8622.784512,['9F645C9D927D'],32
4096.0,27777.0,synthetic_kv_64k,8.622784512,,5C4432DF8D45,147.456,27777.0,0.5249927321853036,62995,4095.885312,MB,58477.0,4.095885312,context_0000,What is the value associated with key 7F9DC1A6423B? Return only the value.,8622.784512,['7129A01AC992'],32
4096.0,27777.0,synthetic_kv_64k,8.622784512,,445D34024C4D,147.456,27777.0,0.5249927321853036,62995,4095.885312,MB,58477.0,4.095885312,context_0000,What is the value associated with key 0D36C28EBD70? Return only the value.,8622.784512,['445D341C6494'],32
4096.0,27777.0,synthetic_kv_64k,8.622784512,,C36B41E02A89,147.456,27777.0,0.5249927321853036,62995,4095.885312,MB,58477.0,4.095885312,context_0000,What is the value associated with key 218A8C99A894? Return only the value.,8622.784512,['49BCED7BF656'],32
4096.0,27777.0,synthetic_kv_64k,8.622784512,,7C058458848C,147.456,27777.0,0.5249927321853036,62995,4095.885312,MB,58477.0,4.095885312,context_0000,What is the value associated with key E17F70286046? Return only the value.,8622.784512,['7C16B2C08394'],32
4096.0,27777.0,synthetic_kv_64k,8.622784512,,73D244888888,147.456,27777.0,0.5249927321853036,62995,4095.885312,MB,58477.0,4.095885312,context_0000,What is the value associated with key 07631F15C7B6? Return only the value.,8622.784512,['A149F920264C'],32
4096.0,27777.0,synthetic_kv_64k,8.622784512,,0C4F9182D48E,147.456,27777.0,0.5249927321853036,62995,4095.885312,MB,58477.0,4.095885312,context_0000,What is the value associated with key CC9F9BDF0377? Return only the value.,8622.784512,['B5B43D42993C'],32
4096.0,27777.0,synthetic_kv_64k,8.622784512,,6750382567B8,147.456,27777.0,0.5249927321853036,62995,4095.885312,MB,58477.0,4.095885312,context_0000,What is the value associated with key 4F8D288B78B5? Return only the value.,8622.784512,['03808D03C91E'],32
4096.0,27777.0,synthetic_kv_64k,8.622784512,,B241519894D8,147.456,27777.0,0.5249927321853036,62995,4095.885312,MB,58477.0,4.095885312,context_0000,What is the value associated with key 68728D605936? Return only the value.,8622.784512,['398517DC8EFF'],32
4096.0,27777.0,synthetic_kv_64k,8.622784512,,647D9E5D2F5A,147.456,27777.0,0.5249927321853036,62995,4095.885312,MB,58477.0,4.095885312,context_0000,What is the value associated with key D766FE049059? Return only the value.,8622.784512,['1D0BE9B5C5CF'],32
4096.0,27777.0,synthetic_kv_64k,8.622784512,,2D4490444444,147.456,27777.0,0.5249927321853036,62995,4095.885312,MB,58477.0,4.095885312,context_0000,What is the value associated with key F272762172ED? Return only the value.,8622.784512,['A5D01E1242E3'],32
4096.0,27777.0,synthetic_kv_64k,8.622784512,,7394847FD9B4,147.456,27777.0,0.5249927321853036,62995,4095.885312,MB,58477.0,4.095885312,context_0000,What is the value associated with key 276AD50755D9? Return only the value.,8622.784512,['EEC27F95897C'],32
4096.0,27777.0,synthetic_kv_64k,8.622784512,,4400E88DA719,147.456,27777.0,0.5249927321853036,62995,4095.885312,MB,58477.0,4.095885312,context_0000,What is the value associated with key 4AB7B77350CA? Return only the value.,8622.784512,['B49582456FB4'],32
4096.0,27777.0,synthetic_kv_64k,8.622784512,,54E1BBA41AE0,147.456,27777.0,0.5249927321853036,62995,4095.885312,MB,58477.0,4.095885312,context_0000,What is the value associated with key 6A5D45FF2C83? Return only the value.,8622.784512,['7B85D5B077E0'],32
4096.0,27777.0,synthetic_kv_64k,8.622784512,,899044800000,147.456,27777.0,0.5249927321853036,62995,4095.885312,MB,58477.0,4.095885312,context_0000,What is the value associated with key 78E3FAF14FF0? Return only the value.,8622.784512,['74EF3E652603'],32
4096.0,27777.0,synthetic_kv_64k,8.622784512,,5C4432DF8D45,147.456,27777.0,0.5249927321853036,62995,4095.885312,MB,58477.0,4.095885312,context_0000,What is the value associated with key 25078D1FB540? Return only the value.,8622.784512,['30CB6232B17A'],32
4096.0,27777.0,synthetic_kv_64k,8.622784512,,23E2908C477C,147.456,27777.0,0.5249927321853036,62995,4095.885312,MB,58477.0,4.095885312,context_0000,What is the value associated with key 9970EBFF8D15? Return only the value.,8622.784512,['BF0D821C1336'],32
4096.0,27777.0,synthetic_kv_64k,8.622784512,,04694844848C,147.456,27777.0,0.5249927321853036,62995,4095.885312,MB,58477.0,4.095885312,context_0000,What is the value associated with key 22F2E11B868D? Return only the value.,8622.784512,['11DFDD30DE89'],32
4096.0,27777.0,synthetic_kv_64k,8.622784512,,380B88888888,147.456,27777.0,0.5249927321853036,62995,4095.885312,MB,58477.0,4.095885312,context_0000,What is the value associated with key C5CE46B82659? Return only the value.,8622.784512,['DABACA3DD859'],32
4096.0,27777.0,synthetic_kv_64k,8.622784512,,2D508430484C,147.456,27777.0,0.5249927321853036,62995,4095.885312,MB,58477.0,4.095885312,context_0000,What is the value associated with key 57026A39AAA6? Return only the value.,8622.784512,['C9A7EF2AE713'],32
4096.0,27777.0,synthetic_kv_64k,8.622784512,,5C0BA757CB10,147.456,27777.0,0.5249927321853036,62995,4095.885312,MB,58477.0,4.095885312,context_0000,What is the value associated with key 446581FB18B3? Return only the value.,8622.784512,['00A8D20F87D0'],32
4096.0,27777.0,synthetic_kv_64k,8.622784512,,5417CAAA5BBE,147.456,27777.0,0.5249927321853036,62995,4095.885312,MB,58477.0,4.095885312,context_0000,What is the value associated with key B9DE486822B9? Return only the value.,8622.784512,['D6644C6E27FF'],32
4096.0,27777.0,synthetic_kv_64k,8.622784512,,1028BC8383F2,147.456,27777.0,0.5249927321853036,62995,4095.885312,MB,58477.0,4.095885312,context_0000,What is the value associated with key 947596418CED? Return only the value.,8622.784512,['A8F1FFB8102D'],32
4096.0,27777.0,synthetic_kv_64k,8.622784512,,7A0E9582B678,147.456,27777.0,0.5249927321853036,62995,4095.885312,MB,58477.0,4.095885312,context_0000,What is the value associated with key DD817D5911C6? Return only the value.,8622.784512,['7250260A5962'],32
4096.0,27777.0,synthetic_kv_64k,8.622784512,,751A58330AFA,147.456,27777.0,0.5249927321853036,62995,4095.885312,MB,58477.0,4.095885312,context_0000,What is the value associated with key 7BFD89E06AB3? Return only the value.,8622.784512,['551A585A0AFA'],32
4096.0,27777.0,synthetic_kv_64k,8.622784512,,37948479448C,147.456,27777.0,0.5249927321853036,62995,4095.885312,MB,58477.0,4.095885312,context_0000,What is the value associated with key C34B8D4A75B8? Return only the value.,8622.784512,['60908B1E3B9D'],32
4096.0,27777.0,synthetic_kv_64k,8.622784512,,5C62F43BA052,147.456,27777.0,0.5249927321853036,62995,4095.885312,MB,58477.0,4.095885312,context_0000,What is the value associated with key EECF749176F4? Return only the value.,8622.784512,['DE9E5260001E'],32
4096.0,27777.0,synthetic_kv_64k,8.622784512,,502C2490244C,147.456,27777.0,0.5249927321853036,62995,4095.885312,MB,58477.0,4.095885312,context_0000,What is the value associated with key FB14304B8590? Return only the value.,8622.784512,['3D22B28F41DE'],32
4096.0,27777.0,synthetic_kv_64k,8.622784512,,5EFA74215E6C,147.456,27777.0,0.5249927321853036,62995,4095.885312,MB,58477.0,4.095885312,context_0000,What is the value associated with key 620A9261549D? Return only the value.,8622.784512,['DB233BCABF85'],32
4096.0,27777.0,synthetic_kv_64k,8.622784512,,50694585844C,147.456,27777.0,0.5249927321853036,62995,4095.885312,MB,58477.0,4.095885312,context_0000,What is the value associated with key 6928C68A152F? Return only the value.,8622.784512,['51740B2C782A'],32
4096.0,27777.0,synthetic_kv_64k,8.622784512,,501B5EE68495,147.456,27777.0,0.5249927321853036,62995,4095.885312,MB,58477.0,4.095885312,context_0000,What is the value associated with key 7914BEA4FF31? Return only the value.,8622.784512,['E9D6B489D070'],32
4096.0,27777.0,synthetic_kv_64k,8.622784512,,7394847FD9B4,147.456,27777.0,0.5249927321853036,62995,4095.885312,MB,58477.0,4.095885312,context_0000,What is the value associated with key 6198CFB87E6F? Return only the value.,8622.784512,['FD0862D60E93'],32
4096.0,27777.0,synthetic_kv_64k,8.622784512,,5F9024E9688E,147.456,27777.0,0.5249927321853036,62995,4095.885312,MB,58477.0,4.095885312,context_0000,What is the value associated with key CADAA9E782D4? Return only the value.,8622.784512,['A6EAD21C82F8'],32
4096.0,27777.0,synthetic_kv_64k,8.622784512,,5C9DB42A0456,147.456,27777.0,0.5249927321853036,62995,4095.885312,MB,58477.0,4.095885312,context_0000,What is the value associated with key 26F0FB16E5DB? Return only the value.,8622.784512,['F6FE7ECDDBAF'],32
4096.0,27777.0,synthetic_kv_64k,8.622784512,,8DCD964D2AB6,147.456,27777.0,0.5249927321853036,62995,4095.885312,MB,58477.0,4.095885312,context_0000,What is the value associated with key 2051097A1E10? Return only the value.,8622.784512,['F72180962718'],32
4096.0,27777.0,synthetic_kv_64k,8.622784512,,343B638D0E8A,147.456,27777.0,0.5249927321853036,62995,4095.885312,MB,58477.0,4.095885312,context_0000,What is the value associated with key 54FD9716108E? Return only the value.,8622.784512,['19B1DEA4AE17'],32
4096.0,27777.0,synthetic_kv_64k,8.622784512,,373A431E930F,147.456,27777.0,0.5249927321853036,62995,4095.885312,MB,58477.0,4.095885312,context_0000,What is the value associated with key D854DFCAF0B7? Return only the value.,8622.784512,['198670B7E868'],32
4096.0,27777.0,synthetic_kv_64k,8.622784512,,730A275C3E6D,147.456,27777.0,0.5249927321853036,62995,4095.885312,MB,58477.0,4.095885312,context_0000,What is the value associated with key E91286A4BAE4? Return only the value.,8622.784512,['03ED74F93D17'],32
4096.0,27777.0,synthetic_kv_64k,8.622784512,,548E69843242,147.456,27777.0,0.5249927321853036,62995,4095.885312,MB,58477.0,4.095885312,context_0000,What is the value associated with key 24E7B8F21423? Return only the value.,8622.784512,['DEF568F45BCE'],32
4096.0,27777.0,synthetic_kv_64k,8.622784512,,370494045444,147.456,27777.0,0.5249927321853036,62995,4095.885312,MB,58477.0,4.095885312,context_0000,What is the value associated with key F84FA79FBFAF? Return only the value.,8622.784512,['13272784378F'],32
4096.0,27777.0,synthetic_kv_64k,8.622784512,,08226C031199,147.456,27777.0,0.5249927321853036,62995,4095.885312,MB,58477.0,4.095885312,context_0000,What is the value associated with key C81278308930? Return only the value.,8622.784512,['43D8F81DBAA1'],32
4096.0,27777.0,synthetic_kv_64k,8.622784512,,01D738602AB6,147.456,27777.0,0.5249927321853036,62995,4095.885312,MB,58477.0,4.095885312,context_0000,What is the value associated with key 9F8D56ABF2F1? Return only the value.,8622.784512,['65C1B15516BC'],32
4096.0,27777.0,synthetic_kv_64k,8.622784512,,6307218402AB,147.456,27777.0,0.5249927321853036,62995,4095.885312,MB,58477.0,4.095885312,context_0000,What is the value associated with key 148FA65BB1F2? Return only the value.,8622.784512,['541CDA0D4A5F'],32
4096.0,27777.0,synthetic_kv_64k,8.622784512,,502C228D8495,147.456,27777.0,0.5249927321853036,62995,4095.885312,MB,58477.0,4.095885312,context_0000,What is the value associated with key ACA2DA330AA1? Return only the value.,8622.784512,['889BDBFDD97E'],32
4096.0,27777.0,synthetic_kv_64k,8.622784512,,5C07D71173E4,147.456,27777.0,0.5249927321853036,62995,4095.885312,MB,58477.0,4.095885312,context_0000,What is the value associated with key F44261484BB3? Return only the value.,8622.784512,['A0755110B492'],32
4096.0,27777.0,synthetic_kv_64k,8.622784512,,7CEAC2689F7A,147.456,27777.0,0.5249927321853036,62995,4095.885312,MB,58477.0,4.095885312,context_0000,What is the value associated with key E32FB7FDDD71? Return only the value.,8622.784512,['7CEAC268283E'],32
4096.0,27777.0,synthetic_kv_64k,8.622784512,,5C9DB42A0456,147.456,27777.0,0.5249927321853036,62995,4095.885312,MB,58477.0,4.095885312,context_0000,What is the value associated with key 8A80DF547E50? Return only the value.,8622.784512,['9E110930AEF6'],32
4096.0,27777.0,synthetic_kv_64k,8.622784512,,5C9B4003D48C,147.456,27777.0,0.5249927321853036,62995,4095.885312,MB,58477.0,4.095885312,context_0000,What is the value associated with key 3C19118405AD? Return only the value.,8622.784512,['AF34A193C4B2'],32
4096.0,27777.0,synthetic_kv_64k,8.622784512,,2493757750A9,147.456,27777.0,0.5249927321853036,62995,4095.885312,MB,58477.0,4.095885312,context_0000,What is the value associated with key 4991EBC2026F? Return only the value.,8622.784512,['3A3CFF574E2B'],32
4096.0,27777.0,synthetic_kv_64k,8.622784512,,501B5EE68495,147.456,27777.0,0.5249927321853036,62995,4095.885312,MB,58477.0,4.095885312,context_0000,What is the value associated with key 1723BF2C14A0? Return only the value.,8622.784512,['FA746F18C108'],32
4096.0,27777.0,synthetic_kv_64k,8.622784512,,638B64215E66,147.456,27777.0,0.5249927321853036,62995,4095.885312,MB,58477.0,4.095885312,context_0000,What is the value associated with key C2A71933918C? Return only the value.,8622.784512,['B432A23D4C2F'],32
4096.0,27777.0,synthetic_kv_64k,8.622784512,,380A0B2C9F54,147.456,27777.0,0.5249927321853036,62995,4095.885312,MB,58477.0,4.095885312,context_0000,What is the value associated with key 19BADF615A5C? Return only the value.,8622.784512,['2A967194EAE2'],32
4096.0,27777.0,synthetic_kv_64k,8.622784512,,9F6908366C0A,147.456,27777.0,0.5249927321853036,62995,4095.885312,MB,58477.0,4.095885312,context_0000,What is the value associated with key 4CA9B1AA0F6A? Return only the value.,8622.784512,['0769E746CCB9'],32
4096.0,27777.0,synthetic_kv_64k,8.622784512,,506EB758588D,147.456,27777.0,0.5249927321853036,62995,4095.885312,MB,58477.0,4.095885312,context_0000,What is the value associated with key 530A0BC61066? Return only the value.,8622.784512,['0E5DCBD00EF2'],32
4096.0,27777.0,synthetic_kv_64k,8.622784512,,95415FF595EA,147.456,27777.0,0.5249927321853036,62995,4095.885312,MB,58477.0,4.095885312,context_0000,What is the value associated with key 5BC44B1A269B? Return only the value.,8622.784512,['6E415FF595EA'],32
4096.0,27777.0,synthetic_kv_64k,8.622784512,,5C0BA757CB10,147.456,27777.0,0.5249927321853036,62995,4095.885312,MB,58477.0,4.095885312,context_0000,What is the value associated with key 3E8325440FE0? Return only the value.,8622.784512,['697C87FA841A'],32
4096.0,27777.0,synthetic_kv_64k,8.622784512,,5F98A65E688E,147.456,27777.0,0.5249927321853036,62995,4095.885312,MB,58477.0,4.095885312,context_0000,What is the value associated with key AE8A90E0A95B? Return only the value.,8622.784512,['2E18CAE28E66'],32
4096.0,27777.0,synthetic_kv_64k,8.622784512,,0C3F1544544C,147.456,27777.0,0.5249927321853036,62995,4095.885312,MB,58477.0,4.095885312,context_0000,What is the value associated with key 2CD12B840C67? Return only the value.,8622.784512,['9C0714374509'],32
4096.0,27777.0,synthetic_kv_64k,8.622784512,,B3536E89454C,147.456,27777.0,0.5249927321853036,62995,4095.885312,MB,58477.0,4.095885312,context_0000,What is the value associated with key 61EEDEEF580F? Return only the value.,8622.784512,['AEE19EA556AA'],32
4096.0,27777.0,synthetic_kv_64k,8.622784512,,530A0E5D8C6A,147.456,27777.0,0.5249927321853036,62995,4095.885312,MB,58477.0,4.095885312,context_0000,What is the value associated with key 7F673DA70577? Return only the value.,8622.784512,['9549E9AF299D'],32
4096.0,27777.0,synthetic_kv_64k,8.622784512,,379DDC268108,147.456,27777.0,0.5249927321853036,62995,4095.885312,MB,58477.0,4.095885312,context_0000,What is the value associated with key 3B7024A35CF2? Return only the value.,8622.784512,['A34D760DEBBB'],32
4096.0,27777.0,synthetic_kv_64k,8.622784512,,630721E89181,147.456,27777.0,0.5249927321853036,62995,4095.885312,MB,58477.0,4.095885312,context_0000,What is the value associated with key 75A64104A8B5? Return only the value.,8622.784512,['AAB6415D174A'],32
4096.0,27777.0,synthetic_kv_64k,8.622784512,,73948470C22F,147.456,27777.0,0.5249927321853036,62995,4095.885312,MB,58477.0,4.095885312,context_0000,What is the value associated with key E61E0267DEB3? Return only the value.,8622.784512,['771ACDFC6EE0'],32
4096.0,27777.0,synthetic_kv_64k,8.622784512,,548E68548E68,147.456,27777.0,0.5249927321853036,62995,4095.885312,MB,58477.0,4.095885312,context_0000,What is the value associated with key 49A2E6B5A92C? Return only the value.,8622.784512,['8BEDAD77E82F'],32
4096.0,27777.0,synthetic_kv_64k,8.622784512,,732A88536E99,147.456,27777.0,0.5249927321853036,62995,4095.885312,MB,58477.0,4.095885312,context_0000,What is the value associated with key 12E828711733? Return only the value.,8622.784512,['F1FA711533F3'],32
4096.0,27777.0,synthetic_kv_64k,8.622784512,,380B64215E6A,147.456,27777.0,0.5249927321853036,62995,4095.885312,MB,58477.0,4.095885312,context_0000,What is the value associated with key FCD65876FD09? Return only the value.,8622.784512,['4C95966B1964'],32
4096.0,27777.0,synthetic_kv_64k,8.622784512,,543544845844,147.456,27777.0,0.5249927321853036,62995,4095.885312,MB,58477.0,4.095885312,context_0000,What is the value associated with key F647A3917C99? Return only the value.,8622.784512,['B0B86C9F82B9'],32
4096.0,27777.0,synthetic_kv_64k,8.622784512,,548C340DE049,147.456,27777.0,0.5249927321853036,62995,4095.885312,MB,58477.0,4.095885312,context_0000,What is the value associated with key 74F340066FF2? Return only the value.,8622.784512,['4D57D865D69A'],32
4096.0,27777.0,synthetic_kv_64k,8.622784512,,578844854841,147.456,27777.0,0.5249927321853036,62995,4095.885312,MB,58477.0,4.095885312,context_0000,What is the value associated with key FFD632FFE294? Return only the value.,8622.784512,['DA74627B41A1'],32
4096.0,27777.0,synthetic_kv_64k,8.622784512,,5F98A65E688E,147.456,27777.0,0.5249927321853036,62995,4095.885312,MB,58477.0,4.095885312,context_0000,What is the value associated with key 1B4D7BB38605? Return only the value.,8622.784512,['61A13CB98350'],32
4096.0,27777.0,synthetic_kv_64k,8.622784512,,5F9F1223B513,147.456,27777.0,0.5249927321853036,62995,4095.885312,MB,58477.0,4.095885312,context_0000,What is the value associated with key 5BE492698698? Return only the value.,8622.784512,['4BBE9326DFFD'],32
4096.0,27777.0,synthetic_kv_64k,8.622784512,,6F12A18FF6B6,147.456,27777.0,0.5249927321853036,62995,4095.885312,MB,58477.0,4.095885312,context_0000,What is the value associated with key B303FE2110D0? Return only the value.,8622.784512,['059D4B943E30'],32
4096.0,27777.0,synthetic_kv_64k,8.622784512,,3E44AB4220A7,147.456,27777.0,0.5249927321853036,62995,4095.885312,MB,58477.0,4.095885312,context_0000,What is the value associated with key D47DFA5A91CA? Return only the value.,8622.784512,['6553A881BFD3'],32
4096.0,27777.0,synthetic_kv_64k,8.622784512,,639C2643590E,147.456,27777.0,0.5249927321853036,62995,4095.885312,MB,58477.0,4.095885312,context_0000,What is the value associated with key 0212464458B4? Return only the value.,8622.784512,['DD7590E0B95F'],32
4096.0,27777.0,synthetic_kv_64k,8.622784512,,768B64215E66,147.456,27777.0,0.5249927321853036,62995,4095.885312,MB,58477.0,4.095885312,context_0000,What is the value associated with key C73FAF908E3C? Return only the value.,8622.784512,['F93EBEA29DFE'],32
4096.0,27777.0,synthetic_kv_64k,8.622784512,,73044A4B5564,147.456,27777.0,0.5249927321853036,62995,4095.885312,MB,58477.0,4.095885312,context_0000,What is the value associated with key E91E0C8E29E3? Return only the value.,8622.784512,['BEC39B3D74BD'],32
4096.0,27777.0,synthetic_kv_64k,8.622784512,,506EB757CB10,147.456,27777.0,0.5249927321853036,62995,4095.885312,MB,58477.0,4.095885312,context_0000,What is the value associated with key D5347F2984F5? Return only the value.,8622.784512,['E726E776B886'],32
4096.0,27777.0,synthetic_kv_64k,8.622784512,,770A9856A47E,147.456,27777.0,0.5249927321853036,62995,4095.885312,MB,58477.0,4.095885312,context_0000,What is the value associated with key C6964944051B? Return only the value.,8622.784512,['3AE9CC8218DA'],32
4096.0,27777.0,synthetic_kv_64k,8.622784512,,3E4429E6846C,147.456,27777.0,0.5249927321853036,62995,4095.885312,MB,58477.0,4.095885312,context_0000,What is the value associated with key CD4B9B689C88? Return only the value.,8622.784512,['38105A31B4CC'],32
4096.0,27777.0,synthetic_kv_64k,8.622784512,,5048BF7750A8,147.456,27777.0,0.5249927321853036,62995,4095.885312,MB,58477.0,4.095885312,context_0000,What is the value associated with key 30ACA2F963A3? Return only the value.,8622.784512,['40299EF2B93E'],32
4096.0,27777.0,synthetic_kv_64k,8.622784512,,6307215FD0E6,147.456,27777.0,0.5249927321853036,62995,4095.885312,MB,58477.0,4.095885312,context_0000,What is the value associated with key C16DAD81F8BD? Return only the value.,8622.784512,['C478B88EC318'],32
4096.0,27777.0,synthetic_kv_64k,8.622784512,,2303D69D42F1,147.456,27777.0,0.5249927321853036,62995,4095.885312,MB,58477.0,4.095885312,context_0000,What is the value associated with key AE4CA8C01F05? Return only the value.,8622.784512,['2303D69D42F1'],32
4096.0,27777.0,synthetic_kv_64k,8.622784512,,5F98A65E688E,147.456,27777.0,0.5249927321853036,62995,4095.885312,MB,58477.0,4.095885312,context_0000,What is the value associated with key 18DFA0D4DE3D? Return only the value.,8622.784512,['A0A1E7457704'],32
4096.0,27777.0,synthetic_kv_64k,8.622784512,,3E89E1F7C34C,147.456,27777.0,0.5249927321853036,62995,4095.885312,MB,58477.0,4.095885312,context_0000,What is the value associated with key 0A17A5769411? Return only the value.,8622.784512,['C9E24F1639A0'],32
4096.0,27777.0,synthetic_kv_64k,8.622784512,,56CFE708F810,147.456,27777.0,0.5249927321853036,62995,4095.885312,MB,58477.0,4.095885312,context_0000,What is the value associated with key 088A70D9C9F8? Return only the value.,8622.784512,['5D67945EF2E4'],32
4096.0,27777.0,synthetic_kv_64k,8.622784512,,503B2D445AF8,147.456,27777.0,0.5249927321853036,62995,4095.885312,MB,58477.0,4.095885312,context_0000,What is the value associated with key 21A4BB7BEE03? Return only the value.,8622.784512,['E8DD1712FB16'],32
4096.0,27777.0,synthetic_kv_64k,8.622784512,,304B82701238,147.456,27777.0,0.5249927321853036,62995,4095.885312,MB,58477.0,4.095885312,context_0000,What is the value associated with key 53A34B8C5BDC? Return only the value.,8622.784512,['6A5EBF5AE7E6'],32
4096.0,27777.0,synthetic_kv_64k,8.622784512,,378E8F54447C,147.456,27777.0,0.5249927321853036,62995,4095.885312,MB,58477.0,4.095885312,context_0000,What is the value associated with key 33672CF6BF75? Return only the value.,8622.784512,['C95821D53971'],32
4096.0,27777.0,synthetic_kv_64k,8.622784512,,506EB757CB10,147.456,27777.0,0.5249927321853036,62995,4095.885312,MB,58477.0,4.095885312,context_0000,What is the value associated with key E05F8A16A06C? Return only the value.,8622.784512,['5DA8F8B38A8B'],32
4096.0,27777.0,synthetic_kv_64k,8.622784512,,7325EC170298,147.456,27777.0,0.5249927321853036,62995,4095.885312,MB,58477.0,4.095885312,context_0000,What is the value associated with key 807587E5F0FE? Return only the value.,8622.784512,['45C4E9DA484A'],32
4096.0,27777.0,synthetic_kv_64k,8.622784512,,582748548854,147.456,27777.0,0.5249927321853036,62995,4095.885312,MB,58477.0,4.095885312,context_0000,What is the value associated with key 2A1FD499DA99? Return only the value.,8622.784512,['E9FF41C8CA8C'],32
4096.0,27777.0,synthetic_kv_64k,8.622784512,,584854584854,147.456,27777.0,0.5249927321853036,62995,4095.885312,MB,58477.0,4.095885312,context_0000,What is the value associated with key F1B6D31EDF1A? Return only the value.,8622.784512,['F7A67B5A611A'],32
4096.0,27777.0,synthetic_kv_64k,8.622784512,,506EB758E201,147.456,27777.0,0.5249927321853036,62995,4095.885312,MB,58477.0,4.095885312,context_0000,What is the value associated with key 4B8ECE7607AD? Return only the value.,8622.784512,['DED2BF1E8366'],32
4096.0,27777.0,synthetic_kv_64k,8.622784512,,747468562441,147.456,27777.0,0.5249927321853036,62995,4095.885312,MB,58477.0,4.095885312,context_0000,What is the value associated with key CDE256B60AFC? Return only the value.,8622.784512,['77E41D7BC313'],32
4096.0,27777.0,synthetic_kv_64k,8.622784512,,51B3F7FE604F,147.456,27777.0,0.5249927321853036,62995,4095.885312,MB,58477.0,4.095885312,context_0000,What is the value associated with key 1346F6802CDB? Return only the value.,8622.784512,['C1102408A6DC'],32
4096.0,27777.0,synthetic_kv_64k,8.622784512,,3F044C35484E,147.456,27777.0,0.5249927321853036,62995,4095.885312,MB,58477.0,4.095885312,context_0000,What is the value associated with key 39C1F76C8EDE? Return only the value.,8622.784512,['AD23DC322C97'],32
4096.0,27777.0,synthetic_kv_64k,8.622784512,,506EB757CB10,147.456,27777.0,0.5249927321853036,62995,4095.885312,MB,58477.0,4.095885312,context_0000,What is the value associated with key ACA5B966442A? Return only the value.,8622.784512,['65BCFADD7EA3'],32
4096.0,27777.0,synthetic_kv_64k,8.622784512,,5C4F9184584C,147.456,27777.0,0.5249927321853036,62995,4095.885312,MB,58477.0,4.095885312,context_0000,What is the value associated with key D882F79EFD70? Return only the value.,8622.784512,['8EACCDF974A7'],32
4096.0,27777.0,synthetic_kv_64k,8.622784512,,6B854584456C,147.456,27777.0,0.5249927321853036,62995,4095.885312,MB,58477.0,4.095885312,context_0000,What is the value associated with key 171E5DA36F1B? Return only the value.,8622.784512,['6502CA6A2224'],32
4096.0,27777.0,synthetic_kv_64k,8.622784512,,13EB8335884C,147.456,27777.0,0.5249927321853036,62995,4095.885312,MB,58477.0,4.095885312,context_0000,What is the value associated with key 43B303902C5D? Return only the value.,8622.784512,['1FA3895CCD99'],32
4096.0,27777.0,synthetic_kv_64k,8.622784512,,5A1E6884888C,147.456,27777.0,0.5249927321853036,62995,4095.885312,MB,58477.0,4.095885312,context_0000,What is the value associated with key 5E5B746CDB77? Return only the value.,8622.784512,['BFBFAC3E7B0D'],32
4096.0,27777.0,synthetic_kv_64k,8.622784512,,379DA043C31C,147.456,27777.0,0.5249927321853036,62995,4095.885312,MB,58477.0,4.095885312,context_0000,What is the value associated with key 431DAC1E86D8? Return only the value.,8622.784512,['618A95A5BAFA'],32
4096.0,27777.0,synthetic_kv_64k,8.622784512,,5F98A65E688E,147.456,27777.0,0.5249927321853036,62995,4095.885312,MB,58477.0,4.095885312,context_0000,What is the value associated with key A377D289F0AB? Return only the value.,8622.784512,['5F18F0B6F83F'],32
4096.0,27777.0,synthetic_kv_64k,8.622784512,,5F98A65E688E,147.456,27777.0,0.5249927321853036,62995,4095.885312,MB,58477.0,4.095885312,context_0000,What is the value associated with key ACC21BBC91F7? Return only the value.,8622.784512,['78B23BDBC09E'],32
4096.0,27777.0,synthetic_kv_64k,8.622784512,,3C0F8C455567,147.456,27777.0,0.5249927321853036,62995,4095.885312,MB,58477.0,4.095885312,context_0000,What is the value associated with key 9E9A066803EE? Return only the value.,8622.784512,['F173E25D36EB'],32
4096.0,27777.0,synthetic_kv_64k,8.622784512,,506EB758E201,147.456,27777.0,0.5249927321853036,62995,4095.885312,MB,58477.0,4.095885312,context_0000,What is the value associated with key 53F88FB864E4? Return only the value.,8622.784512,['9C2EEA4E3617'],32
4096.0,27777.0,synthetic_kv_64k,8.622784512,,54CEC8CCE2C2,147.456,27777.0,0.5249927321853036,62995,4095.885312,MB,58477.0,4.095885312,context_0000,What is the value associated with key A5CC38AB854C? Return only the value.,8622.784512,['A2A9102EFDE5'],32
4096.0,27777.0,synthetic_kv_64k,8.622784512,,836E6884588C,147.456,27777.0,0.5249927321853036,62995,4095.885312,MB,58477.0,4.095885312,context_0000,What is the value associated with key 76DAD2E82F38? Return only the value.,8622.784512,['B379E8CDA0CC'],32
4096.0,27777.0,synthetic_kv_64k,8.622784512,,50FF6EDABA8C,147.456,27777.0,0.5249927321853036,62995,4095.885312,MB,58477.0,4.095885312,context_0000,What is the value associated with key A6344D5C55C7? Return only the value.,8622.784512,['1DDE688613DB'],32
4096.0,27777.0,synthetic_kv_64k,8.622784512,,366E508EBAD7,147.456,27777.0,0.5249927321853036,62995,4095.885312,MB,58477.0,4.095885312,context_0000,What is the value associated with key 0B9B23C86D30? Return only the value.,8622.784512,['0986F23E323D'],32
4096.0,27777.0,synthetic_kv_64k,8.622784512,,929D0149A2AF,147.456,27777.0,0.5249927321853036,62995,4095.885312,MB,58477.0,4.095885312,context_0000,What is the value associated with key FEF54DEAD645? Return only the value.,8622.784512,['1DBA7E1CA5A1'],32
4096.0,27777.0,synthetic_kv_64k,8.622784512,,34984D38E415,147.456,27777.0,0.5249927321853036,62995,4095.885312,MB,58477.0,4.095885312,context_0000,What is the value associated with key 3C1B18E19331? Return only the value.,8622.784512,['899CE3236D1A'],32
4096.0,27777.0,synthetic_kv_64k,8.622784512,,669C3885648D,147.456,27777.0,0.5249927321853036,62995,4095.885312,MB,58477.0,4.095885312,context_0000,What is the value associated with key 637E22BAE10E? Return only the value.,8622.784512,['5EFA7421FF46'],32
4096.0,27777.0,synthetic_kv_64k,8.622784512,,0F841931E9EE,147.456,27777.0,0.5249927321853036,62995,4095.885312,MB,58477.0,4.095885312,context_0000,What is the value associated with key F30AABA4FC03? Return only the value.,8622.784512,['B24CBE3E6E57'],32
4096.0,27777.0,synthetic_kv_64k,8.622784512,,5F96B594684D,147.456,27777.0,0.5249927321853036,62995,4095.885312,MB,58477.0,4.095885312,context_0000,What is the value associated with key 8A4AF22B5B98? Return only the value.,8622.784512,['965B6B4BE411'],32
4096.0,27777.0,synthetic_kv_64k,8.622784512,,5417CAAA5B0D,147.456,27777.0,0.5249927321853036,62995,4095.885312,MB,58477.0,4.095885312,context_0000,What is the value associated with key BA02BE055787? Return only the value.,8622.784512,['E2AA278ED00D'],32
4096.0,27777.0,synthetic_kv_64k,8.622784512,,548648458885,147.456,27777.0,0.5249927321853036,62995,4095.885312,MB,58477.0,4.095885312,context_0000,What is the value associated with key A7A86A35DF59? Return only the value.,8622.784512,['D56C19597B5A'],32
4096.0,27777.0,synthetic_kv_64k,8.622784512,,0E169BDC70D1,147.456,27777.0,0.5249927321853036,62995,4095.885312,MB,58477.0,4.095885312,context_0000,What is the value associated with key 9D9B7D45D8EF? Return only the value.,8622.784512,['F065687A4850'],32
4096.0,27777.0,synthetic_kv_64k,8.622784512,,34871A9C672A,147.456,27777.0,0.5249927321853036,62995,4095.885312,MB,58477.0,4.095885312,context_0000,What is the value associated with key 479DF396EA37? Return only the value.,8622.784512,['B0B608601833'],32
4096.0,27777.0,synthetic_kv_64k,8.622784512,,588544858885,147.456,27777.0,0.5249927321853036,62995,4095.885312,MB,58477.0,4.095885312,context_0000,What is the value associated with key 379E5EDB0D3C? Return only the value.,8622.784512,['71D771818DCF'],32
4096.0,27777.0,synthetic_kv_64k,8.622784512,,340038548444,147.456,27777.0,0.5249927321853036,62995,4095.885312,MB,58477.0,4.095885312,context_0000,What is the value associated with key 3C71F3579560? Return only the value.,8622.784512,['5CD8DAFEC8A9'],32
4096.0,27777.0,synthetic_kv_64k,8.622784512,,584C4E65C34C,147.456,27777.0,0.5249927321853036,62995,4095.885312,MB,58477.0,4.095885312,context_0000,What is the value associated with key FB1E196F4DFA? Return only the value.,8622.784512,['5E09AF88BDEC'],32
4096.0,27777.0,synthetic_kv_64k,8.622784512,,7B8544544444,147.456,27777.0,0.5249927321853036,62995,4095.885312,MB,58477.0,4.095885312,context_0000,What is the value associated with key E6D58B621D41? Return only the value.,8622.784512,['A513FA53E34D'],32
4096.0,27777.0,synthetic_kv_64k,8.622784512,,46A065EC7ACD,147.456,27777.0,0.5249927321853036,62995,4095.885312,MB,58477.0,4.095885312,context_0000,What is the value associated with key 0F805BD20C98? Return only the value.,8622.784512,['46A065EC7ACD'],32
4096.0,27777.0,synthetic_kv_64k,8.622784512,,73948430044D,147.456,27777.0,0.5249927321853036,62995,4095.885312,MB,58477.0,4.095885312,context_0000,What is the value associated with key F7DC30974B2B? Return only the value.,8622.784512,['F2F21F45DBFD'],32
4096.0,27777.0,synthetic_kv_64k,8.622784512,,5C9DB42A0456,147.456,27777.0,0.5249927321853036,62995,4095.885312,MB,58477.0,4.095885312,context_0000,What is the value associated with key D2FED918B3E5? Return only the value.,8622.784512,['177774685B98'],32
4096.0,27777.0,synthetic_kv_64k,8.622784512,,5048BF10DEF6,147.456,27777.0,0.5249927321853036,62995,4095.885312,MB,58477.0,4.095885312,context_0000,What is the value associated with key 364CA9AB364A? Return only the value.,8622.784512,['A3B5A446BE72'],32
4096.0,27777.0,synthetic_kv_64k,8.622784512,,37468AE8905B,147.456,27777.0,0.5249927321853036,62995,4095.885312,MB,58477.0,4.095885312,context_0000,What is the value associated with key F89998DE8EBB? Return only the value.,8622.784512,['0CF20577AEA9'],32
4096.0,27777.0,synthetic_kv_64k,8.622784512,,3E684885848C,147.456,27777.0,0.5249927321853036,62995,4095.885312,MB,58477.0,4.095885312,context_0000,What is the value associated with key 5560C96B5EDB? Return only the value.,8622.784512,['FD233E5A87E3'],32
4096.0,27777.0,synthetic_kv_64k,8.622784512,,F80B90E6D44D,147.456,27777.0,0.5249927321853036,62995,4095.885312,MB,58477.0,4.095885312,context_0000,What is the value associated with key C977203C8C25? Return only the value.,8622.784512,['348890882EAF'],32
4096.0,27777.0,synthetic_kv_64k,8.622784512,,768B64215E66,147.456,27777.0,0.5249927321853036,62995,4095.885312,MB,58477.0,4.095885312,context_0000,What is the value associated with key D46E11906F50? Return only the value.,8622.784512,['8DE0C3E15A85'],32
4096.0,27777.0,synthetic_kv_64k,8.622784512,,2380446F148E,147.456,27777.0,0.5249927321853036,62995,4095.885312,MB,58477.0,4.095885312,context_0000,What is the value associated with key 961D350843F0? Return only the value.,8622.784512,['D0243748967F'],32
4096.0,27777.0,synthetic_kv_64k,8.622784512,,2697952E6ABB,147.456,27777.0,0.5249927321853036,62995,4095.885312,MB,58477.0,4.095885312,context_0000,What is the value associated with key 3BA5DEA45C19? Return only the value.,8622.784512,['C63D541C7A86'],32
4096.0,27777.0,synthetic_kv_64k,8.622784512,,91940445C1A8,147.456,27777.0,0.5249927321853036,62995,4095.885312,MB,58477.0,4.095885312,context_0000,What is the value associated with key C9E425C61C45? Return only the value.,8622.784512,['9892E68933A9'],32
4096.0,27777.0,synthetic_kv_64k,8.622784512,,439D4548A42C,147.456,27777.0,0.5249927321853036,62995,4095.885312,MB,58477.0,4.095885312,context_0000,What is the value associated with key 46FB00B9D4A3? Return only the value.,8622.784512,['FBE9DBC080FD'],32
4096.0,27777.0,synthetic_kv_64k,8.622784512,,5048BF57CB10,147.456,27777.0,0.5249927321853036,62995,4095.885312,MB,58477.0,4.095885312,context_0000,What is the value associated with key FCCE250A4578? Return only the value.,8622.784512,['8A4B21472A15'],32
4096.0,27777.0,synthetic_kv_64k,8.622784512,,584C6D5D0477,147.456,27777.0,0.5249927321853036,62995,4095.885312,MB,58477.0,4.095885312,context_0000,What is the value associated with key CC6B402ADF9C? Return only the value.,8622.784512,['1C242CABD7E7'],32
4096.0,27777.0,synthetic_kv_64k,8.622784512,,73D28438544C,147.456,27777.0,0.5249927321853036,62995,4095.885312,MB,58477.0,4.095885312,context_0000,What is the value associated with key DDCFA93B12CD? Return only the value.,8622.784512,['21BD06998731'],32
4096.0,27777.0,synthetic_kv_64k,8.622784512,,52964D4BD7E7,147.456,27777.0,0.5249927321853036,62995,4095.885312,MB,58477.0,4.095885312,context_0000,What is the value associated with key 5BB503CDE2E3? Return only the value.,8622.784512,['C9D6CA3C6F5F'],32
4096.0,27777.0,synthetic_kv_64k,8.622784512,,82E74482944C,147.456,27777.0,0.5249927321853036,62995,4095.885312,MB,58477.0,4.095885312,context_0000,What is the value associated with key 96BF3CE915E7? Return only the value.,8622.784512,['040A52E2AFD9'],32
4096.0,27777.0,synthetic_kv_64k,8.622784512,,504844848484,147.456,27777.0,0.5249927321853036,62995,4095.885312,MB,58477.0,4.095885312,context_0000,What is the value associated with key 43EF2C9B662E? Return only the value.,8622.784512,['20730D6A05B3'],32
4096.0,27777.0,synthetic_kv_64k,8.622784512,,73C096ADD4DF,147.456,27777.0,0.5249927321853036,62995,4095.885312,MB,58477.0,4.095885312,context_0000,What is the value associated with key 6BC4BDE13C1B? Return only the value.,8622.784512,['1D1886AD8A8C'],32
4096.0,27777.0,synthetic_kv_64k,8.622784512,,7A0E9580DF49,147.456,27777.0,0.5249927321853036,62995,4095.885312,MB,58477.0,4.095885312,context_0000,What is the value associated with key 1045BEE3EB79? Return only the value.,8622.784512,['72C279EB4168'],32
4096.0,27777.0,synthetic_kv_64k,8.622784512,,97FA83639007,147.456,27777.0,0.5249927321853036,62995,4095.885312,MB,58477.0,4.095885312,context_0000,What is the value associated with key 5CAEC72C1FE3? Return only the value.,8622.784512,['97FA83639007'],32
4096.0,27777.0,synthetic_kv_64k,8.622784512,,5C4C623AD0FC,147.456,27777.0,0.5249927321853036,62995,4095.885312,MB,58477.0,4.095885312,context_0000,What is the value associated with key 73B61BEAF6AC? Return only the value.,8622.784512,['38B780FB9296'],32
4096.0,27777.0,synthetic_kv_64k,8.622784512,,738E8F10D33E,147.456,27777.0,0.5249927321853036,62995,4095.885312,MB,58477.0,4.095885312,context_0000,What is the value associated with key 9D77F206C269? Return only the value.,8622.784512,['BA2C0B19F88E'],32
4096.0,27777.0,synthetic_kv_64k,8.622784512,,9458C2874F43,147.456,27777.0,0.5249927321853036,62995,4095.885312,MB,58477.0,4.095885312,context_0000,What is the value associated with key E8A3C8819065? Return only the value.,8622.784512,['A8ADDDF275EB'],32
4096.0,27777.0,synthetic_kv_64k,8.622784512,,449854845885,147.456,27777.0,0.5249927321853036,62995,4095.885312,MB,58477.0,4.095885312,context_0000,What is the value associated with key 4D37857DD3B3? Return only the value.,8622.784512,['A4B175424646'],32
4096.0,27777.0,synthetic_kv_64k,8.622784512,,58249048484C,147.456,27777.0,0.5249927321853036,62995,4095.885312,MB,58477.0,4.095885312,context_0000,What is the value associated with key 07F9F6CA6B8B? Return only the value.,8622.784512,['FFA30F9240E1'],32
4096.0,27777.0,synthetic_kv_64k,8.622784512,,5C4432DF8D45,147.456,27777.0,0.5249927321853036,62995,4095.885312,MB,58477.0,4.095885312,context_0000,What is the value associated with key D8E87A9E8EEF? Return only the value.,8622.784512,['6D2066D06371'],32
4096.0,27777.0,synthetic_kv_64k,8.622784512,,38B780FB929C,147.456,27777.0,0.5249927321853036,62995,4095.885312,MB,58477.0,4.095885312,context_0000,What is the value associated with key 1BA3AFA415E5? Return only the value.,8622.784512,['B65F7D824264'],32
4096.0,27777.0,synthetic_kv_64k,8.622784512,,636E770E09DB,147.456,27777.0,0.5249927321853036,62995,4095.885312,MB,58477.0,4.095885312,context_0000,What is the value associated with key 718DE8E22743? Return only the value.,8622.784512,['E63612D0498D'],32
4096.0,27777.0,synthetic_kv_64k,8.622784512,,902B636CF499,147.456,27777.0,0.5249927321853036,62995,4095.885312,MB,58477.0,4.095885312,context_0000,What is the value associated with key 527514AEAF5C? Return only the value.,8622.784512,['25F99BB96155'],32
4096.0,27777.0,synthetic_kv_64k,8.622784512,,2AB89041161A,147.456,27777.0,0.5249927321853036,62995,4095.885312,MB,58477.0,4.095885312,context_0000,What is the value associated with key 204E10D08D11? Return only the value.,8622.784512,['9FD3466772CE'],32
4096.0,27777.0,synthetic_kv_64k,8.622784512,,614C8C611654,147.456,27777.0,0.5249927321853036,62995,4095.885312,MB,58477.0,4.095885312,context_0000,What is the value associated with key 95DAA21150F9? Return only the value.,8622.784512,['B64F8C611654'],32
4096.0,27777.0,synthetic_kv_64k,8.622784512,,98EEFE9FECAA,147.456,27777.0,0.5249927321853036,62995,4095.885312,MB,58477.0,4.095885312,context_0000,What is the value associated with key 6182533F5A72? Return only the value.,8622.784512,['98EEFE9FECAA'],32
4096.0,27777.0,synthetic_kv_64k,8.622784512,,530A0BC61066,147.456,27777.0,0.5249927321853036,62995,4095.885312,MB,58477.0,4.095885312,context_0000,What is the value associated with key 4B7E87D292A6? Return only the value.,8622.784512,['816B7426B193'],32
4096.0,27777.0,synthetic_kv_64k,8.622784512,,5C0BA757CB10,147.456,27777.0,0.5249927321853036,62995,4095.885312,MB,58477.0,4.095885312,context_0000,What is the value associated with key 6E219AFD4015? Return only the value.,8622.784512,['CB081963C26D'],32
4096.0,27777.0,synthetic_kv_64k,8.622784512,,502C204D845C,147.456,27777.0,0.5249927321853036,62995,4095.885312,MB,58477.0,4.095885312,context_0000,What is the value associated with key 1D4AB3A7D0E0? Return only the value.,8622.784512,['A79BDA509FED'],32
4096.0,27777.0,synthetic_kv_64k,8.622784512,,739F05435D4C,147.456,27777.0,0.5249927321853036,62995,4095.885312,MB,58477.0,4.095885312,context_0000,What is the value associated with key E0B1A6A27967? Return only the value.,8622.784512,['8D24C4DABDDB'],32
4096.0,27777.0,synthetic_kv_64k,8.622784512,,34889098448E,147.456,27777.0,0.5249927321853036,62995,4095.885312,MB,58477.0,4.095885312,context_0000,What is the value associated with key DD90B888F6ED? Return only the value.,8622.784512,['6E19370BC063'],32
4096.0,27777.0,synthetic_kv_64k,8.622784512,,504848848484,147.456,27777.0,0.5249927321853036,62995,4095.885312,MB,58477.0,4.095885312,context_0000,What is the value associated with key E35973991A47? Return only the value.,8622.784512,['69EF3A7E8E14'],32
4096.0,27777.0,synthetic_kv_64k,8.622784512,,F2E91E64444C,147.456,27777.0,0.5249927321853036,62995,4095.885312,MB,58477.0,4.095885312,context_0000,What is the value associated with key D3D156C438E4? Return only the value.,8622.784512,['661374188109'],32
4096.0,27777.0,synthetic_kv_64k,8.622784512,,3F6E23CBE943,147.456,27777.0,0.5249927321853036,62995,4095.885312,MB,58477.0,4.095885312,context_0000,What is the value associated with key BAC76A7E4C36? Return only the value.,8622.784512,['500318578BAF'],32
4096.0,27777.0,synthetic_kv_64k,8.622784512,,636E64306744,147.456,27777.0,0.5249927321853036,62995,4095.885312,MB,58477.0,4.095885312,context_0000,What is the value associated with key 50016D4067F4? Return only the value.,8622.784512,['4140AA448259'],32
4096.0,27777.0,synthetic_kv_64k,8.622784512,,A15721C9A15D,147.456,27777.0,0.5249927321853036,62995,4095.885312,MB,58477.0,4.095885312,context_0000,What is the value associated with key F41E5FD23109? Return only the value.,8622.784512,['AFD32713582C'],32
4096.0,27777.0,synthetic_kv_64k,8.622784512,,4C9BE1887EAF,147.456,27777.0,0.5249927321853036,62995,4095.885312,MB,58477.0,4.095885312,context_0000,What is the value associated with key 7969EC48BF55? Return only the value.,8622.784512,['175A112FA612'],32
4096.0,27777.0,synthetic_kv_64k,8.622784512,,5A28CB8383F2,147.456,27777.0,0.5249927321853036,62995,4095.885312,MB,58477.0,4.095885312,context_0000,What is the value associated with key 15DAD4EF00AA? Return only the value.,8622.784512,['6E8F17DDED81'],32
4096.0,27777.0,synthetic_kv_64k,8.622784512,,360588585855,147.456,27777.0,0.5249927321853036,62995,4095.885312,MB,58477.0,4.095885312,context_0000,What is the value associated with key BE9D18B87245? Return only the value.,8622.784512,['5F65BD21BC11'],32
4096.0,27777.0,synthetic_kv_64k,8.622784512,,0F5A8E6950A9,147.456,27777.0,0.5249927321853036,62995,4095.885312,MB,58477.0,4.095885312,context_0000,What is the value associated with key 214FCFD01CBD? Return only the value.,8622.784512,['0F5A8E6E5003'],32
4096.0,27777.0,synthetic_kv_64k,8.622784512,,34984D38E415,147.456,27777.0,0.5249927321853036,62995,4095.885312,MB,58477.0,4.095885312,context_0000,What is the value associated with key F4E596229348? Return only the value.,8622.784512,['8FCA8FC42092'],32
4096.0,27777.0,synthetic_kv_64k,8.622784512,,520031487DF8,147.456,27777.0,0.5249927321853036,62995,4095.885312,MB,58477.0,4.095885312,context_0000,What is the value associated with key AB855463ADC7? Return only the value.,8622.784512,['692A1F4A8CA1'],32
4096.0,27777.0,synthetic_kv_64k,8.622784512,,7B8E8285484C,147.456,27777.0,0.5249927321853036,62995,4095.885312,MB,58477.0,4.095885312,context_0000,What is the value associated with key DFA45A856750? Return only the value.,8622.784512,['F0EDAA53C19C'],32
4096.0,27777.0,synthetic_kv_64k,8.622784512,,380A3548584C,147.456,27777.0,0.5249927321853036,62995,4095.885312,MB,58477.0,4.095885312,context_0000,What is the value associated with key 6C45C012A0FF? Return only the value.,8622.784512,['EA74DE3B496F'],32
4096.0,27777.0,synthetic_kv_64k,8.622784512,,0E315C311464,147.456,27777.0,0.5249927321853036,62995,4095.885312,MB,58477.0,4.095885312,context_0000,What is the value associated with key 0D2BB8976EC5? Return only the value.,8622.784512,['49A2F7E8F8E5'],32
4096.0,27777.0,synthetic_kv_64k,8.622784512,,271EB1A6B1F1,147.456,27777.0,0.5249927321853036,62995,4095.885312,MB,58477.0,4.095885312,context_0000,What is the value associated with key 4FFC99B479D4? Return only the value.,8622.784512,['1A855A057C11'],32
4096.0,27777.0,synthetic_kv_64k,8.622784512,,739426A524E3,147.456,27777.0,0.5249927321853036,62995,4095.885312,MB,58477.0,4.095885312,context_0000,What is the value associated with key 81E593F277CC? Return only the value.,8622.784512,['279C36760CE5'],32
4096.0,27777.0,synthetic_kv_64k,8.622784512,,5139A6584CE4,147.456,27777.0,0.5249927321853036,62995,4095.885312,MB,58477.0,4.095885312,context_0000,What is the value associated with key 7B70A81FDEC3? Return only the value.,8622.784512,['D8E739681C81'],32
4096.0,27777.0,synthetic_kv_64k,8.622784512,,CB88B90ED44B,147.456,27777.0,0.5249927321853036,62995,4095.885312,MB,58477.0,4.095885312,context_0000,What is the value associated with key 59A11BB43332? Return only the value.,8622.784512,['8E67D86A6460'],32
4096.0,27777.0,synthetic_kv_64k,8.622784512,,9899D40E53CE,147.456,27777.0,0.5249927321853036,62995,4095.885312,MB,58477.0,4.095885312,context_0000,What is the value associated with key 1D695E187B24? Return only the value.,8622.784512,['4750C33A1F6C'],32
4096.0,27777.0,synthetic_kv_64k,8.622784512,,5F98A65E688E,147.456,27777.0,0.5249927321853036,62995,4095.885312,MB,58477.0,4.095885312,context_0000,What is the value associated with key 39E592F837D4? Return only the value.,8622.784512,['6DDACEA60F4C'],32
4096.0,27777.0,synthetic_kv_64k,8.622784512,,680A2A98C09D,147.456,27777.0,0.5249927321853036,62995,4095.885312,MB,58477.0,4.095885312,context_0000,What is the value associated with key 8F9BD85C16BD? Return only the value.,8622.784512,['C476F97BE2DD'],32
4096.0,27777.0,synthetic_kv_64k,8.622784512,,5C4432DF8D45,147.456,27777.0,0.5249927321853036,62995,4095.885312,MB,58477.0,4.095885312,context_0000,What is the value associated with key 9F29D1846C39? Return only the value.,8622.784512,['ACCB9D132363'],32
4096.0,27777.0,synthetic_kv_64k,8.622784512,,543D2253E706,147.456,27777.0,0.5249927321853036,62995,4095.885312,MB,58477.0,4.095885312,context_0000,What is the value associated with key 8E86A487EEAB? Return only the value.,8622.784512,['9BE706B89231'],32
4096.0,27777.0,synthetic_kv_64k,8.622784512,,DF144826484C,147.456,27777.0,0.5249927321853036,62995,4095.885312,MB,58477.0,4.095885312,context_0000,What is the value associated with key A867EDD877C8? Return only the value.,8622.784512,['B187D4578AD9'],32
4096.0,27777.0,synthetic_kv_64k,8.622784512,,5F98A65D8444,147.456,27777.0,0.5249927321853036,62995,4095.885312,MB,58477.0,4.095885312,context_0000,What is the value associated with key 076944777442? Return only the value.,8622.784512,['45F52E2FBF77'],32
4096.0,27777.0,synthetic_kv_64k,8.622784512,,504848858484,147.456,27777.0,0.5249927321853036,62995,4095.885312,MB,58477.0,4.095885312,context_0000,What is the value associated with key C32DB3E4110A? Return only the value.,8622.784512,['EBE94F199EC0'],32
4096.0,27777.0,synthetic_kv_64k,8.622784512,,739F12215A85,147.456,27777.0,0.5249927321853036,62995,4095.885312,MB,58477.0,4.095885312,context_0000,What is the value associated with key 59DC56FEBFB9? Return only the value.,8622.784512,['2E7001902620'],32
4096.0,27777.0,synthetic_kv_64k,8.622784512,,5C0BA757CB10,147.456,27777.0,0.5249927321853036,62995,4095.885312,MB,58477.0,4.095885312,context_0000,What is the value associated with key 24ACDEAF528D? Return only the value.,8622.784512,['A84790FA6B57'],32
4096.0,27777.0,synthetic_kv_64k,8.622784512,,BDB02451E5A4,147.456,27777.0,0.5249927321853036,62995,4095.885312,MB,58477.0,4.095885312,context_0000,What is the value associated with key 11D06699CD99? Return only the value.,8622.784512,['BDB02451E5A4'],32
4096.0,27777.0,synthetic_kv_64k,8.622784512,,379244854444,147.456,27777.0,0.5249927321853036,62995,4095.885312,MB,58477.0,4.095885312,context_0000,What is the value associated with key F8C8A2178F84? Return only the value.,8622.784512,['177D07D924CE'],32
4096.0,27777.0,synthetic_kv_64k,8.622784512,,74665E7BFE36,147.456,27777.0,0.5249927321853036,62995,4095.885312,MB,58477.0,4.095885312,context_0000,What is the value associated with key 87CDBF012E32? Return only the value.,8622.784512,['604E3712F2D1'],32
4096.0,27777.0,synthetic_kv_64k,8.622784512,,4C6A8E25544D,147.456,27777.0,0.5249927321853036,62995,4095.885312,MB,58477.0,4.095885312,context_0000,What is the value associated with key 74226B7A2460? Return only the value.,8622.784512,['284B5744F596'],32
4096.0,27777.0,synthetic_kv_64k,8.622784512,,9F6934935368,147.456,27777.0,0.5249927321853036,62995,4095.885312,MB,58477.0,4.095885312,context_0000,What is the value associated with key 4FC75EBBCCA5? Return only the value.,8622.784512,['530AB8BA8368'],32
4096.0,27777.0,synthetic_kv_64k,8.622784512,,2303D69D42F1,147.456,27777.0,0.5249927321853036,62995,4095.885312,MB,58477.0,4.095885312,context_0000,What is the value associated with key F100C6DEB2F0? Return only the value.,8622.784512,['98A2914DCFAE'],32
4096.0,27777.0,synthetic_kv_64k,8.622784512,,27D40D7753B9,147.456,27777.0,0.5249927321853036,62995,4095.885312,MB,58477.0,4.095885312,context_0000,What is the value associated with key E22215BFBE97? Return only the value.,8622.784512,['27D40D77C5A0'],32
4096.0,27777.0,synthetic_kv_64k,8.622784512,,C28F0AA6FCB9,147.456,27777.0,0.5249927321853036,62995,4095.885312,MB,58477.0,4.095885312,context_0000,What is the value associated with key C122284C03D2? Return only the value.,8622.784512,['0CBD9E2AA4AC'],32
4096.0,27777.0,synthetic_kv_64k,8.622784512,,A0276576A410,147.456,27777.0,0.5249927321853036,62995,4095.885312,MB,58477.0,4.095885312,context_0000,What is the value associated with key 14E2AC8936BC? Return only the value.,8622.784512,['716F45A88829'],32
4096.0,27777.0,synthetic_kv_64k,8.622784512,,9B697C54535F,147.456,27777.0,0.5249927321853036,62995,4095.885312,MB,58477.0,4.095885312,context_0000,What is the value associated with key 6C8CA974D079? Return only the value.,8622.784512,['9B697C54535F'],32
4096.0,27777.0,synthetic_kv_64k,8.622784512,,63072162814C,147.456,27777.0,0.5249927321853036,62995,4095.885312,MB,58477.0,4.095885312,context_0000,What is the value associated with key 6A077129CEC7? Return only the value.,8622.784512,['372F45EE432D'],32
4096.0,27777.0,synthetic_kv_64k,8.622784512,,5C0BA757CB10,147.456,27777.0,0.5249927321853036,62995,4095.885312,MB,58477.0,4.095885312,context_0000,What is the value associated with key 8329C143F426? Return only the value.,8622.784512,['585D1D2324E6'],32
4096.0,27777.0,synthetic_kv_64k,8.622784512,,588084485545,147.456,27777.0,0.5249927321853036,62995,4095.885312,MB,58477.0,4.095885312,context_0000,What is the value associated with key 1C636E0ED1E8? Return only the value.,8622.784512,['AD9F4882D73C'],32
4096.0,27777.0,synthetic_kv_64k,8.622784512,,58489C35484C,147.456,27777.0,0.5249927321853036,62995,4095.885312,MB,58477.0,4.095885312,context_0000,What is the value associated with key 97D7ADB14670? Return only the value.,8622.784512,['86E57C93F6CC'],32
4096.0,27777.0,synthetic_kv_64k,8.622784512,,37F28BDDCEE3,147.456,27777.0,0.5249927321853036,62995,4095.885312,MB,58477.0,4.095885312,context_0000,What is the value associated with key 4EF4AAC93316? Return only the value.,8622.784512,['38730BA078E8'],32
4096.0,27777.0,synthetic_kv_64k,8.622784512,,8FC3F6BD80C7,147.456,27777.0,0.5249927321853036,62995,4095.885312,MB,58477.0,4.095885312,context_0000,What is the value associated with key FC04652FFB49? Return only the value.,8622.784512,['0E06996D5C50'],32
4096.0,27777.0,synthetic_kv_64k,8.622784512,,73E7516C3B0A,147.456,27777.0,0.5249927321853036,62995,4095.885312,MB,58477.0,4.095885312,context_0000,What is the value associated with key 345501F7C7EC? Return only the value.,8622.784512,['F2004D29D1AB'],32
4096.0,27777.0,synthetic_kv_64k,8.622784512,,3F6E23CBE943,147.456,27777.0,0.5249927321853036,62995,4095.885312,MB,58477.0,4.095885312,context_0000,What is the value associated with key C47136136E15? Return only the value.,8622.784512,['C3A02321D1E1'],32
4096.0,27777.0,synthetic_kv_64k,8.622784512,,5C0BA757CB10,147.456,27777.0,0.5249927321853036,62995,4095.885312,MB,58477.0,4.095885312,context_0000,What is the value associated with key 4A194169B9FC? Return only the value.,8622.784512,['1EB753FFD3A2'],32
4096.0,27777.0,synthetic_kv_64k,8.622784512,,5C4432DF8D45,147.456,27777.0,0.5249927321853036,62995,4095.885312,MB,58477.0,4.095885312,context_0000,What is the value associated with key 7F5401FA964E? Return only the value.,8622.784512,['6E3FBF3C5140'],32
4096.0,27777.0,synthetic_kv_64k,8.622784512,,501B5EE68495,147.456,27777.0,0.5249927321853036,62995,4095.885312,MB,58477.0,4.095885312,context_0000,What is the value associated with key 21122CFA55B0? Return only the value.,8622.784512,['885761554667'],32
4096.0,27777.0,synthetic_kv_64k,8.622784512,,3F87159152F2,147.456,27777.0,0.5249927321853036,62995,4095.885312,MB,58477.0,4.095885312,context_0000,What is the value associated with key 3AE8B423CCDE? Return only the value.,8622.784512,['8F088011316B'],32
4096.0,27777.0,synthetic_kv_64k,8.622784512,,378E8F10DEF6,147.456,27777.0,0.5249927321853036,62995,4095.885312,MB,58477.0,4.095885312,context_0000,What is the value associated with key AB05D556B37D? Return only the value.,8622.784512,['5AAACE6322B6'],32
4096.0,27777.0,synthetic_kv_64k,8.622784512,,573B8045588C,147.456,27777.0,0.5249927321853036,62995,4095.885312,MB,58477.0,4.095885312,context_0000,What is the value associated with key 65A612738A23? Return only the value.,8622.784512,['BDF6DC9C96DE'],32
4096.0,27777.0,synthetic_kv_64k,8.622784512,,5F5FD4176230,147.456,27777.0,0.5249927321853036,62995,4095.885312,MB,58477.0,4.095885312,context_0000,What is the value associated with key 6FAC0AD45230? Return only the value.,8622.784512,['75B204CC3EDE'],32
4096.0,27777.0,synthetic_kv_64k,8.622784512,,7B88448D0E8C,147.456,27777.0,0.5249927321853036,62995,4095.885312,MB,58477.0,4.095885312,context_0000,What is the value associated with key 13EEEBD14D2C? Return only the value.,8622.784512,['5024DCB33DF3'],32
4096.0,27777.0,synthetic_kv_64k,8.622784512,,7B691A37C6BD,147.456,27777.0,0.5249927321853036,62995,4095.885312,MB,58477.0,4.095885312,context_0000,What is the value associated with key 6DE59364F3D0? Return only the value.,8622.784512,['678892CA525A'],32
4096.0,27777.0,synthetic_kv_64k,8.622784512,,3D44EA45BA41,147.456,27777.0,0.5249927321853036,62995,4095.885312,MB,58477.0,4.095885312,context_0000,What is the value associated with key A3E0B5A1B949? Return only the value.,8622.784512,['4A1D6AEDFDC7'],32
4096.0,27777.0,synthetic_kv_64k,8.622784512,,36344E9C244A,147.456,27777.0,0.5249927321853036,62995,4095.885312,MB,58477.0,4.095885312,context_0000,What is the value associated with key 67B01D7C0098? Return only the value.,8622.784512,['F7580556DAEA'],32
4096.0,27777.0,synthetic_kv_64k,8.622784512,,774C7D35788C,147.456,27777.0,0.5249927321853036,62995,4095.885312,MB,58477.0,4.095885312,context_0000,What is the value associated with key 2BFF532401FC? Return only the value.,8622.784512,['F296CD2372C2'],32
4096.0,27777.0,synthetic_kv_64k,8.622784512,,50647744588C,147.456,27777.0,0.5249927321853036,62995,4095.885312,MB,58477.0,4.095885312,context_0000,What is the value associated with key 75C89E3D750D? Return only the value.,8622.784512,['B08AD4FFA666'],32
4096.0,27777.0,synthetic_kv_64k,8.622784512,,4876C68813FE,147.456,27777.0,0.5249927321853036,62995,4095.885312,MB,58477.0,4.095885312,context_0000,What is the value associated with key 5CA2EB7607C9? Return only the value.,8622.784512,['6FCC168FAE12'],32
4096.0,27777.0,synthetic_kv_64k,8.622784512,,3E89E117DAC3,147.456,27777.0,0.5249927321853036,62995,4095.885312,MB,58477.0,4.095885312,context_0000,What is the value associated with key 1B19D8302081? Return only the value.,8622.784512,['6F883E49FD09'],32
4096.0,27777.0,synthetic_kv_64k,8.622784512,,502C20A45502,147.456,27777.0,0.5249927321853036,62995,4095.885312,MB,58477.0,4.095885312,context_0000,What is the value associated with key 668396C044D0? Return only the value.,8622.784512,['1422862268D1'],32
4096.0,27777.0,synthetic_kv_64k,8.622784512,,739F1223B513,147.456,27777.0,0.5249927321853036,62995,4095.885312,MB,58477.0,4.095885312,context_0000,What is the value associated with key DEDA6550F74A? Return only the value.,8622.784512,['BEED4F6E274B'],32
4096.0,27777.0,synthetic_kv_64k,8.622784512,,5048BF57CB10,147.456,27777.0,0.5249927321853036,62995,4095.885312,MB,58477.0,4.095885312,context_0000,What is the value associated with key 38B856EA57B3? Return only the value.,8622.784512,['C7745543FC3C'],32
4096.0,27777.0,synthetic_kv_64k,8.622784512,,379D455C2481,147.456,27777.0,0.5249927321853036,62995,4095.885312,MB,58477.0,4.095885312,context_0000,What is the value associated with key 138D2B0ABEDD? Return only the value.,8622.784512,['A21B82AF085C'],32
4096.0,27777.0,synthetic_kv_64k,8.622784512,,38959340444C,147.456,27777.0,0.5249927321853036,62995,4095.885312,MB,58477.0,4.095885312,context_0000,What is the value associated with key 87D51D30D990? Return only the value.,8622.784512,['31A3828C37E7'],32
4096.0,27777.0,synthetic_kv_64k,8.622784512,,0E51C884588C,147.456,27777.0,0.5249927321853036,62995,4095.885312,MB,58477.0,4.095885312,context_0000,What is the value associated with key C6B6E7EA8D5A? Return only the value.,8622.784512,['59E15970A859'],32
4096.0,27777.0,synthetic_kv_64k,8.622784512,,5417623067A1,147.456,27777.0,0.5249927321853036,62995,4095.885312,MB,58477.0,4.095885312,context_0000,What is the value associated with key F54EBA35844E? Return only the value.,8622.784512,['A53BD1A69D87'],32
4096.0,27777.0,synthetic_kv_64k,8.622784512,,54176230622F,147.456,27777.0,0.5249927321853036,62995,4095.885312,MB,58477.0,4.095885312,context_0000,What is the value associated with key 25CFD0A643FE? Return only the value.,8622.784512,['1A513C7C1D85'],32
4096.0,27777.0,synthetic_kv_64k,8.622784512,,506EB757CB10,147.456,27777.0,0.5249927321853036,62995,4095.885312,MB,58477.0,4.095885312,context_0000,What is the value associated with key 4187257D5E52? Return only the value.,8622.784512,['2C6A328067A1'],32
4096.0,27777.0,synthetic_kv_64k,8.622784512,,5417CA8DA719,147.456,27777.0,0.5249927321853036,62995,4095.885312,MB,58477.0,4.095885312,context_0000,What is the value associated with key 27229A36D1EC? Return only the value.,8622.784512,['C257C29D782B'],32
4096.0,27777.0,synthetic_kv_64k,8.622784512,,37E75436666C,147.456,27777.0,0.5249927321853036,62995,4095.885312,MB,58477.0,4.095885312,context_0000,What is the value associated with key 134AA7CF705C? Return only the value.,8622.784512,['F3872D5972C6'],32
4096.0,27777.0,synthetic_kv_64k,8.622784512,,768448444444,147.456,27777.0,0.5249927321853036,62995,4095.885312,MB,58477.0,4.095885312,context_0000,What is the value associated with key A0C1C5D95F51? Return only the value.,8622.784512,['76C57E7E7419'],32
4096.0,27777.0,synthetic_kv_64k,8.622784512,,34984D38E415,147.456,27777.0,0.5249927321853036,62995,4095.885312,MB,58477.0,4.095885312,context_0000,What is the value associated with key 9050C1235C91? Return only the value.,8622.784512,['9458C2874F06'],32
4096.0,27777.0,synthetic_kv_64k,8.622784512,,7B8E8FAF6D4A,147.456,27777.0,0.5249927321853036,62995,4095.885312,MB,58477.0,4.095885312,context_0000,What is the value associated with key AE5E72EB7474? Return only the value.,8622.784512,['E1CDEC955F87'],32
4096.0,27777.0,synthetic_kv_64k,8.622784512,,5048488524E3,147.456,27777.0,0.5249927321853036,62995,4095.885312,MB,58477.0,4.095885312,context_0000,What is the value associated with key A49B9082889B? Return only the value.,8622.784512,['FC8DA2A2E91F'],32
4096.0,27777.0,synthetic_kv_64k,8.622784512,,73E7516C3B0A,147.456,27777.0,0.5249927321853036,62995,4095.885312,MB,58477.0,4.095885312,context_0000,What is the value associated with key 52BD9FE0A8C7? Return only the value.,8622.784512,['F891DD3F487E'],32
4096.0,27777.0,synthetic_kv_64k,8.622784512,,538588588888,147.456,27777.0,0.5249927321853036,62995,4095.885312,MB,58477.0,4.095885312,context_0000,What is the value associated with key 50EEA09151E0? Return only the value.,8622.784512,['709426A524E3'],32
4096.0,27777.0,synthetic_kv_64k,8.622784512,,45CEC8CCE2C2,147.456,27777.0,0.5249927321853036,62995,4095.885312,MB,58477.0,4.095885312,context_0000,What is the value associated with key 780B117B355B? Return only the value.,8622.784512,['A1A271348C2A'],32
4096.0,27777.0,synthetic_kv_64k,8.622784512,,37900445C1A8,147.456,27777.0,0.5249927321853036,62995,4095.885312,MB,58477.0,4.095885312,context_0000,What is the value associated with key CBDC4D85A3D2? Return only the value.,8622.784512,['976746510367'],32
4096.0,27777.0,synthetic_kv_64k,8.622784512,,7B8636F7A26C,147.456,27777.0,0.5249927321853036,62995,4095.885312,MB,58477.0,4.095885312,context_0000,What is the value associated with key 5A180E614BCD? Return only the value.,8622.784512,['12FE81E0D489'],32
4096.0,27777.0,synthetic_kv_64k,8.622784512,,436E0044544E,147.456,27777.0,0.5249927321853036,62995,4095.885312,MB,58477.0,4.095885312,context_0000,What is the value associated with key 76344F76E388? Return only the value.,8622.784512,['09A073B0A091'],32
4096.0,27777.0,synthetic_kv_64k,8.622784512,,0C9E3CD1F88C,147.456,27777.0,0.5249927321853036,62995,4095.885312,MB,58477.0,4.095885312,context_0000,What is the value associated with key 5E650E9058B6? Return only the value.,8622.784512,['497DD4EA120A'],32
4096.0,27777.0,synthetic_kv_64k,8.622784512,,3D672834E4C0,147.456,27777.0,0.5249927321853036,62995,4095.885312,MB,58477.0,4.095885312,context_0000,What is the value associated with key A50813A4A492? Return only the value.,8622.784512,['FA34DD3F7D7E'],32
4096.0,27777.0,synthetic_kv_64k,8.622784512,,7B80446F648A,147.456,27777.0,0.5249927321853036,62995,4095.885312,MB,58477.0,4.095885312,context_0000,What is the value associated with key 171DDAF481A7? Return only the value.,8622.784512,['98159D713084'],32
4096.0,27777.0,synthetic_kv_64k,8.622784512,,77468908C34C,147.456,27777.0,0.5249927321853036,62995,4095.885312,MB,58477.0,4.095885312,context_0000,What is the value associated with key 626D81CF3252? Return only the value.,8622.784512,['94907674456F'],32
4096.0,27777.0,synthetic_kv_64k,8.622784512,,5417CAAA5B0D,147.456,27777.0,0.5249927321853036,62995,4095.885312,MB,58477.0,4.095885312,context_0000,What is the value associated with key F4488DE7AD6C? Return only the value.,8622.784512,['BD29CAB4923B'],32
4096.0,27777.0,synthetic_kv_64k,8.622784512,,502C224A66A6,147.456,27777.0,0.5249927321853036,62995,4095.885312,MB,58477.0,4.095885312,context_0000,What is the value associated with key 0A80E5582E16? Return only the value.,8622.784512,['E8B77321BF6B'],32
4096.0,27777.0,synthetic_kv_64k,8.622784512,,373A453665E6,147.456,27777.0,0.5249927321853036,62995,4095.885312,MB,58477.0,4.095885312,context_0000,What is the value associated with key 9258CF501889? Return only the value.,8622.784512,['3030A6DED1D8'],32
4096.0,27777.0,synthetic_kv_64k,8.622784512,,3B8D8848584C,147.456,27777.0,0.5249927321853036,62995,4095.885312,MB,58477.0,4.095885312,context_0000,What is the value associated with key 9AE1524F93FF? Return only the value.,8622.784512,['805979C2D2E4'],32
4096.0,27777.0,synthetic_kv_64k,8.622784512,,5C9DB4208B8C,147.456,27777.0,0.5249927321853036,62995,4095.885312,MB,58477.0,4.095885312,context_0000,What is the value associated with key F52D269ED4C9? Return only the value.,8622.784512,['73550FD6F47E'],32
4096.0,27777.0,synthetic_kv_64k,8.622784512,,63348B4BD7E7,147.456,27777.0,0.5249927321853036,62995,4095.885312,MB,58477.0,4.095885312,context_0000,What is the value associated with key CF9B1A7F195B? Return only the value.,8622.784512,['D65EE62D2D06'],32
4096.0,27777.0,synthetic_kv_64k,8.622784512,,300456789012,147.456,27777.0,0.5249927321853036,62995,4095.885312,MB,58477.0,4.095885312,context_0000,What is the value associated with key FB7D57EB89B1? Return only the value.,8622.784512,['1596B6DD6257'],32
4096.0,27777.0,synthetic_kv_64k,8.622784512,,768B744E67E7,147.456,27777.0,0.5249927321853036,62995,4095.885312,MB,58477.0,4.095885312,context_0000,What is the value associated with key A568812A1F9B? Return only the value.,8622.784512,['0A052C2CD22B'],32
4096.0,27777.0,synthetic_kv_64k,8.622784512,,5270A41247A2,147.456,27777.0,0.5249927321853036,62995,4095.885312,MB,58477.0,4.095885312,context_0000,What is the value associated with key B5263F6C21F7? Return only the value.,8622.784512,['FDB17010ED13'],32
4096.0,27777.0,synthetic_kv_64k,8.622784512,,046ACAFDA613,147.456,27777.0,0.5249927321853036,62995,4095.885312,MB,58477.0,4.095885312,context_0000,What is the value associated with key 8629707DF251? Return only the value.,8622.784512,['9C1C85D2D0A6'],32
4096.0,27777.0,synthetic_kv_64k,8.622784512,,0A1E6840C15C,147.456,27777.0,0.5249927321853036,62995,4095.885312,MB,58477.0,4.095885312,context_0000,What is the value associated with key 5D2828A39779? Return only the value.,8622.784512,['EAFD5F733A3E'],32
4096.0,27777.0,synthetic_kv_64k,8.622784512,,34E68430F0FA,147.456,27777.0,0.5249927321853036,62995,4095.885312,MB,58477.0,4.095885312,context_0000,What is the value associated with key 632D486BB6BF? Return only the value.,8622.784512,['C64368A51C68'],32
4096.0,27777.0,synthetic_kv_64k,8.622784512,,118324939884,147.456,27777.0,0.5249927321853036,62995,4095.885312,MB,58477.0,4.095885312,context_0000,What is the value associated with key ADCC569F3AB3? Return only the value.,8622.784512,['0D67990F0C5B'],32
4096.0,27777.0,synthetic_kv_64k,8.622784512,,5A9C2C3D4F8E,147.456,27777.0,0.5249927321853036,62995,4095.885312,MB,58477.0,4.095885312,context_0000,What is the value associated with key A181CA0AC6AC? Return only the value.,8622.784512,['55ABA5B5CDC2'],32
4096.0,27777.0,synthetic_kv_64k,8.622784512,,5240E88DA719,147.456,27777.0,0.5249927321853036,62995,4095.885312,MB,58477.0,4.095885312,context_0000,What is the value associated with key 546610DF9974? Return only the value.,8622.784512,['8ED618318AA3'],32
4096.0,27777.0,synthetic_kv_64k,8.622784512,,408248BDDB3E,147.456,27777.0,0.5249927321853036,62995,4095.885312,MB,58477.0,4.095885312,context_0000,What is the value associated with key 62F5ADAA44CA? Return only the value.,8622.784512,['408248BDDB3E'],32
4096.0,27777.0,synthetic_kv_64k,8.622784512,,3E8B596D8805,147.456,27777.0,0.5249927321853036,62995,4095.885312,MB,58477.0,4.095885312,context_0000,What is the value associated with key DA00B9469BCF? Return only the value.,8622.784512,['F6E3A8149562'],32
4096.0,27777.0,synthetic_kv_64k,8.622784512,,836668984444,147.456,27777.0,0.5249927321853036,62995,4095.885312,MB,58477.0,4.095885312,context_0000,What is the value associated with key 9A4AE806133C? Return only the value.,8622.784512,['267EDF8F4197'],32
4096.0,27777.0,synthetic_kv_64k,8.622784512,,A9E2952E6ABB,147.456,27777.0,0.5249927321853036,62995,4095.885312,MB,58477.0,4.095885312,context_0000,What is the value associated with key 14DD555736F8? Return only the value.,8622.784512,['A9E2952E6ABB'],32
4096.0,27777.0,synthetic_kv_64k,8.622784512,,7394843B7419,147.456,27777.0,0.5249927321853036,62995,4095.885312,MB,58477.0,4.095885312,context_0000,What is the value associated with key EAAF2434A678? Return only the value.,8622.784512,['4F6B598DDAEC'],32
4096.0,27777.0,synthetic_kv_64k,8.622784512,,54CEC8CCE2C2,147.456,27777.0,0.5249927321853036,62995,4095.885312,MB,58477.0,4.095885312,context_0000,What is the value associated with key A7F3F7BAF55E? Return only the value.,8622.784512,['A981B2CF952D'],32
4096.0,27777.0,synthetic_kv_64k,8.622784512,,0E848D848D84,147.456,27777.0,0.5249927321853036,62995,4095.885312,MB,58477.0,4.095885312,context_0000,What is the value associated with key 210264575BC4? Return only the value.,8622.784512,['B57698549F22'],32
4096.0,27777.0,synthetic_kv_64k,8.622784512,,630721C9A15D,147.456,27777.0,0.5249927321853036,62995,4095.885312,MB,58477.0,4.095885312,context_0000,What is the value associated with key 15B0F020E992? Return only the value.,8622.784512,['8F154F40C22F'],32
4096.0,27777.0,synthetic_kv_64k,8.622784512,,5417CAAA5BBE,147.456,27777.0,0.5249927321853036,62995,4095.885312,MB,58477.0,4.095885312,context_0000,What is the value associated with key A4BB606E0E1C? Return only the value.,8622.784512,['5417CAAA5BBE'],32
4096.0,27777.0,synthetic_kv_64k,8.622784512,,77468843582C,147.456,27777.0,0.5249927321853036,62995,4095.885312,MB,58477.0,4.095885312,context_0000,What is the value associated with key 20B7D02CE0C1? Return only the value.,8622.784512,['B3ECAB8CBF97'],32
4096.0,27777.0,synthetic_kv_64k,8.622784512,,567E6845670A,147.456,27777.0,0.5249927321853036,62995,4095.885312,MB,58477.0,4.095885312,context_0000,What is the value associated with key F275D436A7A8? Return only the value.,8622.784512,['FF46BD20563B'],32
4096.0,27777.0,synthetic_kv_64k,8.622784512,,7412E88A528C,147.456,27777.0,0.5249927321853036,62995,4095.885312,MB,58477.0,4.095885312,context_0000,What is the value associated with key E996AF77520E? Return only the value.,8622.784512,['17EC86C1B6CB'],32
4096.0,27777.0,synthetic_kv_64k,8.622784512,,34ECAD7D4E5A,147.456,27777.0,0.5249927321853036,62995,4095.885312,MB,58477.0,4.095885312,context_0000,What is the value associated with key ABA3A561E1E9? Return only the value.,8622.784512,['822C6C645C15'],32
4096.0,27777.0,synthetic_kv_64k,8.622784512,,444444444444,147.456,27777.0,0.5249927321853036,62995,4095.885312,MB,58477.0,4.095885312,context_0000,What is the value associated with key 04AA5CA0C428? Return only the value.,8622.784512,['4F115CD33369'],32
4096.0,27777.0,synthetic_kv_64k,8.622784512,,5C70FCA45567,147.456,27777.0,0.5249927321853036,62995,4095.885312,MB,58477.0,4.095885312,context_0000,What is the value associated with key F37F2E25B5EE? Return only the value.,8622.784512,['577B36D55494'],32
4096.0,27777.0,synthetic_kv_64k,8.622784512,,3D44AB4220A7,147.456,27777.0,0.5249927321853036,62995,4095.885312,MB,58477.0,4.095885312,context_0000,What is the value associated with key C422F29A6339? Return only the value.,8622.784512,['31277C7C404E'],32
4096.0,27777.0,synthetic_kv_64k,8.622784512,,7D70F49074E9,147.456,27777.0,0.5249927321853036,62995,4095.885312,MB,58477.0,4.095885312,context_0000,What is the value associated with key FFFE39FEB99C? Return only the value.,8622.784512,['27AA23377BBC'],32
4096.0,27777.0,synthetic_kv_64k,8.622784512,,2C9A8D574E2A,147.456,27777.0,0.5249927321853036,62995,4095.885312,MB,58477.0,4.095885312,context_0000,What is the value associated with key 4BB913C11754? Return only the value.,8622.784512,['C9C2D82C7565'],32
4096.0,27777.0,synthetic_kv_64k,8.622784512,,506EB758588D,147.456,27777.0,0.5249927321853036,62995,4095.885312,MB,58477.0,4.095885312,context_0000,What is the value associated with key 81F719E45C6A? Return only the value.,8622.784512,['8A2EC5580BB2'],32
4096.0,27777.0,synthetic_kv_64k,8.622784512,,5C623A3C563F,147.456,27777.0,0.5249927321853036,62995,4095.885312,MB,58477.0,4.095885312,context_0000,What is the value associated with key BD17D5CA69AB? Return only the value.,8622.784512,['86CAE238FE93'],32
4096.0,27777.0,synthetic_kv_64k,8.622784512,,F81A6892DC63,147.456,27777.0,0.5249927321853036,62995,4095.885312,MB,58477.0,4.095885312,context_0000,What is the value associated with key A97409A9D1C1? Return only the value.,8622.784512,['E05B56363094'],32
4096.0,27777.0,synthetic_kv_64k,8.622784512,,3F87159152F2,147.456,27777.0,0.5249927321853036,62995,4095.885312,MB,58477.0,4.095885312,context_0000,What is the value associated with key 9E37C42CBC39? Return only the value.,8622.784512,['98E5218C6E1C'],32
4096.0,27777.0,synthetic_kv_64k,8.622784512,,370B48E6848E,147.456,27777.0,0.5249927321853036,62995,4095.885312,MB,58477.0,4.095885312,context_0000,What is the value associated with key 277D6070B6A1? Return only the value.,8622.784512,['2E4B29890880'],32
4096.0,27777.0,synthetic_kv_64k,8.622784512,,F104658B2523,147.456,27777.0,0.5249927321853036,62995,4095.885312,MB,58477.0,4.095885312,context_0000,What is the value associated with key B15ED4D30795? Return only the value.,8622.784512,['9FEEC566AA81'],32
4096.0,27777.0,synthetic_kv_64k,8.622784512,,504B8C459C3E,147.456,27777.0,0.5249927321853036,62995,4095.885312,MB,58477.0,4.095885312,context_0000,What is the value associated with key E714CF1D7D3A? Return only the value.,8622.784512,['B89F2A60C652'],32
4096.0,27777.0,synthetic_kv_64k,8.622784512,,73B90134E76B,147.456,27777.0,0.5249927321853036,62995,4095.885312,MB,58477.0,4.095885312,context_0000,What is the value associated with key 0B2F700B5D5F? Return only the value.,8622.784512,['5D42692E07B6'],32
4096.0,27777.0,synthetic_kv_64k,8.622784512,,F8363CCEC76C,147.456,27777.0,0.5249927321853036,62995,4095.885312,MB,58477.0,4.095885312,context_0000,What is the value associated with key B836AD261EC5? Return only the value.,8622.784512,['F8363CCEC76C'],32
4096.0,27777.0,synthetic_kv_64k,8.622784512,,8DB7EF7DB821,147.456,27777.0,0.5249927321853036,62995,4095.885312,MB,58477.0,4.095885312,context_0000,What is the value associated with key 9C4F71B701AA? Return only the value.,8622.784512,['C09C48F1096D'],32
4096.0,27777.0,synthetic_kv_64k,8.622784512,,B86D1BA827C6,147.456,27777.0,0.5249927321853036,62995,4095.885312,MB,58477.0,4.095885312,context_0000,What is the value associated with key C8A7BFA016C2? Return only the value.,8622.784512,['3BE772ECF16E'],32
4096.0,27777.0,synthetic_kv_64k,8.622784512,,8C354ABF6F5C,147.456,27777.0,0.5249927321853036,62995,4095.885312,MB,58477.0,4.095885312,context_0000,What is the value associated with key 3D3A88B4F474? Return only the value.,8622.784512,['F7314F3949A8'],32
4096.0,27777.0,synthetic_kv_64k,8.622784512,,54E144444444,147.456,27777.0,0.5249927321853036,62995,4095.885312,MB,58477.0,4.095885312,context_0000,What is the value associated with key C8CCCF01F944? Return only the value.,8622.784512,['E76A78116802'],32
4096.0,27777.0,synthetic_kv_64k,8.622784512,,A6EAD287964A,147.456,27777.0,0.5249927321853036,62995,4095.885312,MB,58477.0,4.095885312,context_0000,What is the value associated with key 31ABD5C9FDC7? Return only the value.,8622.784512,['ADA55E2AD32D'],32
4096.0,27777.0,synthetic_kv_64k,8.622784512,,F168CE1A1669,147.456,27777.0,0.5249927321853036,62995,4095.885312,MB,58477.0,4.095885312,context_0000,What is the value associated with key 9207F2771F63? Return only the value.,8622.784512,['70CAFC043F08'],32
4096.0,27777.0,synthetic_kv_64k,8.622784512,,539F1223B513,147.456,27777.0,0.5249927321853036,62995,4095.885312,MB,58477.0,4.095885312,context_0000,What is the value associated with key C4F97630A8A7? Return only the value.,8622.784512,['C73348223120'],32
4096.0,27777.0,synthetic_kv_64k,8.622784512,,8FC3F6BD80C7,147.456,27777.0,0.5249927321853036,62995,4095.885312,MB,58477.0,4.095885312,context_0000,What is the value associated with key 80BE61C2645A? Return only the value.,8622.784512,['6B2D87079AD4'],32
4096.0,27777.0,synthetic_kv_64k,8.622784512,,5417CA8AB6A7,147.456,27777.0,0.5249927321853036,62995,4095.885312,MB,58477.0,4.095885312,context_0000,What is the value associated with key 297CF75D599F? Return only the value.,8622.784512,['331FD11FC8C0'],32
4096.0,27777.0,synthetic_kv_64k,8.622784512,,300000000000,147.456,27777.0,0.5249927321853036,62995,4095.885312,MB,58477.0,4.095885312,context_0000,What is the value associated with key 9ACBCD1F5318? Return only the value.,8622.784512,['DF7D236E1608'],32
4096.0,27777.0,synthetic_kv_64k,8.622784512,,A26017A0DF49,147.456,27777.0,0.5249927321853036,62995,4095.885312,MB,58477.0,4.095885312,context_0000,What is the value associated with key 0D5B400035F0? Return only the value.,8622.784512,['7B07A4244F23'],32
4096.0,27777.0,synthetic_kv_64k,8.622784512,,57D426A524E3,147.456,27777.0,0.5249927321853036,62995,4095.885312,MB,58477.0,4.095885312,context_0000,What is the value associated with key 5F07DFC620CE? Return only the value.,8622.784512,['EF2D8DF661DA'],32
4096.0,27777.0,synthetic_kv_64k,8.622784512,,5064774E448C,147.456,27777.0,0.5249927321853036,62995,4095.885312,MB,58477.0,4.095885312,context_0000,What is the value associated with key B61E1A435206? Return only the value.,8622.784512,['8412D88C656D'],32
4096.0,27777.0,synthetic_kv_64k,8.622784512,,588454848884,147.456,27777.0,0.5249927321853036,62995,4095.885312,MB,58477.0,4.095885312,context_0000,What is the value associated with key 1FEAD9E604B3? Return only the value.,8622.784512,['157848F9E3D0'],32
4096.0,27777.0,synthetic_kv_64k,8.622784512,,5417CAAA5B0D,147.456,27777.0,0.5249927321853036,62995,4095.885312,MB,58477.0,4.095885312,context_0000,What is the value associated with key 290AC35B9FEA? Return only the value.,8622.784512,['730645D5A68D'],32
4096.0,27777.0,synthetic_kv_64k,8.622784512,,5417CAAA5BBE,147.456,27777.0,0.5249927321853036,62995,4095.885312,MB,58477.0,4.095885312,context_0000,What is the value associated with key 836BE7C225DA? Return only the value.,8622.784512,['D4BF25B8A42F'],32
4096.0,27777.0,synthetic_kv_64k,8.622784512,,5048BF701238,147.456,27777.0,0.5249927321853036,62995,4095.885312,MB,58477.0,4.095885312,context_0000,What is the value associated with key 177A6FFE33B3? Return only the value.,8622.784512,['E916F24823AB'],32
4096.0,27777.0,synthetic_kv_64k,8.622784512,,539F1223B513,147.456,27777.0,0.5249927321853036,62995,4095.885312,MB,58477.0,4.095885312,context_0000,What is the value associated with key D11338D77B9A? Return only the value.,8622.784512,['E277737D1FB6'],32
4096.0,27777.0,synthetic_kv_64k,8.622784512,,585445445454,147.456,27777.0,0.5249927321853036,62995,4095.885312,MB,58477.0,4.095885312,context_0000,What is the value associated with key EE33597E6845? Return only the value.,8622.784512,['6A3606D3DB93'],32
4096.0,27777.0,synthetic_kv_64k,8.622784512,,436E770E09DB,147.456,27777.0,0.5249927321853036,62995,4095.885312,MB,58477.0,4.095885312,context_0000,What is the value associated with key 657E0DA23E5C? Return only the value.,8622.784512,['5FBB808389C8'],32
4096.0,27777.0,synthetic_kv_64k,8.622784512,,0402508211A5,147.456,27777.0,0.5249927321853036,62995,4095.885312,MB,58477.0,4.095885312,context_0000,What is the value associated with key 62DB3C5BF3A7? Return only the value.,8622.784512,['14E4FE9936A3'],32
4096.0,27777.0,synthetic_kv_64k,8.622784512,,A85456673E49,147.456,27777.0,0.5249927321853036,62995,4095.885312,MB,58477.0,4.095885312,context_0000,What is the value associated with key 397B5FFA46EF? Return only the value.,8622.784512,['519507374C86'],32
4096.0,27777.0,synthetic_kv_64k,8.622784512,,3B8D8455448C,147.456,27777.0,0.5249927321853036,62995,4095.885312,MB,58477.0,4.095885312,context_0000,What is the value associated with key 195DEE4A9B5D? Return only the value.,8622.784512,['B6F6D6D441CC'],32
4096.0,27777.0,synthetic_kv_64k,8.622784512,,574048544444,147.456,27777.0,0.5249927321853036,62995,4095.885312,MB,58477.0,4.095885312,context_0000,What is the value associated with key 55D5A663D2CD? Return only the value.,8622.784512,['2563CA97EBF5'],32
4096.0,27777.0,synthetic_kv_64k,8.622784512,,08251947602D,147.456,27777.0,0.5249927321853036,62995,4095.885312,MB,58477.0,4.095885312,context_0000,What is the value associated with key 09CE2339BA19? Return only the value.,8622.784512,['EADA4970ED9A'],32
4096.0,27777.0,synthetic_kv_64k,8.622784512,,5048BF10DE0A,147.456,27777.0,0.5249927321853036,62995,4095.885312,MB,58477.0,4.095885312,context_0000,What is the value associated with key 78F2D46B415D? Return only the value.,8622.784512,['D4C3B231C60B'],32
4096.0,27777.0,synthetic_kv_64k,8.622784512,,C2432387EAF6: 379DDC268108,147.456,27777.0,0.5249927321853036,62995,4095.885312,MB,58477.0,4.095885312,context_0000,What is the value associated with key C2432387EAF6? Return only the value.,8622.784512,['7817B49E04CC'],32
4096.0,27777.0,synthetic_kv_64k,8.622784512,,730485448485,147.456,27777.0,0.5249927321853036,62995,4095.885312,MB,58477.0,4.095885312,context_0000,What is the value associated with key 9D8772D78BDD? Return only the value.,8622.784512,['E7E601582463'],32
4096.0,27777.0,synthetic_kv_64k,8.622784512,,0C06AA1C4023,147.456,27777.0,0.5249927321853036,62995,4095.885312,MB,58477.0,4.095885312,context_0000,What is the value associated with key 04DD144823F7? Return only the value.,8622.784512,['373541843B03'],32
4096.0,27777.0,synthetic_kv_64k,8.622784512,,582548454845,147.456,27777.0,0.5249927321853036,62995,4095.885312,MB,58477.0,4.095885312,context_0000,What is the value associated with key 2646D5C0244D? Return only the value.,8622.784512,['F0B28C7E6F42'],32
4096.0,27777.0,synthetic_kv_64k,8.622784512,,08251947608A,147.456,27777.0,0.5249927321853036,62995,4095.885312,MB,58477.0,4.095885312,context_0000,What is the value associated with key 9BDFBA2C0F19? Return only the value.,8622.784512,['6C5A871C0884'],32
4096.0,27777.0,synthetic_kv_64k,8.622784512,,744858548485,147.456,27777.0,0.5249927321853036,62995,4095.885312,MB,58477.0,4.095885312,context_0000,What is the value associated with key C6B31C76BDF6? Return only the value.,8622.784512,['3CD549C10669'],32
4096.0,27777.0,synthetic_kv_64k,8.622784512,,50488D78448C,147.456,27777.0,0.5249927321853036,62995,4095.885312,MB,58477.0,4.095885312,context_0000,What is the value associated with key 1F314D183EBA? Return only the value.,8622.784512,['3D0A0C394EC7'],32
4096.0,27777.0,synthetic_kv_64k,8.622784512,,3F87159152F2,147.456,27777.0,0.5249927321853036,62995,4095.885312,MB,58477.0,4.095885312,context_0000,What is the value associated with key A3926B79AFCC? Return only the value.,8622.784512,['9F70CB3CF8CA'],32
4096.0,27777.0,synthetic_kv_64k,8.622784512,,5C4432DF8D45,147.456,27777.0,0.5249927321853036,62995,4095.885312,MB,58477.0,4.095885312,context_0000,What is the value associated with key 1014750565F5? Return only the value.,8622.784512,['D6311C612EC2'],32
4096.0,27777.0,synthetic_kv_64k,8.622784512,,7A0E958CA9BA,147.456,27777.0,0.5249927321853036,62995,4095.885312,MB,58477.0,4.095885312,context_0000,What is the value associated with key 7FF4E7B7B4C6? Return only the value.,8622.784512,['893A98C3E3CA'],32
4096.0,27777.0,synthetic_kv_64k,8.622784512,,585048455845,147.456,27777.0,0.5249927321853036,62995,4095.885312,MB,58477.0,4.095885312,context_0000,What is the value associated with key A1C704351B64? Return only the value.,8622.784512,['933683EFA9F3'],32
4096.0,27777.0,synthetic_kv_64k,8.622784512,,8C5701D909B4,147.456,27777.0,0.5249927321853036,62995,4095.885312,MB,58477.0,4.095885312,context_0000,What is the value associated with key B7F23DEFA849? Return only the value.,8622.784512,['4A9024C173B9'],32
4096.0,27777.0,synthetic_kv_64k,8.622784512,,0F8C61B1CD22,147.456,27777.0,0.5249927321853036,62995,4095.885312,MB,58477.0,4.095885312,context_0000,What is the value associated with key 00666DE299A1? Return only the value.,8622.784512,['5A529D642932'],32
4096.0,27777.0,synthetic_kv_64k,8.622784512,,9255ED0940F7,147.456,27777.0,0.5249927321853036,62995,4095.885312,MB,58477.0,4.095885312,context_0000,What is the value associated with key 92173D959E3F? Return only the value.,8622.784512,['2FF36AA42C9F'],32
4096.0,27777.0,synthetic_kv_64k,8.622784512,,388588888888,147.456,27777.0,0.5249927321853036,62995,4095.885312,MB,58477.0,4.095885312,context_0000,What is the value associated with key AB10AA143CD8? Return only the value.,8622.784512,['860315EACBCF'],32
4096.0,27777.0,synthetic_kv_64k,8.622784512,,38008E68448C,147.456,27777.0,0.5249927321853036,62995,4095.885312,MB,58477.0,4.095885312,context_0000,What is the value associated with key 5C50F982F4E0? Return only the value.,8622.784512,['F41211536E99'],32
4096.0,27777.0,synthetic_kv_64k,8.622784512,,8562E5D4935D,147.456,27777.0,0.5249927321853036,62995,4095.885312,MB,58477.0,4.095885312,context_0000,What is the value associated with key 8B4886ABD4E7? Return only the value.,8622.784512,['C95281E03A5E'],32
4096.0,27777.0,synthetic_kv_64k,8.622784512,,8A2D3BFDA8A6,147.456,27777.0,0.5249927321853036,62995,4095.885312,MB,58477.0,4.095885312,context_0000,What is the value associated with key 81F3FD034ADA? Return only the value.,8622.784512,['05348DDCE719'],32
4096.0,27777.0,synthetic_kv_64k,8.622784512,,38854484584C,147.456,27777.0,0.5249927321853036,62995,4095.885312,MB,58477.0,4.095885312,context_0000,What is the value associated with key DF9263F4C69D? Return only the value.,8622.784512,['0B25785AC5D0'],32
4096.0,27777.0,synthetic_kv_64k,8.622784512,,5F98A65E688E,147.456,27777.0,0.5249927321853036,62995,4095.885312,MB,58477.0,4.095885312,context_0000,What is the value associated with key 630AA2BB522B? Return only the value.,8622.784512,['5F90FB25664D'],32
4096.0,27777.0,synthetic_kv_64k,8.622784512,,58574285548C,147.456,27777.0,0.5249927321853036,62995,4095.885312,MB,58477.0,4.095885312,context_0000,What is the value associated with key BF5040EF3935? Return only the value.,8622.784512,['5B6A04287378'],32
4096.0,27777.0,synthetic_kv_64k,8.622784512,,738848848484,147.456,27777.0,0.5249927321853036,62995,4095.885312,MB,58477.0,4.095885312,context_0000,What is the value associated with key 114BC9DC72B8? Return only the value.,8622.784512,['3DBA5844F9FC'],32
4096.0,27777.0,synthetic_kv_64k,8.622784512,,5F98A65E688E,147.456,27777.0,0.5249927321853036,62995,4095.885312,MB,58477.0,4.095885312,context_0000,What is the value associated with key A837BBA205CA? Return only the value.,8622.784512,['1A89A0D572C8'],32
4096.0,27777.0,synthetic_kv_64k,8.622784512,,343E68448C3C,147.456,27777.0,0.5249927321853036,62995,4095.885312,MB,58477.0,4.095885312,context_0000,What is the value associated with key 94F7C5811D2D? Return only the value.,8622.784512,['C1B5BC3536DF'],32
4096.0,27777.0,synthetic_kv_64k,8.622784512,,585494841238,147.456,27777.0,0.5249927321853036,62995,4095.885312,MB,58477.0,4.095885312,context_0000,What is the value associated with key 2227551FF086? Return only the value.,8622.784512,['5A300B599562'],32
4096.0,27777.0,synthetic_kv_64k,8.622784512,,388548545854,147.456,27777.0,0.5249927321853036,62995,4095.885312,MB,58477.0,4.095885312,context_0000,What is the value associated with key 56AB8BC78E81? Return only the value.,8622.784512,['A48ED0421DFA'],32
4096.0,27777.0,synthetic_kv_64k,8.622784512,,5C9DB42A0456,147.456,27777.0,0.5249927321853036,62995,4095.885312,MB,58477.0,4.095885312,context_0000,What is the value associated with key D4942CD2A404? Return only the value.,8622.784512,['AF47C775E395'],32
4096.0,27777.0,synthetic_kv_64k,8.622784512,,544842845484,147.456,27777.0,0.5249927321853036,62995,4095.885312,MB,58477.0,4.095885312,context_0000,What is the value associated with key FB1676F186AB? Return only the value.,8622.784512,['7A81B20507BB'],32
4096.0,27777.0,synthetic_kv_64k,8.622784512,,585458455845,147.456,27777.0,0.5249927321853036,62995,4095.885312,MB,58477.0,4.095885312,context_0000,What is the value associated with key 2EA9A1B970D0? Return only the value.,8622.784512,['2285CFBE4FE9'],32
4096.0,27777.0,synthetic_kv_64k,8.622784512,,58528454888C,147.456,27777.0,0.5249927321853036,62995,4095.885312,MB,58477.0,4.095885312,context_0000,What is the value associated with key B74E10275B53? Return only the value.,8622.784512,['F190C6B469EF'],32
4096.0,27777.0,synthetic_kv_64k,8.622784512,,0E3C3845488C,147.456,27777.0,0.5249927321853036,62995,4095.885312,MB,58477.0,4.095885312,context_0000,What is the value associated with key 0977752A7D25? Return only the value.,8622.784512,['339B4B1F0D7B'],32
4096.0,27777.0,synthetic_kv_64k,8.622784512,,504848545845,147.456,27777.0,0.5249927321853036,62995,4095.885312,MB,58477.0,4.095885312,context_0000,What is the value associated with key CA860B36E356? Return only the value.,8622.784512,['E2C333107475'],32
4096.0,27777.0,synthetic_kv_64k,8.622784512,,50CA0ABA590E: 506EB758588D,147.456,27777.0,0.5249927321853036,62995,4095.885312,MB,58477.0,4.095885312,context_0000,What is the value associated with key 50CA0ABA590E? Return only the value.,8622.784512,['4F61EEF16694'],32
4096.0,27777.0,synthetic_kv_64k,8.622784512,,73948470538A,147.456,27777.0,0.5249927321853036,62995,4095.885312,MB,58477.0,4.095885312,context_0000,What is the value associated with key 65F283F02DC7? Return only the value.,8622.784512,['D0BEFD372539'],32
4096.0,27777.0,synthetic_kv_64k,8.622784512,,5C4432DF8D45,147.456,27777.0,0.5249927321853036,62995,4095.885312,MB,58477.0,4.095885312,context_0000,What is the value associated with key 79308B040F49? Return only the value.,8622.784512,['095F40D92BCE'],32
4096.0,27777.0,synthetic_kv_64k,8.622784512,,784854848484,147.456,27777.0,0.5249927321853036,62995,4095.885312,MB,58477.0,4.095885312,context_0000,What is the value associated with key A59BC0D7AC73? Return only the value.,8622.784512,['493E30EC2796'],32
4096.0,27777.0,synthetic_kv_64k,8.622784512,,746654584567,147.456,27777.0,0.5249927321853036,62995,4095.885312,MB,58477.0,4.095885312,context_0000,What is the value associated with key DCB55B62A8DF? Return only the value.,8622.784512,['0C3CC7E53BBB'],32
4096.0,27777.0,synthetic_kv_64k,8.622784512,,388548485884,147.456,27777.0,0.5249927321853036,62995,4095.885312,MB,58477.0,4.095885312,context_0000,What is the value associated with key A7DEDDA4F4A7? Return only the value.,8622.784512,['45F154F90429'],32
4096.0,27777.0,synthetic_kv_64k,8.622784512,,7B691A375C4E,147.456,27777.0,0.5249927321853036,62995,4095.885312,MB,58477.0,4.095885312,context_0000,What is the value associated with key CCA11FDD980A? Return only the value.,8622.784512,['6FDC5E368127'],32
4096.0,27777.0,synthetic_kv_64k,8.622784512,,7C05BDAE93A0,147.456,27777.0,0.5249927321853036,62995,4095.885312,MB,58477.0,4.095885312,context_0000,What is the value associated with key 6667E3B56360? Return only the value.,8622.784512,['7092BE4969EC'],32
4096.0,27777.0,synthetic_kv_64k,8.622784512,,0E634485444C,147.456,27777.0,0.5249927321853036,62995,4095.885312,MB,58477.0,4.095885312,context_0000,What is the value associated with key F4DBE506F670? Return only the value.,8622.784512,['56CB62FB26D7'],32
4096.0,27777.0,synthetic_kv_64k,8.622784512,,2A458CBFEDB0,147.456,27777.0,0.5249927321853036,62995,4095.885312,MB,58477.0,4.095885312,context_0000,What is the value associated with key 2FD3F945F2FD? Return only the value.,8622.784512,['B12B7F072CB9'],32
4096.0,27777.0,synthetic_kv_64k,8.622784512,,506EB758E201,147.456,27777.0,0.5249927321853036,62995,4095.885312,MB,58477.0,4.095885312,context_0000,What is the value associated with key 5E0A7F5DB163? Return only the value.,8622.784512,['CC1BEC9F9C54'],32
4096.0,27777.0,synthetic_kv_64k,8.622784512,,5F322ABE1585,147.456,27777.0,0.5249927321853036,62995,4095.885312,MB,58477.0,4.095885312,context_0000,What is the value associated with key 444784EF4324? Return only the value.,8622.784512,['1526CD180A82'],32
4096.0,27777.0,synthetic_kv_64k,8.622784512,,2303D69D4F4C,147.456,27777.0,0.5249927321853036,62995,4095.885312,MB,58477.0,4.095885312,context_0000,What is the value associated with key 6CACBA220065? Return only the value.,8622.784512,['6E3C14348F62'],32
4096.0,27777.0,synthetic_kv_64k,8.622784512,,0E635440444C,147.456,27777.0,0.5249927321853036,62995,4095.885312,MB,58477.0,4.095885312,context_0000,What is the value associated with key FEBE9A3A6103? Return only the value.,8622.784512,['2E32D284F54E'],32
4096.0,27777.0,synthetic_kv_64k,8.622784512,,38851840484E,147.456,27777.0,0.5249927321853036,62995,4095.885312,MB,58477.0,4.095885312,context_0000,What is the value associated with key 4B348BA435CC? Return only the value.,8622.784512,['1A43523AE993'],32
4096.0,27777.0,synthetic_kv_64k,8.622784512,,4C9BE1887EAF,147.456,27777.0,0.5249927321853036,62995,4095.885312,MB,58477.0,4.095885312,context_0000,What is the value associated with key 53F2147F6570? Return only the value.,8622.784512,['4BAFA9320094'],32
4096.0,27777.0,synthetic_kv_64k,8.622784512,,B7B89D4C13D0,147.456,27777.0,0.5249927321853036,62995,4095.885312,MB,58477.0,4.095885312,context_0000,What is the value associated with key 72274E76833A? Return only the value.,8622.784512,['B7B89A45693D'],32
4096.0,27777.0,synthetic_kv_64k,8.622784512,,502C224A66A6,147.456,27777.0,0.5249927321853036,62995,4095.885312,MB,58477.0,4.095885312,context_0000,What is the value associated with key 2AA96D15F16F? Return only the value.,8622.784512,['71A3B0946D2A'],32
4096.0,27777.0,synthetic_kv_64k,8.622784512,,770000000000,147.456,27777.0,0.5249927321853036,62995,4095.885312,MB,58477.0,4.095885312,context_0000,What is the value associated with key 727759FEFBBC? Return only the value.,8622.784512,['BA100AD7C9A2'],32
4096.0,27777.0,synthetic_kv_64k,8.622784512,,73948479C34C,147.456,27777.0,0.5249927321853036,62995,4095.885312,MB,58477.0,4.095885312,context_0000,What is the value associated with key E95FDEBAC186? Return only the value.,8622.784512,['9D665A4153B3'],32
4096.0,27777.0,synthetic_kv_64k,8.622784512,,644854845484,147.456,27777.0,0.5249927321853036,62995,4095.885312,MB,58477.0,4.095885312,context_0000,What is the value associated with key 6F58FF86CC31? Return only the value.,8622.784512,['A3B446494296'],32
4096.0,27777.0,synthetic_kv_64k,8.622784512,,82E94587448C,147.456,27777.0,0.5249927321853036,62995,4095.885312,MB,58477.0,4.095885312,context_0000,What is the value associated with key CA9EFAE3114B? Return only the value.,8622.784512,['0EAFF2A9DC8A'],32
4096.0,27777.0,synthetic_kv_64k,8.622784512,,58485484848484848484848484848484,147.456,27777.0,0.5249927321853036,62995,4095.885312,MB,58477.0,4.095885312,context_0000,What is the value associated with key ABD21335E5DB? Return only the value.,8622.784512,['67FDA334058A'],32
4096.0,27777.0,synthetic_kv_64k,8.622784512,,504888888888,147.456,27777.0,0.5249927321853036,62995,4095.885312,MB,58477.0,4.095885312,context_0000,What is the value associated with key 83595D01F55F? Return only the value.,8622.784512,['BFF9CD14A03E'],32
4096.0,27777.0,synthetic_kv_64k,8.622784512,,5A180E619E1D,147.456,27777.0,0.5249927321853036,62995,4095.885312,MB,58477.0,4.095885312,context_0000,What is the value associated with key 28F4ADEDDA80? Return only the value.,8622.784512,['07F8F3EA0184'],32
4096.0,27777.0,synthetic_kv_64k,8.622784512,,58528485584C,147.456,27777.0,0.5249927321853036,62995,4095.885312,MB,58477.0,4.095885312,context_0000,What is the value associated with key D942248D31EC? Return only the value.,8622.784512,['AD979B89E5CB'],32
4096.0,27777.0,synthetic_kv_64k,8.622784512,,9C3D022B6683,147.456,27777.0,0.5249927321853036,62995,4095.885312,MB,58477.0,4.095885312,context_0000,What is the value associated with key 702CC8040FB7? Return only the value.,8622.784512,['205008E895D7'],32
4096.0,27777.0,synthetic_kv_64k,8.622784512,,380548548585,147.456,27777.0,0.5249927321853036,62995,4095.885312,MB,58477.0,4.095885312,context_0000,What is the value associated with key 3C6A113634A5? Return only the value.,8622.784512,['A529C74CC890'],32
4096.0,27777.0,synthetic_kv_64k,8.622784512,,5A1885858585,147.456,27777.0,0.5249927321853036,62995,4095.885312,MB,58477.0,4.095885312,context_0000,What is the value associated with key 5CB55DC7B3E6? Return only the value.,8622.784512,['F3106202BEE6'],32
4096.0,27777.0,synthetic_kv_64k,8.622784512,,384858548585,147.456,27777.0,0.5249927321853036,62995,4095.885312,MB,58477.0,4.095885312,context_0000,What is the value associated with key 084A9136F1F8? Return only the value.,8622.784512,['27479AE77EAB'],32
4096.0,27777.0,synthetic_kv_64k,8.622784512,,7B8B8845848C,147.456,27777.0,0.5249927321853036,62995,4095.885312,MB,58477.0,4.095885312,context_0000,What is the value associated with key 732EADD702C9? Return only the value.,8622.784512,['5EF7F2E6195F'],32
4096.0,27777.0,synthetic_kv_64k,8.622784512,,73804844848C,147.456,27777.0,0.5249927321853036,62995,4095.885312,MB,58477.0,4.095885312,context_0000,What is the value associated with key 71A65F3C44DC? Return only the value.,8622.784512,['13AEC359810A'],32
4096.0,27777.0,synthetic_kv_64k,8.622784512,,0C064454588C,147.456,27777.0,0.5249927321853036,62995,4095.885312,MB,58477.0,4.095885312,context_0000,What is the value associated with key 233F92EC89AF? Return only the value.,8622.784512,['5DF0878AAED9'],32
4096.0,27777.0,synthetic_kv_64k,8.622784512,,5254809CD839,147.456,27777.0,0.5249927321853036,62995,4095.885312,MB,58477.0,4.095885312,context_0000,What is the value associated with key 507B65E58F34? Return only the value.,8622.784512,['4758A6499CDC'],32
4096.0,27777.0,synthetic_kv_64k,8.622784512,,530A0BC61066,147.456,27777.0,0.5249927321853036,62995,4095.885312,MB,58477.0,4.095885312,context_0000,What is the value associated with key F5E43FE68C9C? Return only the value.,8622.784512,['06A21D0AF7F7'],32
4096.0,27777.0,synthetic_kv_64k,8.622784512,,0F841931E9EE,147.456,27777.0,0.5249927321853036,62995,4095.885312,MB,58477.0,4.095885312,context_0000,What is the value associated with key 2FA0BC55300B? Return only the value.,8622.784512,['848A7FC15858'],32
4096.0,27777.0,synthetic_kv_64k,8.622784512,,5048BF7750A9,147.456,27777.0,0.5249927321853036,62995,4095.885312,MB,58477.0,4.095885312,context_0000,What is the value associated with key E9DD63119ACA? Return only the value.,8622.784512,['1E258FC9C86B'],32
4096.0,27777.0,synthetic_kv_64k,8.622784512,,3F148485848C,147.456,27777.0,0.5249927321853036,62995,4095.885312,MB,58477.0,4.095885312,context_0000,What is the value associated with key C6644303CBC1? Return only the value.,8622.784512,['B43B42A259A6'],32
4096.0,27777.0,synthetic_kv_64k,8.622784512,,370B8485848C,147.456,27777.0,0.5249927321853036,62995,4095.885312,MB,58477.0,4.095885312,context_0000,What is the value associated with key 36EE723EF466? Return only the value.,8622.784512,['9CA3FF11C8BA'],32
4096.0,27777.0,synthetic_kv_64k,8.622784512,,379048488855,147.456,27777.0,0.5249927321853036,62995,4095.885312,MB,58477.0,4.095885312,context_0000,What is the value associated with key B1A8491B90E9? Return only the value.,8622.784512,['FFA6EA9E5C8D'],32
4096.0,27777.0,synthetic_kv_64k,8.622784512,,3F6E23CBE943,147.456,27777.0,0.5249927321853036,62995,4095.885312,MB,58477.0,4.095885312,context_0000,What is the value associated with key 333E7DBF4BC1? Return only the value.,8622.784512,['22BF1F652A87'],32
4096.0,27777.0,synthetic_kv_64k,8.622784512,,7A0E958CA9BA,147.456,27777.0,0.5249927321853036,62995,4095.885312,MB,58477.0,4.095885312,context_0000,What is the value associated with key 12F5DA52D2EE? Return only the value.,8622.784512,['2C3373B911D8'],32
4096.0,27777.0,synthetic_kv_64k,8.622784512,,0C244544848C,147.456,27777.0,0.5249927321853036,62995,4095.885312,MB,58477.0,4.095885312,context_0000,What is the value associated with key B69FE60FD420? Return only the value.,8622.784512,['FF4C71F2CE8F'],32
4096.0,27777.0,synthetic_kv_64k,8.622784512,,7B691A37644D,147.456,27777.0,0.5249927321853036,62995,4095.885312,MB,58477.0,4.095885312,context_0000,What is the value associated with key CF7D1679742F? Return only the value.,8622.784512,['F7B2AE92EA71'],32
4096.0,27777.0,synthetic_kv_64k,8.622784512,,0E844885548C,147.456,27777.0,0.5249927321853036,62995,4095.885312,MB,58477.0,4.095885312,context_0000,What is the value associated with key FC90D8741408? Return only the value.,8622.784512,['AAF751D08109'],32
4096.0,27777.0,synthetic_kv_64k,8.622784512,,54885488548854885488548854885488,147.456,27777.0,0.5249927321853036,62995,4095.885312,MB,58477.0,4.095885312,context_0000,What is the value associated with key B5A458F0DD23? Return only the value.,8622.784512,['8CCC109FD8EE'],32
4096.0,27777.0,synthetic_kv_64k,8.622784512,,47C695448C2A,147.456,27777.0,0.5249927321853036,62995,4095.885312,MB,58477.0,4.095885312,context_0000,What is the value associated with key 4A558ACBBE09? Return only the value.,8622.784512,['4CC9E42E5037'],32
4096.0,27777.0,synthetic_kv_64k,8.622784512,,34871D164E1A,147.456,27777.0,0.5249927321853036,62995,4095.885312,MB,58477.0,4.095885312,context_0000,What is the value associated with key 2852D9F2DD0D? Return only the value.,8622.784512,['B5A5B6391F04'],32
4096.0,27777.0,synthetic_kv_64k,8.622784512,,504845454545,147.456,27777.0,0.5249927321853036,62995,4095.885312,MB,58477.0,4.095885312,context_0000,What is the value associated with key B341ED6522B4? Return only the value.,8622.784512,['2C91A3404F08'],32
4096.0,27777.0,synthetic_kv_64k,8.622784512,,618A95A5BAFA,147.456,27777.0,0.5249927321853036,62995,4095.885312,MB,58477.0,4.095885312,context_0000,What is the value associated with key 5C8ACB2FAFA3? Return only the value.,8622.784512,['3967823DD107'],32
4096.0,27777.0,synthetic_kv_64k,8.622784512,,59B9115AFFAC,147.456,27777.0,0.5249927321853036,62995,4095.885312,MB,58477.0,4.095885312,context_0000,What is the value associated with key FC311F119C0F? Return only the value.,8622.784512,['CAC43373730E'],32
4096.0,27777.0,synthetic_kv_64k,8.622784512,,7E78CA55E38B,147.456,27777.0,0.5249927321853036,62995,4095.885312,MB,58477.0,4.095885312,context_0000,What is the value associated with key 3C9A238D6F44? Return only the value.,8622.784512,['7E78CA55E38B'],32
4096.0,27777.0,synthetic_kv_64k,8.622784512,,506484820C08,147.456,27777.0,0.5249927321853036,62995,4095.885312,MB,58477.0,4.095885312,context_0000,What is the value associated with key 5C6306BA8CD3? Return only the value.,8622.784512,['92808DD4595B'],32
4096.0,27777.0,synthetic_kv_64k,8.622784512,,7B854480444C,147.456,27777.0,0.5249927321853036,62995,4095.885312,MB,58477.0,4.095885312,context_0000,What is the value associated with key 77A75E70F65F? Return only the value.,8622.784512,['FBA6CDBCC653'],32
4096.0,27777.0,synthetic_kv_64k,8.622784512,,506EB758E201,147.456,27777.0,0.5249927321853036,62995,4095.885312,MB,58477.0,4.095885312,context_0000,What is the value associated with key 21388D38BBD8? Return only the value.,8622.784512,['E25D9CA8A5C4'],32
4096.0,27777.0,synthetic_kv_64k,8.622784512,,72C88854888C,147.456,27777.0,0.5249927321853036,62995,4095.885312,MB,58477.0,4.095885312,context_0000,What is the value associated with key 10D4161237C9? Return only the value.,8622.784512,['65ED4F2DAD3F'],32
4096.0,27777.0,synthetic_kv_64k,8.622784512,,506C2444884C,147.456,27777.0,0.5249927321853036,62995,4095.885312,MB,58477.0,4.095885312,context_0000,What is the value associated with key B788FFE575F6? Return only the value.,8622.784512,['7A89B807D78A'],32
4096.0,27777.0,synthetic_kv_64k,8.622784512,,4603D463C183,147.456,27777.0,0.5249927321853036,62995,4095.885312,MB,58477.0,4.095885312,context_0000,What is the value associated with key 69298693FD9D? Return only the value.,8622.784512,['68D0C4E7F7DD'],32
4096.0,27777.0,synthetic_kv_64k,8.622784512,,5417CA8A8E6C,147.456,27777.0,0.5249927321853036,62995,4095.885312,MB,58477.0,4.095885312,context_0000,What is the value associated with key 932CD2C65EE4? Return only the value.,8622.784512,['201512E153A6'],32
4096.0,27777.0,synthetic_kv_64k,8.622784512,,4E76C68813FE,147.456,27777.0,0.5249927321853036,62995,4095.885312,MB,58477.0,4.095885312,context_0000,What is the value associated with key 5128F8EDE0CA? Return only the value.,8622.784512,['12FCA4704D48'],32
4096.0,27777.0,synthetic_kv_64k,8.622784512,,436E770E09DB,147.456,27777.0,0.5249927321853036,62995,4095.885312,MB,58477.0,4.095885312,context_0000,What is the value associated with key 774073318749? Return only the value.,8622.784512,['8471AE1B9F69'],32
4096.0,27777.0,synthetic_kv_64k,8.622784512,,D43CE0C1FF1E,147.456,27777.0,0.5249927321853036,62995,4095.885312,MB,58477.0,4.095885312,context_0000,What is the value associated with key 20DA58321EE4? Return only the value.,8622.784512,['D43CE0C1FF1E'],32
4096.0,27777.0,synthetic_kv_64k,8.622784512,,967D8848884A,147.456,27777.0,0.5249927321853036,62995,4095.885312,MB,58477.0,4.095885312,context_0000,What is the value associated with key 8D22C7BF4FBC? Return only the value.,8622.784512,['9679A3C988E4'],32
4096.0,27777.0,synthetic_kv_64k,8.622784512,,0C9D64794502,147.456,27777.0,0.5249927321853036,62995,4095.885312,MB,58477.0,4.095885312,context_0000,What is the value associated with key C48D2E9522D6? Return only the value.,8622.784512,['2108F75D1E3C'],32
4096.0,27777.0,synthetic_kv_64k,8.622784512,,587654321098,147.456,27777.0,0.5249927321853036,62995,4095.885312,MB,58477.0,4.095885312,context_0000,What is the value associated with key 80BB6EC01269? Return only the value.,8622.784512,['DE43E9247069'],32
4096.0,27777.0,synthetic_kv_64k,8.622784512,,4499D40E53CE,147.456,27777.0,0.5249927321853036,62995,4095.885312,MB,58477.0,4.095885312,context_0000,What is the value associated with key D4D60E2F8958? Return only the value.,8622.784512,['84A21FC905F8'],32
4096.0,27777.0,synthetic_kv_64k,8.622784512,,5C623A3C563E,147.456,27777.0,0.5249927321853036,62995,4095.885312,MB,58477.0,4.095885312,context_0000,What is the value associated with key 4DDB272C0588? Return only the value.,8622.784512,['29762A26F770'],32
4096.0,27777.0,synthetic_kv_64k,8.622784512,,34871A9C672A,147.456,27777.0,0.5249927321853036,62995,4095.885312,MB,58477.0,4.095885312,context_0000,What is the value associated with key EF4A5299E505? Return only the value.,8622.784512,['39B8B596CA7C'],32
4096.0,27777.0,synthetic_kv_64k,8.622784512,,504885555555,147.456,27777.0,0.5249927321853036,62995,4095.885312,MB,58477.0,4.095885312,context_0000,What is the value associated with key F28E5894F7F1? Return only the value.,8622.784512,['84D6F0DF1684'],32
4096.0,27777.0,synthetic_kv_64k,8.622784512,,7394847050A8,147.456,27777.0,0.5249927321853036,62995,4095.885312,MB,58477.0,4.095885312,context_0000,What is the value associated with key 48B7E519DD7E? Return only the value.,8622.784512,['1430D88F1C94'],32
4096.0,27777.0,synthetic_kv_64k,8.622784512,,3E678548588C,147.456,27777.0,0.5249927321853036,62995,4095.885312,MB,58477.0,4.095885312,context_0000,What is the value associated with key 32404027AB7D? Return only the value.,8622.784512,['F4D3A29319FA'],32
4096.0,27777.0,synthetic_kv_64k,8.622784512,,239F1223B513,147.456,27777.0,0.5249927321853036,62995,4095.885312,MB,58477.0,4.095885312,context_0000,What is the value associated with key 46428D03F17A? Return only the value.,8622.784512,['A001200B2903'],32
4096.0,27777.0,synthetic_kv_64k,8.622784512,,34984D38E415,147.456,27777.0,0.5249927321853036,62995,4095.885312,MB,58477.0,4.095885312,context_0000,What is the value associated with key 9D4B4D85E9C7? Return only the value.,8622.784512,['17EA8892042F'],32
4096.0,27777.0,synthetic_kv_64k,8.622784512,,2493757750A9,147.456,27777.0,0.5249927321853036,62995,4095.885312,MB,58477.0,4.095885312,context_0000,What is the value associated with key A41780A8A23D? Return only the value.,8622.784512,['97802B2BB8E9'],32
4096.0,27777.0,synthetic_kv_64k,8.622784512,,4C9BE1887EAF,147.456,27777.0,0.5249927321853036,62995,4095.885312,MB,58477.0,4.095885312,context_0000,What is the value associated with key 94A5F10D27C8? Return only the value.,8622.784512,['2BD327794685'],32
4096.0,27777.0,synthetic_kv_64k,8.622784512,,366E6845448C,147.456,27777.0,0.5249927321853036,62995,4095.885312,MB,58477.0,4.095885312,context_0000,What is the value associated with key 9FDDA8A2B7AD? Return only the value.,8622.784512,['E6E9B87B6384'],32
4096.0,27777.0,synthetic_kv_64k,8.622784512,,502C204D8146,147.456,27777.0,0.5249927321853036,62995,4095.885312,MB,58477.0,4.095885312,context_0000,What is the value associated with key 566E9AEA622F? Return only the value.,8622.784512,['EC86D7B00BDC'],32
4096.0,27777.0,synthetic_kv_64k,8.622784512,,582BF88D0C5B,147.456,27777.0,0.5249927321853036,62995,4095.885312,MB,58477.0,4.095885312,context_0000,What is the value associated with key 0A8B90494583? Return only the value.,8622.784512,['DD20D342AF08'],32
4096.0,27777.0,synthetic_kv_64k,8.622784512,,379048438844,147.456,27777.0,0.5249927321853036,62995,4095.885312,MB,58477.0,4.095885312,context_0000,What is the value associated with key 14CB07437C3B? Return only the value.,8622.784512,['F2D30BA36279'],32
4096.0,27777.0,synthetic_kv_64k,8.622784512,,73268946888D,147.456,27777.0,0.5249927321853036,62995,4095.885312,MB,58477.0,4.095885312,context_0000,What is the value associated with key C561A4364FCD? Return only the value.,8622.784512,['43C093A74792'],32
4096.0,27777.0,synthetic_kv_64k,8.622784512,,7B8E64848C3C,147.456,27777.0,0.5249927321853036,62995,4095.885312,MB,58477.0,4.095885312,context_0000,What is the value associated with key 35F7A6B07458? Return only the value.,8622.784512,['9277C4576CC3'],32
4096.0,27777.0,synthetic_kv_64k,8.622784512,,374048448484,147.456,27777.0,0.5249927321853036,62995,4095.885312,MB,58477.0,4.095885312,context_0000,What is the value associated with key 9E3C6AA56E6D? Return only the value.,8622.784512,['07C0A394ED54'],32
4096.0,27777.0,synthetic_kv_64k,8.622784512,,784848484848,147.456,27777.0,0.5249927321853036,62995,4095.885312,MB,58477.0,4.095885312,context_0000,What is the value associated with key E3957F7F6C0A? Return only the value.,8622.784512,['8BAAA08DD21B'],32
4096.0,27777.0,synthetic_kv_64k,8.622784512,,527752845841,147.456,27777.0,0.5249927321853036,62995,4095.885312,MB,58477.0,4.095885312,context_0000,What is the value associated with key A4544A27EBF2? Return only the value.,8622.784512,['4D56F4E7069A'],32
4096.0,27777.0,synthetic_kv_64k,8.622784512,,23B8392456DE,147.456,27777.0,0.5249927321853036,62995,4095.885312,MB,58477.0,4.095885312,context_0000,What is the value associated with key 3EB07BA24588? Return only the value.,8622.784512,['CEAECE000AF0'],32
4096.0,27777.0,synthetic_kv_64k,8.622784512,,44874285448C,147.456,27777.0,0.5249927321853036,62995,4095.885312,MB,58477.0,4.095885312,context_0000,What is the value associated with key 67F5AF5B8F47? Return only the value.,8622.784512,['741B4C24A053'],32
4096.0,27777.0,synthetic_kv_64k,8.622784512,,080AE7C99B26,147.456,27777.0,0.5249927321853036,62995,4095.885312,MB,58477.0,4.095885312,context_0000,What is the value associated with key B04812AE5C22? Return only the value.,8622.784512,['28770F5675F8'],32
4096.0,27777.0,synthetic_kv_64k,8.622784512,,6E4A52CB1AE0,147.456,27777.0,0.5249927321853036,62995,4095.885312,MB,58477.0,4.095885312,context_0000,What is the value associated with key 6A667089FC6D? Return only the value.,8622.784512,['76E57BF7E1D3'],32
4096.0,27777.0,synthetic_kv_64k,8.622784512,,4876C68813FE,147.456,27777.0,0.5249927321853036,62995,4095.885312,MB,58477.0,4.095885312,context_0000,What is the value associated with key 5716343ADA2A? Return only the value.,8622.784512,['24C79B4E164B'],32
4096.0,27777.0,synthetic_kv_64k,8.622784512,,856734E3BE4D,147.456,27777.0,0.5249927321853036,62995,4095.885312,MB,58477.0,4.095885312,context_0000,What is the value associated with key DC8A5005680F? Return only the value.,8622.784512,['51BEB7E6A14C'],32
4096.0,27777.0,synthetic_kv_64k,8.622784512,,23D719B814FC,147.456,27777.0,0.5249927321853036,62995,4095.885312,MB,58477.0,4.095885312,context_0000,What is the value associated with key FCEFBBF483CE? Return only the value.,8622.784512,['586ADC5BE7D1'],32
4096.0,27777.0,synthetic_kv_64k,8.622784512,,735588458885,147.456,27777.0,0.5249927321853036,62995,4095.885312,MB,58477.0,4.095885312,context_0000,What is the value associated with key 6612F9B21E6E? Return only the value.,8622.784512,['C2BA2179E3F0'],32
4096.0,27777.0,synthetic_kv_64k,8.622784512,,58489C10484C,147.456,27777.0,0.5249927321853036,62995,4095.885312,MB,58477.0,4.095885312,context_0000,What is the value associated with key 83D55EDBB8EE? Return only the value.,8622.784512,['1B2E8FC85FC0'],32
4096.0,27777.0,synthetic_kv_64k,8.622784512,,5C0BA757CB10,147.456,27777.0,0.5249927321853036,62995,4095.885312,MB,58477.0,4.095885312,context_0000,What is the value associated with key 3DE251B1943C? Return only the value.,8622.784512,['1F5D776ABF09'],32
4096.0,27777.0,synthetic_kv_64k,8.622784512,,379DDC268108,147.456,27777.0,0.5249927321853036,62995,4095.885312,MB,58477.0,4.095885312,context_0000,What is the value associated with key 731844790612? Return only the value.,8622.784512,['24103F779CAE'],32
4096.0,27777.0,synthetic_kv_64k,8.622784512,,38855454588C,147.456,27777.0,0.5249927321853036,62995,4095.885312,MB,58477.0,4.095885312,context_0000,What is the value associated with key 0CF418C8A616? Return only the value.,8622.784512,['F2044A4B5563'],32
4096.0,27777.0,synthetic_kv_64k,8.622784512,,A0276576A410,147.456,27777.0,0.5249927321853036,62995,4095.885312,MB,58477.0,4.095885312,context_0000,What is the value associated with key DD396257A4A2? Return only the value.,8622.784512,['6B0A9D896047'],32
4096.0,27777.0,synthetic_kv_64k,8.622784512,,7394864524E3,147.456,27777.0,0.5249927321853036,62995,4095.885312,MB,58477.0,4.095885312,context_0000,What is the value associated with key F6723F8EA40A? Return only the value.,8622.784512,['E6FDDD84CACC'],32
4096.0,27777.0,synthetic_kv_64k,8.622784512,,70DD2CE3D822,147.456,27777.0,0.5249927321853036,62995,4095.885312,MB,58477.0,4.095885312,context_0000,What is the value associated with key D04028E213BC? Return only the value.,8622.784512,['EF0A53D2D56D'],32
4096.0,27777.0,synthetic_kv_64k,8.622784512,,50488C34888C,147.456,27777.0,0.5249927321853036,62995,4095.885312,MB,58477.0,4.095885312,context_0000,What is the value associated with key B89B93E34C35? Return only the value.,8622.784512,['3098500E15C0'],32
4096.0,27777.0,synthetic_kv_64k,8.622784512,,5F87A094E70C,147.456,27777.0,0.5249927321853036,62995,4095.885312,MB,58477.0,4.095885312,context_0000,What is the value associated with key 28CAC35BEC2C? Return only the value.,8622.784512,['FEF77F8E5483'],32
4096.0,27777.0,synthetic_kv_64k,8.622784512,,5C4432DF8D45,147.456,27777.0,0.5249927321853036,62995,4095.885312,MB,58477.0,4.095885312,context_0000,What is the value associated with key 778183C501CB? Return only the value.,8622.784512,['E10B7FAEB748'],32
4096.0,27777.0,synthetic_kv_64k,8.622784512,,7A0E958CA9BA,147.456,27777.0,0.5249927321853036,62995,4095.885312,MB,58477.0,4.095885312,context_0000,What is the value associated with key 7F534EFC8248? Return only the value.,8622.784512,['170D05EEE1D4'],32
4096.0,27777.0,synthetic_kv_64k,8.622784512,,B2A6D02494C2,147.456,27777.0,0.5249927321853036,62995,4095.885312,MB,58477.0,4.095885312,context_0000,What is the value associated with key 64ABF1FAC6E7? Return only the value.,8622.784512,['750D8164CEEC'],32
4096.0,27777.0,synthetic_kv_64k,8.622784512,,5C4432DF8D45,147.456,27777.0,0.5249927321853036,62995,4095.885312,MB,58477.0,4.095885312,context_0000,What is the value associated with key 3DA0F778C676? Return only the value.,8622.784512,['95563713B466'],32
4096.0,27777.0,synthetic_kv_64k,8.622784512,,585848585858,147.456,27777.0,0.5249927321853036,62995,4095.885312,MB,58477.0,4.095885312,context_0000,What is the value associated with key 0C745A575539? Return only the value.,8622.784512,['48060CF0374C'],32
4096.0,27777.0,synthetic_kv_64k,8.622784512,,348848548585,147.456,27777.0,0.5249927321853036,62995,4095.885312,MB,58477.0,4.095885312,context_0000,What is the value associated with key 98F67EB162F1? Return only the value.,8622.784512,['D7C4E1E0FFFC'],32
4096.0,27777.0,synthetic_kv_64k,8.622784512,,2303D69D42F1,147.456,27777.0,0.5249927321853036,62995,4095.885312,MB,58477.0,4.095885312,context_0000,What is the value associated with key AC2AA77D95F1? Return only the value.,8622.784512,['492678786140'],32
4096.0,27777.0,synthetic_kv_64k,8.622784512,,0C354854584C,147.456,27777.0,0.5249927321853036,62995,4095.885312,MB,58477.0,4.095885312,context_0000,What is the value associated with key 0217896490AB? Return only the value.,8622.784512,['1B84D8E049DE'],32
4096.0,27777.0,synthetic_kv_64k,8.622784512,,3F6E23CBE943,147.456,27777.0,0.5249927321853036,62995,4095.885312,MB,58477.0,4.095885312,context_0000,What is the value associated with key 22496E51484D? Return only the value.,8622.784512,['43B4E1E89E7E'],32
4096.0,27777.0,synthetic_kv_64k,8.622784512,,7A0E9582B678,147.456,27777.0,0.5249927321853036,62995,4095.885312,MB,58477.0,4.095885312,context_0000,What is the value associated with key 5DA3BA3DF7FF? Return only the value.,8622.784512,['673BC38C1DEC'],32
4096.0,27777.0,synthetic_kv_64k,8.622784512,,0C9E3CD1FF3F,147.456,27777.0,0.5249927321853036,62995,4095.885312,MB,58477.0,4.095885312,context_0000,What is the value associated with key 0B955DAE1201? Return only the value.,8622.784512,['0D18668C8477'],32
4096.0,27777.0,synthetic_kv_64k,8.622784512,,5C29410BFC29,147.456,27777.0,0.5249927321853036,62995,4095.885312,MB,58477.0,4.095885312,context_0000,What is the value associated with key 8FD391FDFA4F? Return only the value.,8622.784512,['5CCE31D4EE09'],32
4096.0,27777.0,synthetic_kv_64k,8.622784512,,62E710E30E84,147.456,27777.0,0.5249927321853036,62995,4095.885312,MB,58477.0,4.095885312,context_0000,What is the value associated with key 49E18DA00495? Return only the value.,8622.784512,['62E712D2FA06'],32
4096.0,27777.0,synthetic_kv_64k,8.622784512,,5C62F43BA052,147.456,27777.0,0.5249927321853036,62995,4095.885312,MB,58477.0,4.095885312,context_0000,What is the value associated with key 734A8116E3FC? Return only the value.,8622.784512,['8CC3C3AFFCFE'],32
4096.0,27777.0,synthetic_kv_64k,8.622784512,,5C4432DF8D45,147.456,27777.0,0.5249927321853036,62995,4095.885312,MB,58477.0,4.095885312,context_0000,What is the value associated with key D347479BC637? Return only the value.,8622.784512,['9F8CFD350C5F'],32
4096.0,27777.0,synthetic_kv_64k,8.622784512,,378E8F167158,147.456,27777.0,0.5249927321853036,62995,4095.885312,MB,58477.0,4.095885312,context_0000,What is the value associated with key 9C6DAE2E9AF9? Return only the value.,8622.784512,['20F01E6A6628'],32
4096.0,27777.0,synthetic_kv_64k,8.622784512,,7F05EFCAC577,147.456,27777.0,0.5249927321853036,62995,4095.885312,MB,58477.0,4.095885312,context_0000,What is the value associated with key 18C0F99F0704? Return only the value.,8622.784512,['5F8964D6DFBF'],32
4096.0,27777.0,synthetic_kv_64k,8.622784512,,888888888888,147.456,27777.0,0.5249927321853036,62995,4095.885312,MB,58477.0,4.095885312,context_0000,What is the value associated with key FC9ECB7E6268? Return only the value.,8622.784512,['8ECE56CE4B42'],32
4096.0,27777.0,synthetic_kv_64k,8.622784512,,5A1B59111A3E,147.456,27777.0,0.5249927321853036,62995,4095.885312,MB,58477.0,4.095885312,context_0000,What is the value associated with key 5D98F05EEEFE? Return only the value.,8622.784512,['24EEC14565C7'],32
4096.0,27777.0,synthetic_kv_64k,8.622784512,,348845448844,147.456,27777.0,0.5249927321853036,62995,4095.885312,MB,58477.0,4.095885312,context_0000,What is the value associated with key 9A3B32F57510? Return only the value.,8622.784512,['66C18255DA61'],32
4096.0,27777.0,synthetic_kv_64k,8.622784512,,A876BDDC3362,147.456,27777.0,0.5249927321853036,62995,4095.885312,MB,58477.0,4.095885312,context_0000,What is the value associated with key 0A4E80051B10? Return only the value.,8622.784512,['09F60B990034'],32
4096.0,27777.0,synthetic_kv_64k,8.622784512,,5417CAAA5B0D,147.456,27777.0,0.5249927321853036,62995,4095.885312,MB,58477.0,4.095885312,context_0000,What is the value associated with key B6AD2314D0C8? Return only the value.,8622.784512,['CDD0554227DE'],32
4096.0,27777.0,synthetic_kv_64k,8.622784512,,503B2D445AF8,147.456,27777.0,0.5249927321853036,62995,4095.885312,MB,58477.0,4.095885312,context_0000,What is the value associated with key 84F279474BFA? Return only the value.,8622.784512,['262074FD33D1'],32
4096.0,27777.0,synthetic_kv_64k,8.622784512,,E3C883F82F16,147.456,27777.0,0.5249927321853036,62995,4095.885312,MB,58477.0,4.095885312,context_0000,What is the value associated with key E4A49B33E3A4? Return only the value.,8622.784512,['23C883F82F16'],32
4096.0,27777.0,synthetic_kv_64k,8.622784512,,082519978444,147.456,27777.0,0.5249927321853036,62995,4095.885312,MB,58477.0,4.095885312,context_0000,What is the value associated with key EE6E53F591DC? Return only the value.,8622.784512,['518B9CF20859'],32
4096.0,27777.0,synthetic_kv_64k,8.622784512,,495781B1D453,147.456,27777.0,0.5249927321853036,62995,4095.885312,MB,58477.0,4.095885312,context_0000,What is the value associated with key 64982999BBEF? Return only the value.,8622.784512,['9DD2FD98FE33'],32
4096.0,27777.0,synthetic_kv_64k,8.622784512,,5F98A65D8146,147.456,27777.0,0.5249927321853036,62995,4095.885312,MB,58477.0,4.095885312,context_0000,What is the value associated with key D7B4BD44089D? Return only the value.,8622.784512,['97FE4C9A9F24'],32
4096.0,27777.0,synthetic_kv_64k,8.622784512,,514748448844,147.456,27777.0,0.5249927321853036,62995,4095.885312,MB,58477.0,4.095885312,context_0000,What is the value associated with key 81DF561C9210? Return only the value.,8622.784512,['827CD40AC5E9'],32
4096.0,27777.0,synthetic_kv_64k,8.622784512,,624944444444,147.456,27777.0,0.5249927321853036,62995,4095.885312,MB,58477.0,4.095885312,context_0000,What is the value associated with key 7D6688476C56? Return only the value.,8622.784512,['901BB56FF8CE'],32
4096.0,27777.0,synthetic_kv_64k,8.622784512,,5F322ABE1585,147.456,27777.0,0.5249927321853036,62995,4095.885312,MB,58477.0,4.095885312,context_0000,What is the value associated with key 79924CBF131D? Return only the value.,8622.784512,['0442D0D4EA67'],32
4096.0,27777.0,synthetic_kv_64k,8.622784512,,9151F49262AF,147.456,27777.0,0.5249927321853036,62995,4095.885312,MB,58477.0,4.095885312,context_0000,What is the value associated with key 54CC5E4CB287? Return only the value.,8622.784512,['1C0FAC7E937C'],32
4096.0,27777.0,synthetic_kv_64k,8.622784512,,4C695837F6BD,147.456,27777.0,0.5249927321853036,62995,4095.885312,MB,58477.0,4.095885312,context_0000,What is the value associated with key 6AA2FADA98F5? Return only the value.,8622.784512,['4EC3956D80E4'],32
4096.0,27777.0,synthetic_kv_64k,8.622784512,,73173283DAA4,147.456,27777.0,0.5249927321853036,62995,4095.885312,MB,58477.0,4.095885312,context_0000,What is the value associated with key E615CBF81F86? Return only the value.,8622.784512,['DF41B9AED8E4'],32
4096.0,27777.0,synthetic_kv_64k,8.622784512,,746658274444,147.456,27777.0,0.5249927321853036,62995,4095.885312,MB,58477.0,4.095885312,context_0000,What is the value associated with key A117B023A0EA? Return only the value.,8622.784512,['98CF06D25913'],32
4096.0,27777.0,synthetic_kv_64k,8.622784512,,504848448484,147.456,27777.0,0.5249927321853036,62995,4095.885312,MB,58477.0,4.095885312,context_0000,What is the value associated with key 43F9797EBE87? Return only the value.,8622.784512,['A7D4F791F1E5'],32
4096.0,27777.0,synthetic_kv_64k,8.622784512,,585058445555,147.456,27777.0,0.5249927321853036,62995,4095.885312,MB,58477.0,4.095885312,context_0000,What is the value associated with key F8D8C86C6544? Return only the value.,8622.784512,['9416C6B28DEF'],32
4096.0,27777.0,synthetic_kv_64k,8.622784512,,630721C9A15D,147.456,27777.0,0.5249927321853036,62995,4095.885312,MB,58477.0,4.095885312,context_0000,What is the value associated with key 3A4093DFD907? Return only the value.,8622.784512,['0D25B8ADAD87'],32
4096.0,27777.0,synthetic_kv_64k,8.622784512,,5C4432DF8D45,147.456,27777.0,0.5249927321853036,62995,4095.885312,MB,58477.0,4.095885312,context_0000,What is the value associated with key 7AFE9561C813? Return only the value.,8622.784512,['86342BA6ADB3'],32
4096.0,27777.0,synthetic_kv_64k,8.622784512,,582712845885,147.456,27777.0,0.5249927321853036,62995,4095.885312,MB,58477.0,4.095885312,context_0000,What is the value associated with key B89FA107CC46? Return only the value.,8622.784512,['C64C9EA7017C'],32
4096.0,27777.0,synthetic_kv_64k,8.622784512,,668544548454,147.456,27777.0,0.5249927321853036,62995,4095.885312,MB,58477.0,4.095885312,context_0000,What is the value associated with key 6154D756BA9C? Return only the value.,8622.784512,['D25825D4A0FC'],32
4096.0,27777.0,synthetic_kv_64k,8.622784512,,4C6A8E47FA5A,147.456,27777.0,0.5249927321853036,62995,4095.885312,MB,58477.0,4.095885312,context_0000,What is the value associated with key 3E00AE441E21? Return only the value.,8622.784512,['929308150147'],32
4096.0,27777.0,synthetic_kv_64k,8.622784512,,3F6E23CBE943,147.456,27777.0,0.5249927321853036,62995,4095.885312,MB,58477.0,4.095885312,context_0000,What is the value associated with key B355F2BD92F2? Return only the value.,8622.784512,['30D71C221CEA'],32
4096.0,27777.0,synthetic_kv_64k,8.622784512,,73948470D489,147.456,27777.0,0.5249927321853036,62995,4095.885312,MB,58477.0,4.095885312,context_0000,What is the value associated with key 70E704D9145E? Return only the value.,8622.784512,['6B35504E2687'],32
4096.0,27777.0,synthetic_kv_64k,8.622784512,,3F87159152F2,147.456,27777.0,0.5249927321853036,62995,4095.885312,MB,58477.0,4.095885312,context_0000,What is the value associated with key 69B726C432F6? Return only the value.,8622.784512,['3432B0C4A01C'],32
4096.0,27777.0,synthetic_kv_64k,8.622784512,,7A0E958C74C2,147.456,27777.0,0.5249927321853036,62995,4095.885312,MB,58477.0,4.095885312,context_0000,What is the value associated with key 8077690E7E62? Return only the value.,8622.784512,['9C89C66495A7'],32
4096.0,27777.0,synthetic_kv_64k,8.622784512,,5417CA843242,147.456,27777.0,0.5249927321853036,62995,4095.885312,MB,58477.0,4.095885312,context_0000,What is the value associated with key 78BBEBA742D2? Return only the value.,8622.784512,['D92FDF70FB2A'],32
4096.0,27777.0,synthetic_kv_64k,8.622784512,,5417CAAA5B0D,147.456,27777.0,0.5249927321853036,62995,4095.885312,MB,58477.0,4.095885312,context_0000,What is the value associated with key BA37BC5FD4DD? Return only the value.,8622.784512,['B4AD0FF1AA9F'],32
4096.0,27777.0,synthetic_kv_64k,8.622784512,,505CDC57546D,147.456,27777.0,0.5249927321853036,62995,4095.885312,MB,58477.0,4.095885312,context_0000,What is the value associated with key 84C823595FA4? Return only the value.,8622.784512,['8F9635145890'],32
4096.0,27777.0,synthetic_kv_64k,8.622784512,,57F38444018C,147.456,27777.0,0.5249927321853036,62995,4095.885312,MB,58477.0,4.095885312,context_0000,What is the value associated with key FF845336723B? Return only the value.,8622.784512,['7A76A987B218'],32
4096.0,27777.0,synthetic_kv_64k,8.622784512,,732584888888,147.456,27777.0,0.5249927321853036,62995,4095.885312,MB,58477.0,4.095885312,context_0000,What is the value associated with key 60778685ABAA? Return only the value.,8622.784512,['F4E950521700'],32
4096.0,27777.0,synthetic_kv_64k,8.622784512,,82DC36B5229A,147.456,27777.0,0.5249927321853036,62995,4095.885312,MB,58477.0,4.095885312,context_0000,What is the value associated with key 75AC2C55AEF7? Return only the value.,8622.784512,['887BE980F808'],32
4096.0,27777.0,synthetic_kv_64k,8.622784512,,2430E88447E0,147.456,27777.0,0.5249927321853036,62995,4095.885312,MB,58477.0,4.095885312,context_0000,What is the value associated with key 8BD857A2BE4E? Return only the value.,8622.784512,['AD055AB28D4A'],32
4096.0,27777.0,synthetic_kv_64k,8.622784512,,3923E928882C,147.456,27777.0,0.5249927321853036,62995,4095.885312,MB,58477.0,4.095885312,context_0000,What is the value associated with key DE1EC5A11F5C? Return only the value.,8622.784512,['AE45B88E830F'],32
4096.0,27777.0,synthetic_kv_64k,8.622784512,,0F12A18FF6B6,147.456,27777.0,0.5249927321853036,62995,4095.885312,MB,58477.0,4.095885312,context_0000,What is the value associated with key CDBCA4AFE7BD? Return only the value.,8622.784512,['43ADB17CFB21'],32
4096.0,27777.0,synthetic_kv_64k,8.622784512,,380C8B65448C,147.456,27777.0,0.5249927321853036,62995,4095.885312,MB,58477.0,4.095885312,context_0000,What is the value associated with key 7BF39C2DFA97? Return only the value.,8622.784512,['F51431383975'],32
4096.0,27777.0,synthetic_kv_64k,8.622784512,,444C6C33444C,147.456,27777.0,0.5249927321853036,62995,4095.885312,MB,58477.0,4.095885312,context_0000,What is the value associated with key 476C3F1BE0D0? Return only the value.,8622.784512,['4C6A8EDEC44D'],32
4096.0,27777.0,synthetic_kv_64k,8.622784512,,57F38B72884D,147.456,27777.0,0.5249927321853036,62995,4095.885312,MB,58477.0,4.095885312,context_0000,What is the value associated with key F1053990E2C9? Return only the value.,8622.784512,['FB75F910ABB3'],32
4096.0,27777.0,synthetic_kv_64k,8.622784512,,7E69C768441C,147.456,27777.0,0.5249927321853036,62995,4095.885312,MB,58477.0,4.095885312,context_0000,What is the value associated with key C56B4C3077C4? Return only the value.,8622.784512,['B47449FC2CD8'],32
4096.0,27777.0,synthetic_kv_64k,8.622784512,,7D2FB47A39B9,147.456,27777.0,0.5249927321853036,62995,4095.885312,MB,58477.0,4.095885312,context_0000,What is the value associated with key B0B335102852? Return only the value.,8622.784512,['7D2FB47A1C5B'],32
4096.0,27777.0,synthetic_kv_64k,8.622784512,,5A9C2C3D17E2,147.456,27777.0,0.5249927321853036,62995,4095.885312,MB,58477.0,4.095885312,context_0000,What is the value associated with key 7AD45129950D? Return only the value.,8622.784512,['8F7C594B2A3A'],32
4096.0,27777.0,synthetic_kv_64k,8.622784512,,568FA0C36E12,147.456,27777.0,0.5249927321853036,62995,4095.885312,MB,58477.0,4.095885312,context_0000,What is the value associated with key EF3AEF06FCCB? Return only the value.,8622.784512,['B8BECB9FAF6D'],32
4096.0,27777.0,synthetic_kv_64k,8.622784512,,57D744444444,147.456,27777.0,0.5249927321853036,62995,4095.885312,MB,58477.0,4.095885312,context_0000,What is the value associated with key 49AC46015028? Return only the value.,8622.784512,['92CF1F33242D'],32
4096.0,27777.0,synthetic_kv_64k,8.622784512,,8FC3F6BD80C7,147.456,27777.0,0.5249927321853036,62995,4095.885312,MB,58477.0,4.095885312,context_0000,What is the value associated with key 8B0EAD371D9E? Return only the value.,8622.784512,['E5506133A34D'],32
4096.0,27777.0,synthetic_kv_64k,8.622784512,,3D44EA45BA41,147.456,27777.0,0.5249927321853036,62995,4095.885312,MB,58477.0,4.095885312,context_0000,What is the value associated with key 6500FAEBCD19? Return only the value.,8622.784512,['585AD1812F77'],32
4096.0,27777.0,synthetic_kv_64k,8.622784512,,4DB444134DC2,147.456,27777.0,0.5249927321853036,62995,4095.885312,MB,58477.0,4.095885312,context_0000,What is the value associated with key C5E7F4613F09? Return only the value.,8622.784512,['257FCDFB4DB9'],32
4096.0,27777.0,synthetic_kv_64k,8.622784512,,378E8F10D33E,147.456,27777.0,0.5249927321853036,62995,4095.885312,MB,58477.0,4.095885312,context_0000,What is the value associated with key 0AC44A5B1AFF? Return only the value.,8622.784512,['F48F49A22441'],32
4096.0,27777.0,synthetic_kv_64k,8.622784512,,373A431E930F,147.456,27777.0,0.5249927321853036,62995,4095.885312,MB,58477.0,4.095885312,context_0000,What is the value associated with key 143BB6D1F6BB? Return only the value.,8622.784512,['EC8B58AB4778'],32
4096.0,27777.0,synthetic_kv_64k,8.622784512,,504B827750A9,147.456,27777.0,0.5249927321853036,62995,4095.885312,MB,58477.0,4.095885312,context_0000,What is the value associated with key A7ED713F8F8C? Return only the value.,8622.784512,['BF5141A64FED'],32
4096.0,27777.0,synthetic_kv_64k,8.622784512,,506EB758E201,147.456,27777.0,0.5249927321853036,62995,4095.885312,MB,58477.0,4.095885312,context_0000,What is the value associated with key 36C77AA4F052? Return only the value.,8622.784512,['D3F433BABA88'],32
4096.0,27777.0,synthetic_kv_64k,8.622784512,,73E7516C3B0A,147.456,27777.0,0.5249927321853036,62995,4095.885312,MB,58477.0,4.095885312,context_0000,What is the value associated with key 456889E03E22? Return only the value.,8622.784512,['8FE0EEDAA802'],32
4096.0,27777.0,synthetic_kv_64k,8.622784512,,5F9A4C28484E,147.456,27777.0,0.5249927321853036,62995,4095.885312,MB,58477.0,4.095885312,context_0000,What is the value associated with key 4588B2384849? Return only the value.,8622.784512,['1BF623245211'],32
4096.0,27777.0,synthetic_kv_64k,8.622784512,,0E8636F7A26C,147.456,27777.0,0.5249927321853036,62995,4095.885312,MB,58477.0,4.095885312,context_0000,What is the value associated with key BDAB9D9D028E? Return only the value.,8622.784512,['3D41963A8617'],32
4096.0,27777.0,synthetic_kv_64k,8.622784512,,0C3454444444,147.456,27777.0,0.5249927321853036,62995,4095.885312,MB,58477.0,4.095885312,context_0000,What is the value associated with key 0CFE3E11BAFE? Return only the value.,8622.784512,['E7BAAB7A3D1C'],32
4096.0,27777.0,synthetic_kv_64k,8.622784512,,504848484848,147.456,27777.0,0.5249927321853036,62995,4095.885312,MB,58477.0,4.095885312,context_0000,What is the value associated with key 39C587F255D6? Return only the value.,8622.784512,['3B9BA35055E4'],32
4096.0,27777.0,synthetic_kv_64k,8.622784512,,504B82701238,147.456,27777.0,0.5249927321853036,62995,4095.885312,MB,58477.0,4.095885312,context_0000,What is the value associated with key 19A60D700EA4? Return only the value.,8622.784512,['548E69CE1E4E'],32
4096.0,27777.0,synthetic_kv_64k,8.622784512,,409E698C1238,147.456,27777.0,0.5249927321853036,62995,4095.885312,MB,58477.0,4.095885312,context_0000,What is the value associated with key 78EFB7A4C719? Return only the value.,8622.784512,['AE6219BD4F93'],32
4096.0,27777.0,synthetic_kv_64k,8.622784512,,3E89E117DAC3,147.456,27777.0,0.5249927321853036,62995,4095.885312,MB,58477.0,4.095885312,context_0000,What is the value associated with key 2331C550ECA8? Return only the value.,8622.784512,['F6EA01539221'],32
4096.0,27777.0,synthetic_kv_64k,8.622784512,,5048BF7750A9,147.456,27777.0,0.5249927321853036,62995,4095.885312,MB,58477.0,4.095885312,context_0000,What is the value associated with key FA588CE3E7C3? Return only the value.,8622.784512,['286EEDD97A1A'],32
4096.0,27777.0,synthetic_kv_64k,8.622784512,,5417CAAA5B0C,147.456,27777.0,0.5249927321853036,62995,4095.885312,MB,58477.0,4.095885312,context_0000,What is the value associated with key A723682B163A? Return only the value.,8622.784512,['E172EF5E4376'],32
4096.0,27777.0,synthetic_kv_64k,8.622784512,,568317C4848C,147.456,27777.0,0.5249927321853036,62995,4095.885312,MB,58477.0,4.095885312,context_0000,What is the value associated with key 79C7E0DECC3D? Return only the value.,8622.784512,['A6897A3A10E1'],32
4096.0,27777.0,synthetic_kv_64k,8.622784512,,C2E75C23D44C,147.456,27777.0,0.5249927321853036,62995,4095.885312,MB,58477.0,4.095885312,context_0000,What is the value associated with key C183330F8BE1? Return only the value.,8622.784512,['4988F6C31218'],32
4096.0,27777.0,synthetic_kv_64k,8.622784512,,A156B30E96E8,147.456,27777.0,0.5249927321853036,62995,4095.885312,MB,58477.0,4.095885312,context_0000,What is the value associated with key 491052380BF2? Return only the value.,8622.784512,['0F25A55990E7'],32
4096.0,27777.0,synthetic_kv_64k,8.622784512,,578448545844,147.456,27777.0,0.5249927321853036,62995,4095.885312,MB,58477.0,4.095885312,context_0000,What is the value associated with key C4CBE86E8E63? Return only the value.,8622.784512,['A6FD16E6E5C0'],32
4096.0,27777.0,synthetic_kv_64k,8.622784512,,380A3854444C,147.456,27777.0,0.5249927321853036,62995,4095.885312,MB,58477.0,4.095885312,context_0000,What is the value associated with key 3B7292FA675F? Return only the value.,8622.784512,['BD1A88FFBD40'],32
4096.0,27777.0,synthetic_kv_64k,8.622784512,,3B8E6884888C,147.456,27777.0,0.5249927321853036,62995,4095.885312,MB,58477.0,4.095885312,context_0000,What is the value associated with key D9AFB91E3D6E? Return only the value.,8622.784512,['098CEFC9909E'],32
4096.0,27777.0,synthetic_kv_64k,8.622784512,,5048BF10D33E,147.456,27777.0,0.5249927321853036,62995,4095.885312,MB,58477.0,4.095885312,context_0000,What is the value associated with key EBE5E9C96C52? Return only the value.,8622.784512,['6AFA2CD10B9F'],32
4096.0,27777.0,synthetic_kv_64k,8.622784512,,ED728B4BD7E7,147.456,27777.0,0.5249927321853036,62995,4095.885312,MB,58477.0,4.095885312,context_0000,What is the value associated with key D66DE1DACE6A? Return only the value.,8622.784512,['EF152D007D05'],32
4096.0,27777.0,synthetic_kv_64k,8.622784512,,584858485848,147.456,27777.0,0.5249927321853036,62995,4095.885312,MB,58477.0,4.095885312,context_0000,What is the value associated with key 094DEB6D2FED? Return only the value.,8622.784512,['D611FF46A6BF'],32
4096.0,27777.0,synthetic_kv_64k,8.622784512,,849434EF2552,147.456,27777.0,0.5249927321853036,62995,4095.885312,MB,58477.0,4.095885312,context_0000,What is the value associated with key C9B765A16FA9? Return only the value.,8622.784512,['2FB27ED17AAB'],32
4096.0,27777.0,synthetic_kv_64k,8.622784512,,34480C44544C,147.456,27777.0,0.5249927321853036,62995,4095.885312,MB,58477.0,4.095885312,context_0000,What is the value associated with key BFBEEFC59738? Return only the value.,8622.784512,['DF4EF64E3DFC'],32
4096.0,27777.0,synthetic_kv_64k,8.622784512,,5C4432DF8D45,147.456,27777.0,0.5249927321853036,62995,4095.885312,MB,58477.0,4.095885312,context_0000,What is the value associated with key 4A1AED10F004? Return only the value.,8622.784512,['0997E0723D96'],32
4096.0,27777.0,synthetic_kv_64k,8.622784512,,5139A630AD9D,147.456,27777.0,0.5249927321853036,62995,4095.885312,MB,58477.0,4.095885312,context_0000,What is the value associated with key 4C63025F5543? Return only the value.,8622.784512,['9A4F9165F2ED'],32
4096.0,27777.0,synthetic_kv_64k,8.622784512,,23B8392456DE,147.456,27777.0,0.5249927321853036,62995,4095.885312,MB,58477.0,4.095885312,context_0000,What is the value associated with key EDAF1B780EDE? Return only the value.,8622.784512,['55C5FBA57CC8'],32
4096.0,27777.0,synthetic_kv_64k,8.622784512,,F49848484848,147.456,27777.0,0.5249927321853036,62995,4095.885312,MB,58477.0,4.095885312,context_0000,What is the value associated with key 745048D90846? Return only the value.,8622.784512,['A42DFD359F6A'],32
4096.0,27777.0,synthetic_kv_64k,8.622784512,,E3A67048E68C,147.456,27777.0,0.5249927321853036,62995,4095.885312,MB,58477.0,4.095885312,context_0000,What is the value associated with key 86398B15BD94? Return only the value.,8622.784512,['E3A67E710B55'],32
4096.0,27777.0,synthetic_kv_64k,8.622784512,,8114D9DF0D0E,147.456,27777.0,0.5249927321853036,62995,4095.885312,MB,58477.0,4.095885312,context_0000,What is the value associated with key 225AF0458043? Return only the value.,8622.784512,['8114D9DF0D0E'],32
4096.0,27777.0,synthetic_kv_64k,8.622784512,,CF0E3158F1FB,147.456,27777.0,0.5249927321853036,62995,4095.885312,MB,58477.0,4.095885312,context_0000,What is the value associated with key 45D877D0359E? Return only the value.,8622.784512,['CF0E315C167A'],32
4096.0,27777.0,synthetic_kv_64k,8.622784512,,53E7516C3B0A,147.456,27777.0,0.5249927321853036,62995,4095.885312,MB,58477.0,4.095885312,context_0000,What is the value associated with key 54A71CD66B09? Return only the value.,8622.784512,['BB2A2999394C'],32
4096.0,27777.0,synthetic_kv_64k,8.622784512,,520031487DF8,147.456,27777.0,0.5249927321853036,62995,4095.885312,MB,58477.0,4.095885312,context_0000,What is the value associated with key A5F6757B6B29? Return only the value.,8622.784512,['B7F641DC1C60'],32
4096.0,27777.0,synthetic_kv_64k,8.622784512,,564CBC92FD81,147.456,27777.0,0.5249927321853036,62995,4095.885312,MB,58477.0,4.095885312,context_0000,What is the value associated with key 039B2FAABE0B? Return only the value.,8622.784512,['564CBC92FD81'],32
4096.0,27777.0,synthetic_kv_64k,8.622784512,,404B84448444,147.456,27777.0,0.5249927321853036,62995,4095.885312,MB,58477.0,4.095885312,context_0000,What is the value associated with key 4B86CA6FBFF8? Return only the value.,8622.784512,['ACA5915A1C30'],32
4096.0,27777.0,synthetic_kv_64k,8.622784512,,5C4432DF8D45,147.456,27777.0,0.5249927321853036,62995,4095.885312,MB,58477.0,4.095885312,context_0000,What is the value associated with key 3173C1DD484A? Return only the value.,8622.784512,['9C672CED3C0D'],32
4096.0,27777.0,synthetic_kv_64k,8.622784512,,5F98A65E688E,147.456,27777.0,0.5249927321853036,62995,4095.885312,MB,58477.0,4.095885312,context_0000,What is the value associated with key A383DB2C6AC8? Return only the value.,8622.784512,['67CEE5A4983B'],32
4096.0,27777.0,synthetic_kv_64k,8.622784512,,6AA0F7C0846D,147.456,27777.0,0.5249927321853036,62995,4095.885312,MB,58477.0,4.095885312,context_0000,What is the value associated with key 6D7DD3B59AF7? Return only the value.,8622.784512,['53F383E96EF4'],32
4096.0,27777.0,synthetic_kv_64k,8.622784512,,5F98A65E688E,147.456,27777.0,0.5249927321853036,62995,4095.885312,MB,58477.0,4.095885312,context_0000,What is the value associated with key 669D1634725B? Return only the value.,8622.784512,['186BAB545A15'],32
4096.0,27777.0,synthetic_kv_64k,8.622784512,,585448455854,147.456,27777.0,0.5249927321853036,62995,4095.885312,MB,58477.0,4.095885312,context_0000,What is the value associated with key FB4F2F4DD219? Return only the value.,8622.784512,['7A3A23FF23D3'],32
4096.0,27777.0,synthetic_kv_64k,8.622784512,,8FC3F6BD80C7,147.456,27777.0,0.5249927321853036,62995,4095.885312,MB,58477.0,4.095885312,context_0000,What is the value associated with key EF9252D78F10? Return only the value.,8622.784512,['01BF3F800385'],32
4096.0,27777.0,synthetic_kv_64k,8.622784512,,C30721C9A15D,147.456,27777.0,0.5249927321853036,62995,4095.885312,MB,58477.0,4.095885312,context_0000,What is the value associated with key 623142C2D2EB? Return only the value.,8622.784512,['725D3C4B1EEC'],32
4096.0,27777.0,synthetic_kv_64k,8.622784512,,549BE1887EAF,147.456,27777.0,0.5249927321853036,62995,4095.885312,MB,58477.0,4.095885312,context_0000,What is the value associated with key 4459C0F63229? Return only the value.,8622.784512,['5462F43BA052'],32
4096.0,27777.0,synthetic_kv_64k,8.622784512,,384858458485,147.456,27777.0,0.5249927321853036,62995,4095.885312,MB,58477.0,4.095885312,context_0000,What is the value associated with key 951C4D4C5280? Return only the value.,8622.784512,['92A8B90ED44B'],32
4096.0,27777.0,synthetic_kv_64k,8.622784512,,5C0BA757CB10,147.456,27777.0,0.5249927321853036,62995,4095.885312,MB,58477.0,4.095885312,context_0000,What is the value associated with key 42F502ED73CE? Return only the value.,8622.784512,['5C0BA757CB10'],32
4096.0,27777.0,synthetic_kv_64k,8.622784512,,F6C004444444,147.456,27777.0,0.5249927321853036,62995,4095.885312,MB,58477.0,4.095885312,context_0000,What is the value associated with key 3C7EB1594847? Return only the value.,8622.784512,['AAF40FE76149'],32
4096.0,27777.0,synthetic_kv_64k,8.622784512,,28E34E8ADC4B,147.456,27777.0,0.5249927321853036,62995,4095.885312,MB,58477.0,4.095885312,context_0000,What is the value associated with key 77241E43FBD2? Return only the value.,8622.784512,['28E34E8ADC4B'],32
4096.0,27777.0,synthetic_kv_64k,8.622784512,,58485484848484848484848484848484,147.456,27777.0,0.5249927321853036,62995,4095.885312,MB,58477.0,4.095885312,context_0000,What is the value associated with key AFA267C96204? Return only the value.,8622.784512,['EC5080A52E65'],32
4096.0,27777.0,synthetic_kv_64k,8.622784512,,7394847FD9B4,147.456,27777.0,0.5249927321853036,62995,4095.885312,MB,58477.0,4.095885312,context_0000,What is the value associated with key E346E5267A2B? Return only the value.,8622.784512,['C514B41C504F'],32
4096.0,27777.0,synthetic_kv_64k,8.622784512,,378E8F1DA613,147.456,27777.0,0.5249927321853036,62995,4095.885312,MB,58477.0,4.095885312,context_0000,What is the value associated with key B0B64F9C4027? Return only the value.,8622.784512,['A3821E0EF546'],32
4096.0,27777.0,synthetic_kv_64k,8.622784512,,5048BF7E688E,147.456,27777.0,0.5249927321853036,62995,4095.885312,MB,58477.0,4.095885312,context_0000,What is the value associated with key F0CDEA87855E? Return only the value.,8622.784512,['5E174B87959F'],32
4096.0,27777.0,synthetic_kv_64k,8.622784512,,5048E6848C3C,147.456,27777.0,0.5249927321853036,62995,4095.885312,MB,58477.0,4.095885312,context_0000,What is the value associated with key 38899D5817E8? Return only the value.,8622.784512,['F5153818CFD3'],32
4096.0,27777.0,synthetic_kv_64k,8.622784512,,502C228D844D,147.456,27777.0,0.5249927321853036,62995,4095.885312,MB,58477.0,4.095885312,context_0000,What is the value associated with key 7A6A22319050? Return only the value.,8622.784512,['747927372B52'],32
4096.0,27777.0,synthetic_kv_64k,8.622784512,,9C3D022B6683,147.456,27777.0,0.5249927321853036,62995,4095.885312,MB,58477.0,4.095885312,context_0000,What is the value associated with key FD24BF6B8CDF? Return only the value.,8622.784512,['5FA59B11B530'],32
4096.0,27777.0,synthetic_kv_64k,8.622784512,,373A431E930F,147.456,27777.0,0.5249927321853036,62995,4095.885312,MB,58477.0,4.095885312,context_0000,What is the value associated with key B3B26A74DBB7? Return only the value.,8622.784512,['E9AD8C9AA1E9'],32
4096.0,27777.0,synthetic_kv_64k,8.622784512,,C2E75C412914,147.456,27777.0,0.5249927321853036,62995,4095.885312,MB,58477.0,4.095885312,context_0000,What is the value associated with key C1E178883058? Return only the value.,8622.784512,['CD4F899AC252'],32
4096.0,27777.0,synthetic_kv_64k,8.622784512,,739F1223B513,147.456,27777.0,0.5249927321853036,62995,4095.885312,MB,58477.0,4.095885312,context_0000,What is the value associated with key D35AAA0217D0? Return only the value.,8622.784512,['C30937E9D2E2'],32
4096.0,27777.0,synthetic_kv_64k,8.622784512,,5F98A65E688E,147.456,27777.0,0.5249927321853036,62995,4095.885312,MB,58477.0,4.095885312,context_0000,What is the value associated with key AE2A3F59E4F2? Return only the value.,8622.784512,['9887C1369C65'],32
4096.0,27777.0,synthetic_kv_64k,8.622784512,,5139A6584CE4,147.456,27777.0,0.5249927321853036,62995,4095.885312,MB,58477.0,4.095885312,context_0000,What is the value associated with key C991DF85C777? Return only the value.,8622.784512,['868714F573D0'],32
4096.0,27777.0,synthetic_kv_64k,8.622784512,,216E939D446C,147.456,27777.0,0.5249927321853036,62995,4095.885312,MB,58477.0,4.095885312,context_0000,What is the value associated with key 8736725E134D? Return only the value.,8622.784512,['5C9DB42A0456'],32
4096.0,27777.0,synthetic_kv_64k,8.622784512,,1CB9906D5C8C,147.456,27777.0,0.5249927321853036,62995,4095.885312,MB,58477.0,4.095885312,context_0000,What is the value associated with key EAD013FE8A29? Return only the value.,8622.784512,['1CB9906D5C8C'],32
4096.0,27777.0,synthetic_kv_64k,8.622784512,,5C07D71173E4,147.456,27777.0,0.5249927321853036,62995,4095.885312,MB,58477.0,4.095885312,context_0000,What is the value associated with key D42A0FCF601F? Return only the value.,8622.784512,['E7238C32BDB2'],32
4096.0,27777.0,synthetic_kv_64k,8.622784512,,3F87159152F2,147.456,27777.0,0.5249927321853036,62995,4095.885312,MB,58477.0,4.095885312,context_0000,What is the value associated with key 33C08167999F? Return only the value.,8622.784512,['8962929C93B3'],32
4096.0,27777.0,synthetic_kv_64k,8.622784512,,5417CAAA5BBE,147.456,27777.0,0.5249927321853036,62995,4095.885312,MB,58477.0,4.095885312,context_0000,What is the value associated with key 2A1F265CB9D9? Return only the value.,8622.784512,['DABF53FF8461'],32
4096.0,27777.0,synthetic_kv_64k,8.622784512,,23D2AE4629CD,147.456,27777.0,0.5249927321853036,62995,4095.885312,MB,58477.0,4.095885312,context_0000,What is the value associated with key 711C85351A69? Return only the value.,8622.784512,['AE271DC1E7EB'],32
4096.0,27777.0,synthetic_kv_64k,8.622784512,,5139A630AD9D,147.456,27777.0,0.5249927321853036,62995,4095.885312,MB,58477.0,4.095885312,context_0000,What is the value associated with key B7873495311E? Return only the value.,8622.784512,['7D2395492A82'],32
4096.0,27777.0,synthetic_kv_64k,8.622784512,,A51304E54509,147.456,27777.0,0.5249927321853036,62995,4095.885312,MB,58477.0,4.095885312,context_0000,What is the value associated with key E61D1747F387? Return only the value.,8622.784512,['720B82A7F586'],32
4096.0,27777.0,synthetic_kv_64k,8.622784512,,0F6C44844444,147.456,27777.0,0.5249927321853036,62995,4095.885312,MB,58477.0,4.095885312,context_0000,What is the value associated with key 0E3ECF0671C7? Return only the value.,8622.784512,['21C7741423B5'],32
4096.0,27777.0,synthetic_kv_64k,8.622784512,,501940198303,147.456,27777.0,0.5249927321853036,62995,4095.885312,MB,58477.0,4.095885312,context_0000,What is the value associated with key 6A59836435E3? Return only the value.,8622.784512,['905C74F0BEAE'],32
4096.0,27777.0,synthetic_kv_64k,8.622784512,,530048544444,147.456,27777.0,0.5249927321853036,62995,4095.885312,MB,58477.0,4.095885312,context_0000,What is the value associated with key 8F0D0EC7D662? Return only the value.,8622.784512,['AC3A765E6CB5'],32
4096.0,27777.0,synthetic_kv_64k,8.622784512,,18AA4C859D44,147.456,27777.0,0.5249927321853036,62995,4095.885312,MB,58477.0,4.095885312,context_0000,What is the value associated with key 4EE4CE920136? Return only the value.,8622.784512,['0592B928E23F'],32
4096.0,27777.0,synthetic_kv_64k,8.622784512,,34984D38E415,147.456,27777.0,0.5249927321853036,62995,4095.885312,MB,58477.0,4.095885312,context_0000,What is the value associated with key 4124655CE508? Return only the value.,8622.784512,['00C5D1031424'],32
4096.0,27777.0,synthetic_kv_64k,8.622784512,,12B2940C3503,147.456,27777.0,0.5249927321853036,62995,4095.885312,MB,58477.0,4.095885312,context_0000,What is the value associated with key 37C8BEED0AF9? Return only the value.,8622.784512,['12B2940C3503'],32
4096.0,27777.0,synthetic_kv_64k,8.622784512,,6340888D67B8,147.456,27777.0,0.5249927321853036,62995,4095.885312,MB,58477.0,4.095885312,context_0000,What is the value associated with key 6C770B981CCD? Return only the value.,8622.784512,['B34C58330B30'],32
4096.0,27777.0,synthetic_kv_64k,8.622784512,,582D8485E64C,147.456,27777.0,0.5249927321853036,62995,4095.885312,MB,58477.0,4.095885312,context_0000,What is the value associated with key 8A89105291D3? Return only the value.,8622.784512,['0F6CFE7EE362'],32
4096.0,27777.0,synthetic_kv_64k,8.622784512,,082C44844444,147.456,27777.0,0.5249927321853036,62995,4095.885312,MB,58477.0,4.095885312,context_0000,What is the value associated with key E4EBEF40D162? Return only the value.,8622.784512,['FC7311AB3D11'],32
4096.0,27777.0,synthetic_kv_64k,8.622784512,,5139A630D44C,147.456,27777.0,0.5249927321853036,62995,4095.885312,MB,58477.0,4.095885312,context_0000,What is the value associated with key 78D9EF0BEA4F? Return only the value.,8622.784512,['497E081FC6DC'],32
4096.0,27777.0,synthetic_kv_64k,8.622784512,,0E315C311464,147.456,27777.0,0.5249927321853036,62995,4095.885312,MB,58477.0,4.095885312,context_0000,What is the value associated with key 2E1368AB80EA? Return only the value.,8622.784512,['22ABC4DB5A62'],32
4096.0,27777.0,synthetic_kv_64k,8.622784512,,448848484848,147.456,27777.0,0.5249927321853036,62995,4095.885312,MB,58477.0,4.095885312,context_0000,What is the value associated with key A43AC40D4874? Return only the value.,8622.784512,['BAB2FA740CC8'],32
4096.0,27777.0,synthetic_kv_64k,8.622784512,,5FDC6B9CD71C,147.456,27777.0,0.5249927321853036,62995,4095.885312,MB,58477.0,4.095885312,context_0000,What is the value associated with key F6BAA55871E3? Return only the value.,8622.784512,['5FDC6B9CD71C'],32
4096.0,27777.0,synthetic_kv_64k,8.622784512,,66FBB3A9DCAA,147.456,27777.0,0.5249927321853036,62995,4095.885312,MB,58477.0,4.095885312,context_0000,What is the value associated with key E42EFE2BD987? Return only the value.,8622.784512,['72D361EA2F30'],32
4096.0,27777.0,synthetic_kv_64k,8.622784512,,50482485484C,147.456,27777.0,0.5249927321853036,62995,4095.885312,MB,58477.0,4.095885312,context_0000,What is the value associated with key EAC8DE9F6F5B? Return only the value.,8622.784512,['60A3E821E716'],32
4096.0,27777.0,synthetic_kv_64k,8.622784512,,38858854888C,147.456,27777.0,0.5249927321853036,62995,4095.885312,MB,58477.0,4.095885312,context_0000,What is the value associated with key 148B602A4E57? Return only the value.,8622.784512,['F6D2AEC76A82'],32
4096.0,27777.0,synthetic_kv_64k,8.622784512,,5C4432DF8D45,147.456,27777.0,0.5249927321853036,62995,4095.885312,MB,58477.0,4.095885312,context_0000,What is the value associated with key DFE2A96B3C42? Return only the value.,8622.784512,['220B8A0F9508'],32
4096.0,27777.0,synthetic_kv_64k,8.622784512,,082519476042,147.456,27777.0,0.5249927321853036,62995,4095.885312,MB,58477.0,4.095885312,context_0000,What is the value associated with key DC3BA74E02A9? Return only the value.,8622.784512,['1E5E59077299'],32
4096.0,27777.0,synthetic_kv_64k,8.622784512,,74665E7B72C8,147.456,27777.0,0.5249927321853036,62995,4095.885312,MB,58477.0,4.095885312,context_0000,What is the value associated with key FE2B2DB0728D? Return only the value.,8622.784512,['649F8989C5AB'],32
4096.0,27777.0,synthetic_kv_64k,8.622784512,,C3D85844548C,147.456,27777.0,0.5249927321853036,62995,4095.885312,MB,58477.0,4.095885312,context_0000,What is the value associated with key 209987623997? Return only the value.,8622.784512,['FA8DBA54E920'],32
4096.0,27777.0,synthetic_kv_64k,8.622784512,,7C16B2C08394,147.456,27777.0,0.5249927321853036,62995,4095.885312,MB,58477.0,4.095885312,context_0000,What is the value associated with key D5B6390239D9? Return only the value.,8622.784512,['C19400E3A026'],32
4096.0,27777.0,synthetic_kv_64k,8.622784512,,523A4C61845E,147.456,27777.0,0.5249927321853036,62995,4095.885312,MB,58477.0,4.095885312,context_0000,What is the value associated with key FA7E05D1FB63? Return only the value.,8622.784512,['76874C61845E'],32
4096.0,27777.0,synthetic_kv_64k,8.622784512,,348884848484,147.456,27777.0,0.5249927321853036,62995,4095.885312,MB,58477.0,4.095885312,context_0000,What is the value associated with key B816AC6A7C85? Return only the value.,8622.784512,['6C938B60C511'],32
4096.0,27777.0,synthetic_kv_64k,8.622784512,,818985444444,147.456,27777.0,0.5249927321853036,62995,4095.885312,MB,58477.0,4.095885312,context_0000,What is the value associated with key 6118882CCD1E? Return only the value.,8622.784512,['3ACBD2C7BFFB'],32
4096.0,27777.0,synthetic_kv_64k,8.622784512,,7394847FD9B4,147.456,27777.0,0.5249927321853036,62995,4095.885312,MB,58477.0,4.095885312,context_0000,What is the value associated with key 75EB3F5CF2F3? Return only the value.,8622.784512,['27B6589DECB0'],32
4096.0,27777.0,synthetic_kv_64k,8.622784512,,A60721C9A15D,147.456,27777.0,0.5249927321853036,62995,4095.885312,MB,58477.0,4.095885312,context_0000,What is the value associated with key 30404690FB15? Return only the value.,8622.784512,['E00DEFFA2002'],32
4096.0,27777.0,synthetic_kv_64k,8.622784512,,73074845548C,147.456,27777.0,0.5249927321853036,62995,4095.885312,MB,58477.0,4.095885312,context_0000,What is the value associated with key C3F7B99B2B5A? Return only the value.,8622.784512,['083F1CE362F8'],32
4096.0,27777.0,synthetic_kv_64k,8.622784512,,3D6B6B535A19,147.456,27777.0,0.5249927321853036,62995,4095.885312,MB,58477.0,4.095885312,context_0000,What is the value associated with key A902CF39F648? Return only the value.,8622.784512,['9D6B6B535A19'],32
4096.0,27777.0,synthetic_kv_64k,8.622784512,,5F98E23DA629,147.456,27777.0,0.5249927321853036,62995,4095.885312,MB,58477.0,4.095885312,context_0000,What is the value associated with key EFADC41C147E? Return only the value.,8622.784512,['E398E23DDFAA'],32
4096.0,27777.0,synthetic_kv_64k,8.622784512,,446644444444,147.456,27777.0,0.5249927321853036,62995,4095.885312,MB,58477.0,4.095885312,context_0000,What is the value associated with key 3D9C04015CED? Return only the value.,8622.784512,['113934C1C3EA'],32
4096.0,27777.0,synthetic_kv_64k,8.622784512,,5C3D022B6683,147.456,27777.0,0.5249927321853036,62995,4095.885312,MB,58477.0,4.095885312,context_0000,What is the value associated with key 980C19D45DEB? Return only the value.,8622.784512,['724908987462'],32
4096.0,27777.0,synthetic_kv_64k,8.622784512,,2303D69D42F1,147.456,27777.0,0.5249927321853036,62995,4095.885312,MB,58477.0,4.095885312,context_0000,What is the value associated with key AC0999086E47? Return only the value.,8622.784512,['DF49B40A9181'],32
4096.0,27777.0,synthetic_kv_64k,8.622784512,,5C70FCA45567,147.456,27777.0,0.5249927321853036,62995,4095.885312,MB,58477.0,4.095885312,context_0000,What is the value associated with key 3EA60C760D28? Return only the value.,8622.784512,['0B53BD9419AA'],32
4096.0,27777.0,synthetic_kv_64k,8.622784512,,37F28BDDCEE3,147.456,27777.0,0.5249927321853036,62995,4095.885312,MB,58477.0,4.095885312,context_0000,What is the value associated with key 705F66FADCA0? Return only the value.,8622.784512,['8A2D3BFDA8A6'],32
4096.0,27777.0,synthetic_kv_64k,8.622784512,,C6ACDD1A1669,147.456,27777.0,0.5249927321853036,62995,4095.885312,MB,58477.0,4.095885312,context_0000,What is the value associated with key C11F379EF467? Return only the value.,8622.784512,['C6ACDD1D6CD1'],32
4096.0,27777.0,synthetic_kv_64k,8.622784512,,539313748146],147.456,27777.0,0.5249927321853036,62995,4095.885312,MB,58477.0,4.095885312,context_0000,What is the value associated with key 23DF0E731DD7? Return only the value.,8622.784512,['FE5480FF5173'],32
4096.0,27777.0,synthetic_kv_64k,8.622784512,,5C4432DF8D45,147.456,27777.0,0.5249927321853036,62995,4095.885312,MB,58477.0,4.095885312,context_0000,What is the value associated with key 3BF24A0D2B73? Return only the value.,8622.784512,['EA98D0D75E37'],32
4096.0,27777.0,synthetic_kv_64k,8.622784512,,6C4C623AD0FC,147.456,27777.0,0.5249927321853036,62995,4095.885312,MB,58477.0,4.095885312,context_0000,What is the value associated with key 937BBB44BADC? Return only the value.,8622.784512,['93D551A3AC26'],32
4096.0,27777.0,synthetic_kv_64k,8.622784512,,D181AC2B0CFC,147.456,27777.0,0.5249927321853036,62995,4095.885312,MB,58477.0,4.095885312,context_0000,What is the value associated with key C5C5991121E7? Return only the value.,8622.784512,['D181AC2B0CFC'],32
4096.0,27777.0,synthetic_kv_64k,8.622784512,,60908B1E3B9D,147.456,27777.0,0.5249927321853036,62995,4095.885312,MB,58477.0,4.095885312,context_0000,What is the value associated with key 3CA552171BF3? Return only the value.,8622.784512,['E0524D406F1B'],32
4096.0,27777.0,synthetic_kv_64k,8.622784512,,0E315C311464,147.456,27777.0,0.5249927321853036,62995,4095.885312,MB,58477.0,4.095885312,context_0000,What is the value associated with key FC5624ACB722? Return only the value.,8622.784512,['8570A903AE67'],32
4096.0,27777.0,synthetic_kv_64k,8.622784512,,46704CEDA164,147.456,27777.0,0.5249927321853036,62995,4095.885312,MB,58477.0,4.095885312,context_0000,What is the value associated with key 69DF389641DD? Return only the value.,8622.784512,['46704CEDA164'],32
4096.0,27777.0,synthetic_kv_64k,8.622784512,,828585555555,147.456,27777.0,0.5249927321853036,62995,4095.885312,MB,58477.0,4.095885312,context_0000,What is the value associated with key 8E850F9AEB70? Return only the value.,8622.784512,['9777F2D2393F'],32
4096.0,27777.0,synthetic_kv_64k,8.622784512,,40A2785C444C,147.456,27777.0,0.5249927321853036,62995,4095.885312,MB,58477.0,4.095885312,context_0000,What is the value associated with key BC36E134EDFC? Return only the value.,8622.784512,['2CD5E95D2761'],32
4096.0,27777.0,synthetic_kv_64k,8.622784512,,734748458844,147.456,27777.0,0.5249927321853036,62995,4095.885312,MB,58477.0,4.095885312,context_0000,What is the value associated with key ADC2A0411612? Return only the value.,8622.784512,['8E4C6D5D0477'],32
4096.0,27777.0,synthetic_kv_64k,8.622784512,,582BF8E8035B,147.456,27777.0,0.5249927321853036,62995,4095.885312,MB,58477.0,4.095885312,context_0000,What is the value associated with key 0C007EE1011A? Return only the value.,8622.784512,['582BF8E8035B'],32
4096.0,27777.0,synthetic_kv_64k,8.622784512,,5193ABDD1A8F,147.456,27777.0,0.5249927321853036,62995,4095.885312,MB,58477.0,4.095885312,context_0000,What is the value associated with key A4B0F10BCE9C? Return only the value.,8622.784512,['6193ABDD1A8F'],32
4096.0,27777.0,synthetic_kv_64k,8.622784512,,43D6C0E3BEFD,147.456,27777.0,0.5249927321853036,62995,4095.885312,MB,58477.0,4.095885312,context_0000,What is the value associated with key 8643C92A7D7C? Return only the value.,8622.784512,['B241519894D8'],32
4096.0,27777.0,synthetic_kv_64k,8.622784512,,44D15145846C,147.456,27777.0,0.5249927321853036,62995,4095.885312,MB,58477.0,4.095885312,context_0000,What is the value associated with key 68836A944054? Return only the value.,8622.784512,['4CC526332018'],32
4096.0,27777.0,synthetic_kv_64k,8.622784512,,5BB8893259F3,147.456,27777.0,0.5249927321853036,62995,4095.885312,MB,58477.0,4.095885312,context_0000,What is the value associated with key 2F12605FB1EB? Return only the value.,8622.784512,['89B5C12169DB'],32
4096.0,27777.0,synthetic_kv_64k,8.622784512,,506EB758E201,147.456,27777.0,0.5249927321853036,62995,4095.885312,MB,58477.0,4.095885312,context_0000,What is the value associated with key 3DB07938878A? Return only the value.,8622.784512,['39B0D96E684F'],32
4096.0,27777.0,synthetic_kv_64k,8.622784512,,74665488748E,147.456,27777.0,0.5249927321853036,62995,4095.885312,MB,58477.0,4.095885312,context_0000,What is the value associated with key DB874CFD0FC1? Return only the value.,8622.784512,['24F4B523C0DE'],32
4096.0,27777.0,synthetic_kv_64k,8.622784512,,0E169BDC70D1,147.456,27777.0,0.5249927321853036,62995,4095.885312,MB,58477.0,4.095885312,context_0000,What is the value associated with key 7688CE4758BE? Return only the value.,8622.784512,['0EC0EA2C7A51'],32
4096.0,27777.0,synthetic_kv_64k,8.622784512,,6AA0F7C0D5F7,147.456,27777.0,0.5249927321853036,62995,4095.885312,MB,58477.0,4.095885312,context_0000,What is the value associated with key 69A58FF8869D? Return only the value.,8622.784512,['6AA0F7C0D5F7'],32
4096.0,27777.0,synthetic_kv_64k,8.622784512,,636F2253E706,147.456,27777.0,0.5249927321853036,62995,4095.885312,MB,58477.0,4.095885312,context_0000,What is the value associated with key 87AD8EAA5841? Return only the value.,8622.784512,['636F2253E706'],32
4096.0,27777.0,synthetic_kv_64k,8.622784512,,548C340DE049,147.456,27777.0,0.5249927321853036,62995,4095.885312,MB,58477.0,4.095885312,context_0000,What is the value associated with key 41473E2BF9C9? Return only the value.,8622.784512,['548C340DE049'],32
4096.0,27777.0,synthetic_kv_64k,8.622784512,,7325EC170298,147.456,27777.0,0.5249927321853036,62995,4095.885312,MB,58477.0,4.095885312,context_0000,What is the value associated with key 143DA58E83DD? Return only the value.,8622.784512,['7325EC170298'],32
4096.0,27777.0,synthetic_kv_64k,8.622784512,,567E05A86D87,147.456,27777.0,0.5249927321853036,62995,4095.885312,MB,58477.0,4.095885312,context_0000,What is the value associated with key 5EFED8DDBBC0? Return only the value.,8622.784512,['891F17ABB863'],32
4096.0,27777.0,synthetic_kv_64k,8.622784512,,588548841885,147.456,27777.0,0.5249927321853036,62995,4095.885312,MB,58477.0,4.095885312,context_0000,What is the value associated with key D453B97E6224? Return only the value.,8622.784512,['0D3130C36756'],32
4096.0,27777.0,synthetic_kv_64k,8.622784512,,739E6884488C,147.456,27777.0,0.5249927321853036,62995,4095.885312,MB,58477.0,4.095885312,context_0000,What is the value associated with key 608E44B9E602? Return only the value.,8622.784512,['9ADFAC75C344'],32
4096.0,27777.0,synthetic_kv_64k,8.622784512,,CB6AA2356DD4,147.456,27777.0,0.5249927321853036,62995,4095.885312,MB,58477.0,4.095885312,context_0000,What is the value associated with key 0A1F9A591974? Return only the value.,8622.784512,['12A1DFA59722'],32
4096.0,27777.0,synthetic_kv_64k,8.622784512,,38054885848C,147.456,27777.0,0.5249927321853036,62995,4095.885312,MB,58477.0,4.095885312,context_0000,What is the value associated with key CDFD302B7831? Return only the value.,8622.784512,['966BC2FE8954'],32
4096.0,27777.0,synthetic_kv_64k,8.622784512,,378E8F10D33E,147.456,27777.0,0.5249927321853036,62995,4095.885312,MB,58477.0,4.095885312,context_0000,What is the value associated with key ABE4B96C1163? Return only the value.,8622.784512,['378E8F10D33E'],32
4096.0,27777.0,synthetic_kv_64k,8.622784512,,E833DE95D695,147.456,27777.0,0.5249927321853036,62995,4095.885312,MB,58477.0,4.095885312,context_0000,What is the value associated with key 35797AB99428? Return only the value.,8622.784512,['E833DE95D695'],32
4096.0,27777.0,synthetic_kv_64k,8.622784512,,34B7801EF1DA,147.456,27777.0,0.5249927321853036,62995,4095.885312,MB,58477.0,4.095885312,context_0000,What is the value associated with key 4D9D553D2625? Return only the value.,8622.784512,['E8B3F4FF3F3A'],32
4096.0,27777.0,synthetic_kv_64k,8.622784512,,30A5EFE9B3D0,147.456,27777.0,0.5249927321853036,62995,4095.885312,MB,58477.0,4.095885312,context_0000,What is the value associated with key 363903ECE8FF? Return only the value.,8622.784512,['30A5EFE9B3D0'],32
4096.0,27777.0,synthetic_kv_64k,8.622784512,,5383873DC8BD,147.456,27777.0,0.5249927321853036,62995,4095.885312,MB,58477.0,4.095885312,context_0000,What is the value associated with key BDD1F64AB6EC? Return only the value.,8622.784512,['BF331E086F20'],32
4096.0,27777.0,synthetic_kv_64k,8.622784512,,B5A64FA5C35E,147.456,27777.0,0.5249927321853036,62995,4095.885312,MB,58477.0,4.095885312,context_0000,What is the value associated with key C11BFFE3F366? Return only the value.,8622.784512,['EA187A9A8EF5'],32
4096.0,27777.0,synthetic_kv_64k,8.622784512,,080AE7C99B26,147.456,27777.0,0.5249927321853036,62995,4095.885312,MB,58477.0,4.095885312,context_0000,What is the value associated with key B2143E1A963E? Return only the value.,8622.784512,['B42A9ABA0F15'],32
4096.0,27777.0,synthetic_kv_64k,8.622784512,,3D44EA45BA41,147.456,27777.0,0.5249927321853036,62995,4095.885312,MB,58477.0,4.095885312,context_0000,What is the value associated with key 6589345AF934? Return only the value.,8622.784512,['3D44EA45BA41'],32
4096.0,27777.0,synthetic_kv_64k,8.622784512,,453B636CF499,147.456,27777.0,0.5249927321853036,62995,4095.885312,MB,58477.0,4.095885312,context_0000,What is the value associated with key 52558D55119E? Return only the value.,8622.784512,['4876C68813FE'],32
4096.0,27777.0,synthetic_kv_64k,8.622784512,,A612889D4B76,147.456,27777.0,0.5249927321853036,62995,4095.885312,MB,58477.0,4.095885312,context_0000,What is the value associated with key 775C61730C48? Return only the value.,8622.784512,['A612889D4B76'],32
4096.0,27777.0,synthetic_kv_64k,8.622784512,,5C1142F5B3F5,147.456,27777.0,0.5249927321853036,62995,4095.885312,MB,58477.0,4.095885312,context_0000,What is the value associated with key 4EF45BF86F3C? Return only the value.,8622.784512,['5C1142F5B3F5'],32
4096.0,27777.0,synthetic_kv_64k,8.622784512,,774C7F4D638A,147.456,27777.0,0.5249927321853036,62995,4095.885312,MB,58477.0,4.095885312,context_0000,What is the value associated with key E1FF8347F1DA? Return only the value.,8622.784512,['774C7F4D908C'],32
4096.0,27777.0,synthetic_kv_64k,8.622784512,,68056CD66193,147.456,27777.0,0.5249927321853036,62995,4095.885312,MB,58477.0,4.095885312,context_0000,What is the value associated with key CD85193E638D? Return only the value.,8622.784512,['B8F0FB37AFAE'],32
4096.0,27777.0,synthetic_kv_64k,8.622784512,,51FAD6F89F7A,147.456,27777.0,0.5249927321853036,62995,4095.885312,MB,58477.0,4.095885312,context_0000,What is the value associated with key C2FA78308631? Return only the value.,8622.784512,['51FAD6F89F7A'],32
4096.0,27777.0,synthetic_kv_64k,8.622784512,,6307218AB6A7,147.456,27777.0,0.5249927321853036,62995,4095.885312,MB,58477.0,4.095885312,context_0000,What is the value associated with key 3400EA11905B? Return only the value.,8622.784512,['501B5EE68495'],32
4096.0,27777.0,synthetic_kv_64k,8.622784512,,5C3D0134E76B,147.456,27777.0,0.5249927321853036,62995,4095.885312,MB,58477.0,4.095885312,context_0000,What is the value associated with key 0BB469F753F1? Return only the value.,8622.784512,['DD3490019ED4'],32
4096.0,27777.0,synthetic_kv_64k,8.622784512,,5C17093B4D72,147.456,27777.0,0.5249927321853036,62995,4095.885312,MB,58477.0,4.095885312,context_0000,What is the value associated with key BDC238A56B49? Return only the value.,8622.784512,['0426255B30E2'],32
4096.0,27777.0,synthetic_kv_64k,8.622784512,,DC74AD66A1BD,147.456,27777.0,0.5249927321853036,62995,4095.885312,MB,58477.0,4.095885312,context_0000,What is the value associated with key 8DA542C21797? Return only the value.,8622.784512,['9583EF4C5119'],32
4096.0,27777.0,synthetic_kv_64k,8.622784512,,443527744444,147.456,27777.0,0.5249927321853036,62995,4095.885312,MB,58477.0,4.095885312,context_0000,What is the value associated with key B8529442B5E6? Return only the value.,8622.784512,['4B916AE66582'],32
4096.0,27777.0,synthetic_kv_64k,8.622784512,,7A678485848C,147.456,27777.0,0.5249927321853036,62995,4095.885312,MB,58477.0,4.095885312,context_0000,What is the value associated with key 323927046F25? Return only the value.,8622.784512,['3AE254720D2D'],32
4096.0,27777.0,synthetic_kv_64k,8.622784512,,36A2048E684C,147.456,27777.0,0.5249927321853036,62995,4095.885312,MB,58477.0,4.095885312,context_0000,What is the value associated with key 91DD613D2DE9? Return only the value.,8622.784512,['3EE8D5574241'],32
4096.0,27777.0,synthetic_kv_64k,8.622784512,,2AEF43B7A0EF,147.456,27777.0,0.5249927321853036,62995,4095.885312,MB,58477.0,4.095885312,context_0000,What is the value associated with key 8CF67FD238C3? Return only the value.,8622.784512,['F186A7946320'],32
4096.0,27777.0,synthetic_kv_64k,8.622784512,,5399D40E53CE,147.456,27777.0,0.5249927321853036,62995,4095.885312,MB,58477.0,4.095885312,context_0000,What is the value associated with key 566AAF521B94? Return only the value.,8622.784512,['C36B41E02A89'],32
4096.0,27777.0,synthetic_kv_64k,8.622784512,,B93BF76D15FD,147.456,27777.0,0.5249927321853036,62995,4095.885312,MB,58477.0,4.095885312,context_0000,What is the value associated with key 7D16D253D966? Return only the value.,8622.784512,['B93BF76D15FD'],32
4096.0,27777.0,synthetic_kv_64k,8.622784512,,39624484888C,147.456,27777.0,0.5249927321853036,62995,4095.885312,MB,58477.0,4.095885312,context_0000,What is the value associated with key BD56A4461663? Return only the value.,8622.784512,['75F87D97AC0F'],32
4096.0,27777.0,synthetic_kv_64k,8.622784512,,5A28CB8383F2,147.456,27777.0,0.5249927321853036,62995,4095.885312,MB,58477.0,4.095885312,context_0000,What is the value associated with key BB962B115C36? Return only the value.,8622.784512,['5A28CB8383F2'],32
4096.0,27777.0,synthetic_kv_64k,8.622784512,,5270A41247A2,147.456,27777.0,0.5249927321853036,62995,4095.885312,MB,58477.0,4.095885312,context_0000,What is the value associated with key 23D42B54FF7A? Return only the value.,8622.784512,['8BEAB86677AA'],32
4096.0,27777.0,synthetic_kv_64k,8.622784512,,274E6844584C,147.456,27777.0,0.5249927321853036,62995,4095.885312,MB,58477.0,4.095885312,context_0000,What is the value associated with key 2F1D7D024C6D? Return only the value.,8622.784512,['E3ADEAB9EB02'],32
4096.0,27777.0,synthetic_kv_64k,8.622784512,,03ED798C5C44,147.456,27777.0,0.5249927321853036,62995,4095.885312,MB,58477.0,4.095885312,context_0000,What is the value associated with key FD858AC97B01? Return only the value.,8622.784512,['F50DA44D9FEC'],32
4096.0,27777.0,synthetic_kv_64k,8.622784512,,C7F28BDDCEE3,147.456,27777.0,0.5249927321853036,62995,4095.885312,MB,58477.0,4.095885312,context_0000,What is the value associated with key 86210F09105C? Return only the value.,8622.784512,['D6CD08A8AC7F'],32
4096.0,27777.0,synthetic_kv_64k,8.622784512,,A267DDCBF4BC,147.456,27777.0,0.5249927321853036,62995,4095.885312,MB,58477.0,4.095885312,context_0000,What is the value associated with key 1307D8C128E7? Return only the value.,8622.784512,['D168F1F7D904'],32
4096.0,27777.0,synthetic_kv_64k,8.622784512,,0F12A18FF6B6,147.456,27777.0,0.5249927321853036,62995,4095.885312,MB,58477.0,4.095885312,context_0000,What is the value associated with key 0C6BAB102C9B? Return only the value.,8622.784512,['01A2C3ABB5F1'],32
4096.0,27777.0,synthetic_kv_64k,8.622784512,,A635A5C9A15D,147.456,27777.0,0.5249927321853036,62995,4095.885312,MB,58477.0,4.095885312,context_0000,What is the value associated with key 23326992896E? Return only the value.,8622.784512,['A175D7B102A9'],32
4096.0,27777.0,synthetic_kv_64k,8.622784512,,E383873DC8BD,147.456,27777.0,0.5249927321853036,62995,4095.885312,MB,58477.0,4.095885312,context_0000,What is the value associated with key 11663B3F3800? Return only the value.,8622.784512,['26A9B509109B'],32
4096.0,27777.0,synthetic_kv_64k,8.622784512,,7C958430E68E,147.456,27777.0,0.5249927321853036,62995,4095.885312,MB,58477.0,4.095885312,context_0000,What is the value associated with key 37FE02571851? Return only the value.,8622.784512,['74BD8177B661'],32
4096.0,27777.0,synthetic_kv_64k,8.622784512,,34984D38E415,147.456,27777.0,0.5249927321853036,62995,4095.885312,MB,58477.0,4.095885312,context_0000,What is the value associated with key 0F795F8A14BD? Return only the value.,8622.784512,['A3429E2A7324'],32
4096.0,27777.0,synthetic_kv_64k,8.622784512,,578088558485,147.456,27777.0,0.5249927321853036,62995,4095.885312,MB,58477.0,4.095885312,context_0000,What is the value associated with key EF14AAB07015? Return only the value.,8622.784512,['E9AA9DD43675'],32
4096.0,27777.0,synthetic_kv_64k,8.622784512,,447B,147.456,27777.0,0.5249927321853036,62995,4095.885312,MB,58477.0,4.095885312,context_0000,What is the value associated with key A8C67BB3447B? Return only the value.,8622.784512,['04067CE40679'],32
4096.0,27777.0,synthetic_kv_64k,8.622784512,,5FB8DE0018AA,147.456,27777.0,0.5249927321853036,62995,4095.885312,MB,58477.0,4.095885312,context_0000,What is the value associated with key 883F01B158E9? Return only the value.,8622.784512,['694D8D388327'],32
4096.0,27777.0,synthetic_kv_64k,8.622784512,,46E1DC8AB6A7,147.456,27777.0,0.5249927321853036,62995,4095.885312,MB,58477.0,4.095885312,context_0000,What is the value associated with key 04480308AA5E? Return only the value.,8622.784512,['B8E18787EA21'],32
4096.0,27777.0,synthetic_kv_64k,8.622784512,,4C9BE1887EAF,147.456,27777.0,0.5249927321853036,62995,4095.885312,MB,58477.0,4.095885312,context_0000,What is the value associated with key 8926465568B7? Return only the value.,8622.784512,['4964FA3C1628'],32
4096.0,27777.0,synthetic_kv_64k,8.622784512,,B2A6D02B1243,147.456,27777.0,0.5249927321853036,62995,4095.885312,MB,58477.0,4.095885312,context_0000,What is the value associated with key 80910463750E? Return only the value.,8622.784512,['B2A6D02B1243'],32
4096.0,27777.0,synthetic_kv_64k,8.622784512,,F090CE610199,147.456,27777.0,0.5249927321853036,62995,4095.885312,MB,58477.0,4.095885312,context_0000,What is the value associated with key 6E3AAC8D6C7D? Return only the value.,8622.784512,['F090CE610199'],32
4096.0,27777.0,synthetic_kv_64k,8.622784512,,589244F8B53C,147.456,27777.0,0.5249927321853036,62995,4095.885312,MB,58477.0,4.095885312,context_0000,What is the value associated with key 2DE4E8E6E840? Return only the value.,8622.784512,['EB051B656DAB'],32
4096.0,27777.0,synthetic_kv_64k,8.622784512,,4603D463C183,147.456,27777.0,0.5249927321853036,62995,4095.885312,MB,58477.0,4.095885312,context_0000,What is the value associated with key 863E18A806EF? Return only the value.,8622.784512,['3DB0261E2555'],32
4096.0,27777.0,synthetic_kv_64k,8.622784512,,300C443D888C,147.456,27777.0,0.5249927321853036,62995,4095.885312,MB,58477.0,4.095885312,context_0000,What is the value associated with key 9EA931227592? Return only the value.,8622.784512,['409E86C5D1D6'],32
4096.0,27777.0,synthetic_kv_64k,8.622784512,,CB80446F64DD,147.456,27777.0,0.5249927321853036,62995,4095.885312,MB,58477.0,4.095885312,context_0000,What is the value associated with key 5ABCD0B1E3EB? Return only the value.,8622.784512,['CB80446F64DD'],32
4096.0,27777.0,synthetic_kv_64k,8.622784512,,AEE1FCFFE9E3,147.456,27777.0,0.5249927321853036,62995,4095.885312,MB,58477.0,4.095885312,context_0000,What is the value associated with key 143A659B0105? Return only the value.,8622.784512,['F5945F804EEB'],32
4096.0,27777.0,synthetic_kv_64k,8.622784512,,73E7516C3B0A,147.456,27777.0,0.5249927321853036,62995,4095.885312,MB,58477.0,4.095885312,context_0000,What is the value associated with key 758067F1698C? Return only the value.,8622.784512,['3E4290A3FBBF'],32
4096.0,27777.0,synthetic_kv_64k,8.622784512,,5A1E68448C2A,147.456,27777.0,0.5249927321853036,62995,4095.885312,MB,58477.0,4.095885312,context_0000,What is the value associated with key B27EFD7FE973? Return only the value.,8622.784512,['4CCB39D1C7FF'],32
4096.0,27777.0,synthetic_kv_64k,8.622784512,,774C4345434D,147.456,27777.0,0.5249927321853036,62995,4095.885312,MB,58477.0,4.095885312,context_0000,What is the value associated with key D3FBAF1D5A1A? Return only the value.,8622.784512,['14A3D90DD19B'],32
4096.0,27777.0,synthetic_kv_64k,8.622784512,,5C448E68484C,147.456,27777.0,0.5249927321853036,62995,4095.885312,MB,58477.0,4.095885312,context_0000,What is the value associated with key FDDEA75B395A? Return only the value.,8622.784512,['A65FDBB44021'],32
4096.0,27777.0,synthetic_kv_64k,8.622784512,,583D4845C35E,147.456,27777.0,0.5249927321853036,62995,4095.885312,MB,58477.0,4.095885312,context_0000,What is the value associated with key 081CC27437EB? Return only the value.,8622.784512,['67C017EFA621'],32
4096.0,27777.0,synthetic_kv_64k,8.622784512,,730448458844,147.456,27777.0,0.5249927321853036,62995,4095.885312,MB,58477.0,4.095885312,context_0000,What is the value associated with key 608E61177270? Return only the value.,8622.784512,['79DB8D7DD772'],32
4096.0,27777.0,synthetic_kv_64k,8.622784512,,506EB758E201,147.456,27777.0,0.5249927321853036,62995,4095.885312,MB,58477.0,4.095885312,context_0000,What is the value associated with key A3010E5D8C6A? Return only the value.,8622.784512,['B3ED026B5383'],32
4096.0,27777.0,synthetic_kv_64k,8.622784512,,506EB758E201,147.456,27777.0,0.5249927321853036,62995,4095.885312,MB,58477.0,4.095885312,context_0000,What is the value associated with key 152A2BDFCB41? Return only the value.,8622.784512,['D8677FF6B824'],32
4096.0,27777.0,synthetic_kv_64k,8.622784512,,54CEC8CCE2C2,147.456,27777.0,0.5249927321853036,62995,4095.885312,MB,58477.0,4.095885312,context_0000,What is the value associated with key A5186F14B3F6? Return only the value.,8622.784512,['54CEC8CCE2C2'],32
4096.0,27777.0,synthetic_kv_64k,8.622784512,,568317D5B563,147.456,27777.0,0.5249927321853036,62995,4095.885312,MB,58477.0,4.095885312,context_0000,What is the value associated with key FA3290DBFAD6? Return only the value.,8622.784512,['F94DDBA3496F'],32
4096.0,27777.0,synthetic_kv_64k,8.622784512,,D8274E35774C,147.456,27777.0,0.5249927321853036,62995,4095.885312,MB,58477.0,4.095885312,context_0000,What is the value associated with key E5111869A217? Return only the value.,8622.784512,['EB4D873570A2'],32
4096.0,27777.0,synthetic_kv_64k,8.622784512,,E6B9361F6D90,147.456,27777.0,0.5249927321853036,62995,4095.885312,MB,58477.0,4.095885312,context_0000,What is the value associated with key 3AD10AE4AC11? Return only the value.,8622.784512,['E6B9361F6D90'],32
4096.0,27777.0,synthetic_kv_64k,8.622784512,,378E8F10D33E,147.456,27777.0,0.5249927321853036,62995,4095.885312,MB,58477.0,4.095885312,context_0000,What is the value associated with key B139DE3CE88B? Return only the value.,8622.784512,['9118E336C243'],32
4096.0,27777.0,synthetic_kv_64k,8.622784512,,5254809C15FA,147.456,27777.0,0.5249927321853036,62995,4095.885312,MB,58477.0,4.095885312,context_0000,What is the value associated with key 456679BA630A? Return only the value.,8622.784512,['EC950BEB7C34'],32
4096.0,27777.0,synthetic_kv_64k,8.622784512,,78485454545454545454545454545454,147.456,27777.0,0.5249927321853036,62995,4095.885312,MB,58477.0,4.095885312,context_0000,What is the value associated with key AF3613087974? Return only the value.,8622.784512,['47C6ECF32053'],32
4096.0,27777.0,synthetic_kv_64k,8.622784512,,368B7044564C,147.456,27777.0,0.5249927321853036,62995,4095.885312,MB,58477.0,4.095885312,context_0000,What is the value associated with key 8B04E63949D4? Return only the value.,8622.784512,['A87990422EB7'],32
4096.0,27777.0,synthetic_kv_64k,8.622784512,,89B5EDC3A1C3,147.456,27777.0,0.5249927321853036,62995,4095.885312,MB,58477.0,4.095885312,context_0000,What is the value associated with key 2DEA086C405F? Return only the value.,8622.784512,['D9B5EDC3A1C3'],32
4096.0,27777.0,synthetic_kv_64k,8.622784512,,378E81B304C7,147.456,27777.0,0.5249927321853036,62995,4095.885312,MB,58477.0,4.095885312,context_0000,What is the value associated with key 0402508211A5? Return only the value.,8622.784512,['3508F622D842'],32
4096.0,27777.0,synthetic_kv_64k,8.622784512,,54C14858E770,147.456,27777.0,0.5249927321853036,62995,4095.885312,MB,58477.0,4.095885312,context_0000,What is the value associated with key 24E99647FF9F? Return only the value.,8622.784512,['D218C093BFB0'],32
4096.0,27777.0,synthetic_kv_64k,8.622784512,,D26423F47A55,147.456,27777.0,0.5249927321853036,62995,4095.885312,MB,58477.0,4.095885312,context_0000,What is the value associated with key D226B674410D? Return only the value.,8622.784512,['EDCA65F6BA53'],32
4096.0,27777.0,synthetic_kv_64k,8.622784512,,449EF4A9E1F9,147.456,27777.0,0.5249927321853036,62995,4095.885312,MB,58477.0,4.095885312,context_0000,What is the value associated with key 4C9D13B22CEC? Return only the value.,8622.784512,['905F299656E2'],32
4096.0,27777.0,synthetic_kv_64k,8.622784512,,9C3D022B6683,147.456,27777.0,0.5249927321853036,62995,4095.885312,MB,58477.0,4.095885312,context_0000,What is the value associated with key 91123D8F95F4? Return only the value.,8622.784512,['D975D5ABA8AE'],32
4096.0,27777.0,synthetic_kv_64k,8.622784512,,702C2E64848C,147.456,27777.0,0.5249927321853036,62995,4095.885312,MB,58477.0,4.095885312,context_0000,What is the value associated with key AD52639FC471? Return only the value.,8622.784512,['8A62E582B678'],32
4096.0,27777.0,synthetic_kv_64k,8.622784512,,4876C68813FE,147.456,27777.0,0.5249927321853036,62995,4095.885312,MB,58477.0,4.095885312,context_0000,What is the value associated with key 624354EC3F33? Return only the value.,8622.784512,['BD5FC16F9BCC'],32
4096.0,27777.0,synthetic_kv_64k,8.622784512,,504848484848,147.456,27777.0,0.5249927321853036,62995,4095.885312,MB,58477.0,4.095885312,context_0000,What is the value associated with key CA5E23D3CD4C? Return only the value.,8622.784512,['B076FD0CE433'],32
4096.0,27777.0,synthetic_kv_64k,8.622784512,,BED69A35666C,147.456,27777.0,0.5249927321853036,62995,4095.885312,MB,58477.0,4.095885312,context_0000,What is the value associated with key 1413B962C8A7? Return only the value.,8622.784512,['BED68033F5C2'],32
4096.0,27777.0,synthetic_kv_64k,8.622784512,,51CB906C3B0A,147.456,27777.0,0.5249927321853036,62995,4095.885312,MB,58477.0,4.095885312,context_0000,What is the value associated with key 588AF96D40F8? Return only the value.,8622.784512,['19010DBF0CAF'],32
4096.0,27777.0,synthetic_kv_64k,8.622784512,,385448858544,147.456,27777.0,0.5249927321853036,62995,4095.885312,MB,58477.0,4.095885312,context_0000,What is the value associated with key 3B6D6FE5040B? Return only the value.,8622.784512,['1375D6B361E4'],32
4096.0,27777.0,synthetic_kv_64k,8.622784512,,384858845884,147.456,27777.0,0.5249927321853036,62995,4095.885312,MB,58477.0,4.095885312,context_0000,What is the value associated with key 9AEC57311609? Return only the value.,8622.784512,['9D26C4DD8DF5'],32
4096.0,27777.0,synthetic_kv_64k,8.622784512,,5417CAAA5BBE,147.456,27777.0,0.5249927321853036,62995,4095.885312,MB,58477.0,4.095885312,context_0000,What is the value associated with key 9879F4719986? Return only the value.,8622.784512,['F80B658E54A2'],32
4096.0,27777.0,synthetic_kv_64k,8.622784512,,A25507958C1F,147.456,27777.0,0.5249927321853036,62995,4095.885312,MB,58477.0,4.095885312,context_0000,What is the value associated with key 538DC607B1E9? Return only the value.,8622.784512,['A25507958C1F'],32
4096.0,27777.0,synthetic_kv_64k,8.622784512,,6E6734F3846C,147.456,27777.0,0.5249927321853036,62995,4095.885312,MB,58477.0,4.095885312,context_0000,What is the value associated with key C89645F8C28D? Return only the value.,8622.784512,['7357FE1A1BA9'],32
4096.0,27777.0,synthetic_kv_64k,8.622784512,,37E78454545C,147.456,27777.0,0.5249927321853036,62995,4095.885312,MB,58477.0,4.095885312,context_0000,What is the value associated with key 3A677D98302F? Return only the value.,8622.784512,['8D935B167158'],32
4096.0,27777.0,synthetic_kv_64k,8.622784512,,2F8C6E8D9644,147.456,27777.0,0.5249927321853036,62995,4095.885312,MB,58477.0,4.095885312,context_0000,What is the value associated with key 601BF0EEBCCE? Return only the value.,8622.784512,['2F8C6E8D9644'],32
4096.0,27777.0,synthetic_kv_64k,8.622784512,,7394843B8C1A,147.456,27777.0,0.5249927321853036,62995,4095.885312,MB,58477.0,4.095885312,context_0000,What is the value associated with key 95FBAE007B7E? Return only the value.,8622.784512,['614CA921CB4C'],32
4096.0,27777.0,synthetic_kv_64k,8.622784512,,CB8097497749,147.456,27777.0,0.5249927321853036,62995,4095.885312,MB,58477.0,4.095885312,context_0000,What is the value associated with key C5AC15F00CB4? Return only the value.,8622.784512,['4B9D9E5D9C7A'],32
4096.0,27777.0,synthetic_kv_64k,8.622784512,,50647744448C,147.456,27777.0,0.5249927321853036,62995,4095.885312,MB,58477.0,4.095885312,context_0000,What is the value associated with key 3F17CC4D5819? Return only the value.,8622.784512,['12D1B68E47FA'],32
4096.0,27777.0,synthetic_kv_64k,8.622784512,,44E16844E54C,147.456,27777.0,0.5249927321853036,62995,4095.885312,MB,58477.0,4.095885312,context_0000,What is the value associated with key 449915007170? Return only the value.,8622.784512,['6147277B0667'],32
4096.0,27777.0,synthetic_kv_64k,8.622784512,,585244548485,147.456,27777.0,0.5249927321853036,62995,4095.885312,MB,58477.0,4.095885312,context_0000,What is the value associated with key C8ADB630794D? Return only the value.,8622.784512,['277EA247541D'],32
4096.0,27777.0,synthetic_kv_64k,8.622784512,,3F87159152F2,147.456,27777.0,0.5249927321853036,62995,4095.885312,MB,58477.0,4.095885312,context_0000,What is the value associated with key 63BEBD5A0C9E? Return only the value.,8622.784512,['5C565111D31D'],32
4096.0,27777.0,synthetic_kv_64k,8.622784512,,738894841234,147.456,27777.0,0.5249927321853036,62995,4095.885312,MB,58477.0,4.095885312,context_0000,What is the value associated with key 176D1B46EBDC? Return only the value.,8622.784512,['F16501547950'],32
4096.0,27777.0,synthetic_kv_64k,8.622784512,,7B1D2286E3F8,147.456,27777.0,0.5249927321853036,62995,4095.885312,MB,58477.0,4.095885312,context_0000,What is the value associated with key 71DA4EEA9DB8? Return only the value.,8622.784512,['C2E75C238D8D'],32
4096.0,27777.0,synthetic_kv_64k,8.622784512,,BD9CAD3C2D6D,147.456,27777.0,0.5249927321853036,62995,4095.885312,MB,58477.0,4.095885312,context_0000,What is the value associated with key 1A2B450F69EE? Return only the value.,8622.784512,['165921EBFAA9'],32
4096.0,27777.0,synthetic_kv_64k,8.622784512,,784854848484,147.456,27777.0,0.5249927321853036,62995,4095.885312,MB,58477.0,4.095885312,context_0000,What is the value associated with key 6E542FF8E87E? Return only the value.,8622.784512,['8E9672E76B51'],32
4096.0,27777.0,synthetic_kv_64k,8.622784512,,50488C35488C,147.456,27777.0,0.5249927321853036,62995,4095.885312,MB,58477.0,4.095885312,context_0000,What is the value associated with key 832F8E0370CF? Return only the value.,8622.784512,['1A7168759545'],32
4096.0,27777.0,synthetic_kv_64k,8.622784512,,50484C35484C,147.456,27777.0,0.5249927321853036,62995,4095.885312,MB,58477.0,4.095885312,context_0000,What is the value associated with key 16F106B919AA? Return only the value.,8622.784512,['8DE15A9A206A'],32
4096.0,27777.0,synthetic_kv_64k,8.622784512,,348885848485,147.456,27777.0,0.5249927321853036,62995,4095.885312,MB,58477.0,4.095885312,context_0000,What is the value associated with key 98D017D30F32? Return only the value.,8622.784512,['C8D0991965EA'],32
4096.0,27777.0,synthetic_kv_64k,8.622784512,,7B748444844C,147.456,27777.0,0.5249927321853036,62995,4095.885312,MB,58477.0,4.095885312,context_0000,What is the value associated with key DD1C530DDDA6? Return only the value.,8622.784512,['0328629EF3D8'],32
4096.0,27777.0,synthetic_kv_64k,8.622784512,,C7F482221AD3,147.456,27777.0,0.5249927321853036,62995,4095.885312,MB,58477.0,4.095885312,context_0000,What is the value associated with key 69EF4AB6821C? Return only the value.,8622.784512,['C7776346D4EF'],32
4096.0,27777.0,synthetic_kv_64k,8.622784512,,378E8F10226C,147.456,27777.0,0.5249927321853036,62995,4095.885312,MB,58477.0,4.095885312,context_0000,What is the value associated with key B98F15AEDE0F? Return only the value.,8622.784512,['8F3DE6B0DA0A'],32
4096.0,27777.0,synthetic_kv_64k,8.622784512,,57D84854544C,147.456,27777.0,0.5249927321853036,62995,4095.885312,MB,58477.0,4.095885312,context_0000,What is the value associated with key FE23E7BBAEFC? Return only the value.,8622.784512,['3E24FA698CD2'],32
4096.0,27777.0,synthetic_kv_64k,8.622784512,,5048BF57CB10,147.456,27777.0,0.5249927321853036,62995,4095.885312,MB,58477.0,4.095885312,context_0000,What is the value associated with key 8567926BFFA5? Return only the value.,8622.784512,['AF702B69C95E'],32
4096.0,27777.0,synthetic_kv_64k,8.622784512,,784854444444,147.456,27777.0,0.5249927321853036,62995,4095.885312,MB,58477.0,4.095885312,context_0000,What is the value associated with key 2B646177A771? Return only the value.,8622.784512,['44D7238B05B7'],32
4096.0,27777.0,synthetic_kv_64k,8.622784512,,5C4432DF8D45,147.456,27777.0,0.5249927321853036,62995,4095.885312,MB,58477.0,4.095885312,context_0000,What is the value associated with key 44B64D16F049? Return only the value.,8622.784512,['255B7E3D5EE4'],32
4096.0,27777.0,synthetic_kv_64k,8.622784512,,438544588885,147.456,27777.0,0.5249927321853036,62995,4095.885312,MB,58477.0,4.095885312,context_0000,What is the value associated with key 2ACE103246B3? Return only the value.,8622.784512,['46A56F46F1B1'],32
4096.0,27777.0,synthetic_kv_64k,8.622784512,,96A9DC33E1F9,147.456,27777.0,0.5249927321853036,62995,4095.885312,MB,58477.0,4.095885312,context_0000,What is the value associated with key 4CBC6BCD5CE7? Return only the value.,8622.784512,['C85C7BF69552'],32
4096.0,27777.0,synthetic_kv_64k,8.622784512,,443F4048888C,147.456,27777.0,0.5249927321853036,62995,4095.885312,MB,58477.0,4.095885312,context_0000,What is the value associated with key 5C7213B11E59? Return only the value.,8622.784512,['F1B8406F64D6'],32
4096.0,27777.0,synthetic_kv_64k,8.622784512,,884854848484,147.456,27777.0,0.5249927321853036,62995,4095.885312,MB,58477.0,4.095885312,context_0000,What is the value associated with key B88C3F2086C2? Return only the value.,8622.784512,['7EECA002352A'],32
4096.0,27777.0,synthetic_kv_64k,8.622784512,,584C6D85424C,147.456,27777.0,0.5249927321853036,62995,4095.885312,MB,58477.0,4.095885312,context_0000,What is the value associated with key 9DDE9803B22E? Return only the value.,8622.784512,['7536320F72C0'],32
4096.0,27777.0,synthetic_kv_64k,8.622784512,,5744C0927B74,147.456,27777.0,0.5249927321853036,62995,4095.885312,MB,58477.0,4.095885312,context_0000,What is the value associated with key 22AF1B628A9D? Return only the value.,8622.784512,['01BB4DFE1117'],32
4096.0,27777.0,synthetic_kv_64k,8.622784512,,7B8044807B8C,147.456,27777.0,0.5249927321853036,62995,4095.885312,MB,58477.0,4.095885312,context_0000,What is the value associated with key 654CF2E61828? Return only the value.,8622.784512,['D773550C2FE9'],32
4096.0,27777.0,synthetic_kv_64k,8.622784512,,585D1246447C,147.456,27777.0,0.5249927321853036,62995,4095.885312,MB,58477.0,4.095885312,context_0000,What is the value associated with key 61409EC4EA48? Return only the value.,8622.784512,['DCB9CDD7F460'],32
4096.0,27777.0,synthetic_kv_64k,8.622784512,,73E7516C3B0A,147.456,27777.0,0.5249927321853036,62995,4095.885312,MB,58477.0,4.095885312,context_0000,What is the value associated with key 70B2545CD88D? Return only the value.,8622.784512,['6E3C55B145E4'],32
4096.0,27777.0,synthetic_kv_64k,8.622784512,,A6AADC08BF29,147.456,27777.0,0.5249927321853036,62995,4095.885312,MB,58477.0,4.095885312,context_0000,What is the value associated with key D2D3D0C30018? Return only the value.,8622.784512,['A6AADC08BF29'],32
4096.0,27777.0,synthetic_kv_64k,8.622784512,,5048BF10D33E,147.456,27777.0,0.5249927321853036,62995,4095.885312,MB,58477.0,4.095885312,context_0000,What is the value associated with key 982AF966D59F? Return only the value.,8622.784512,['4CE922D90DB3'],32
4096.0,27777.0,synthetic_kv_64k,8.622784512,,5417CAAA5BBE,147.456,27777.0,0.5249927321853036,62995,4095.885312,MB,58477.0,4.095885312,context_0000,What is the value associated with key 9A6C52171C88? Return only the value.,8622.784512,['B1FEF280DF1D'],32
4096.0,27777.0,synthetic_kv_64k,8.622784512,,7A0E9582B678,147.456,27777.0,0.5249927321853036,62995,4095.885312,MB,58477.0,4.095885312,context_0000,What is the value associated with key 7AA0336B00CB? Return only the value.,8622.784512,['2D79506E50C7'],32
4096.0,27777.0,synthetic_kv_64k,8.622784512,,51B3F7FE604F,147.456,27777.0,0.5249927321853036,62995,4095.885312,MB,58477.0,4.095885312,context_0000,What is the value associated with key 65F3F6EE5CDB? Return only the value.,8622.784512,['51B3F7FE604F'],32
4096.0,27777.0,synthetic_kv_64k,8.622784512,,5139A630AD9D,147.456,27777.0,0.5249927321853036,62995,4095.885312,MB,58477.0,4.095885312,context_0000,What is the value associated with key BC204A9C589E? Return only the value.,8622.784512,['A205B1E8C09D'],32
4096.0,27777.0,synthetic_kv_64k,8.622784512,,74124729447B,147.456,27777.0,0.5249927321853036,62995,4095.885312,MB,58477.0,4.095885312,context_0000,What is the value associated with key F7BF7DB2A7AA? Return only the value.,8622.784512,['C82F936CD31C'],32
4096.0,27777.0,synthetic_kv_64k,8.622784512,,50694830848C,147.456,27777.0,0.5249927321853036,62995,4095.885312,MB,58477.0,4.095885312,context_0000,What is the value associated with key 536D3E0F84CE? Return only the value.,8622.784512,['47C160452909'],32
4096.0,27777.0,synthetic_kv_64k,8.622784512,,711877097749,147.456,27777.0,0.5249927321853036,62995,4095.885312,MB,58477.0,4.095885312,context_0000,What is the value associated with key C92ED105C8D6? Return only the value.,8622.784512,['5D7164976593'],32
4096.0,27777.0,synthetic_kv_64k,8.622784512,,73948479484A,147.456,27777.0,0.5249927321853036,62995,4095.885312,MB,58477.0,4.095885312,context_0000,What is the value associated with key EE9B1D27C09A? Return only the value.,8622.784512,['3326905881DF'],32
4096.0,27777.0,synthetic_kv_64k,8.622784512,,23B8392456DE,147.456,27777.0,0.5249927321853036,62995,4095.885312,MB,58477.0,4.095885312,context_0000,What is the value associated with key FF4C979C30CF? Return only the value.,8622.784512,['2E0F8BAE591E'],32
4096.0,27777.0,synthetic_kv_64k,8.622784512,,43D7A939093A,147.456,27777.0,0.5249927321853036,62995,4095.885312,MB,58477.0,4.095885312,context_0000,What is the value associated with key C482AE84B81C? Return only the value.,8622.784512,['06E38CD34C62'],32
4096.0,27777.0,synthetic_kv_64k,8.622784512,,3F874C61845D,147.456,27777.0,0.5249927321853036,62995,4095.885312,MB,58477.0,4.095885312,context_0000,What is the value associated with key BA2AF3F81C31? Return only the value.,8622.784512,['F166762CDFBC'],32
4096.0,27777.0,synthetic_kv_64k,8.622784512,,348718542884,147.456,27777.0,0.5249927321853036,62995,4095.885312,MB,58477.0,4.095885312,context_0000,What is the value associated with key 35ABB5578B00? Return only the value.,8622.784512,['CC35703E957F'],32
4096.0,27777.0,synthetic_kv_64k,8.622784512,,4C4D24E2226C,147.456,27777.0,0.5249927321853036,62995,4095.885312,MB,58477.0,4.095885312,context_0000,What is the value associated with key D4CE4A94AE9F? Return only the value.,8622.784512,['11B4B15DA72D'],32
4096.0,27777.0,synthetic_kv_64k,8.622784512,,CB88C970241C,147.456,27777.0,0.5249927321853036,62995,4095.885312,MB,58477.0,4.095885312,context_0000,What is the value associated with key D908D1A7BA20? Return only the value.,8622.784512,['CB88CBB02A8B'],32
4096.0,27777.0,synthetic_kv_64k,8.622784512,,48060CF0374C,147.456,27777.0,0.5249927321853036,62995,4095.885312,MB,58477.0,4.095885312,context_0000,What is the value associated with key AC4868BD80D7? Return only the value.,8622.784512,['23A17FD255EE'],32
4096.0,27777.0,synthetic_kv_64k,8.622784512,,40AF3DF51967,147.456,27777.0,0.5249927321853036,62995,4095.885312,MB,58477.0,4.095885312,context_0000,What is the value associated with key 4D86A2224F96? Return only the value.,8622.784512,['40AF3DF51967'],32
4096.0,27777.0,synthetic_kv_64k,8.622784512,,2400E884D68C,147.456,27777.0,0.5249927321853036,62995,4095.885312,MB,58477.0,4.095885312,context_0000,What is the value associated with key 2775A89E22F2? Return only the value.,8622.784512,['6C52B719BB68'],32
4096.0,27777.0,synthetic_kv_64k,8.622784512,,436E770E09DB,147.456,27777.0,0.5249927321853036,62995,4095.885312,MB,58477.0,4.095885312,context_0000,What is the value associated with key 6082CA00EF58? Return only the value.,8622.784512,['72F612EF6101'],32
4096.0,27777.0,synthetic_kv_64k,8.622784512,,34889098484E,147.456,27777.0,0.5249927321853036,62995,4095.885312,MB,58477.0,4.095885312,context_0000,What is the value associated with key 9912FD9E8E20? Return only the value.,8622.784512,['950D7AAF2001'],32
4096.0,27777.0,synthetic_kv_64k,8.622784512,,584844555555,147.456,27777.0,0.5249927321853036,62995,4095.885312,MB,58477.0,4.095885312,context_0000,What is the value associated with key 88CC669B29B8? Return only the value.,8622.784512,['EC6A81B15DB9'],32
4096.0,27777.0,synthetic_kv_64k,8.622784512,,7B4D24E2226C,147.456,27777.0,0.5249927321853036,62995,4095.885312,MB,58477.0,4.095885312,context_0000,What is the value associated with key DEA0EB9ED274? Return only the value.,8622.784512,['6B15B113D50B'],32
4096.0,27777.0,synthetic_kv_64k,8.622784512,,574045448844,147.456,27777.0,0.5249927321853036,62995,4095.885312,MB,58477.0,4.095885312,context_0000,What is the value associated with key 09698B2C550A? Return only the value.,8622.784512,['F7EACA6CAF9B'],32
4096.0,27777.0,synthetic_kv_64k,8.622784512,,388548548548,147.456,27777.0,0.5249927321853036,62995,4095.885312,MB,58477.0,4.095885312,context_0000,What is the value associated with key B39E5C0A1FEB? Return only the value.,8622.784512,['CFF2E53F9644'],32
4096.0,27777.0,synthetic_kv_64k,8.622784512,,925D8884585C,147.456,27777.0,0.5249927321853036,62995,4095.885312,MB,58477.0,4.095885312,context_0000,What is the value associated with key 98048972ABBD? Return only the value.,8622.784512,['EA16A35FC9C1'],32
4096.0,27777.0,synthetic_kv_64k,8.622784512,,310C3FA7F104,147.456,27777.0,0.5249927321853036,62995,4095.885312,MB,58477.0,4.095885312,context_0000,What is the value associated with key 1BFF15C1604F? Return only the value.,8622.784512,['3F8CC4DA2C2E'],32
4096.0,27777.0,synthetic_kv_64k,8.622784512,,58485848584858485848584858485848,147.456,27777.0,0.5249927321853036,62995,4095.885312,MB,58477.0,4.095885312,context_0000,What is the value associated with key AA29A85894DF? Return only the value.,8622.784512,['2A955AE1DBAD'],32
4096.0,27777.0,synthetic_kv_64k,8.622784512,,34C14484588C,147.456,27777.0,0.5249927321853036,62995,4095.885312,MB,58477.0,4.095885312,context_0000,What is the value associated with key 9CD8A5A1C825? Return only the value.,8622.784512,['902F0B570720'],32
4096.0,27777.0,synthetic_kv_64k,8.622784512,,CC944287964C,147.456,27777.0,0.5249927321853036,62995,4095.885312,MB,58477.0,4.095885312,context_0000,What is the value associated with key A520FBCDBF5E? Return only the value.,8622.784512,['A590AD6ECC57'],32
4096.0,27777.0,synthetic_kv_64k,8.622784512,,5048BF57CB10,147.456,27777.0,0.5249927321853036,62995,4095.885312,MB,58477.0,4.095885312,context_0000,What is the value associated with key F780664D5922? Return only the value.,8622.784512,['54E3C0AFD193'],32
4096.0,27777.0,synthetic_kv_64k,8.622784512,,8A45BADF9397,147.456,27777.0,0.5249927321853036,62995,4095.885312,MB,58477.0,4.095885312,context_0000,What is the value associated with key CBD5F73936E9? Return only the value.,8622.784512,['1B1F6E3255A8'],32
4096.0,27777.0,synthetic_kv_64k,8.622784512,,50647744F596,147.456,27777.0,0.5249927321853036,62995,4095.885312,MB,58477.0,4.095885312,context_0000,What is the value associated with key 193E02B34254? Return only the value.,8622.784512,['38D5423CAD9D'],32
4096.0,27777.0,synthetic_kv_64k,8.622784512,,5048BF10D33E,147.456,27777.0,0.5249927321853036,62995,4095.885312,MB,58477.0,4.095885312,context_0000,What is the value associated with key BF3182BBAD84? Return only the value.,8622.784512,['8ED884CFEE39'],32
4096.0,27777.0,synthetic_kv_64k,8.622784512,,37904858548C,147.456,27777.0,0.5249927321853036,62995,4095.885312,MB,58477.0,4.095885312,context_0000,What is the value associated with key B00A949CD8D4? Return only the value.,8622.784512,['38959342A09F'],32
4096.0,27777.0,synthetic_kv_64k,8.622784512,,768B64215E66,147.456,27777.0,0.5249927321853036,62995,4095.885312,MB,58477.0,4.095885312,context_0000,What is the value associated with key 5FC6721E8B1F? Return only the value.,8622.784512,['768B64215E66'],32
4096.0,27777.0,synthetic_kv_64k,8.622784512,,B0C096ADD4DF,147.456,27777.0,0.5249927321853036,62995,4095.885312,MB,58477.0,4.095885312,context_0000,What is the value associated with key ADF7C5B8386B? Return only the value.,8622.784512,['B0C096ADD4DF'],32
4096.0,27777.0,synthetic_kv_64k,8.622784512,,548085458485,147.456,27777.0,0.5249927321853036,62995,4095.885312,MB,58477.0,4.095885312,context_0000,What is the value associated with key 2697801E8690? Return only the value.,8622.784512,['FF69584FC85B'],32
4096.0,27777.0,synthetic_kv_64k,8.622784512,,73048548584C,147.456,27777.0,0.5249927321853036,62995,4095.885312,MB,58477.0,4.095885312,context_0000,What is the value associated with key 7B960649BCF6? Return only the value.,8622.784512,['4BA11AC3BF31'],32
4096.0,27777.0,synthetic_kv_64k,8.622784512,,5048BF5494D8,147.456,27777.0,0.5249927321853036,62995,4095.885312,MB,58477.0,4.095885312,context_0000,What is the value associated with key EBA96A7D5D96? Return only the value.,8622.784512,['15FAF633CC2D'],32
4096.0,27777.0,synthetic_kv_64k,8.622784512,,5C07D71173E4,147.456,27777.0,0.5249927321853036,62995,4095.885312,MB,58477.0,4.095885312,context_0000,What is the value associated with key D4D11DB6B844? Return only the value.,8622.784512,['BAEBF0D0270F'],32
4096.0,27777.0,synthetic_kv_64k,8.622784512,,77D34FD80BBB,147.456,27777.0,0.5249927321853036,62995,4095.885312,MB,58477.0,4.095885312,context_0000,What is the value associated with key 592C2444D301? Return only the value.,8622.784512,['57D34FD80BBB'],32
4096.0,27777.0,synthetic_kv_64k,8.622784512,,788548548548,147.456,27777.0,0.5249927321853036,62995,4095.885312,MB,58477.0,4.095885312,context_0000,What is the value associated with key C8C57490ADEB? Return only the value.,8622.784512,['856734F541C0'],32
4096.0,27777.0,synthetic_kv_64k,8.622784512,,506EB758E201,147.456,27777.0,0.5249927321853036,62995,4095.885312,MB,58477.0,4.095885312,context_0000,What is the value associated with key 592A7BA109D0? Return only the value.,8622.784512,['18FD79E5C9AA'],32
4096.0,27777.0,synthetic_kv_64k,8.622784512,,366E508139B9,147.456,27777.0,0.5249927321853036,62995,4095.885312,MB,58477.0,4.095885312,context_0000,What is the value associated with key B8D4702BA49F? Return only the value.,8622.784512,['73D3B25F13DF'],32
4096.0,27777.0,synthetic_kv_64k,8.622784512,,F168CE1A1669,147.456,27777.0,0.5249927321853036,62995,4095.885312,MB,58477.0,4.095885312,context_0000,What is the value associated with key 113251A40D2A? Return only the value.,8622.784512,['0B704CDE1B6B'],32
4096.0,27777.0,synthetic_kv_64k,8.622784512,,50000000000000000000000000000000,147.456,27777.0,0.5249927321853036,62995,4095.885312,MB,58477.0,4.095885312,context_0000,What is the value associated with key B5F5CF685878? Return only the value.,8622.784512,['05C81D763A66'],32
4096.0,27777.0,synthetic_kv_64k,8.622784512,,7B8744444444,147.456,27777.0,0.5249927321853036,62995,4095.885312,MB,58477.0,4.095885312,context_0000,What is the value associated with key 57D3D963DC72? Return only the value.,8622.784512,['1BFFA5E15B55'],32
4096.0,27777.0,synthetic_kv_64k,8.622784512,,EE0F2A131C1F,147.456,27777.0,0.5249927321853036,62995,4095.885312,MB,58477.0,4.095885312,context_0000,What is the value associated with key CCD0AD5900DD? Return only the value.,8622.784512,['EE0F2A131C1F'],32
4096.0,27777.0,synthetic_kv_64k,8.622784512,,438044588885,147.456,27777.0,0.5249927321853036,62995,4095.885312,MB,58477.0,4.095885312,context_0000,What is the value associated with key BD90FBE0E6B8? Return only the value.,8622.784512,['84183E711433'],32
4096.0,27777.0,synthetic_kv_64k,8.622784512,,54BB28FEA992,147.456,27777.0,0.5249927321853036,62995,4095.885312,MB,58477.0,4.095885312,context_0000,What is the value associated with key 8D492CA8F783? Return only the value.,8622.784512,['54BB28FEA761'],32
4096.0,27777.0,synthetic_kv_64k,8.622784512,,44D1985494D8,147.456,27777.0,0.5249927321853036,62995,4095.885312,MB,58477.0,4.095885312,context_0000,What is the value associated with key 6D268F5242D3? Return only the value.,8622.784512,['7649F55DCE6D'],32
4096.0,27777.0,synthetic_kv_64k,8.622784512,,4223CC3536DF],147.456,27777.0,0.5249927321853036,62995,4095.885312,MB,58477.0,4.095885312,context_0000,What is the value associated with key CC393B5AE288? Return only the value.,8622.784512,['A13767B13040'],32
4096.0,27777.0,synthetic_kv_64k,8.622784512,,585858585858,147.456,27777.0,0.5249927321853036,62995,4095.885312,MB,58477.0,4.095885312,context_0000,What is the value associated with key 2FB72F383B43? Return only the value.,8622.784512,['A845A3F66C61'],32
4096.0,27777.0,synthetic_kv_64k,8.622784512,,539F1223B513,147.456,27777.0,0.5249927321853036,62995,4095.885312,MB,58477.0,4.095885312,context_0000,What is the value associated with key 65446EA05D13? Return only the value.,8622.784512,['BCC50779250A'],32
4096.0,27777.0,synthetic_kv_64k,8.622784512,,73948470444C,147.456,27777.0,0.5249927321853036,62995,4095.885312,MB,58477.0,4.095885312,context_0000,What is the value associated with key E2129D361CB6? Return only the value.,8622.784512,['73173283DAA4'],32
4096.0,27777.0,synthetic_kv_64k,8.622784512,,0123638ABDF6,147.456,27777.0,0.5249927321853036,62995,4095.885312,MB,58477.0,4.095885312,context_0000,What is the value associated with key 6DF7979AA051? Return only the value.,8622.784512,['0123638ABDF6'],32
4096.0,27777.0,synthetic_kv_64k,8.622784512,,5C07D71173E4,147.456,27777.0,0.5249927321853036,62995,4095.885312,MB,58477.0,4.095885312,context_0000,What is the value associated with key 36FCB4698DB3? Return only the value.,8622.784512,['474134AE4ABD'],32
4096.0,27777.0,synthetic_kv_64k,8.622784512,,4F6710ECEB1F,147.456,27777.0,0.5249927321853036,62995,4095.885312,MB,58477.0,4.095885312,context_0000,What is the value associated with key B429C0986750? Return only the value.,8622.784512,['CBC7CF08EA54'],32
4096.0,27777.0,synthetic_kv_64k,8.622784512,,388458845884,147.456,27777.0,0.5249927321853036,62995,4095.885312,MB,58477.0,4.095885312,context_0000,What is the value associated with key 93CD10042D82? Return only the value.,8622.784512,['CCAC1A0C6C04'],32
4096.0,27777.0,synthetic_kv_64k,8.622784512,,5C07D71173E4,147.456,27777.0,0.5249927321853036,62995,4095.885312,MB,58477.0,4.095885312,context_0000,What is the value associated with key 8971DF3A098A? Return only the value.,8622.784512,['5DA42FDC9992'],32
4096.0,27777.0,synthetic_kv_64k,8.622784512,,4D597779857F,147.456,27777.0,0.5249927321853036,62995,4095.885312,MB,58477.0,4.095885312,context_0000,What is the value associated with key 32735373BF4D? Return only the value.,8622.784512,['1D2C75220646'],32
4096.0,27777.0,synthetic_kv_64k,8.622784512,,378E8F10447D,147.456,27777.0,0.5249927321853036,62995,4095.885312,MB,58477.0,4.095885312,context_0000,What is the value associated with key ABB343299780? Return only the value.,8622.784512,['7D4EDCD5BFAE'],32
4096.0,27777.0,synthetic_kv_64k,8.622784512,,5139A630AD9D,147.456,27777.0,0.5249927321853036,62995,4095.885312,MB,58477.0,4.095885312,context_0000,What is the value associated with key F746871854C1? Return only the value.,8622.784512,['503BA39C9EC6'],32
4096.0,27777.0,synthetic_kv_64k,8.622784512,,43D7A9399ED9,147.456,27777.0,0.5249927321853036,62995,4095.885312,MB,58477.0,4.095885312,context_0000,What is the value associated with key 637D98D3148B? Return only the value.,8622.784512,['647D9C7EB575'],32
4096.0,27777.0,synthetic_kv_64k,8.622784512,,5C4432DF8D45,147.456,27777.0,0.5249927321853036,62995,4095.885312,MB,58477.0,4.095885312,context_0000,What is the value associated with key 1D3E9645F0E4? Return only the value.,8622.784512,['5A1B591196DC'],32
4096.0,27777.0,synthetic_kv_64k,8.622784512,,2C2A9E0B7B01,147.456,27777.0,0.5249927321853036,62995,4095.885312,MB,58477.0,4.095885312,context_0000,What is the value associated with key 7536D873DAD9? Return only the value.,8622.784512,['2C2A9E0B7B01'],32
4096.0,27777.0,synthetic_kv_64k,8.622784512,,CCF4B4BBA73F,147.456,27777.0,0.5249927321853036,62995,4095.885312,MB,58477.0,4.095885312,context_0000,What is the value associated with key AC70D051267F? Return only the value.,8622.784512,['CCF4B4BBA73F'],32
4096.0,27777.0,synthetic_kv_64k,8.622784512,,385D8540588C,147.456,27777.0,0.5249927321853036,62995,4095.885312,MB,58477.0,4.095885312,context_0000,What is the value associated with key EB2E4C255823? Return only the value.,8622.784512,['97159D4EDB71'],32
4096.0,27777.0,synthetic_kv_64k,8.622784512,,5048BF548259,147.456,27777.0,0.5249927321853036,62995,4095.885312,MB,58477.0,4.095885312,context_0000,What is the value associated with key AC0F15B24E1D? Return only the value.,8622.784512,['502C224A66A6'],32
4096.0,27777.0,synthetic_kv_64k,8.622784512,,3E083F09F7A6,147.456,27777.0,0.5249927321853036,62995,4095.885312,MB,58477.0,4.095885312,context_0000,What is the value associated with key 3D131E2C2E7D? Return only the value.,8622.784512,['1DF04E2D6255'],32
4096.0,27777.0,synthetic_kv_64k,8.622784512,,2430B1850EB8,147.456,27777.0,0.5249927321853036,62995,4095.885312,MB,58477.0,4.095885312,context_0000,What is the value associated with key 5F902EDC017E? Return only the value.,8622.784512,['2430B1850EB8'],32
4096.0,27777.0,synthetic_kv_64k,8.622784512,,98AF6B11B7CB,147.456,27777.0,0.5249927321853036,62995,4095.885312,MB,58477.0,4.095885312,context_0000,What is the value associated with key 637282C56B21? Return only the value.,8622.784512,['98AF6B11B7CB'],32
4096.0,27777.0,synthetic_kv_64k,8.622784512,,43D484848484,147.456,27777.0,0.5249927321853036,62995,4095.885312,MB,58477.0,4.095885312,context_0000,What is the value associated with key 9326234B4562? Return only the value.,8622.784512,['6C4C623AD0FC'],32
4096.0,27777.0,synthetic_kv_64k,8.622784512,,436E770E09DB,147.456,27777.0,0.5249927321853036,62995,4095.885312,MB,58477.0,4.095885312,context_0000,What is the value associated with key 7C962F8D8DED? Return only the value.,8622.784512,['8991A2B03C4B'],32
4096.0,27777.0,synthetic_kv_64k,8.622784512,,343E6830444C,147.456,27777.0,0.5249927321853036,62995,4095.885312,MB,58477.0,4.095885312,context_0000,What is the value associated with key EB4EB184D1FC? Return only the value.,8622.784512,['EE42A52FC3EC'],32
4096.0,27777.0,synthetic_kv_64k,8.622784512,,2D176F46F1B1,147.456,27777.0,0.5249927321853036,62995,4095.885312,MB,58477.0,4.095885312,context_0000,What is the value associated with key 2C59FFF96ACF? Return only the value.,8622.784512,['2AB78E0EC033'],32
4096.0,27777.0,synthetic_kv_64k,8.622784512,,3480B4FB0EB9,147.456,27777.0,0.5249927321853036,62995,4095.885312,MB,58477.0,4.095885312,context_0000,What is the value associated with key 49F17D592E19? Return only the value.,8622.784512,['2FE523EA7956'],32
4096.0,27777.0,synthetic_kv_64k,8.622784512,,504888888888,147.456,27777.0,0.5249927321853036,62995,4095.885312,MB,58477.0,4.095885312,context_0000,What is the value associated with key D78C508850D3? Return only the value.,8622.784512,['9E917374CCBF'],32
4096.0,27777.0,synthetic_kv_64k,8.622784512,,F3AB5BE9FDB3,147.456,27777.0,0.5249927321853036,62995,4095.885312,MB,58477.0,4.095885312,context_0000,What is the value associated with key DD920DB977A9? Return only the value.,8622.784512,['F3AB5BE9FDB3'],32
4096.0,27777.0,synthetic_kv_64k,8.622784512,,7A4A21D63B0F,147.456,27777.0,0.5249927321853036,62995,4095.885312,MB,58477.0,4.095885312,context_0000,What is the value associated with key 7C0F02740F73? Return only the value.,8622.784512,['31F322F3F068'],32
4096.0,27777.0,synthetic_kv_64k,8.622784512,,8FC3F6BD80C7,147.456,27777.0,0.5249927321853036,62995,4095.885312,MB,58477.0,4.095885312,context_0000,What is the value associated with key 624AD0B1FDE0? Return only the value.,8622.784512,['8FC3F6BD80C7'],32
4096.0,27777.0,synthetic_kv_64k,8.622784512,,504880458584,147.456,27777.0,0.5249927321853036,62995,4095.885312,MB,58477.0,4.095885312,context_0000,What is the value associated with key A72F816462CB? Return only the value.,8622.784512,['68BD7EB6581E'],32
4096.0,27777.0,synthetic_kv_64k,8.622784512,,B5CB6A66C184,147.456,27777.0,0.5249927321853036,62995,4095.885312,MB,58477.0,4.095885312,context_0000,What is the value associated with key 7DE1AF4847F0? Return only the value.,8622.784512,['B5CB6A66C184'],32
4096.0,27777.0,synthetic_kv_64k,8.622784512,,836E64458C2D,147.456,27777.0,0.5249927321853036,62995,4095.885312,MB,58477.0,4.095885312,context_0000,What is the value associated with key 71A0D703262F? Return only the value.,8622.784512,['2AD17D1B695E'],32
4096.0,27777.0,synthetic_kv_64k,8.622784512,,7B8754399C2C,147.456,27777.0,0.5249927321853036,62995,4095.885312,MB,58477.0,4.095885312,context_0000,What is the value associated with key 90BD1529E6F5? Return only the value.,8622.784512,['CBBE07E67CB0'],32
4096.0,27777.0,synthetic_kv_64k,8.622784512,,59E689A0B7EB,147.456,27777.0,0.5249927321853036,62995,4095.885312,MB,58477.0,4.095885312,context_0000,What is the value associated with key 3874C2D49B56? Return only the value.,8622.784512,['085E4AC66780'],32
4096.0,27777.0,synthetic_kv_64k,8.622784512,,A607827D6F81,147.456,27777.0,0.5249927321853036,62995,4095.885312,MB,58477.0,4.095885312,context_0000,What is the value associated with key 398F465CC2CB? Return only the value.,8622.784512,['49E689A0B7EB'],32
4096.0,27777.0,synthetic_kv_64k,8.622784512,,90CE751303B9,147.456,27777.0,0.5249927321853036,62995,4095.885312,MB,58477.0,4.095885312,context_0000,What is the value associated with key C7DE2B0FBE44? Return only the value.,8622.784512,['90CE751303B9'],32
4096.0,27777.0,synthetic_kv_64k,8.622784512,,7ECCC4134DC2,147.456,27777.0,0.5249927321853036,62995,4095.885312,MB,58477.0,4.095885312,context_0000,What is the value associated with key C5C5BE15AD12? Return only the value.,8622.784512,['7ECCC4134DC2'],32
4096.0,27777.0,synthetic_kv_64k,8.622784512,,929D8BEEF83F,147.456,27777.0,0.5249927321853036,62995,4095.885312,MB,58477.0,4.095885312,context_0000,What is the value associated with key 82C48CBADAE5? Return only the value.,8622.784512,['929D1CFB655F'],32
4096.0,27777.0,synthetic_kv_64k,8.622784512,,44941D3CA5A4: 40AF3DF51967,147.456,27777.0,0.5249927321853036,62995,4095.885312,MB,58477.0,4.095885312,context_0000,What is the value associated with key 44941D3CA5A4? Return only the value.,8622.784512,['8B09C66DCEB3'],32
4096.0,27777.0,synthetic_kv_64k,8.622784512,,0C3448448444,147.456,27777.0,0.5249927321853036,62995,4095.885312,MB,58477.0,4.095885312,context_0000,What is the value associated with key FDABD2C2A960? Return only the value.,8622.784512,['8AC35DEAA737'],32
4096.0,27777.0,synthetic_kv_64k,8.622784512,,38056485848C,147.456,27777.0,0.5249927321853036,62995,4095.885312,MB,58477.0,4.095885312,context_0000,What is the value associated with key C1BCD296A12D? Return only the value.,8622.784512,['C28F0AA6FCB9'],32
4096.0,27777.0,synthetic_kv_64k,8.622784512,,37F28BDDCEE3,147.456,27777.0,0.5249927321853036,62995,4095.885312,MB,58477.0,4.095885312,context_0000,What is the value associated with key 70FDB80F16C5? Return only the value.,8622.784512,['37F28BDDCEE3'],32
4096.0,27777.0,synthetic_kv_64k,8.622784512,,BC691A37F6BD,147.456,27777.0,0.5249927321853036,62995,4095.885312,MB,58477.0,4.095885312,context_0000,What is the value associated with key 6CD6FD61F13B? Return only the value.,8622.784512,['BC691A37F6BD'],32
4096.0,27777.0,synthetic_kv_64k,8.622784512,,3F87159152F2,147.456,27777.0,0.5249927321853036,62995,4095.885312,MB,58477.0,4.095885312,context_0000,What is the value associated with key A757D47F83B1? Return only the value.,8622.784512,['3F5EC0582DA5'],32
4096.0,27777.0,synthetic_kv_64k,8.622784512,,548444848484,147.456,27777.0,0.5249927321853036,62995,4095.885312,MB,58477.0,4.095885312,context_0000,What is the value associated with key DFF34C36A70C? Return only the value.,8622.784512,['0840FFD2F491'],32
4096.0,27777.0,synthetic_kv_64k,8.622784512,,548C340DE049,147.456,27777.0,0.5249927321853036,62995,4095.885312,MB,58477.0,4.095885312,context_0000,What is the value associated with key 43477321A8B2? Return only the value.,8622.784512,['DCB9593C572B'],32
4096.0,27777.0,synthetic_kv_64k,8.622784512,,DD837066E289,147.456,27777.0,0.5249927321853036,62995,4095.885312,MB,58477.0,4.095885312,context_0000,What is the value associated with key 1644D1151FFF? Return only the value.,8622.784512,['DD837066E289'],32
4096.0,27777.0,synthetic_kv_64k,8.622784512,,080AE7457704,147.456,27777.0,0.5249927321853036,62995,4095.885312,MB,58477.0,4.095885312,context_0000,What is the value associated with key 1E0DFE7402CD? Return only the value.,8622.784512,['CFD7C68FCBA5'],32
4096.0,27777.0,synthetic_kv_64k,8.622784512,,36345806A961,147.456,27777.0,0.5249927321853036,62995,4095.885312,MB,58477.0,4.095885312,context_0000,What is the value associated with key 35BA3CA87F31? Return only the value.,8622.784512,['BCD4CF8A368E'],32
4096.0,27777.0,synthetic_kv_64k,8.622784512,,A2672684888C,147.456,27777.0,0.5249927321853036,62995,4095.885312,MB,58477.0,4.095885312,context_0000,What is the value associated with key B06B96822E22? Return only the value.,8622.784512,['DC6D59C2F153'],32
4096.0,27777.0,synthetic_kv_64k,8.622784512,,388584848484,147.456,27777.0,0.5249927321853036,62995,4095.885312,MB,58477.0,4.095885312,context_0000,What is the value associated with key 9C3AB5F3F8AA? Return only the value.,8622.784512,['6D9CA1FD4187'],32
4096.0,27777.0,synthetic_kv_64k,8.622784512,,504888888888,147.456,27777.0,0.5249927321853036,62995,4095.885312,MB,58477.0,4.095885312,context_0000,What is the value associated with key 9DBC2A7DC57C? Return only the value.,8622.784512,['C8EB23A4E70E'],32
4096.0,27777.0,synthetic_kv_64k,8.622784512,,CE3134FA32B6,147.456,27777.0,0.5249927321853036,62995,4095.885312,MB,58477.0,4.095885312,context_0000,What is the value associated with key D04334E50699? Return only the value.,8622.784512,['CE3134FA32B6'],32
4096.0,27777.0,synthetic_kv_64k,8.622784512,,9C3D022B6683,147.456,27777.0,0.5249927321853036,62995,4095.885312,MB,58477.0,4.095885312,context_0000,What is the value associated with key 91F00F321333? Return only the value.,8622.784512,['884359CF0B0D'],32
4096.0,27777.0,synthetic_kv_64k,8.622784512,,304B82701238,147.456,27777.0,0.5249927321853036,62995,4095.885312,MB,58477.0,4.095885312,context_0000,What is the value associated with key 98CB47F53019? Return only the value.,8622.784512,['2B1A89ECBC51'],32
4096.0,27777.0,synthetic_kv_64k,8.622784512,,DA4B2053DA42,147.456,27777.0,0.5249927321853036,62995,4095.885312,MB,58477.0,4.095885312,context_0000,What is the value associated with key FA9F52DAF681? Return only the value.,8622.784512,['4AEAB43CDE0A'],32
4096.0,27777.0,synthetic_kv_64k,8.622784512,,929E4A11BE44: 9458C2874F06,147.456,27777.0,0.5249927321853036,62995,4095.885312,MB,58477.0,4.095885312,context_0000,What is the value associated with key 929E4A11BE44? Return only the value.,8622.784512,['F3D044709848'],32
4096.0,27777.0,synthetic_kv_64k,8.622784512,,56704458484C,147.456,27777.0,0.5249927321853036,62995,4095.885312,MB,58477.0,4.095885312,context_0000,What is the value associated with key 83B0DBA6FDF8? Return only the value.,8622.784512,['E670FC48F615'],32
4096.0,27777.0,synthetic_kv_64k,8.622784512,,AD23E9297CB0,147.456,27777.0,0.5249927321853036,62995,4095.885312,MB,58477.0,4.095885312,context_0000,What is the value associated with key D0AFADE68F51? Return only the value.,8622.784512,['22B51860AD28'],32
4096.0,27777.0,synthetic_kv_64k,8.622784512,,695EC9230C64,147.456,27777.0,0.5249927321853036,62995,4095.885312,MB,58477.0,4.095885312,context_0000,What is the value associated with key C006F67839B2? Return only the value.,8622.784512,['695EC9230C64'],32
4096.0,27777.0,synthetic_kv_64k,8.622784512,,568317457747,147.456,27777.0,0.5249927321853036,62995,4095.885312,MB,58477.0,4.095885312,context_0000,What is the value associated with key 0F2DEB346D3A? Return only the value.,8622.784512,['46FEFE1393CD'],32
4096.0,27777.0,synthetic_kv_64k,8.622784512,,34907C4F48E4,147.456,27777.0,0.5249927321853036,62995,4095.885312,MB,58477.0,4.095885312,context_0000,What is the value associated with key A7E8DDF6D4AC? Return only the value.,8622.784512,['B390207BBE21'],32
4096.0,27777.0,synthetic_kv_64k,8.622784512,,506455555555,147.456,27777.0,0.5249927321853036,62995,4095.885312,MB,58477.0,4.095885312,context_0000,What is the value associated with key 21F8DDB7570E? Return only the value.,8622.784512,['25703FEAD90A'],32
4096.0,27777.0,synthetic_kv_64k,8.622784512,,3F5FD4176230,147.456,27777.0,0.5249927321853036,62995,4095.885312,MB,58477.0,4.095885312,context_0000,What is the value associated with key 5274B61DF906? Return only the value.,8622.784512,['3F5FD4176230'],32
4096.0,27777.0,synthetic_kv_64k,8.622784512,,6488AD1DB537,147.456,27777.0,0.5249927321853036,62995,4095.885312,MB,58477.0,4.095885312,context_0000,What is the value associated with key D7F3C2EFEECB? Return only the value.,8622.784512,['6488AD1DB537'],32
4096.0,27777.0,synthetic_kv_64k,8.622784512,,A1E593D228D4,147.456,27777.0,0.5249927321853036,62995,4095.885312,MB,58477.0,4.095885312,context_0000,What is the value associated with key 24657D4D2ADD? Return only the value.,8622.784512,['A1E593D228D4'],32
4096.0,27777.0,synthetic_kv_64k,8.622784512,,AA7D6A0AA7D5,147.456,27777.0,0.5249927321853036,62995,4095.885312,MB,58477.0,4.095885312,context_0000,What is the value associated with key A0B844CAA5A2? Return only the value.,8622.784512,['600B6A0AA7D5'],32
4096.0,27777.0,synthetic_kv_64k,8.622784512,,CB6AA2356DD4,147.456,27777.0,0.5249927321853036,62995,4095.885312,MB,58477.0,4.095885312,context_0000,What is the value associated with key 135573B5BAD5? Return only the value.,8622.784512,['CB6AA2356DD4'],32
4096.0,27777.0,synthetic_kv_64k,8.622784512,,4237E4FD6C34,147.456,27777.0,0.5249927321853036,62995,4095.885312,MB,58477.0,4.095885312,context_0000,What is the value associated with key C4D5E14FE093? Return only the value.,8622.784512,['672117D50F59'],32
4096.0,27777.0,synthetic_kv_64k,8.622784512,,B1D84739CC7B,147.456,27777.0,0.5249927321853036,62995,4095.885312,MB,58477.0,4.095885312,context_0000,What is the value associated with key BFF383FF3E96? Return only the value.,8622.784512,['B1D84739CC7B'],32
4096.0,27777.0,synthetic_kv_64k,8.622784512,,34984D38E415,147.456,27777.0,0.5249927321853036,62995,4095.885312,MB,58477.0,4.095885312,context_0000,What is the value associated with key E097EFB3B939? Return only the value.,8622.784512,['74665E7B72C8'],32
4096.0,27777.0,synthetic_kv_64k,8.622784512,,94FB53C93AE7,147.456,27777.0,0.5249927321853036,62995,4095.885312,MB,58477.0,4.095885312,context_0000,What is the value associated with key 7CF0F343D9EB? Return only the value.,8622.784512,['94FB53C93AE7'],32
4096.0,27777.0,synthetic_kv_64k,8.622784512,,D8DFC62DBAEA,147.456,27777.0,0.5249927321853036,62995,4095.885312,MB,58477.0,4.095885312,context_0000,What is the value associated with key DE7000A21367? Return only the value.,8622.784512,['D8DFC62DBAEA'],32
4096.0,27777.0,synthetic_kv_64k,8.622784512,,5C4432DF8D45,147.456,27777.0,0.5249927321853036,62995,4095.885312,MB,58477.0,4.095885312,context_0000,What is the value associated with key 17D8BB93CD40? Return only the value.,8622.784512,['F8DEBB1E5AE8'],32
4096.0,27777.0,synthetic_kv_64k,8.622784512,,92707C4F48E4,147.456,27777.0,0.5249927321853036,62995,4095.885312,MB,58477.0,4.095885312,context_0000,What is the value associated with key A284755CEE2A? Return only the value.,8622.784512,['B281AA055442'],32
4096.0,27777.0,synthetic_kv_64k,8.622784512,,CBB11036708D,147.456,27777.0,0.5249927321853036,62995,4095.885312,MB,58477.0,4.095885312,context_0000,What is the value associated with key D9A05BB47C18? Return only the value.,8622.784512,['CBB11036708D'],32
4096.0,27777.0,synthetic_kv_64k,8.622784512,,3D9F9BC0FA93,147.456,27777.0,0.5249927321853036,62995,4095.885312,MB,58477.0,4.095885312,context_0000,What is the value associated with key 65D088D00ABD? Return only the value.,8622.784512,['F7D737C3B3C9'],32
4096.0,27777.0,synthetic_kv_64k,8.622784512,,770084848484,147.456,27777.0,0.5249927321853036,62995,4095.885312,MB,58477.0,4.095885312,context_0000,What is the value associated with key D3296DFD171A? Return only the value.,8622.784512,['7EA5363BE5CB'],32
4096.0,27777.0,synthetic_kv_64k,8.622784512,,5399D40E53CE,147.456,27777.0,0.5249927321853036,62995,4095.885312,MB,58477.0,4.095885312,context_0000,What is the value associated with key 52A744BED486? Return only the value.,8622.784512,['4899D40E53CE'],32
4096.0,27777.0,synthetic_kv_64k,8.622784512,,6511143665F5,147.456,27777.0,0.5249927321853036,62995,4095.885312,MB,58477.0,4.095885312,context_0000,What is the value associated with key 8C1C56771F36? Return only the value.,8622.784512,['216E93F37596'],32
4096.0,27777.0,synthetic_kv_64k,8.622784512,,38485C34544C,147.456,27777.0,0.5249927321853036,62995,4095.885312,MB,58477.0,4.095885312,context_0000,What is the value associated with key DA3890EEB067? Return only the value.,8622.784512,['C9CE7C3F1ADD'],32
4096.0,27777.0,synthetic_kv_64k,8.622784512,,C323AEBBB90E,147.456,27777.0,0.5249927321853036,62995,4095.885312,MB,58477.0,4.095885312,context_0000,What is the value associated with key E4E757FF51D9? Return only the value.,8622.784512,['C323AEBBB90E'],32
4096.0,27777.0,synthetic_kv_64k,8.622784512,,34984D38E415,147.456,27777.0,0.5249927321853036,62995,4095.885312,MB,58477.0,4.095885312,context_0000,What is the value associated with key 0BC20C648CA2? Return only the value.,8622.784512,['A04D197DBAE1'],32
4096.0,27777.0,synthetic_kv_64k,8.622784512,,7421809E47BA,147.456,27777.0,0.5249927321853036,62995,4095.885312,MB,58477.0,4.095885312,context_0000,What is the value associated with key D632C8ACFFCF? Return only the value.,8622.784512,['042B75A72686'],32
4096.0,27777.0,synthetic_kv_64k,8.622784512,,2871DB8F0E32,147.456,27777.0,0.5249927321853036,62995,4095.885312,MB,58477.0,4.095885312,context_0000,What is the value associated with key EDEF1FCE01E3? Return only the value.,8622.784512,['2871DB8F0E32'],32
4096.0,27777.0,synthetic_kv_64k,8.622784512,,3948022AADDA,147.456,27777.0,0.5249927321853036,62995,4095.885312,MB,58477.0,4.095885312,context_0000,What is the value associated with key 74DE70F81DBA? Return only the value.,8622.784512,['FDE9002C4C22'],32
4096.0,27777.0,synthetic_kv_64k,8.622784512,,FEE533CB202E,147.456,27777.0,0.5249927321853036,62995,4095.885312,MB,58477.0,4.095885312,context_0000,What is the value associated with key 6D84F54191EA? Return only the value.,8622.784512,['FEE533CB202E'],32
4096.0,27777.0,synthetic_kv_64k,8.622784512,,8DDAB27B7BB4,147.456,27777.0,0.5249927321853036,62995,4095.885312,MB,58477.0,4.095885312,context_0000,What is the value associated with key E8CEB0478EA4? Return only the value.,8622.784512,['E1D421C50E41'],32
4096.0,27777.0,synthetic_kv_64k,8.622784512,,348718841585,147.456,27777.0,0.5249927321853036,62995,4095.885312,MB,58477.0,4.095885312,context_0000,What is the value associated with key 4D47A6663769? Return only the value.,8622.784512,['DFDA28B2BF21'],32
4096.0,27777.0,synthetic_kv_64k,8.622784512,,73B90134E76B,147.456,27777.0,0.5249927321853036,62995,4095.885312,MB,58477.0,4.095885312,context_0000,What is the value associated with key E068EEC71A30? Return only the value.,8622.784512,['17E5462623BE'],32
4096.0,27777.0,synthetic_kv_64k,8.622784512,,151940198303,147.456,27777.0,0.5249927321853036,62995,4095.885312,MB,58477.0,4.095885312,context_0000,What is the value associated with key 5C45A79313B8? Return only the value.,8622.784512,['151940198303'],32
4096.0,27777.0,synthetic_kv_64k,8.622784512,,A61FE75F745A,147.456,27777.0,0.5249927321853036,62995,4095.885312,MB,58477.0,4.095885312,context_0000,What is the value associated with key AA1D5F31273D? Return only the value.,8622.784512,['A61FE75F745A'],32
4096.0,27777.0,synthetic_kv_64k,8.622784512,,A0276576A410,147.456,27777.0,0.5249927321853036,62995,4095.885312,MB,58477.0,4.095885312,context_0000,What is the value associated with key 0D412A5FDA18? Return only the value.,8622.784512,['A0276576A410'],32
4096.0,27777.0,synthetic_kv_64k,8.622784512,,5C9434EF2552,147.456,27777.0,0.5249927321853036,62995,4095.885312,MB,58477.0,4.095885312,context_0000,What is the value associated with key B9DA4E35DA80? Return only the value.,8622.784512,['C156B30E96E8'],32
4096.0,27777.0,synthetic_kv_64k,8.622784512,,1758A7CDE143,147.456,27777.0,0.5249927321853036,62995,4095.885312,MB,58477.0,4.095885312,context_0000,What is the value associated with key 6DE23BF0D9C1? Return only the value.,8622.784512,['1758A7CDE143'],32
4096.0,27777.0,synthetic_kv_64k,8.622784512,,37F35A81762A,147.456,27777.0,0.5249927321853036,62995,4095.885312,MB,58477.0,4.095885312,context_0000,What is the value associated with key 185DB4258E19? Return only the value.,8622.784512,['36A200473139'],32
4096.0,27777.0,synthetic_kv_64k,8.622784512,,E383873DC8BD,147.456,27777.0,0.5249927321853036,62995,4095.885312,MB,58477.0,4.095885312,context_0000,What is the value associated with key 13F37A10013F? Return only the value.,8622.784512,['97FB21F89D06'],32
4096.0,27777.0,synthetic_kv_64k,8.622784512,,5C70FCA45567,147.456,27777.0,0.5249927321853036,62995,4095.885312,MB,58477.0,4.095885312,context_0000,What is the value associated with key 84FA39E7A4F1? Return only the value.,8622.784512,['71EFAE13591E'],32
4096.0,27777.0,synthetic_kv_64k,8.622784512,,57F4B212A6EE,147.456,27777.0,0.5249927321853036,62995,4095.885312,MB,58477.0,4.095885312,context_0000,What is the value associated with key 02100260A123? Return only the value.,8622.784512,['57F4B212A6EE'],32
4096.0,27777.0,synthetic_kv_64k,8.622784512,,7A0E958CA9BA,147.456,27777.0,0.5249927321853036,62995,4095.885312,MB,58477.0,4.095885312,context_0000,What is the value associated with key 1EDFD12E0EB5? Return only the value.,8622.784512,['DC3FFCF7B842'],32
4096.0,27777.0,synthetic_kv_64k,8.622784512,,3A4A21D63B0F,147.456,27777.0,0.5249927321853036,62995,4095.885312,MB,58477.0,4.095885312,context_0000,What is the value associated with key B1AC6C1CC405? Return only the value.,8622.784512,['7A4A21D63B0F'],32
4096.0,27777.0,synthetic_kv_64k,8.622784512,,16DE6210DEF6,147.456,27777.0,0.5249927321853036,62995,4095.885312,MB,58477.0,4.095885312,context_0000,What is the value associated with key 3A9C1221CDDF? Return only the value.,8622.784512,['16DE6210DEF6'],32
4096.0,27777.0,synthetic_kv_64k,8.622784512,,573B2167C35E,147.456,27777.0,0.5249927321853036,62995,4095.885312,MB,58477.0,4.095885312,context_0000,What is the value associated with key CE53BB134F02? Return only the value.,8622.784512,['1A6B1A38AAD6'],32
4096.0,27777.0,synthetic_kv_64k,8.622784512,,4C9BE1887EAF,147.456,27777.0,0.5249927321853036,62995,4095.885312,MB,58477.0,4.095885312,context_0000,What is the value associated with key 5E185037CD6B? Return only the value.,8622.784512,['4C9BE1887EAF'],32
4096.0,27777.0,synthetic_kv_64k,8.622784512,,81980487984C,147.456,27777.0,0.5249927321853036,62995,4095.885312,MB,58477.0,4.095885312,context_0000,What is the value associated with key 61FA231AE7C7? Return only the value.,8622.784512,['D038C601818B'],32
4096.0,27777.0,synthetic_kv_64k,8.622784512,,A43E2215DF00,147.456,27777.0,0.5249927321853036,62995,4095.885312,MB,58477.0,4.095885312,context_0000,What is the value associated with key DFDFC0CEF31B? Return only the value.,8622.784512,['A43E2215DF00'],32
4096.0,27777.0,synthetic_kv_64k,8.622784512,,5F98A65E688E,147.456,27777.0,0.5249927321853036,62995,4095.885312,MB,58477.0,4.095885312,context_0000,What is the value associated with key AD58FE31537A? Return only the value.,8622.784512,['1183249204C7'],32
4096.0,27777.0,synthetic_kv_64k,8.622784512,,929D0149A2AF,147.456,27777.0,0.5249927321853036,62995,4095.885312,MB,58477.0,4.095885312,context_0000,What is the value associated with key 903387CF63FD? Return only the value.,8622.784512,['9C3D022B6683'],32
4096.0,27777.0,synthetic_kv_64k,8.622784512,,59E770AA5B0D,147.456,27777.0,0.5249927321853036,62995,4095.885312,MB,58477.0,4.095885312,context_0000,What is the value associated with key 2A03A667B982? Return only the value.,8622.784512,['59E770AA5B0D'],32
4096.0,27777.0,synthetic_kv_64k,8.622784512,,5200E88DA719,147.456,27777.0,0.5249927321853036,62995,4095.885312,MB,58477.0,4.095885312,context_0000,What is the value associated with key 368AB8F14E3C? Return only the value.,8622.784512,['BF8EA0C9DA72'],32
4096.0,27777.0,synthetic_kv_64k,8.622784512,,B9786965D18C,147.456,27777.0,0.5249927321853036,62995,4095.885312,MB,58477.0,4.095885312,context_0000,What is the value associated with key EB7E26C0747E? Return only the value.,8622.784512,['9DB76965D1D1'],32
4096.0,27777.0,synthetic_kv_64k,8.622784512,,379DDC268108,147.456,27777.0,0.5249927321853036,62995,4095.885312,MB,58477.0,4.095885312,context_0000,What is the value associated with key 7140AFC2CCFC? Return only the value.,8622.784512,['379DDC268108'],32
4096.0,27777.0,synthetic_kv_64k,8.622784512,,43D7A939EBD1,147.456,27777.0,0.5249927321853036,62995,4095.885312,MB,58477.0,4.095885312,context_0000,What is the value associated with key E58716312FC6? Return only the value.,8622.784512,['23D719B814FC'],32
4096.0,27777.0,synthetic_kv_64k,8.622784512,,473B7458848C,147.456,27777.0,0.5249927321853036,62995,4095.885312,MB,58477.0,4.095885312,context_0000,What is the value associated with key 1F87C0A0473A? Return only the value.,8622.784512,['BAE196EE50E5'],32
4096.0,27777.0,synthetic_kv_64k,8.622784512,,6DECF69777A1,147.456,27777.0,0.5249927321853036,62995,4095.885312,MB,58477.0,4.095885312,context_0000,What is the value associated with key 59FE624FEA4B? Return only the value.,8622.784512,['6DECF69777A1'],32
4096.0,27777.0,synthetic_kv_64k,8.622784512,,3F6E23CBE943,147.456,27777.0,0.5249927321853036,62995,4095.885312,MB,58477.0,4.095885312,context_0000,What is the value associated with key CA8450834FEF? Return only the value.,8622.784512,['3F6E23CBE943'],32
4096.0,27777.0,synthetic_kv_64k,8.622784512,,3F87159152F2,147.456,27777.0,0.5249927321853036,62995,4095.885312,MB,58477.0,4.095885312,context_0000,What is the value associated with key A50546E75A2C? Return only the value.,8622.784512,['3F87159152F2'],32
4096.0,27777.0,synthetic_kv_64k,8.622784512,,348890841238,147.456,27777.0,0.5249927321853036,62995,4095.885312,MB,58477.0,4.095885312,context_0000,What is the value associated with key 99DB8DAB66D3? Return only the value.,8622.784512,['B89F999A1D86'],32
4096.0,27777.0,synthetic_kv_64k,8.622784512,,F0F7C76A8E0F,147.456,27777.0,0.5249927321853036,62995,4095.885312,MB,58477.0,4.095885312,context_0000,What is the value associated with key 48F09B8B38AE? Return only the value.,8622.784512,['F0F7C76A8E0F'],32
4096.0,27777.0,synthetic_kv_64k,8.622784512,,34984D38E415,147.456,27777.0,0.5249927321853036,62995,4095.885312,MB,58477.0,4.095885312,context_0000,What is the value associated with key 06DDB0C30A59? Return only the value.,8622.784512,['D8D9D90F74E9'],32
4096.0,27777.0,synthetic_kv_64k,8.622784512,,34984D38E415,147.456,27777.0,0.5249927321853036,62995,4095.885312,MB,58477.0,4.095885312,context_0000,What is the value associated with key E036A88D4108? Return only the value.,8622.784512,['34984D38E415'],32
4096.0,27777.0,synthetic_kv_64k,8.622784512,,3D44811E5A3F,147.456,27777.0,0.5249927321853036,62995,4095.885312,MB,58477.0,4.095885312,context_0000,What is the value associated with key 9B5F848B34F0? Return only the value.,8622.784512,['304B82701238'],32
4096.0,27777.0,synthetic_kv_64k,8.622784512,,4F6710ECEB1F,147.456,27777.0,0.5249927321853036,62995,4095.885312,MB,58477.0,4.095885312,context_0000,What is the value associated with key 6449BF72AE52? Return only the value.,8622.784512,['A56B4BA8A4CA'],32
4096.0,27777.0,synthetic_kv_64k,8.622784512,,CB35E5DD98F1,147.456,27777.0,0.5249927321853036,62995,4095.885312,MB,58477.0,4.095885312,context_0000,What is the value associated with key C8A70DF83E12? Return only the value.,8622.784512,['CB35E5DD98F1'],32
4096.0,27777.0,synthetic_kv_64k,8.622784512,,3E199F6A6A65,147.456,27777.0,0.5249927321853036,62995,4095.885312,MB,58477.0,4.095885312,context_0000,What is the value associated with key 3D45F4655A21? Return only the value.,8622.784512,['62C97EB0F62A'],32
4096.0,27777.0,synthetic_kv_64k,8.622784512,,F3597FE4A42E,147.456,27777.0,0.5249927321853036,62995,4095.885312,MB,58477.0,4.095885312,context_0000,What is the value associated with key 3DB71CDCC4C2? Return only the value.,8622.784512,['A3597FE4A42E'],32
4096.0,27777.0,synthetic_kv_64k,8.622784512,,50BF782C644A,147.456,27777.0,0.5249927321853036,62995,4095.885312,MB,58477.0,4.095885312,context_0000,What is the value associated with key 122D980BC81E? Return only the value.,8622.784512,['E383873DC8BD'],32
4096.0,27777.0,synthetic_kv_64k,8.622784512,,5C70FCA45567,147.456,27777.0,0.5249927321853036,62995,4095.885312,MB,58477.0,4.095885312,context_0000,What is the value associated with key 0316FA4A58EF? Return only the value.,8622.784512,['5C70FCA45567'],32
4096.0,27777.0,synthetic_kv_64k,8.622784512,,3E4290A3FBBF,147.456,27777.0,0.5249927321853036,62995,4095.885312,MB,58477.0,4.095885312,context_0000,What is the value associated with key 5104EF15AB72? Return only the value.,8622.784512,['630721C9A15D'],32
4096.0,27777.0,synthetic_kv_64k,8.622784512,,771944881341,147.456,27777.0,0.5249927321853036,62995,4095.885312,MB,58477.0,4.095885312,context_0000,What is the value associated with key D6C6DC5E4E78? Return only the value.,8622.784512,['6BBD91816091'],32
4096.0,27777.0,synthetic_kv_64k,8.622784512,,4A4D46B518DE,147.456,27777.0,0.5249927321853036,62995,4095.885312,MB,58477.0,4.095885312,context_0000,What is the value associated with key 8BDE5D8BABD7? Return only the value.,8622.784512,['2C3AAED54A46'],32
4096.0,27777.0,synthetic_kv_64k,8.622784512,,F7336B2B78B9,147.456,27777.0,0.5249927321853036,62995,4095.885312,MB,58477.0,4.095885312,context_0000,What is the value associated with key 7894C34201DB? Return only the value.,8622.784512,['FCC4F45707C6'],32
4096.0,27777.0,synthetic_kv_64k,8.622784512,,A0276576A221,147.456,27777.0,0.5249927321853036,62995,4095.885312,MB,58477.0,4.095885312,context_0000,What is the value associated with key 12AFC536C66E? Return only the value.,8622.784512,['965D0445C1A8'],32
4096.0,27777.0,synthetic_kv_64k,8.622784512,,373A431E930F,147.456,27777.0,0.5249927321853036,62995,4095.885312,MB,58477.0,4.095885312,context_0000,What is the value associated with key 03871149D096? Return only the value.,8622.784512,['373A431E930F'],32
4096.0,27777.0,synthetic_kv_64k,8.622784512,,7C05BDA6544D,147.456,27777.0,0.5249927321853036,62995,4095.885312,MB,58477.0,4.095885312,context_0000,What is the value associated with key EC2E0A3217D2? Return only the value.,8622.784512,['F2DC0F7AE302'],32
4096.0,27777.0,synthetic_kv_64k,8.622784512,,378C45407B28,147.456,27777.0,0.5249927321853036,62995,4095.885312,MB,58477.0,4.095885312,context_0000,What is the value associated with key 65E1CA0EE8C4? Return only the value.,8622.784512,['495781B13B80'],32
4096.0,27777.0,synthetic_kv_64k,8.622784512,,A4618044BEB2,147.456,27777.0,0.5249927321853036,62995,4095.885312,MB,58477.0,4.095885312,context_0000,What is the value associated with key B66EA0EA0251? Return only the value.,8622.784512,['C4618044BEB2'],32
4096.0,27777.0,synthetic_kv_64k,8.622784512,,5C09D354535F,147.456,27777.0,0.5249927321853036,62995,4095.885312,MB,58477.0,4.095885312,context_0000,What is the value associated with key 6C6F6A59C043? Return only the value.,8622.784512,['66FBB3A9DCAA'],32
4096.0,27777.0,synthetic_kv_64k,8.622784512,,89A3895C4FDE,147.456,27777.0,0.5249927321853036,62995,4095.885312,MB,58477.0,4.095885312,context_0000,What is the value associated with key A3FA1519FD38? Return only the value.,8622.784512,['89A3895C4FDE'],32
4096.0,27777.0,synthetic_kv_64k,8.622784512,,DEF568F45BCE,147.456,27777.0,0.5249927321853036,62995,4095.885312,MB,58477.0,4.095885312,context_0000,What is the value associated with key 27169DB54283? Return only the value.,8622.784512,['15664708203B'],32
4096.0,27777.0,synthetic_kv_64k,8.622784512,,EBC182E4DD4A,147.456,27777.0,0.5249927321853036,62995,4095.885312,MB,58477.0,4.095885312,context_0000,What is the value associated with key 143A4F560ED5? Return only the value.,8622.784512,['EBC182E4DD4A'],32
4096.0,27777.0,synthetic_kv_64k,8.622784512,,3E6B8458848C,147.456,27777.0,0.5249927321853036,62995,4095.885312,MB,58477.0,4.095885312,context_0000,What is the value associated with key F96C3404C02A? Return only the value.,8622.784512,['27C6CEDD069D'],32
4096.0,27777.0,synthetic_kv_64k,8.622784512,,96206406FACE,147.456,27777.0,0.5249927321853036,62995,4095.885312,MB,58477.0,4.095885312,context_0000,What is the value associated with key 53A58950DDD6? Return only the value.,8622.784512,['96206406FACE'],32
4096.0,27777.0,synthetic_kv_64k,8.622784512,,A65BD5A386D9,147.456,27777.0,0.5249927321853036,62995,4095.885312,MB,58477.0,4.095885312,context_0000,What is the value associated with key C362A2611B8D? Return only the value.,8622.784512,['A65BD5A386D9'],32
4096.0,27777.0,synthetic_kv_64k,8.622784512,,4F6710ECEB1F,147.456,27777.0,0.5249927321853036,62995,4095.885312,MB,58477.0,4.095885312,context_0000,What is the value associated with key A4A5AE59AA52? Return only the value.,8622.784512,['4F6710ECEB1F'],32
4096.0,27777.0,synthetic_kv_64k,8.622784512,,5740FED747BE,147.456,27777.0,0.5249927321853036,62995,4095.885312,MB,58477.0,4.095885312,context_0000,What is the value associated with key 6FFFB2DC6C34? Return only the value.,8622.784512,['F413BADE8D5D'],32
4096.0,27777.0,synthetic_kv_64k,8.622784512,,3E960ED2EC9D,147.456,27777.0,0.5249927321853036,62995,4095.885312,MB,58477.0,4.095885312,context_0000,What is the value associated with key 3D17D8B22277? Return only the value.,8622.784512,['3E960ED2EC9D'],32
4096.0,27777.0,synthetic_kv_64k,8.622784512,,0C368448844C,147.456,27777.0,0.5249927321853036,62995,4095.885312,MB,58477.0,4.095885312,context_0000,What is the value associated with key ECB416120AA6? Return only the value.,8622.784512,['1DB16F3A5115'],32
4096.0,27777.0,synthetic_kv_64k,8.622784512,,392226848484,147.456,27777.0,0.5249927321853036,62995,4095.885312,MB,58477.0,4.095885312,context_0000,What is the value associated with key 9CBF74102D5D? Return only the value.,8622.784512,['0E169BDC70D1'],32
4096.0,27777.0,synthetic_kv_64k,8.622784512,,A876BDDFA03A,147.456,27777.0,0.5249927321853036,62995,4095.885312,MB,58477.0,4.095885312,context_0000,What is the value associated with key AA844F2DA233? Return only the value.,8622.784512,['A876BDDFA03A'],32
4096.0,27777.0,synthetic_kv_64k,8.622784512,,203B2D44582A,147.456,27777.0,0.5249927321853036,62995,4095.885312,MB,58477.0,4.095885312,context_0000,What is the value associated with key 2CF7BD9BC648? Return only the value.,8622.784512,['033E1E93D127'],32
4096.0,27777.0,synthetic_kv_64k,8.622784512,,5200E88DA719,147.456,27777.0,0.5249927321853036,62995,4095.885312,MB,58477.0,4.095885312,context_0000,What is the value associated with key 2320B538F96C? Return only the value.,8622.784512,['02E7B3957A98'],32
4096.0,27777.0,synthetic_kv_64k,8.622784512,,436E770E09DB,147.456,27777.0,0.5249927321853036,62995,4095.885312,MB,58477.0,4.095885312,context_0000,What is the value associated with key 7F1429F0EF7C? Return only the value.,8622.784512,['58C1F3F8DEA4'],32
4096.0,27777.0,synthetic_kv_64k,8.622784512,,085B4A8FF810,147.456,27777.0,0.5249927321853036,62995,4095.885312,MB,58477.0,4.095885312,context_0000,What is the value associated with key 846885E3ADE5? Return only the value.,8622.784512,['D28FC871D7B3'],32
4096.0,27777.0,synthetic_kv_64k,8.622784512,,5F322ABE1585,147.456,27777.0,0.5249927321853036,62995,4095.885312,MB,58477.0,4.095885312,context_0000,What is the value associated with key 425EB88416D2? Return only the value.,8622.784512,['5F322ABE1585'],32
4096.0,27777.0,synthetic_kv_64k,8.622784512,,578454844444,147.456,27777.0,0.5249927321853036,62995,4095.885312,MB,58477.0,4.095885312,context_0000,What is the value associated with key BFF1207E863F? Return only the value.,8622.784512,['DF9BC7F7BDA1'],32
4096.0,27777.0,synthetic_kv_64k,8.622784512,,1E38E2EC13F4,147.456,27777.0,0.5249927321853036,62995,4095.885312,MB,58477.0,4.095885312,context_0000,What is the value associated with key BBA144CDBFDD? Return only the value.,8622.784512,['1E38E2EC13F4'],32
4096.0,27777.0,synthetic_kv_64k,8.622784512,,317030807A5D,147.456,27777.0,0.5249927321853036,62995,4095.885312,MB,58477.0,4.095885312,context_0000,What is the value associated with key E65FC57C7498? Return only the value.,8622.784512,['55C30783E43C'],32
4096.0,27777.0,synthetic_kv_64k,8.622784512,,CB467D44CB9E,147.456,27777.0,0.5249927321853036,62995,4095.885312,MB,58477.0,4.095885312,context_0000,What is the value associated with key 6DE8CE9E9EBD? Return only the value.,8622.784512,['861B45A08539'],32
4096.0,27777.0,synthetic_kv_64k,8.622784512,,F99CB65AD0F1,147.456,27777.0,0.5249927321853036,62995,4095.885312,MB,58477.0,4.095885312,context_0000,What is the value associated with key 43501059EA28? Return only the value.,8622.784512,['F99CB65AD0F1'],32
4096.0,27777.0,synthetic_kv_64k,8.622784512,,76C57E7E7419,147.456,27777.0,0.5249927321853036,62995,4095.885312,MB,58477.0,4.095885312,context_0000,What is the value associated with key A0A5939F71A2? Return only the value.,8622.784512,['7F0313BADC91'],32
4096.0,27777.0,synthetic_kv_64k,8.622784512,,509D82744444,147.456,27777.0,0.5249927321853036,62995,4095.885312,MB,58477.0,4.095885312,context_0000,What is the value associated with key 82C27487D772? Return only the value.,8622.784512,['0E315C311464'],32
4096.0,27777.0,synthetic_kv_64k,8.622784512,,2AB8911F730B,147.456,27777.0,0.5249927321853036,62995,4095.885312,MB,58477.0,4.095885312,context_0000,What is the value associated with key DBFF7FE670F3? Return only the value.,8622.784512,['2AB8911F730B'],32
4096.0,27777.0,synthetic_kv_64k,8.622784512,,C5F8414F4994,147.456,27777.0,0.5249927321853036,62995,4095.885312,MB,58477.0,4.095885312,context_0000,What is the value associated with key 28455E20C957? Return only the value.,8622.784512,['C5F8414F4994'],32
4096.0,27777.0,synthetic_kv_64k,8.622784512,,EB94D30608BE,147.456,27777.0,0.5249927321853036,62995,4095.885312,MB,58477.0,4.095885312,context_0000,What is the value associated with key E4EE1A57F9E4? Return only the value.,8622.784512,['AC9392EBEAB0'],32
4096.0,27777.0,synthetic_kv_64k,8.622784512,,BDA33A78B64A,147.456,27777.0,0.5249927321853036,62995,4095.885312,MB,58477.0,4.095885312,context_0000,What is the value associated with key 1D86B90800F3? Return only the value.,8622.784512,['BDA33A78B64A'],32
4096.0,27777.0,synthetic_kv_64k,8.622784512,,DE8EA85C6E4A,147.456,27777.0,0.5249927321853036,62995,4095.885312,MB,58477.0,4.095885312,context_0000,What is the value associated with key 00A882425912? Return only the value.,8622.784512,['DBD30B461173'],32
4096.0,27777.0,synthetic_kv_64k,8.622784512,,5C70FCA45567,147.456,27777.0,0.5249927321853036,62995,4095.885312,MB,58477.0,4.095885312,context_0000,What is the value associated with key 0325DCE8E1C5? Return only the value.,8622.784512,['0BC53E9AEC86'],32
4096.0,27777.0,synthetic_kv_64k,8.622784512,,398D818E688A,147.456,27777.0,0.5249927321853036,62995,4095.885312,MB,58477.0,4.095885312,context_0000,What is the value associated with key 5D2D78C59073? Return only the value.,8622.784512,['EB93620AF158'],32
4096.0,27777.0,synthetic_kv_64k,8.622784512,,81AC966081AC,147.456,27777.0,0.5249927321853036,62995,4095.885312,MB,58477.0,4.095885312,context_0000,What is the value associated with key 2DD0266BF2EA? Return only the value.,8622.784512,['F5D8EE6081AC'],32
4096.0,27777.0,synthetic_kv_64k,8.622784512,,CD988D888BEB,147.456,27777.0,0.5249927321853036,62995,4095.885312,MB,58477.0,4.095885312,context_0000,What is the value associated with key 090DDB842660? Return only the value.,8622.784512,['CD988D888BEB'],32
4096.0,27777.0,synthetic_kv_64k,8.622784512,,A7DCBD9C4693,147.456,27777.0,0.5249927321853036,62995,4095.885312,MB,58477.0,4.095885312,context_0000,What is the value associated with key B6CAE9F87970? Return only the value.,8622.784512,['A7DCBD9C4693'],32
4096.0,27777.0,synthetic_kv_64k,8.622784512,,3F8E52619DEC,147.456,27777.0,0.5249927321853036,62995,4095.885312,MB,58477.0,4.095885312,context_0000,What is the value associated with key 39796B5BC975? Return only the value.,8622.784512,['3F8E52619DEC'],32
4096.0,27777.0,synthetic_kv_64k,8.622784512,,709426A524E3,147.456,27777.0,0.5249927321853036,62995,4095.885312,MB,58477.0,4.095885312,context_0000,What is the value associated with key EA756A8FCACB? Return only the value.,8622.784512,['51E7B864CA08'],32
4096.0,27777.0,synthetic_kv_64k,8.622784512,,685013F06822,147.456,27777.0,0.5249927321853036,62995,4095.885312,MB,58477.0,4.095885312,context_0000,What is the value associated with key D37445712959? Return only the value.,8622.784512,['925013F06822'],32
4096.0,27777.0,synthetic_kv_64k,8.622784512,,7B8748484848,147.456,27777.0,0.5249927321853036,62995,4095.885312,MB,58477.0,4.095885312,context_0000,What is the value associated with key 1E915F705B25? Return only the value.,8622.784512,['AC5F8085C147'],32
4096.0,27777.0,synthetic_kv_64k,8.622784512,,82622DE982F8,147.456,27777.0,0.5249927321853036,62995,4095.885312,MB,58477.0,4.095885312,context_0000,What is the value associated with key 0D7BE6E59B32? Return only the value.,8622.784512,['39222DE982F8'],32
4096.0,27777.0,synthetic_kv_64k,8.622784512,,9FA4D30608BE,147.456,27777.0,0.5249927321853036,62995,4095.885312,MB,58477.0,4.095885312,context_0000,What is the value associated with key 8409CDE918B3? Return only the value.,8622.784512,['0BC1FB3DF063'],32
4096.0,27777.0,synthetic_kv_64k,8.622784512,,66A3F43E8C48: 444444444444,147.456,27777.0,0.5249927321853036,62995,4095.885312,MB,58477.0,4.095885312,context_0000,What is the value associated with key 66A3F43E8C48? Return only the value.,8622.784512,['E08211A529B4'],32
4096.0,27777.0,synthetic_kv_64k,8.622784512,,0C59050DCBFE,147.456,27777.0,0.5249927321853036,62995,4095.885312,MB,58477.0,4.095885312,context_0000,What is the value associated with key DDB477106966? Return only the value.,8622.784512,['C60548454343'],32
4096.0,27777.0,synthetic_kv_64k,8.622784512,,5F322ABE1585,147.456,27777.0,0.5249927321853036,62995,4095.885312,MB,58477.0,4.095885312,context_0000,What is the value associated with key 4F89D847DC53? Return only the value.,8622.784512,['161D53C9FE59'],32
4096.0,27777.0,synthetic_kv_64k,8.622784512,,5C6500000000,147.456,27777.0,0.5249927321853036,62995,4095.885312,MB,58477.0,4.095885312,context_0000,What is the value associated with key 74ED8D9765C7? Return only the value.,8622.784512,['5E71020A4497'],32
4096.0,27777.0,synthetic_kv_64k,8.622784512,,C8D59055A36F,147.456,27777.0,0.5249927321853036,62995,4095.885312,MB,58477.0,4.095885312,context_0000,What is the value associated with key 4AA5335F2F59? Return only the value.,8622.784512,['C8D59055A36F'],32
4096.0,27777.0,synthetic_kv_64k,8.622784512,,B9A5423701F1,147.456,27777.0,0.5249927321853036,62995,4095.885312,MB,58477.0,4.095885312,context_0000,What is the value associated with key BD544DCD0009? Return only the value.,8622.784512,['3E199F6A6A65'],32
4096.0,27777.0,synthetic_kv_64k,8.622784512,,F8CB97790E84,147.456,27777.0,0.5249927321853036,62995,4095.885312,MB,58477.0,4.095885312,context_0000,What is the value associated with key 5E4776C3E642? Return only the value.,8622.784512,['F8CB97790E84'],32
4096.0,27777.0,synthetic_kv_64k,8.622784512,,5780594501CB,147.456,27777.0,0.5249927321853036,62995,4095.885312,MB,58477.0,4.095885312,context_0000,What is the value associated with key FF6E7E4CE29F? Return only the value.,8622.784512,['C6A0C5C9FB91'],32
4096.0,27777.0,synthetic_kv_64k,8.622784512,,3E684455484C,147.456,27777.0,0.5249927321853036,62995,4095.885312,MB,58477.0,4.095885312,context_0000,What is the value associated with key BB823207343E? Return only the value.,8622.784512,['8BEBE68373A3'],32
4096.0,27777.0,synthetic_kv_64k,8.622784512,,268B3EC0A285,147.456,27777.0,0.5249927321853036,62995,4095.885312,MB,58477.0,4.095885312,context_0000,What is the value associated with key CBC4C2AEF674? Return only the value.,8622.784512,['268B3EC0A285'],32
4096.0,27777.0,synthetic_kv_64k,8.622784512,,38858485848584858485848584858485,147.456,27777.0,0.5249927321853036,62995,4095.885312,MB,58477.0,4.095885312,context_0000,What is the value associated with key EEB101A1FB0F? Return only the value.,8622.784512,['061E68F82063'],32
4096.0,27777.0,synthetic_kv_64k,8.622784512,,A2CD58AF393C,147.456,27777.0,0.5249927321853036,62995,4095.885312,MB,58477.0,4.095885312,context_0000,What is the value associated with key 8AA23BA5BD76? Return only the value.,8622.784512,['A2CD58AF393C'],32
4096.0,27777.0,synthetic_kv_64k,8.622784512,,31CDE3B8D763,147.456,27777.0,0.5249927321853036,62995,4095.885312,MB,58477.0,4.095885312,context_0000,What is the value associated with key B186D6EE526B? Return only the value.,8622.784512,['0274E09016B6'],32
4096.0,27777.0,synthetic_kv_64k,8.622784512,,C249005FD0E6,147.456,27777.0,0.5249927321853036,62995,4095.885312,MB,58477.0,4.095885312,context_0000,What is the value associated with key 55C3F374190D? Return only the value.,8622.784512,['C249005FD0E6'],32
4096.0,27777.0,synthetic_kv_64k,8.622784512,,B8024E68452C,147.456,27777.0,0.5249927321853036,62995,4095.885312,MB,58477.0,4.095885312,context_0000,What is the value associated with key 6053A84510A1? Return only the value.,8622.784512,['BCF2D95874C2'],32
4096.0,27777.0,synthetic_kv_64k,8.622784512,,34871A9C672A,147.456,27777.0,0.5249927321853036,62995,4095.885312,MB,58477.0,4.095885312,context_0000,What is the value associated with key 4EB9BA2AC3D9? Return only the value.,8622.784512,['34871A9C672A'],32
4096.0,27777.0,synthetic_kv_64k,8.622784512,,580854848585,147.456,27777.0,0.5249927321853036,62995,4095.885312,MB,58477.0,4.095885312,context_0000,What is the value associated with key FBAD87A1EC02? Return only the value.,8622.784512,['6B793CF88D20'],32
4096.0,27777.0,synthetic_kv_64k,8.622784512,,59398BABCE3B,147.456,27777.0,0.5249927321853036,62995,4095.885312,MB,58477.0,4.095885312,context_0000,What is the value associated with key F6107DF59ABF? Return only the value.,8622.784512,['F8F90F554896'],32
4096.0,27777.0,synthetic_kv_64k,8.622784512,,59B1DEA4AE17,147.456,27777.0,0.5249927321853036,62995,4095.885312,MB,58477.0,4.095885312,context_0000,What is the value associated with key 2472FF38B918? Return only the value.,8622.784512,['47A2B62EDB49'],32
4096.0,27777.0,synthetic_kv_64k,8.622784512,,3B41EBD8A3B1,147.456,27777.0,0.5249927321853036,62995,4095.885312,MB,58477.0,4.095885312,context_0000,What is the value associated with key 0B3D17D09810? Return only the value.,8622.784512,['3B41EBD8A3B1'],32
4096.0,27777.0,synthetic_kv_64k,8.622784512,,588485484848,147.456,27777.0,0.5249927321853036,62995,4095.885312,MB,58477.0,4.095885312,context_0000,What is the value associated with key D872E5B4A1AE? Return only the value.,8622.784512,['69BE850EF0AD'],32
4096.0,27777.0,synthetic_kv_64k,8.622784512,,439E693016EA,147.456,27777.0,0.5249927321853036,62995,4095.885312,MB,58477.0,4.095885312,context_0000,What is the value associated with key E544B36AB3ED? Return only the value.,8622.784512,['755D5F5BA255'],32
4096.0,27777.0,synthetic_kv_64k,8.622784512,,504884848484,147.456,27777.0,0.5249927321853036,62995,4095.885312,MB,58477.0,4.095885312,context_0000,What is the value associated with key BF76F97C6C3C? Return only the value.,8622.784512,['94AD15BC2A3E'],32
4096.0,27777.0,synthetic_kv_64k,8.622784512,,A320222DF6A4,147.456,27777.0,0.5249927321853036,62995,4095.885312,MB,58477.0,4.095885312,context_0000,What is the value associated with key 81631877BC06? Return only the value.,8622.784512,['A320222DF6A4'],32
4096.0,27777.0,synthetic_kv_64k,8.622784512,,C7CF22B9F24C,147.456,27777.0,0.5249927321853036,62995,4095.885312,MB,58477.0,4.095885312,context_0000,What is the value associated with key 64F4D1E91691? Return only the value.,8622.784512,['978613281726'],32
4096.0,27777.0,synthetic_kv_64k,8.622784512,,A9956F5B09A6,147.456,27777.0,0.5249927321853036,62995,4095.885312,MB,58477.0,4.095885312,context_0000,What is the value associated with key 0FF1915CB31B? Return only the value.,8622.784512,['A9956F5B09A6'],32
4096.0,27777.0,synthetic_kv_64k,8.622784512,,4AAB3C9D128A,147.456,27777.0,0.5249927321853036,62995,4095.885312,MB,58477.0,4.095885312,context_0000,What is the value associated with key 2176F6D70248? Return only the value.,8622.784512,['4AAB3C9D128A'],32
4096.0,27777.0,synthetic_kv_64k,8.622784512,,ED1150A46C85,147.456,27777.0,0.5249927321853036,62995,4095.885312,MB,58477.0,4.095885312,context_0000,What is the value associated with key D9D542D04D55? Return only the value.,8622.784512,['ED1150A46C85'],32
4096.0,27777.0,synthetic_kv_64k,8.622784512,,D4F7B362C0D2,147.456,27777.0,0.5249927321853036,62995,4095.885312,MB,58477.0,4.095885312,context_0000,What is the value associated with key 6498CD0254DB? Return only the value.,8622.784512,['D4F7B362C0D2'],32
4096.0,27777.0,synthetic_kv_64k,8.622784512,,73E7516C3B0A,147.456,27777.0,0.5249927321853036,62995,4095.885312,MB,58477.0,4.095885312,context_0000,What is the value associated with key 5385BC4015FA? Return only the value.,8622.784512,['73E7516C3B0A'],32
4096.0,27777.0,synthetic_kv_64k,8.622784512,,F18C131EB723,147.456,27777.0,0.5249927321853036,62995,4095.885312,MB,58477.0,4.095885312,context_0000,What is the value associated with key 3BCD459EE674? Return only the value.,8622.784512,['F18C131EB723'],32
4096.0,27777.0,synthetic_kv_64k,8.622784512,,4228C7A9F33C,147.456,27777.0,0.5249927321853036,62995,4095.885312,MB,58477.0,4.095885312,context_0000,What is the value associated with key 22D833E4F986? Return only the value.,8622.784512,['C528C7A9F33C'],32
4096.0,27777.0,synthetic_kv_64k,8.622784512,,FC4889D1CDB6,147.456,27777.0,0.5249927321853036,62995,4095.885312,MB,58477.0,4.095885312,context_0000,What is the value associated with key 1BE595AF6D0C? Return only the value.,8622.784512,['1B0C27C8FC6C'],32
4096.0,27777.0,synthetic_kv_64k,8.622784512,,5064774F6354,147.456,27777.0,0.5249927321853036,62995,4095.885312,MB,58477.0,4.095885312,context_0000,What is the value associated with key 73162A147A96? Return only the value.,8622.784512,['5064774F6354'],32
4096.0,27777.0,synthetic_kv_64k,8.622784512,,5BB8893259F3,147.456,27777.0,0.5249927321853036,62995,4095.885312,MB,58477.0,4.095885312,context_0000,What is the value associated with key 1EE8681134E2? Return only the value.,8622.784512,['5BB8893259F3'],32
4096.0,27777.0,synthetic_kv_64k,8.622784512,,73948432444C,147.456,27777.0,0.5249927321853036,62995,4095.885312,MB,58477.0,4.095885312,context_0000,What is the value associated with key C534F6F24D1C? Return only the value.,8622.784512,['73B03527A5C8'],32
4096.0,27777.0,synthetic_kv_64k,8.622784512,,DA3C43D78F2B,147.456,27777.0,0.5249927321853036,62995,4095.885312,MB,58477.0,4.095885312,context_0000,What is the value associated with key 769D4EED4124? Return only the value.,8622.784512,['DA3C43D78F2B'],32
4096.0,27777.0,synthetic_kv_64k,8.622784512,,7B89005FD0E6,147.456,27777.0,0.5249927321853036,62995,4095.885312,MB,58477.0,4.095885312,context_0000,What is the value associated with key 17251EB2A7B8? Return only the value.,8622.784512,['CEBE28597B34'],32
4096.0,27777.0,synthetic_kv_64k,8.622784512,,B467D38E13E4,147.456,27777.0,0.5249927321853036,62995,4095.885312,MB,58477.0,4.095885312,context_0000,What is the value associated with key 4DE1AFA14A55? Return only the value.,8622.784512,['B467D38E13E4'],32
4096.0,27777.0,synthetic_kv_64k,8.622784512,,738548854885,147.456,27777.0,0.5249927321853036,62995,4095.885312,MB,58477.0,4.095885312,context_0000,What is the value associated with key 9A72B266986C? Return only the value.,8622.784512,['370B0A530DF9'],32
4096.0,27777.0,synthetic_kv_64k,8.622784512,,0E648485448C,147.456,27777.0,0.5249927321853036,62995,4095.885312,MB,58477.0,4.095885312,context_0000,What is the value associated with key DB48D5FF2A1F? Return only the value.,8622.784512,['25F853EA4919'],32
4096.0,27777.0,synthetic_kv_64k,8.622784512,,0E169BDC70D1,147.456,27777.0,0.5249927321853036,62995,4095.885312,MB,58477.0,4.095885312,context_0000,What is the value associated with key B60E1759BA96? Return only the value.,8622.784512,['F7E93F8B4433'],32
4096.0,27777.0,synthetic_kv_64k,8.622784512,,0C88837217E0,147.456,27777.0,0.5249927321853036,62995,4095.885312,MB,58477.0,4.095885312,context_0000,What is the value associated with key 65705B11F51F? Return only the value.,8622.784512,['0C88837217E0'],32
4096.0,27777.0,synthetic_kv_64k,8.622784512,,4A87429A4A7C,147.456,27777.0,0.5249927321853036,62995,4095.885312,MB,58477.0,4.095885312,context_0000,What is the value associated with key 4C80AD5BE3C8? Return only the value.,8622.784512,['D1F1429A4A7C'],32
4096.0,27777.0,synthetic_kv_64k,8.622784512,,F3BC07F4FEE5,147.456,27777.0,0.5249927321853036,62995,4095.885312,MB,58477.0,4.095885312,context_0000,What is the value associated with key 2C82FD9CFBB0? Return only the value.,8622.784512,['F3BC07F4FEE5'],32
4096.0,27777.0,synthetic_kv_64k,8.622784512,,368458455855,147.456,27777.0,0.5249927321853036,62995,4095.885312,MB,58477.0,4.095885312,context_0000,What is the value associated with key DAC767863FB3? Return only the value.,8622.784512,['8E5273C374A6'],32
4096.0,27777.0,synthetic_kv_64k,8.622784512,,9194E11BF0D4,147.456,27777.0,0.5249927321853036,62995,4095.885312,MB,58477.0,4.095885312,context_0000,What is the value associated with key 8CD4BF8211BC? Return only the value.,8622.784512,['183F3FF6579E'],32
4096.0,27777.0,synthetic_kv_64k,8.622784512,,7D664E30484C,147.456,27777.0,0.5249927321853036,62995,4095.885312,MB,58477.0,4.095885312,context_0000,What is the value associated with key 1A167648776E? Return only the value.,8622.784512,['CB37CDCC2D6A'],32
4096.0,27777.0,synthetic_kv_64k,8.622784512,,506477445855,147.456,27777.0,0.5249927321853036,62995,4095.885312,MB,58477.0,4.095885312,context_0000,What is the value associated with key 1F1723C97A1E? Return only the value.,8622.784512,['0FC9030F9BE9'],32
4096.0,27777.0,synthetic_kv_64k,8.622784512,,43D7A939EBD1,147.456,27777.0,0.5249927321853036,62995,4095.885312,MB,58477.0,4.095885312,context_0000,What is the value associated with key C7ECD49347FC? Return only the value.,8622.784512,['38E7FB8986C8'],32
4096.0,27777.0,synthetic_kv_64k,8.622784512,,65337CE4770E,147.456,27777.0,0.5249927321853036,62995,4095.885312,MB,58477.0,4.095885312,context_0000,What is the value associated with key 32B821768DD7? Return only the value.,8622.784512,['668CD2DC42C8'],32
4096.0,27777.0,synthetic_kv_64k,8.622784512,,504845454545,147.456,27777.0,0.5249927321853036,62995,4095.885312,MB,58477.0,4.095885312,context_0000,What is the value associated with key AFB05F4B1A97? Return only the value.,8622.784512,['F004A15B2E18'],32
4096.0,27777.0,synthetic_kv_64k,8.622784512,,568448585854,147.456,27777.0,0.5249927321853036,62995,4095.885312,MB,58477.0,4.095885312,context_0000,What is the value associated with key 1583A50A13DC? Return only the value.,8622.784512,['960B95132C22'],32
4096.0,27777.0,synthetic_kv_64k,8.622784512,,744858548485,147.456,27777.0,0.5249927321853036,62995,4095.885312,MB,58477.0,4.095885312,context_0000,What is the value associated with key EADC424211E2? Return only the value.,8622.784512,['1332D010318A'],32
4096.0,27777.0,synthetic_kv_64k,8.622784512,,329F10813D45,147.456,27777.0,0.5249927321853036,62995,4095.885312,MB,58477.0,4.095885312,context_0000,What is the value associated with key FF450594B24F? Return only the value.,8622.784512,['329F10813D45'],32
4096.0,27777.0,synthetic_kv_64k,8.622784512,,A55FE709FBA6: 54232BA6B158,147.456,27777.0,0.5249927321853036,62995,4095.885312,MB,58477.0,4.095885312,context_0000,What is the value associated with key A55FE709FBA6? Return only the value.,8622.784512,['CF2E7184B713'],32
4096.0,27777.0,synthetic_kv_64k,8.622784512,,704858458485,147.456,27777.0,0.5249927321853036,62995,4095.885312,MB,58477.0,4.095885312,context_0000,What is the value associated with key 178B20F87BA2? Return only the value.,8622.784512,['D8E7E7B33085'],32
4096.0,27777.0,synthetic_kv_64k,8.622784512,,743D54E07431,147.456,27777.0,0.5249927321853036,62995,4095.885312,MB,58477.0,4.095885312,context_0000,What is the value associated with key CF13D450AFA2? Return only the value.,8622.784512,['1F5D54E07431'],32
4096.0,27777.0,synthetic_kv_64k,8.622784512,,5048BF7050A8,147.456,27777.0,0.5249927321853036,62995,4095.885312,MB,58477.0,4.095885312,context_0000,What is the value associated with key F1390AEE2557? Return only the value.,8622.784512,['0CF67603C36C'],32
4096.0,27777.0,synthetic_kv_64k,8.622784512,,7B8E64215E6C,147.456,27777.0,0.5249927321853036,62995,4095.885312,MB,58477.0,4.095885312,context_0000,What is the value associated with key EC932B015723? Return only the value.,8622.784512,['6EE392EA1324'],32
4096.0,27777.0,synthetic_kv_64k,8.622784512,,0C36915D9A63,147.456,27777.0,0.5249927321853036,62995,4095.885312,MB,58477.0,4.095885312,context_0000,What is the value associated with key B974D259F960? Return only the value.,8622.784512,['7F02651EA252'],32
4096.0,27777.0,synthetic_kv_64k,8.622784512,,0E963625824C,147.456,27777.0,0.5249927321853036,62995,4095.885312,MB,58477.0,4.095885312,context_0000,What is the value associated with key 61FA078C26CE? Return only the value.,8622.784512,['6D39AEE70AB2'],32
4096.0,27777.0,synthetic_kv_64k,8.622784512,,E88636F7A26C,147.456,27777.0,0.5249927321853036,62995,4095.885312,MB,58477.0,4.095885312,context_0000,What is the value associated with key 5A9C2C3D17E2? Return only the value.,8622.784512,['E88636F7A26C'],32
4096.0,27777.0,synthetic_kv_64k,8.622784512,,722D47A48C42,147.456,27777.0,0.5249927321853036,62995,4095.885312,MB,58477.0,4.095885312,context_0000,What is the value associated with key 46652FE922AA? Return only the value.,8622.784512,['722D47A48C42'],32
4096.0,27777.0,synthetic_kv_64k,8.622784512,,BE610351B09D,147.456,27777.0,0.5249927321853036,62995,4095.885312,MB,58477.0,4.095885312,context_0000,What is the value associated with key 260CE2280FE3? Return only the value.,8622.784512,['9D3608DEC921'],32
4096.0,27777.0,synthetic_kv_64k,8.622784512,,A5B43EEBC04A,147.456,27777.0,0.5249927321853036,62995,4095.885312,MB,58477.0,4.095885312,context_0000,What is the value associated with key 9DF29E825AAE? Return only the value.,8622.784512,['A5B43EEBC04A'],32
4096.0,27777.0,synthetic_kv_64k,8.622784512,,7A6ED9C59CD9,147.456,27777.0,0.5249927321853036,62995,4095.885312,MB,58477.0,4.095885312,context_0000,What is the value associated with key 7FB74B8C031F? Return only the value.,8622.784512,['E1FD69785221'],32
4096.0,27777.0,synthetic_kv_64k,8.622784512,,7B85D582447D,147.456,27777.0,0.5249927321853036,62995,4095.885312,MB,58477.0,4.095885312,context_0000,What is the value associated with key 7AA18CF9EEA9? Return only the value.,8622.784512,['16740F9C5300'],32
4096.0,27777.0,synthetic_kv_64k,8.622784512,,6B522321E64E,147.456,27777.0,0.5249927321853036,62995,4095.885312,MB,58477.0,4.095885312,context_0000,What is the value associated with key 620D479F6628? Return only the value.,8622.784512,['6B522321E64E'],32
4096.0,27777.0,synthetic_kv_64k,8.622784512,,408248BD13D1,147.456,27777.0,0.5249927321853036,62995,4095.885312,MB,58477.0,4.095885312,context_0000,What is the value associated with key A484330FAAA3? Return only the value.,8622.784512,['CC15E2789642'],32
4096.0,27777.0,synthetic_kv_64k,8.622784512,,448748444444,147.456,27777.0,0.5249927321853036,62995,4095.885312,MB,58477.0,4.095885312,context_0000,What is the value associated with key 3FC8869BC00F? Return only the value.,8622.784512,['FE7CA1791E93'],32
4096.0,27777.0,synthetic_kv_64k,8.622784512,,585288585858,147.456,27777.0,0.5249927321853036,62995,4095.885312,MB,58477.0,4.095885312,context_0000,What is the value associated with key 8B2DCD5AE324? Return only the value.,8622.784512,['04FFCB7B0B3A'],32
4096.0,27777.0,synthetic_kv_64k,8.622784512,,B69FC82BA1BE,147.456,27777.0,0.5249927321853036,62995,4095.885312,MB,58477.0,4.095885312,context_0000,What is the value associated with key 61EBFD498E20? Return only the value.,8622.784512,['B69FC82BA1BE'],32
4096.0,27777.0,synthetic_kv_64k,8.622784512,,5064774F6354,147.456,27777.0,0.5249927321853036,62995,4095.885312,MB,58477.0,4.095885312,context_0000,What is the value associated with key 7ACC5BEEC570? Return only the value.,8622.784512,['C80C8B6584CE'],32
4096.0,27777.0,synthetic_kv_64k,8.622784512,,90CEE9A53368,147.456,27777.0,0.5249927321853036,62995,4095.885312,MB,58477.0,4.095885312,context_0000,What is the value associated with key 58127C13F47A? Return only the value.,8622.784512,['90CEE9A53368'],32
4096.0,27777.0,synthetic_kv_64k,8.622784512,,453B636CF499,147.456,27777.0,0.5249927321853036,62995,4095.885312,MB,58477.0,4.095885312,context_0000,What is the value associated with key 5254809CD839? Return only the value.,8622.784512,['453B636CF499'],32
4096.0,27777.0,synthetic_kv_64k,8.622784512,,0C9E29648BBD,147.456,27777.0,0.5249927321853036,62995,4095.885312,MB,58477.0,4.095885312,context_0000,What is the value associated with key 06AC2E0869C1? Return only the value.,8622.784512,['98DC51A1F5DF'],32
4096.0,27777.0,synthetic_kv_64k,8.622784512,,5048BF7050A8,147.456,27777.0,0.5249927321853036,62995,4095.885312,MB,58477.0,4.095885312,context_0000,What is the value associated with key 07803811B519? Return only the value.,8622.784512,['CF89E550D736'],32
4096.0,27777.0,synthetic_kv_64k,8.622784512,,43D7A939EBD1,147.456,27777.0,0.5249927321853036,62995,4095.885312,MB,58477.0,4.095885312,context_0000,What is the value associated with key 47EBC74E48FF? Return only the value.,8622.784512,['CF030EFFD5BD'],32
4096.0,27777.0,synthetic_kv_64k,8.622784512,,504888888888,147.456,27777.0,0.5249927321853036,62995,4095.885312,MB,58477.0,4.095885312,context_0000,What is the value associated with key 78C0FDD4FF21? Return only the value.,8622.784512,['5B808788DFED'],32
4096.0,27777.0,synthetic_kv_64k,8.622784512,,7394847FD9B4,147.456,27777.0,0.5249927321853036,62995,4095.885312,MB,58477.0,4.095885312,context_0000,What is the value associated with key 9580C44FC4B8? Return only the value.,8622.784512,['3B96FFE62994'],32
4096.0,27777.0,synthetic_kv_64k,8.622784512,,A8284854588C,147.456,27777.0,0.5249927321853036,62995,4095.885312,MB,58477.0,4.095885312,context_0000,What is the value associated with key 28DDF956BE95? Return only the value.,8622.784512,['3F7319A2676F'],32
4096.0,27777.0,synthetic_kv_64k,8.622784512,,506EB758E201,147.456,27777.0,0.5249927321853036,62995,4095.885312,MB,58477.0,4.095885312,context_0000,What is the value associated with key 3DBCA8284442? Return only the value.,8622.784512,['889F443B1D0F'],32
4096.0,27777.0,synthetic_kv_64k,8.622784512,,5C3D5285444C,147.456,27777.0,0.5249927321853036,62995,4095.885312,MB,58477.0,4.095885312,context_0000,What is the value associated with key CA8ED0F81063? Return only the value.,8622.784512,['BCAFEAD18464'],32
4096.0,27777.0,synthetic_kv_64k,8.622784512,,7C0E8573E761,147.456,27777.0,0.5249927321853036,62995,4095.885312,MB,58477.0,4.095885312,context_0000,What is the value associated with key C3980E500785? Return only the value.,8622.784512,['F2A3FF138C80'],32
4096.0,27777.0,synthetic_kv_64k,8.622784512,,44238C44828C,147.456,27777.0,0.5249927321853036,62995,4095.885312,MB,58477.0,4.095885312,context_0000,What is the value associated with key 9360382B5B86? Return only the value.,8622.784512,['FB8FD8B48EAD'],32
4096.0,27777.0,synthetic_kv_64k,8.622784512,,7B85D5B077E0,147.456,27777.0,0.5249927321853036,62995,4095.885312,MB,58477.0,4.095885312,context_0000,What is the value associated with key 636FCC21CBDB? Return only the value.,8622.784512,['EF695AD479EF'],32
4096.0,27777.0,synthetic_kv_64k,8.622784512,,5C4432DF8D45,147.456,27777.0,0.5249927321853036,62995,4095.885312,MB,58477.0,4.095885312,context_0000,What is the value associated with key FDD5D6D744FD? Return only the value.,8622.784512,['2C78D86065A2'],32
4096.0,27777.0,synthetic_kv_64k,8.622784512,,5168D5785C1E,147.456,27777.0,0.5249927321853036,62995,4095.885312,MB,58477.0,4.095885312,context_0000,What is the value associated with key 3C8E2D14E9F4? Return only the value.,8622.784512,['516897AF5BDE'],32
4096.0,27777.0,synthetic_kv_64k,8.622784512,,824148434844,147.456,27777.0,0.5249927321853036,62995,4095.885312,MB,58477.0,4.095885312,context_0000,What is the value associated with key BCF4CE63CB1A? Return only the value.,8622.784512,['5BD9B297A782'],32
4096.0,27777.0,synthetic_kv_64k,8.622784512,,73948470C22F,147.456,27777.0,0.5249927321853036,62995,4095.885312,MB,58477.0,4.095885312,context_0000,What is the value associated with key 9770E9FA97E2? Return only the value.,8622.784512,['B41507388BA4'],32
4096.0,27777.0,synthetic_kv_64k,8.622784512,,506888555555,147.456,27777.0,0.5249927321853036,62995,4095.885312,MB,58477.0,4.095885312,context_0000,What is the value associated with key 5A07B357F3F9? Return only the value.,8622.784512,['9151F2933585'],32
4096.0,27777.0,synthetic_kv_64k,8.622784512,,F2C89027E770,147.456,27777.0,0.5249927321853036,62995,4095.885312,MB,58477.0,4.095885312,context_0000,What is the value associated with key 2460904883C1? Return only the value.,8622.784512,['F2C89027E770'],32
4096.0,27777.0,synthetic_kv_64k,8.622784512,,7E8A0758E201,147.456,27777.0,0.5249927321853036,62995,4095.885312,MB,58477.0,4.095885312,context_0000,What is the value associated with key D631303014D0? Return only the value.,8622.784512,['CF76FCEDF994'],32
4096.0,27777.0,synthetic_kv_64k,8.622784512,,3F467165E36B,147.456,27777.0,0.5249927321853036,62995,4095.885312,MB,58477.0,4.095885312,context_0000,What is the value associated with key F86BE1B243CC? Return only the value.,8622.784512,['8AC87E02921D'],32
4096.0,27777.0,synthetic_kv_64k,8.622784512,,09B77F414654,147.456,27777.0,0.5249927321853036,62995,4095.885312,MB,58477.0,4.095885312,context_0000,What is the value associated with key 2CF14F1E1A37? Return only the value.,8622.784512,['09B77D8D3DDD'],32
4096.0,27777.0,synthetic_kv_64k,8.622784512,,57D9309E47BA,147.456,27777.0,0.5249927321853036,62995,4095.885312,MB,58477.0,4.095885312,context_0000,What is the value associated with key 0E61171B1B80? Return only the value.,8622.784512,['9A063B8D3447'],32
4096.0,27777.0,synthetic_kv_64k,8.622784512,,7A5D86C5547C,147.456,27777.0,0.5249927321853036,62995,4095.885312,MB,58477.0,4.095885312,context_0000,What is the value associated with key 051A3803DCEE? Return only the value.,8622.784512,['7A5D86C5547C'],32
4096.0,27777.0,synthetic_kv_64k,8.622784512,,3F1B1E9B23BC,147.456,27777.0,0.5249927321853036,62995,4095.885312,MB,58477.0,4.095885312,context_0000,What is the value associated with key 54EC002CCB25? Return only the value.,8622.784512,['9D37EAFB3E90'],32
4096.0,27777.0,synthetic_kv_64k,8.622784512,,3C9A238D8DED,147.456,27777.0,0.5249927321853036,62995,4095.885312,MB,58477.0,4.095885312,context_0000,What is the value associated with key CE7333932B6C? Return only the value.,8622.784512,['573B2167C35E'],32
4096.0,27777.0,synthetic_kv_64k,8.622784512,,7E8A0758E201,147.456,27777.0,0.5249927321853036,62995,4095.885312,MB,58477.0,4.095885312,context_0000,What is the value associated with key 2D6EB7893986? Return only the value.,8622.784512,['CD6BEB3537A0'],32
4096.0,27777.0,synthetic_kv_64k,8.622784512,,B76B888C888C,147.456,27777.0,0.5249927321853036,62995,4095.885312,MB,58477.0,4.095885312,context_0000,What is the value associated with key DE43D8230076? Return only the value.,8622.784512,['0F3F52D6B779'],32
4096.0,27777.0,synthetic_kv_64k,8.622784512,,5C07D71173E4,147.456,27777.0,0.5249927321853036,62995,4095.885312,MB,58477.0,4.095885312,context_0000,What is the value associated with key 25D0059C1574? Return only the value.,8622.784512,['B466962C04DD'],32
4096.0,27777.0,synthetic_kv_64k,8.622784512,,42C1EF48E8D5,147.456,27777.0,0.5249927321853036,62995,4095.885312,MB,58477.0,4.095885312,context_0000,What is the value associated with key 2443EACF33A9? Return only the value.,8622.784512,['1C65C63CE21D'],32
4096.0,27777.0,synthetic_kv_64k,8.622784512,,541774548444,147.456,27777.0,0.5249927321853036,62995,4095.885312,MB,58477.0,4.095885312,context_0000,What is the value associated with key 86BBD8B2F8B6? Return only the value.,8622.784512,['5D69DC54D59B'],32
4096.0,27777.0,synthetic_kv_64k,8.622784512,,B45C5FA3A531,147.456,27777.0,0.5249927321853036,62995,4095.885312,MB,58477.0,4.095885312,context_0000,What is the value associated with key 1291F5E72DAF? Return only the value.,8622.784512,['B45C5FA3A531'],32
4096.0,27777.0,synthetic_kv_64k,8.622784512,,96056545C030,147.456,27777.0,0.5249927321853036,62995,4095.885312,MB,58477.0,4.095885312,context_0000,What is the value associated with key A981F121E129? Return only the value.,8622.784512,['96056545C030'],32
4096.0,27777.0,synthetic_kv_64k,8.622784512,,E88636F7A26C,147.456,27777.0,0.5249927321853036,62995,4095.885312,MB,58477.0,4.095885312,context_0000,What is the value associated with key 562819DD3E8C? Return only the value.,8622.784512,['52964D407B28'],32
4096.0,27777.0,synthetic_kv_64k,8.622784512,,000000000000,147.456,27777.0,0.5249927321853036,62995,4095.885312,MB,58477.0,4.095885312,context_0000,What is the value associated with key F9D222EE7F07? Return only the value.,8622.784512,['BB7B28522CA2'],32
4096.0,27777.0,synthetic_kv_64k,8.622784512,,50FF6EDABA8C,147.456,27777.0,0.5249927321853036,62995,4095.885312,MB,58477.0,4.095885312,context_0000,What is the value associated with key 6FD6F2DD9456? Return only the value.,8622.784512,['A3A6CAB63107'],32
4096.0,27777.0,synthetic_kv_64k,8.622784512,,504888888888,147.456,27777.0,0.5249927321853036,62995,4095.885312,MB,58477.0,4.095885312,context_0000,What is the value associated with key 7CB9F5EDF382? Return only the value.,8622.784512,['5139A630AD9D'],32
4096.0,27777.0,synthetic_kv_64k,8.622784512,,7B8044444444,147.456,27777.0,0.5249927321853036,62995,4095.885312,MB,58477.0,4.095885312,context_0000,What is the value associated with key B5092C988BCA? Return only the value.,8622.784512,['8FDDF7FF88D4'],32
4096.0,27777.0,synthetic_kv_64k,8.622784512,,530031487DF8,147.456,27777.0,0.5249927321853036,62995,4095.885312,MB,58477.0,4.095885312,context_0000,What is the value associated with key E3BCB18D2C8C? Return only the value.,8622.784512,['9D1CEDC8CCA8'],32
4096.0,27777.0,synthetic_kv_64k,8.622784512,,7394843D5A8C,147.456,27777.0,0.5249927321853036,62995,4095.885312,MB,58477.0,4.095885312,context_0000,What is the value associated with key 5B58C9784B52? Return only the value.,8622.784512,['AA60392612E9'],32
4096.0,27777.0,synthetic_kv_64k,8.622784512,,60DD2CE3D822,147.456,27777.0,0.5249927321853036,62995,4095.885312,MB,58477.0,4.095885312,context_0000,What is the value associated with key D08096C56FE7? Return only the value.,8622.784512,['60DD2CE3D822'],32
4096.0,27777.0,synthetic_kv_64k,8.622784512,,30044444444444444444444444444444,147.456,27777.0,0.5249927321853036,62995,4095.885312,MB,58477.0,4.095885312,context_0000,What is the value associated with key BBE74E8BF78A? Return only the value.,8622.784512,['4B65B0416F19'],32
4096.0,27777.0,synthetic_kv_64k,8.622784512,,7394847FD9B4,147.456,27777.0,0.5249927321853036,62995,4095.885312,MB,58477.0,4.095885312,context_0000,What is the value associated with key 2D7E2099E71F? Return only the value.,8622.784512,['0075BA94AA66'],32
4096.0,27777.0,synthetic_kv_64k,8.622784512,,7A4A21D63B0F,147.456,27777.0,0.5249927321853036,62995,4095.885312,MB,58477.0,4.095885312,context_0000,What is the value associated with key B3B6F2E3C6F0? Return only the value.,8622.784512,['92A5F2DDE1F5'],32
4096.0,27777.0,synthetic_kv_64k,8.622784512,,827D38858C2E,147.456,27777.0,0.5249927321853036,62995,4095.885312,MB,58477.0,4.095885312,context_0000,What is the value associated with key D9CB643FFDAE? Return only the value.,8622.784512,['C555FE8956C8'],32
4096.0,27777.0,synthetic_kv_64k,8.622784512,,2E9C084A3C4B,147.456,27777.0,0.5249927321853036,62995,4095.885312,MB,58477.0,4.095885312,context_0000,What is the value associated with key 9146F7164B73? Return only the value.,8622.784512,['2E9C084A3C4B'],32
4096.0,27777.0,synthetic_kv_64k,8.622784512,,CF0DEBC92914,147.456,27777.0,0.5249927321853036,62995,4095.885312,MB,58477.0,4.095885312,context_0000,What is the value associated with key 51769A3624D6? Return only the value.,8622.784512,['CF0DEBC92914'],32
4096.0,27777.0,synthetic_kv_64k,8.622784512,,3E685845884C,147.456,27777.0,0.5249927321853036,62995,4095.885312,MB,58477.0,4.095885312,context_0000,What is the value associated with key 9C83F7B02805? Return only the value.,8622.784512,['A3BF388C9751'],32
4096.0,27777.0,synthetic_kv_64k,8.622784512,,7F05EFCAC577,147.456,27777.0,0.5249927321853036,62995,4095.885312,MB,58477.0,4.095885312,context_0000,What is the value associated with key 1AA690C7E6AC? Return only the value.,8622.784512,['7F05EFCAC577'],32
4096.0,27777.0,synthetic_kv_64k,8.622784512,,13EBBECED21A,147.456,27777.0,0.5249927321853036,62995,4095.885312,MB,58477.0,4.095885312,context_0000,What is the value associated with key 54C72401342A? Return only the value.,8622.784512,['13EBBECED21A'],32
4096.0,27777.0,synthetic_kv_64k,8.622784512,,574284845885,147.456,27777.0,0.5249927321853036,62995,4095.885312,MB,58477.0,4.095885312,context_0000,What is the value associated with key 58C83CED4D1F? Return only the value.,8622.784512,['51CBFB7D3BA1'],32
4096.0,27777.0,synthetic_kv_64k,8.622784512,,447D8848484C,147.456,27777.0,0.5249927321853036,62995,4095.885312,MB,58477.0,4.095885312,context_0000,What is the value associated with key A2DD2AFAAB7B? Return only the value.,8622.784512,['F68CE2A45909'],32
4096.0,27777.0,synthetic_kv_64k,8.622784512,,D26423F47A55,147.456,27777.0,0.5249927321853036,62995,4095.885312,MB,58477.0,4.095885312,context_0000,What is the value associated with key D25816B6BF61? Return only the value.,8622.784512,['AB86B57EC883'],32
4096.0,27777.0,synthetic_kv_64k,8.622784512,,444444444444,147.456,27777.0,0.5249927321853036,62995,4095.885312,MB,58477.0,4.095885312,context_0000,What is the value associated with key BAB2A39C3BD5? Return only the value.,8622.784512,['55F3E2FBB984'],32
4096.0,27777.0,synthetic_kv_64k,8.622784512,,0C47D8445C3C,147.456,27777.0,0.5249927321853036,62995,4095.885312,MB,58477.0,4.095885312,context_0000,What is the value associated with key 02EA725656E3? Return only the value.,8622.784512,['35AD43E4F668'],32
4096.0,27777.0,synthetic_kv_64k,8.622784512,,3A3E96F84FF7,147.456,27777.0,0.5249927321853036,62995,4095.885312,MB,58477.0,4.095885312,context_0000,What is the value associated with key B1733FE1E8F3? Return only the value.,8622.784512,['59B9115AFFAC'],32
4096.0,27777.0,synthetic_kv_64k,8.622784512,,B86D1BA827C6,147.456,27777.0,0.5249927321853036,62995,4095.885312,MB,58477.0,4.095885312,context_0000,What is the value associated with key C97A41B455B8? Return only the value.,8622.784512,['B86D1BA827C6'],32
4096.0,27777.0,synthetic_kv_64k,8.622784512,,0F12A18FF6B6,147.456,27777.0,0.5249927321853036,62995,4095.885312,MB,58477.0,4.095885312,context_0000,What is the value associated with key 0C530053F649? Return only the value.,8622.784512,['702F62CCC604'],32
4096.0,27777.0,synthetic_kv_64k,8.622784512,,2A95F8170EBF,147.456,27777.0,0.5249927321853036,62995,4095.885312,MB,58477.0,4.095885312,context_0000,What is the value associated with key 6B6EBB8AA843? Return only the value.,8622.784512,['2A95F8170EBF'],32
4096.0,27777.0,synthetic_kv_64k,8.622784512,,9F870B2C48E4,147.456,27777.0,0.5249927321853036,62995,4095.885312,MB,58477.0,4.095885312,context_0000,What is the value associated with key 69FDE271FFF9? Return only the value.,8622.784512,['E1BB7E3A9F07'],32
4096.0,27777.0,synthetic_kv_64k,8.622784512,,54308285488C,147.456,27777.0,0.5249927321853036,62995,4095.885312,MB,58477.0,4.095885312,context_0000,What is the value associated with key 59EA60F34EBC? Return only the value.,8622.784512,['60168BC83A02'],32
4096.0,27777.0,synthetic_kv_64k,8.622784512,,6B8444C07A9A,147.456,27777.0,0.5249927321853036,62995,4095.885312,MB,58477.0,4.095885312,context_0000,What is the value associated with key D42C19F738CB? Return only the value.,8622.784512,['C9EA7ABFCEBF'],32
4096.0,27777.0,synthetic_kv_64k,8.622784512,,31CDE3B16D36,147.456,27777.0,0.5249927321853036,62995,4095.885312,MB,58477.0,4.095885312,context_0000,What is the value associated with key 93FBDD326D9C? Return only the value.,8622.784512,['C21CA6A5F0FF'],32
4096.0,27777.0,synthetic_kv_64k,8.622784512,,CE9434EF2552,147.456,27777.0,0.5249927321853036,62995,4095.885312,MB,58477.0,4.095885312,context_0000,What is the value associated with key 39BFAFE9BE90? Return only the value.,8622.784512,['738729A3DB6D'],32
4096.0,27777.0,synthetic_kv_64k,8.622784512,,50484545454545454545454545454545,147.456,27777.0,0.5249927321853036,62995,4095.885312,MB,58477.0,4.095885312,context_0000,What is the value associated with key CC9812DE9E5A? Return only the value.,8622.784512,['088DD883E3F8'],32
4096.0,27777.0,synthetic_kv_64k,8.622784512,,0BC53E9AEC86,147.456,27777.0,0.5249927321853036,62995,4095.885312,MB,58477.0,4.095885312,context_0000,What is the value associated with key 05234B7F2183? Return only the value.,8622.784512,['42D951976E75'],32
4096.0,27777.0,synthetic_kv_64k,8.622784512,,578012FECC2B,147.456,27777.0,0.5249927321853036,62995,4095.885312,MB,58477.0,4.095885312,context_0000,What is the value associated with key 1ACFF3A02120? Return only the value.,8622.784512,['578012FECC2B'],32
4096.0,27777.0,synthetic_kv_64k,8.622784512,,2931601E0211,147.456,27777.0,0.5249927321853036,62995,4095.885312,MB,58477.0,4.095885312,context_0000,What is the value associated with key E34F2B8C03BF? Return only the value.,8622.784512,['2931601E0211'],32
4096.0,27777.0,synthetic_kv_64k,8.622784512,,504888888888,147.456,27777.0,0.5249927321853036,62995,4095.885312,MB,58477.0,4.095885312,context_0000,What is the value associated with key 1333BB635FF5? Return only the value.,8622.784512,['F11C8C0B393A'],32
4096.0,27777.0,synthetic_kv_64k,8.622784512,,738048554845,147.456,27777.0,0.5249927321853036,62995,4095.885312,MB,58477.0,4.095885312,context_0000,What is the value associated with key FA60E5EB772D? Return only the value.,8622.784512,['568317D5B563'],32
4096.0,27777.0,synthetic_kv_64k,8.622784512,,8C354ABF6F5C,147.456,27777.0,0.5249927321853036,62995,4095.885312,MB,58477.0,4.095885312,context_0000,What is the value associated with key FC3B981262AC? Return only the value.,8622.784512,['E4AA9D17D218'],32
4096.0,27777.0,synthetic_kv_64k,8.622784512,,6E4C6D234E6C,147.456,27777.0,0.5249927321853036,62995,4095.885312,MB,58477.0,4.095885312,context_0000,What is the value associated with key B45A7B94A34D? Return only the value.,8622.784512,['6E6B07EF2BA8'],32
4096.0,27777.0,synthetic_kv_64k,8.622784512,,9E4524D38751,147.456,27777.0,0.5249927321853036,62995,4095.885312,MB,58477.0,4.095885312,context_0000,What is the value associated with key A754F143E545? Return only the value.,8622.784512,['9B792A3D418D'],32
4096.0,27777.0,synthetic_kv_64k,8.622784512,,FC9A6365C751,147.456,27777.0,0.5249927321853036,62995,4095.885312,MB,58477.0,4.095885312,context_0000,What is the value associated with key 6F27E3C6DEDB? Return only the value.,8622.784512,['0DB52837F418'],32
4096.0,27777.0,synthetic_kv_64k,8.622784512,,96A9DC33E1F9,147.456,27777.0,0.5249927321853036,62995,4095.885312,MB,58477.0,4.095885312,context_0000,What is the value associated with key 54C219EC0829? Return only the value.,8622.784512,['F972349EF4A9'],32
4096.0,27777.0,synthetic_kv_64k,8.622784512,,8DDAB27B7BB4,147.456,27777.0,0.5249927321853036,62995,4095.885312,MB,58477.0,4.095885312,context_0000,What is the value associated with key 68C630A2CEE8? Return only the value.,8622.784512,['8DDAB27B7BB4'],32
4096.0,27777.0,synthetic_kv_64k,8.622784512,,51F14884444C,147.456,27777.0,0.5249927321853036,62995,4095.885312,MB,58477.0,4.095885312,context_0000,What is the value associated with key ECF2B8D77D2F? Return only the value.,8622.784512,['8A45BADF9397'],32
4096.0,27777.0,synthetic_kv_64k,8.622784512,,849434EF2552,147.456,27777.0,0.5249927321853036,62995,4095.885312,MB,58477.0,4.095885312,context_0000,What is the value associated with key A91C43E8644B? Return only the value.,8622.784512,['4C224811E562'],32
4096.0,27777.0,synthetic_kv_64k,8.622784512,,7F9ADB496E6D,147.456,27777.0,0.5249927321853036,62995,4095.885312,MB,58477.0,4.095885312,context_0000,What is the value associated with key 188D3CCFF6EB? Return only the value.,8622.784512,['64950CB4E891'],32
4096.0,27777.0,synthetic_kv_64k,8.622784512,,C777613758C3,147.456,27777.0,0.5249927321853036,62995,4095.885312,MB,58477.0,4.095885312,context_0000,What is the value associated with key 8CB6925F8199? Return only the value.,8622.784512,['7DAED700B461'],32
4096.0,27777.0,synthetic_kv_64k,8.622784512,,48602996884D,147.456,27777.0,0.5249927321853036,62995,4095.885312,MB,58477.0,4.095885312,context_0000,What is the value associated with key 0DF42751AB86? Return only the value.,8622.784512,['00FA5C5F48D4'],32
4096.0,27777.0,synthetic_kv_64k,8.622784512,,7B8744444444,147.456,27777.0,0.5249927321853036,62995,4095.885312,MB,58477.0,4.095885312,context_0000,What is the value associated with key 166E6D779595? Return only the value.,8622.784512,['D2EA4B6797A1'],32
4096.0,27777.0,synthetic_kv_64k,8.622784512,,5F98A65E688E,147.456,27777.0,0.5249927321853036,62995,4095.885312,MB,58477.0,4.095885312,context_0000,What is the value associated with key A005A97A2846? Return only the value.,8622.784512,['7AF699A7B99B'],32
4096.0,27777.0,synthetic_kv_64k,8.622784512,,5139A6309E6C,147.456,27777.0,0.5249927321853036,62995,4095.885312,MB,58477.0,4.095885312,context_0000,What is the value associated with key 18D4331DE35C? Return only the value.,8622.784512,['34FA06969D48'],32
4096.0,27777.0,synthetic_kv_64k,8.622784512,,5F98A65E688E,147.456,27777.0,0.5249927321853036,62995,4095.885312,MB,58477.0,4.095885312,context_0000,What is the value associated with key A3602BBBA89D? Return only the value.,8622.784512,['FA204AB427E3'],32
4096.0,27777.0,synthetic_kv_64k,8.622784512,,1D91D801403A,147.456,27777.0,0.5249927321853036,62995,4095.885312,MB,58477.0,4.095885312,context_0000,What is the value associated with key 793B14F9C394? Return only the value.,8622.784512,['1D91D8014004'],32
4096.0,27777.0,synthetic_kv_64k,8.622784512,,57F1D54E7948,147.456,27777.0,0.5249927321853036,62995,4095.885312,MB,58477.0,4.095885312,context_0000,What is the value associated with key C8ED4EF03F80? Return only the value.,8622.784512,['788F65C06B93'],32
4096.0,27777.0,synthetic_kv_64k,8.622784512,,43D7A939EBD1,147.456,27777.0,0.5249927321853036,62995,4095.885312,MB,58477.0,4.095885312,context_0000,What is the value associated with key E5167D3572CC? Return only the value.,8622.784512,['43D7A939EBD1'],32
4096.0,27777.0,synthetic_kv_64k,8.622784512,,63348B4BD7E7,147.456,27777.0,0.5249927321853036,62995,4095.885312,MB,58477.0,4.095885312,context_0000,What is the value associated with key A4511754BF08? Return only the value.,8622.784512,['63348B4BD7E7'],32
4096.0,27777.0,synthetic_kv_64k,8.622784512,,9899D40E53CE,147.456,27777.0,0.5249927321853036,62995,4095.885312,MB,58477.0,4.095885312,context_0000,What is the value associated with key 5EFB2F546033? Return only the value.,8622.784512,['61A6E2AFA629'],32
4096.0,27777.0,synthetic_kv_64k,8.622784512,,48609E868C4A,147.456,27777.0,0.5249927321853036,62995,4095.885312,MB,58477.0,4.095885312,context_0000,What is the value associated with key 2FC35E911B91? Return only the value.,8622.784512,['0B6C721E5419'],32
4096.0,27777.0,synthetic_kv_64k,8.622784512,,436E770E09DB,147.456,27777.0,0.5249927321853036,62995,4095.885312,MB,58477.0,4.095885312,context_0000,What is the value associated with key 709243675D58? Return only the value.,8622.784512,['436E770E09DB'],32
4096.0,27777.0,synthetic_kv_64k,8.622784512,,711877097749,147.456,27777.0,0.5249927321853036,62995,4095.885312,MB,58477.0,4.095885312,context_0000,What is the value associated with key D64A39EB038A? Return only the value.,8622.784512,['907244C07A9A'],32
4096.0,27777.0,synthetic_kv_64k,8.622784512,,B24BC0927B74,147.456,27777.0,0.5249927321853036,62995,4095.885312,MB,58477.0,4.095885312,context_0000,What is the value associated with key 26B00FC79913? Return only the value.,8622.784512,['B24BC0927B74'],32
4096.0,27777.0,synthetic_kv_64k,8.622784512,,EA0B15F0EA19,147.456,27777.0,0.5249927321853036,62995,4095.885312,MB,58477.0,4.095885312,context_0000,What is the value associated with key 18C1AADF3692? Return only the value.,8622.784512,['AB0B15F0EA19'],32
4096.0,27777.0,synthetic_kv_64k,8.622784512,,23D2AE46228C,147.456,27777.0,0.5249927321853036,62995,4095.885312,MB,58477.0,4.095885312,context_0000,What is the value associated with key CEE45802B640? Return only the value.,8622.784512,['69FB8A9C66F7'],32
4096.0,27777.0,synthetic_kv_64k,8.622784512,,37900445444C,147.456,27777.0,0.5249927321853036,62995,4095.885312,MB,58477.0,4.095885312,context_0000,What is the value associated with key C1A7F8802878? Return only the value.,8622.784512,['3A3E96F84FF7'],32
4096.0,27777.0,synthetic_kv_64k,8.622784512,,5C70FCA454E4,147.456,27777.0,0.5249927321853036,62995,4095.885312,MB,58477.0,4.095885312,context_0000,What is the value associated with key 0F9C8DB8DADF? Return only the value.,8622.784512,['6319D73E7BB9'],32
4096.0,27777.0,synthetic_kv_64k,8.622784512,,F7336B2B78B9,147.456,27777.0,0.5249927321853036,62995,4095.885312,MB,58477.0,4.095885312,context_0000,What is the value associated with key 85C7D183010F? Return only the value.,8622.784512,['F7336B2B78B9'],32
4096.0,27777.0,synthetic_kv_64k,8.622784512,,5C17093B4D72,147.456,27777.0,0.5249927321853036,62995,4095.885312,MB,58477.0,4.095885312,context_0000,What is the value associated with key AFE3891778E8? Return only the value.,8622.784512,['EFB5DDECC40B'],32
4096.0,27777.0,synthetic_kv_64k,8.622784512,,7B4D58E0058F,147.456,27777.0,0.5249927321853036,62995,4095.885312,MB,58477.0,4.095885312,context_0000,What is the value associated with key 929D798E175F? Return only the value.,8622.784512,['3C53E1B41171'],32
4096.0,27777.0,synthetic_kv_64k,8.622784512,,6511143665F5,147.456,27777.0,0.5249927321853036,62995,4095.885312,MB,58477.0,4.095885312,context_0000,What is the value associated with key 4C8179EC533C? Return only the value.,8622.784512,['6511143665F5'],32
4096.0,27777.0,synthetic_kv_64k,8.622784512,,39EE46C937E0,147.456,27777.0,0.5249927321853036,62995,4095.885312,MB,58477.0,4.095885312,context_0000,What is the value associated with key DA9BE71C681A? Return only the value.,8622.784512,['08E3B6DCBD05'],32
4096.0,27777.0,synthetic_kv_64k,8.622784512,,849434EF2552,147.456,27777.0,0.5249927321853036,62995,4095.885312,MB,58477.0,4.095885312,context_0000,What is the value associated with key 923B8089B8C5? Return only the value.,8622.784512,['844EE684390C'],32
4096.0,27777.0,synthetic_kv_64k,8.622784512,,ED95AD72ED05,147.456,27777.0,0.5249927321853036,62995,4095.885312,MB,58477.0,4.095885312,context_0000,What is the value associated with key 924CCCEA5031? Return only the value.,8622.784512,['FB95AD72ED05'],32
4096.0,27777.0,synthetic_kv_64k,8.622784512,,F3021ECACAE9,147.456,27777.0,0.5249927321853036,62995,4095.885312,MB,58477.0,4.095885312,context_0000,What is the value associated with key 25BF9ECA381B? Return only the value.,8622.784512,['F3021ECACAE9'],32
4096.0,27777.0,synthetic_kv_64k,8.622784512,,506448548484,147.456,27777.0,0.5249927321853036,62995,4095.885312,MB,58477.0,4.095885312,context_0000,What is the value associated with key 72F4C1D71F4A? Return only the value.,8622.784512,['F2F52C41CBD3'],32
4096.0,27777.0,synthetic_kv_64k,8.622784512,,7A6ED9C59CD9,147.456,27777.0,0.5249927321853036,62995,4095.885312,MB,58477.0,4.095885312,context_0000,What is the value associated with key 2ACBFBFF8A7D? Return only the value.,8622.784512,['363EF8DFCC3A'],32
4096.0,27777.0,synthetic_kv_64k,8.622784512,,0AEC204DB9DA,147.456,27777.0,0.5249927321853036,62995,4095.885312,MB,58477.0,4.095885312,context_0000,What is the value associated with key 3156CEF74829? Return only the value.,8622.784512,['0AEC204DB9DA'],32
4096.0,27777.0,synthetic_kv_64k,8.622784512,,AEE1FCFFE9E3,147.456,27777.0,0.5249927321853036,62995,4095.885312,MB,58477.0,4.095885312,context_0000,What is the value associated with key 140F6C624C2C? Return only the value.,8622.784512,['AEE1FCFFE9E3'],32
4096.0,27777.0,synthetic_kv_64k,8.622784512,,3E47C51C91F4,147.456,27777.0,0.5249927321853036,62995,4095.885312,MB,58477.0,4.095885312,context_0000,What is the value associated with key 33B06F75EE8A? Return only the value.,8622.784512,['D293FF4D0930'],32
4096.0,27777.0,synthetic_kv_64k,8.622784512,,5048BF10D33E,147.456,27777.0,0.5249927321853036,62995,4095.885312,MB,58477.0,4.095885312,context_0000,What is the value associated with key 25DBA091E5B4? Return only the value.,8622.784512,['9855D5881C1C'],32
4096.0,27777.0,synthetic_kv_64k,8.622784512,,77E8BB7EB979,147.456,27777.0,0.5249927321853036,62995,4095.885312,MB,58477.0,4.095885312,context_0000,What is the value associated with key 51DB4204D733? Return only the value.,8622.784512,['BA23E92A7B97'],32
4096.0,27777.0,synthetic_kv_64k,8.622784512,,364748448584,147.456,27777.0,0.5249927321853036,62995,4095.885312,MB,58477.0,4.095885312,context_0000,What is the value associated with key CEAEEA074D80? Return only the value.,8622.784512,['16471127B207'],32
4096.0,27777.0,synthetic_kv_64k,8.622784512,,744585448485,147.456,27777.0,0.5249927321853036,62995,4095.885312,MB,58477.0,4.095885312,context_0000,What is the value associated with key 8E6D635A775D? Return only the value.,8622.784512,['8D5365B90E94'],32
4096.0,27777.0,synthetic_kv_64k,8.622784512,,5854DE67A278,147.456,27777.0,0.5249927321853036,62995,4095.885312,MB,58477.0,4.095885312,context_0000,What is the value associated with key DB4B537D0BD1? Return only the value.,8622.784512,['850A46B518DE'],32
4096.0,27777.0,synthetic_kv_64k,8.622784512,,9CA45D9AD9F1,147.456,27777.0,0.5249927321853036,62995,4095.885312,MB,58477.0,4.095885312,context_0000,What is the value associated with key EACB7549C9F9? Return only the value.,8622.784512,['032ADF9B7C1F'],32
4096.0,27777.0,synthetic_kv_64k,8.622784512,,A4943624848C,147.456,27777.0,0.5249927321853036,62995,4095.885312,MB,58477.0,4.095885312,context_0000,What is the value associated with key B34EC95B61F8? Return only the value.,8622.784512,['966B9F80B96B'],32
4096.0,27777.0,synthetic_kv_64k,8.622784512,,8A2D8C3D927D,147.456,27777.0,0.5249927321853036,62995,4095.885312,MB,58477.0,4.095885312,context_0000,What is the value associated with key C81C85C69FBF? Return only the value.,8622.784512,['1CCE6B6A8061'],32
4096.0,27777.0,synthetic_kv_64k,8.622784512,,910C25F06B0A,147.456,27777.0,0.5249927321853036,62995,4095.885312,MB,58477.0,4.095885312,context_0000,What is the value associated with key 264E6A18E5AF? Return only the value.,8622.784512,['910C25F06B0A'],32
4096.0,27777.0,synthetic_kv_64k,8.622784512,,D9170AD1C18C,147.456,27777.0,0.5249927321853036,62995,4095.885312,MB,58477.0,4.095885312,context_0000,What is the value associated with key 952A9682D9FF? Return only the value.,8622.784512,['F6FFC2250530'],32
4096.0,27777.0,synthetic_kv_64k,8.622784512,,47312484484C,147.456,27777.0,0.5249927321853036,62995,4095.885312,MB,58477.0,4.095885312,context_0000,What is the value associated with key 19A6F08CE6C2? Return only the value.,8622.784512,['1B0AECC817A6'],32
4096.0,27777.0,synthetic_kv_64k,8.622784512,,C80C8B6524AF,147.456,27777.0,0.5249927321853036,62995,4095.885312,MB,58477.0,4.095885312,context_0000,What is the value associated with key C790900C0AF7? Return only the value.,8622.784512,['C92619DA8262'],32
4096.0,27777.0,synthetic_kv_64k,8.622784512,,E150891F4683,147.456,27777.0,0.5249927321853036,62995,4095.885312,MB,58477.0,4.095885312,context_0000,What is the value associated with key DE12493D6196? Return only the value.,8622.784512,['E150891F4683'],32
4096.0,27777.0,synthetic_kv_64k,8.622784512,,6C21D8E8B97C,147.456,27777.0,0.5249927321853036,62995,4095.885312,MB,58477.0,4.095885312,context_0000,What is the value associated with key E0BD5807CF74? Return only the value.,8622.784512,['439E693016EA'],32
4096.0,27777.0,synthetic_kv_64k,8.622784512,,92707C4F48E4,147.456,27777.0,0.5249927321853036,62995,4095.885312,MB,58477.0,4.095885312,context_0000,What is the value associated with key A7A0620F230B? Return only the value.,8622.784512,['92707C4F48E4'],32
4096.0,27777.0,synthetic_kv_64k,8.622784512,,12FCA4704D4A,147.456,27777.0,0.5249927321853036,62995,4095.885312,MB,58477.0,4.095885312,context_0000,What is the value associated with key 79199BE4F19F? Return only the value.,8622.784512,['2C15099759A3'],32
4096.0,27777.0,synthetic_kv_64k,8.622784512,,46E1DE67A091,147.456,27777.0,0.5249927321853036,62995,4095.885312,MB,58477.0,4.095885312,context_0000,What is the value associated with key 672946818A88? Return only the value.,8622.784512,['9E4524D38751'],32
4096.0,27777.0,synthetic_kv_64k,8.622784512,,8891DD3F487E,147.456,27777.0,0.5249927321853036,62995,4095.885312,MB,58477.0,4.095885312,context_0000,What is the value associated with key AE499BD0D4C7? Return only the value.,8622.784512,['66D7B193C8B8'],32
4096.0,27777.0,synthetic_kv_64k,8.622784512,,77474747474747474747474747474747,147.456,27777.0,0.5249927321853036,62995,4095.885312,MB,58477.0,4.095885312,context_0000,What is the value associated with key 655209EDA6F5? Return only the value.,8622.784512,['E103E3BB22AE'],32
4096.0,27777.0,synthetic_kv_64k,8.622784512,,C35A5C7AF83D,147.456,27777.0,0.5249927321853036,62995,4095.885312,MB,58477.0,4.095885312,context_0000,What is the value associated with key B0C554DCCBA5? Return only the value.,8622.784512,['0C9E3CD1FF3F'],32
4096.0,27777.0,synthetic_kv_64k,8.622784512,,7B8645485414,147.456,27777.0,0.5249927321853036,62995,4095.885312,MB,58477.0,4.095885312,context_0000,What is the value associated with key 79A7BEE975DA? Return only the value.,8622.784512,['44C1EBBBD763'],32
4096.0,27777.0,synthetic_kv_64k,8.622784512,,4B4EF8722413,147.456,27777.0,0.5249927321853036,62995,4095.885312,MB,58477.0,4.095885312,context_0000,What is the value associated with key 5F58E5A3D8E9? Return only the value.,8622.784512,['567E052DFB9A'],32
4096.0,27777.0,synthetic_kv_64k,8.622784512,,8DB7EF7DB821,147.456,27777.0,0.5249927321853036,62995,4095.885312,MB,58477.0,4.095885312,context_0000,What is the value associated with key CB2CD1403430? Return only the value.,8622.784512,['4F9A4D950273'],32
4096.0,27777.0,synthetic_kv_64k,8.622784512,,DBB57DDAC1B6,147.456,27777.0,0.5249927321853036,62995,4095.885312,MB,58477.0,4.095885312,context_0000,What is the value associated with key D7C447C4CC51? Return only the value.,8622.784512,['DBB57DDAC1B6'],32
4096.0,27777.0,synthetic_kv_64k,8.622784512,,8C17093B4D72,147.456,27777.0,0.5249927321853036,62995,4095.885312,MB,58477.0,4.095885312,context_0000,What is the value associated with key AF52B23909F4? Return only the value.,8622.784512,['F8F51924C644'],32
4096.0,27777.0,synthetic_kv_64k,8.622784512,,7B8727E62413,147.456,27777.0,0.5249927321853036,62995,4095.885312,MB,58477.0,4.095885312,context_0000,What is the value associated with key 3A5BDE703B72? Return only the value.,8622.784512,['4CEC226716E3'],32
4096.0,27777.0,synthetic_kv_64k,8.622784512,,8F22D46B775E,147.456,27777.0,0.5249927321853036,62995,4095.885312,MB,58477.0,4.095885312,context_0000,What is the value associated with key BE64F96671A5? Return only the value.,8622.784512,['C626716FB276'],32
4096.0,27777.0,synthetic_kv_64k,8.622784512,,8B0E93806E4A,147.456,27777.0,0.5249927321853036,62995,4095.885312,MB,58477.0,4.095885312,context_0000,What is the value associated with key 5224D3692867? Return only the value.,8622.784512,['BA9244F8B53C'],32
4096.0,27777.0,synthetic_kv_64k,8.622784512,,DC4364CAA1C7,147.456,27777.0,0.5249927321853036,62995,4095.885312,MB,58477.0,4.095885312,context_0000,What is the value associated with key 9ADF6AB19E15? Return only the value.,8622.784512,['16DBA543148E'],32
4096.0,27777.0,synthetic_kv_64k,8.622784512,,B9D6361D4B43,147.456,27777.0,0.5249927321853036,62995,4095.885312,MB,58477.0,4.095885312,context_0000,What is the value associated with key 7114301C8DB3? Return only the value.,8622.784512,['E9D6361DB014'],32
4096.0,27777.0,synthetic_kv_64k,8.622784512,,4BE30B39DCCF,147.456,27777.0,0.5249927321853036,62995,4095.885312,MB,58477.0,4.095885312,context_0000,What is the value associated with key 683CD2EFA93B? Return only the value.,8622.784512,['7C05BDAE8EFF'],32
4096.0,27777.0,synthetic_kv_64k,8.622784512,,5FB8DE0018AA,147.456,27777.0,0.5249927321853036,62995,4095.885312,MB,58477.0,4.095885312,context_0000,What is the value associated with key 8439C26E2706? Return only the value.,8622.784512,['5FB8DE0018AA'],32
4096.0,27777.0,synthetic_kv_64k,8.622784512,,702BADAB2C2F,147.456,27777.0,0.5249927321853036,62995,4095.885312,MB,58477.0,4.095885312,context_0000,What is the value associated with key 0E63D22E3226? Return only the value.,8622.784512,['CA9F83E8B700'],32
4096.0,27777.0,synthetic_kv_64k,8.622784512,,50BF9EE4FA9C,147.456,27777.0,0.5249927321853036,62995,4095.885312,MB,58477.0,4.095885312,context_0000,What is the value associated with key 10CC28B26B1B? Return only the value.,8622.784512,['B5A64FA5C35E'],32
4096.0,27777.0,synthetic_kv_64k,8.622784512,,487944844444,147.456,27777.0,0.5249927321853036,62995,4095.885312,MB,58477.0,4.095885312,context_0000,What is the value associated with key 674481BD55D5? Return only the value.,8622.784512,['C7CF22B9F24C'],32
4096.0,27777.0,synthetic_kv_64k,8.622784512,,4654DE67A278,147.456,27777.0,0.5249927321853036,62995,4095.885312,MB,58477.0,4.095885312,context_0000,What is the value associated with key 8637D9EE7DC9? Return only the value.,8622.784512,['9194E11BF0D4'],32
4096.0,27777.0,synthetic_kv_64k,8.622784512,,CB930C3458D2,147.456,27777.0,0.5249927321853036,62995,4095.885312,MB,58477.0,4.095885312,context_0000,What is the value associated with key 2C7A07692583? Return only the value.,8622.784512,['E00B3158F1FB'],32
4096.0,27777.0,synthetic_kv_64k,8.622784512,,892084399ED9,147.456,27777.0,0.5249927321853036,62995,4095.885312,MB,58477.0,4.095885312,context_0000,What is the value associated with key 3362D53AE57F? Return only the value.,8622.784512,['0EC0D6441A9D'],32
4096.0,27777.0,synthetic_kv_64k,8.622784512,,35AF8430F08A,147.456,27777.0,0.5249927321853036,62995,4095.885312,MB,58477.0,4.095885312,context_0000,What is the value associated with key 08773FDE9814? Return only the value.,8622.784512,['0CF174D9D1F5'],32
4096.0,27777.0,synthetic_kv_64k,8.622784512,,81C60CE3C8C8,147.456,27777.0,0.5249927321853036,62995,4095.885312,MB,58477.0,4.095885312,context_0000,What is the value associated with key 5C41EB04159C? Return only the value.,8622.784512,['32F8B462E3E8'],32
4096.0,27777.0,synthetic_kv_64k,8.622784512,,4B4EF8722413,147.456,27777.0,0.5249927321853036,62995,4095.885312,MB,58477.0,4.095885312,context_0000,What is the value associated with key 5E4C462363A9? Return only the value.,8622.784512,['76D7D2D14EF5'],32
4096.0,27777.0,synthetic_kv_64k,8.622784512,,A8C85434484E,147.456,27777.0,0.5249927321853036,62995,4095.885312,MB,58477.0,4.095885312,context_0000,What is the value associated with key 659E814FF657? Return only the value.,8622.784512,['EC4EA2AA378C'],32
4096.0,27777.0,synthetic_kv_64k,8.622784512,,0C8854A27051,147.456,27777.0,0.5249927321853036,62995,4095.885312,MB,58477.0,4.095885312,context_0000,What is the value associated with key AE611FB621AE? Return only the value.,8622.784512,['3DEF07D2FD4D'],32
4096.0,27777.0,synthetic_kv_64k,8.622784512,,403F4CCF0A4B,147.456,27777.0,0.5249927321853036,62995,4095.885312,MB,58477.0,4.095885312,context_0000,What is the value associated with key 7D215F59FB4D? Return only the value.,8622.784512,['723398133DA1'],32
4096.0,27777.0,synthetic_kv_64k,8.622784512,,54B53DAB1614,147.456,27777.0,0.5249927321853036,62995,4095.885312,MB,58477.0,4.095885312,context_0000,What is the value associated with key F5E42D761FFA? Return only the value.,8622.784512,['797EDED7D3EF'],32
4096.0,27777.0,synthetic_kv_64k,8.622784512,,58F4591CC524,147.456,27777.0,0.5249927321853036,62995,4095.885312,MB,58477.0,4.095885312,context_0000,What is the value associated with key 8D24963DC8BF? Return only the value.,8622.784512,['58205989DD6C'],32
4096.0,27777.0,synthetic_kv_64k,8.622784512,,4654DE67A278,147.456,27777.0,0.5249927321853036,62995,4095.885312,MB,58477.0,4.095885312,context_0000,What is the value associated with key D67029DC073E? Return only the value.,8622.784512,['4237E4FD6C34'],32
4096.0,27777.0,synthetic_kv_64k,8.622784512,,750A2CBFB769,147.456,27777.0,0.5249927321853036,62995,4095.885312,MB,58477.0,4.095885312,context_0000,What is the value associated with key D4B3BFBBEAB3? Return only the value.,8622.784512,['1723B0588256'],32
4096.0,27777.0,synthetic_kv_64k,8.622784512,,59E1F044C35A,147.456,27777.0,0.5249927321853036,62995,4095.885312,MB,58477.0,4.095885312,context_0000,What is the value associated with key 070648FA4E98? Return only the value.,8622.784512,['0CB562F5F7C2'],32
4096.0,27777.0,synthetic_kv_64k,8.622784512,,892084399ED9,147.456,27777.0,0.5249927321853036,62995,4095.885312,MB,58477.0,4.095885312,context_0000,What is the value associated with key DA9429B44CB1? Return only the value.,8622.784512,['C7A2927F8103'],32
4096.0,27777.0,synthetic_kv_64k,8.622784512,,FA9486444444,147.456,27777.0,0.5249927321853036,62995,4095.885312,MB,58477.0,4.095885312,context_0000,What is the value associated with key 36DDF704D72F? Return only the value.,8622.784512,['38AADB6BA39B'],32
4096.0,27777.0,synthetic_kv_64k,8.622784512,,50FF6EDABA8C,147.456,27777.0,0.5249927321853036,62995,4095.885312,MB,58477.0,4.095885312,context_0000,What is the value associated with key 39A0A5BAB050? Return only the value.,8622.784512,['34ECAD7D6F81'],32
4096.0,27777.0,synthetic_kv_64k,8.622784512,,420031487DF8,147.456,27777.0,0.5249927321853036,62995,4095.885312,MB,58477.0,4.095885312,context_0000,What is the value associated with key A6CE44E2A94B? Return only the value.,8622.784512,['836668D576B8'],32
4096.0,27777.0,synthetic_kv_64k,8.622784512,,5C623A3C563E,147.456,27777.0,0.5249927321853036,62995,4095.885312,MB,58477.0,4.095885312,context_0000,What is the value associated with key DD58052226B9? Return only the value.,8622.784512,['F796C7C1FB1B'],32
4096.0,27777.0,synthetic_kv_64k,8.622784512,,88A638E6843E,147.456,27777.0,0.5249927321853036,62995,4095.885312,MB,58477.0,4.095885312,context_0000,What is the value associated with key AEA4C47FA57E? Return only the value.,8622.784512,['795E02472360'],32
4096.0,27777.0,synthetic_kv_64k,8.622784512,,57F43487926C,147.456,27777.0,0.5249927321853036,62995,4095.885312,MB,58477.0,4.095885312,context_0000,What is the value associated with key 21DFE959137F? Return only the value.,8622.784512,['2C56A5BA2472'],32
4096.0,27777.0,synthetic_kv_64k,8.622784512,,20D493A05478,147.456,27777.0,0.5249927321853036,62995,4095.885312,MB,58477.0,4.095885312,context_0000,What is the value associated with key CD0599E4704C? Return only the value.,8622.784512,['3948022AADDA'],32
4096.0,27777.0,synthetic_kv_64k,8.622784512,,F168CE1A1669,147.456,27777.0,0.5249927321853036,62995,4095.885312,MB,58477.0,4.095885312,context_0000,What is the value associated with key 9BBC409CA8F2? Return only the value.,8622.784512,['F168CE1A1669'],32
4096.0,27777.0,synthetic_kv_64k,8.622784512,,8EB78F73198E,147.456,27777.0,0.5249927321853036,62995,4095.885312,MB,58477.0,4.095885312,context_0000,What is the value associated with key B6764E329B4B? Return only the value.,8622.784512,['B599F78EE9E8'],32
4096.0,27777.0,synthetic_kv_64k,8.622784512,,43A58E7D3F1B,147.456,27777.0,0.5249927321853036,62995,4095.885312,MB,58477.0,4.095885312,context_0000,What is the value associated with key 467FA48AA108? Return only the value.,8622.784512,['E53E6C7E9A2C'],32
4096.0,27777.0,synthetic_kv_64k,8.622784512,,54232894584A,147.456,27777.0,0.5249927321853036,62995,4095.885312,MB,58477.0,4.095885312,context_0000,What is the value associated with key DA016060B1EB? Return only the value.,8622.784512,['758059450186'],32
4096.0,27777.0,synthetic_kv_64k,8.622784512,,4D597779402C,147.456,27777.0,0.5249927321853036,62995,4095.885312,MB,58477.0,4.095885312,context_0000,What is the value associated with key 37DC4082FCDA? Return only the value.,8622.784512,['4D597779857F'],32
4096.0,27777.0,synthetic_kv_64k,8.622784512,,90CEE9A53368,147.456,27777.0,0.5249927321853036,62995,4095.885312,MB,58477.0,4.095885312,context_0000,What is the value associated with key 8548AD5CBA24? Return only the value.,8622.784512,['9FA4D30608BE'],32
4096.0,27777.0,synthetic_kv_64k,8.622784512,,9CA45D9AD9F1,147.456,27777.0,0.5249927321853036,62995,4095.885312,MB,58477.0,4.095885312,context_0000,What is the value associated with key 95A065ABC9FF? Return only the value.,8622.784512,['01E11A312044'],32
4096.0,27777.0,synthetic_kv_64k,8.622784512,,DA74627B41A1,147.456,27777.0,0.5249927321853036,62995,4095.885312,MB,58477.0,4.095885312,context_0000,What is the value associated with key FFDA82F29004? Return only the value.,8622.784512,['F76BA9902071'],32
4096.0,27777.0,synthetic_kv_64k,8.622784512,,57D59C3444E3,147.456,27777.0,0.5249927321853036,62995,4095.885312,MB,58477.0,4.095885312,context_0000,What is the value associated with key D6E1D7E174E6? Return only the value.,8622.784512,['8FBB5FCD859E'],32
4096.0,27777.0,synthetic_kv_64k,8.622784512,,925D9BEAB529,147.456,27777.0,0.5249927321853036,62995,4095.885312,MB,58477.0,4.095885312,context_0000,What is the value associated with key 9801A5B83693? Return only the value.,8622.784512,['485D9BEAB529'],32
4096.0,27777.0,synthetic_kv_64k,8.622784512,,574248548885,147.456,27777.0,0.5249927321853036,62995,4095.885312,MB,58477.0,4.095885312,context_0000,What is the value associated with key AF354C68EB17? Return only the value.,8622.784512,['7B531BACBD0D'],32
4096.0,27777.0,synthetic_kv_64k,8.622784512,,46C7FD053963,147.456,27777.0,0.5249927321853036,62995,4095.885312,MB,58477.0,4.095885312,context_0000,What is the value associated with key 56161057A002? Return only the value.,8622.784512,['46C7FD053963'],32
4096.0,27777.0,synthetic_kv_64k,8.622784512,,46E1DC8AB6A7,147.456,27777.0,0.5249927321853036,62995,4095.885312,MB,58477.0,4.095885312,context_0000,What is the value associated with key 533CA3FE0479? Return only the value.,8622.784512,['46E1DC8AB6A7'],32
4096.0,27777.0,synthetic_kv_64k,8.622784512,,54232BA6B158,147.456,27777.0,0.5249927321853036,62995,4095.885312,MB,58477.0,4.095885312,context_0000,What is the value associated with key A7F742DA8609? Return only the value.,8622.784512,['F3C2B60A3DCC'],32
4096.0,27777.0,synthetic_kv_64k,8.622784512,,4C4D24E2226C,147.456,27777.0,0.5249927321853036,62995,4095.885312,MB,58477.0,4.095885312,context_0000,What is the value associated with key A6C6E4729BE5? Return only the value.,8622.784512,['30384C7D9313'],32
4096.0,27777.0,synthetic_kv_64k,8.622784512,,3D84C3F62136,147.456,27777.0,0.5249927321853036,62995,4095.885312,MB,58477.0,4.095885312,context_0000,What is the value associated with key 846D2661C426? Return only the value.,8622.784512,['3D84C3F62136'],32
4096.0,27777.0,synthetic_kv_64k,8.622784512,,0F441963504C,147.456,27777.0,0.5249927321853036,62995,4095.885312,MB,58477.0,4.095885312,context_0000,What is the value associated with key 0E88E651E3E1? Return only the value.,8622.784512,['DB79CE30A61D'],32
4096.0,27777.0,synthetic_kv_64k,8.622784512,,C9213F05557C,147.456,27777.0,0.5249927321853036,62995,4095.885312,MB,58477.0,4.095885312,context_0000,What is the value associated with key CF5ECD67B5DF? Return only the value.,8622.784512,['6772999BC859'],32
4096.0,27777.0,synthetic_kv_64k,8.622784512,,3B2D843E644D,147.456,27777.0,0.5249927321853036,62995,4095.885312,MB,58477.0,4.095885312,context_0000,What is the value associated with key 51D0A91883FC? Return only the value.,8622.784512,['23D2AE46024D'],32
4096.0,27777.0,synthetic_kv_64k,8.622784512,,46E15845848C,147.456,27777.0,0.5249927321853036,62995,4095.885312,MB,58477.0,4.095885312,context_0000,What is the value associated with key 0684B8A60402? Return only the value.,8622.784512,['7F53A7C854E4'],32
4096.0,27777.0,synthetic_kv_64k,8.622784512,,5F322ABE1585,147.456,27777.0,0.5249927321853036,62995,4095.885312,MB,58477.0,4.095885312,context_0000,What is the value associated with key 4BACFF5A229E? Return only the value.,8622.784512,['E82B4269C28C'],32
4096.0,27777.0,synthetic_kv_64k,8.622784512,,000000000000,147.456,27777.0,0.5249927321853036,62995,4095.885312,MB,58477.0,4.095885312,context_0000,What is the value associated with key 67936B271EFF? Return only the value.,8622.784512,['BC9A6365FC2A'],32
4096.0,27777.0,synthetic_kv_64k,8.622784512,,77E89D35398C,147.456,27777.0,0.5249927321853036,62995,4095.885312,MB,58477.0,4.095885312,context_0000,What is the value associated with key 9541090AAA93? Return only the value.,8622.784512,['FEA8B54401CB'],32
4096.0,27777.0,synthetic_kv_64k,8.622784512,,7B7444444444,147.456,27777.0,0.5249927321853036,62995,4095.885312,MB,58477.0,4.095885312,context_0000,What is the value associated with key D0E692715F6E? Return only the value.,8622.784512,['57D9309E47BA'],32
4096.0,27777.0,synthetic_kv_64k,8.622784512,,38E516DC5A6E,147.456,27777.0,0.5249927321853036,62995,4095.885312,MB,58477.0,4.095885312,context_0000,What is the value associated with key B69FB9FF2C29? Return only the value.,8622.784512,['AFB238ECCB4D'],32
4096.0,27777.0,synthetic_kv_64k,8.622784512,,79C9C8EF0377,147.456,27777.0,0.5249927321853036,62995,4095.885312,MB,58477.0,4.095885312,context_0000,What is the value associated with key A36888DDD880? Return only the value.,8622.784512,['79C9C8EF0377'],32
4096.0,27777.0,synthetic_kv_64k,8.622784512,,574248841423,147.456,27777.0,0.5249927321853036,62995,4095.885312,MB,58477.0,4.095885312,context_0000,What is the value associated with key F0CFE8121EF0? Return only the value.,8622.784512,['5BC6ABFF9286'],32
4096.0,27777.0,synthetic_kv_64k,8.622784512,,2B84D86D655D,147.456,27777.0,0.5249927321853036,62995,4095.885312,MB,58477.0,4.095885312,context_0000,What is the value associated with key 4CD981DF62F4? Return only the value.,8622.784512,['2B84D86D655D'],32
4096.0,27777.0,synthetic_kv_64k,8.622784512,,822236E6848E,147.456,27777.0,0.5249927321853036,62995,4095.885312,MB,58477.0,4.095885312,context_0000,What is the value associated with key A859D73418FE? Return only the value.,8622.784512,['8EE9E061F65F'],32
4096.0,27777.0,synthetic_kv_64k,8.622784512,,44E0950244E0,147.456,27777.0,0.5249927321853036,62995,4095.885312,MB,58477.0,4.095885312,context_0000,What is the value associated with key 4B352E5EEB6A? Return only the value.,8622.784512,['788518FC83B7'],32
4096.0,27777.0,synthetic_kv_64k,8.622784512,,5C07D71173E4,147.456,27777.0,0.5249927321853036,62995,4095.885312,MB,58477.0,4.095885312,context_0000,What is the value associated with key BDAC20C0F275? Return only the value.,8622.784512,['B9A5423701F1'],32
4096.0,27777.0,synthetic_kv_64k,8.622784512,,82B3904865C6,147.456,27777.0,0.5249927321853036,62995,4095.885312,MB,58477.0,4.095885312,context_0000,What is the value associated with key 8F1CCEEF9FA8? Return only the value.,8622.784512,['E9A1C34E9BAF'],32
4096.0,27777.0,synthetic_kv_64k,8.622784512,,093D4C24A053,147.456,27777.0,0.5249927321853036,62995,4095.885312,MB,58477.0,4.095885312,context_0000,What is the value associated with key F2692EDD9141? Return only the value.,8622.784512,['E64BAE01A122'],32
4096.0,27777.0,synthetic_kv_64k,8.622784512,,51740B2C782A,147.456,27777.0,0.5249927321853036,62995,4095.885312,MB,58477.0,4.095885312,context_0000,What is the value associated with key A78955EC024A? Return only the value.,8622.784512,['38E516DC5A6E'],32
4096.0,27777.0,synthetic_kv_64k,8.622784512,,50488554848C,147.456,27777.0,0.5249927321853036,62995,4095.885312,MB,58477.0,4.095885312,context_0000,What is the value associated with key 392C5AF3DA5A? Return only the value.,8622.784512,['DF16BE848AA2'],32
4096.0,27777.0,synthetic_kv_64k,8.622784512,,7B85D5B077E0,147.456,27777.0,0.5249927321853036,62995,4095.885312,MB,58477.0,4.095885312,context_0000,What is the value associated with key 6BA44E9D23E9? Return only the value.,8622.784512,['E308C9C04B7D'],32
4096.0,27777.0,synthetic_kv_64k,8.622784512,,82E28DBCDE5A,147.456,27777.0,0.5249927321853036,62995,4095.885312,MB,58477.0,4.095885312,context_0000,What is the value associated with key 5F2654D1332A? Return only the value.,8622.784512,['95E742B40281'],32
4096.0,27777.0,synthetic_kv_64k,8.622784512,,7B1D2286E3F8,147.456,27777.0,0.5249927321853036,62995,4095.885312,MB,58477.0,4.095885312,context_0000,What is the value associated with key 76B94B46EF33? Return only the value.,8622.784512,['1E26D9E92758'],32
4096.0,27777.0,synthetic_kv_64k,8.622784512,,38854854585C,147.456,27777.0,0.5249927321853036,62995,4095.885312,MB,58477.0,4.095885312,context_0000,What is the value associated with key 0DBD787515B9? Return only the value.,8622.784512,['A267DDCBF4BC'],32
4096.0,27777.0,synthetic_kv_64k,8.622784512,,588445844444,147.456,27777.0,0.5249927321853036,62995,4095.885312,MB,58477.0,4.095885312,context_0000,What is the value associated with key 948F9565257B? Return only the value.,8622.784512,['9EE3F1BDB598'],32
4096.0,27777.0,synthetic_kv_64k,8.622784512,,8C35448C344C,147.456,27777.0,0.5249927321853036,62995,4095.885312,MB,58477.0,4.095885312,context_0000,What is the value associated with key 78E3123B31CF? Return only the value.,8622.784512,['31CDE3B16D36'],32
4096.0,27777.0,synthetic_kv_64k,8.622784512,,3B848858858C,147.456,27777.0,0.5249927321853036,62995,4095.885312,MB,58477.0,4.095885312,context_0000,What is the value associated with key 1EAC801F4909? Return only the value.,8622.784512,['AE42DE14553B'],32
4096.0,27777.0,synthetic_kv_64k,8.622784512,,82458854458C,147.456,27777.0,0.5249927321853036,62995,4095.885312,MB,58477.0,4.095885312,context_0000,What is the value associated with key 87A361B512ED? Return only the value.,8622.784512,['69C14C610AE8'],32
4096.0,27777.0,synthetic_kv_64k,8.622784512,,77E89D485729,147.456,27777.0,0.5249927321853036,62995,4095.885312,MB,58477.0,4.095885312,context_0000,What is the value associated with key DEEF0DD70158? Return only the value.,8622.784512,['2699DAAF7529'],32
4096.0,27777.0,synthetic_kv_64k,8.622784512,,585448455445,147.456,27777.0,0.5249927321853036,62995,4095.885312,MB,58477.0,4.095885312,context_0000,What is the value associated with key FE0A232A5E82? Return only the value.,8622.784512,['57B93346A332'],32
4096.0,27777.0,synthetic_kv_64k,8.622784512,,8C458544584C,147.456,27777.0,0.5249927321853036,62995,4095.885312,MB,58477.0,4.095885312,context_0000,What is the value associated with key FCB868C0CBEF? Return only the value.,8622.784512,['E49191C46EFC'],32
4096.0,27777.0,synthetic_kv_64k,8.622784512,,503B2D445AF8,147.456,27777.0,0.5249927321853036,62995,4095.885312,MB,58477.0,4.095885312,context_0000,What is the value associated with key FC95E8184F34? Return only the value.,8622.784512,['24AA752366CE'],32
4096.0,27777.0,synthetic_kv_64k,8.622784512,,5C07D71173E4,147.456,27777.0,0.5249927321853036,62995,4095.885312,MB,58477.0,4.095885312,context_0000,What is the value associated with key DCC550FE8199? Return only the value.,8622.784512,['2E2BB7360C4F'],32
4096.0,27777.0,synthetic_kv_64k,8.622784512,,55277CD2192F,147.456,27777.0,0.5249927321853036,62995,4095.885312,MB,58477.0,4.095885312,context_0000,What is the value associated with key 14B0C768B07F? Return only the value.,8622.784512,['55277CD2192F'],32
4096.0,27777.0,synthetic_kv_64k,8.622784512,,548444444444,147.456,27777.0,0.5249927321853036,62995,4095.885312,MB,58477.0,4.095885312,context_0000,What is the value associated with key FC94A18B5D15? Return only the value.,8622.784512,['503B2D445AF8'],32
4096.0,27777.0,synthetic_kv_64k,8.622784512,,5048BF79468D,147.456,27777.0,0.5249927321853036,62995,4095.885312,MB,58477.0,4.095885312,context_0000,What is the value associated with key 0ED9A26E865B? Return only the value.,8622.784512,['73B90134E76B'],32
4096.0,27777.0,synthetic_kv_64k,8.622784512,,44E15B08D790,147.456,27777.0,0.5249927321853036,62995,4095.885312,MB,58477.0,4.095885312,context_0000,What is the value associated with key 359A4605EC0E? Return only the value.,8622.784512,['C606C2DD901D'],32
4096.0,27777.0,synthetic_kv_64k,8.622784512,,384858545854,147.456,27777.0,0.5249927321853036,62995,4095.885312,MB,58477.0,4.095885312,context_0000,What is the value associated with key 93872B29BF36? Return only the value.,8622.784512,['288FC3B534DB'],32
4096.0,27777.0,synthetic_kv_64k,8.622784512,,635A5C7AF83D,147.456,27777.0,0.5249927321853036,62995,4095.885312,MB,58477.0,4.095885312,context_0000,What is the value associated with key C9037D54EC82? Return only the value.,8622.784512,['C79DC37944C1'],32
4096.0,27777.0,synthetic_kv_64k,8.622784512,,6F079D4E8B5D,147.456,27777.0,0.5249927321853036,62995,4095.885312,MB,58477.0,4.095885312,context_0000,What is the value associated with key 21201689E0B8? Return only the value.,8622.784512,['6F079D4E8B5D'],32
4096.0,27777.0,synthetic_kv_64k,8.622784512,,CB9D8454449E,147.456,27777.0,0.5249927321853036,62995,4095.885312,MB,58477.0,4.095885312,context_0000,What is the value associated with key 6DEDA22C3D4F? Return only the value.,8622.784512,['6DD46744CB9E'],32
4096.0,27777.0,synthetic_kv_64k,8.622784512,,7A36F71FB9A6,147.456,27777.0,0.5249927321853036,62995,4095.885312,MB,58477.0,4.095885312,context_0000,What is the value associated with key 7A36F71FB9A6? Return only the value.,8622.784512,['013162210670'],32
4096.0,27777.0,synthetic_kv_64k,8.622784512,,5048BF7750A9,147.456,27777.0,0.5249927321853036,62995,4095.885312,MB,58477.0,4.095885312,context_0000,What is the value associated with key 88A509A85DC5? Return only the value.,8622.784512,['BB0C330CCFF5'],32
4096.0,27777.0,synthetic_kv_64k,8.622784512,,50488584848C,147.456,27777.0,0.5249927321853036,62995,4095.885312,MB,58477.0,4.095885312,context_0000,What is the value associated with key F3375F8392D5? Return only the value.,8622.784512,['E45A039A8ED5'],32
4096.0,27777.0,synthetic_kv_64k,8.622784512,,87F1D54E7948,147.456,27777.0,0.5249927321853036,62995,4095.885312,MB,58477.0,4.095885312,context_0000,What is the value associated with key C1C0527C8F50? Return only the value.,8622.784512,['87F1D54E7948'],32
4096.0,27777.0,synthetic_kv_64k,8.622784512,,5C70FCA45567,147.456,27777.0,0.5249927321853036,62995,4095.885312,MB,58477.0,4.095885312,context_0000,What is the value associated with key 049630C9A2BE? Return only the value.,8622.784512,['010EAD3F5DD4'],32
4096.0,27777.0,synthetic_kv_64k,8.622784512,,82E28DBCDE5A,147.456,27777.0,0.5249927321853036,62995,4095.885312,MB,58477.0,4.095885312,context_0000,What is the value associated with key BBCDA06E8DE5? Return only the value.,8622.784512,['39EC3FB2DF47'],32
4096.0,27777.0,synthetic_kv_64k,8.622784512,,709426A524E3,147.456,27777.0,0.5249927321853036,62995,4095.885312,MB,58477.0,4.095885312,context_0000,What is the value associated with key E082B18AD67D? Return only the value.,8622.784512,['4FE558274E80'],32
4096.0,27777.0,synthetic_kv_64k,8.622784512,,974845548885,147.456,27777.0,0.5249927321853036,62995,4095.885312,MB,58477.0,4.095885312,context_0000,What is the value associated with key 1A4B21019BFF? Return only the value.,8622.784512,['80DA62305D27'],32
4096.0,27777.0,synthetic_kv_64k,8.622784512,,50684580848C,147.456,27777.0,0.5249927321853036,62995,4095.885312,MB,58477.0,4.095885312,context_0000,What is the value associated with key 4E5D96B31F4A? Return only the value.,8622.784512,['10B62AC1D5CA'],32
4096.0,27777.0,synthetic_kv_64k,8.622784512,,F2CE4C56FB8F,147.456,27777.0,0.5249927321853036,62995,4095.885312,MB,58477.0,4.095885312,context_0000,What is the value associated with key 0BB4D2E76DEB? Return only the value.,8622.784512,['F2CE4C56FB8F'],32
4096.0,27777.0,synthetic_kv_64k,8.622784512,,7B853854548E,147.456,27777.0,0.5249927321853036,62995,4095.885312,MB,58477.0,4.095885312,context_0000,What is the value associated with key 74B74A73B0BF? Return only the value.,8622.784512,['8531BA533122'],32
4096.0,27777.0,synthetic_kv_64k,8.622784512,,6F04567C5D44,147.456,27777.0,0.5249927321853036,62995,4095.885312,MB,58477.0,4.095885312,context_0000,What is the value associated with key 862C98ABB2E7? Return only the value.,8622.784512,['6F04567C5D44'],32
4096.0,27777.0,synthetic_kv_64k,8.622784512,,444444444444,147.456,27777.0,0.5249927321853036,62995,4095.885312,MB,58477.0,4.095885312,context_0000,What is the value associated with key AFD0E3524444? Return only the value.,8622.784512,['2240FED747BE'],32
4096.0,27777.0,synthetic_kv_64k,8.622784512,,7D7CE6C11650,147.456,27777.0,0.5249927321853036,62995,4095.885312,MB,58477.0,4.095885312,context_0000,What is the value associated with key FF0257BD56C9? Return only the value.,8622.784512,['7D7CE6C11650'],32
4096.0,27777.0,synthetic_kv_64k,8.622784512,,2A35303CB04B,147.456,27777.0,0.5249927321853036,62995,4095.885312,MB,58477.0,4.095885312,context_0000,What is the value associated with key C0075BF7DDA1? Return only the value.,8622.784512,['2A35303CB04B'],32
4096.0,27777.0,synthetic_kv_64k,8.622784512,,5048BF7E688E,147.456,27777.0,0.5249927321853036,62995,4095.885312,MB,58477.0,4.095885312,context_0000,What is the value associated with key E82AF2B5A7EA? Return only the value.,8622.784512,['CFDFEB0F827C'],32
4096.0,27777.0,synthetic_kv_64k,8.622784512,,584C2480488C,147.456,27777.0,0.5249927321853036,62995,4095.885312,MB,58477.0,4.095885312,context_0000,What is the value associated with key 04E56744ACD4? Return only the value.,8622.784512,['396D3A799EFA'],32
4096.0,27777.0,synthetic_kv_64k,8.622784512,,784854848484,147.456,27777.0,0.5249927321853036,62995,4095.885312,MB,58477.0,4.095885312,context_0000,What is the value associated with key FC21BA27BC64? Return only the value.,8622.784512,['36102196B3B5'],32
4096.0,27777.0,synthetic_kv_64k,8.622784512,,5F98A65E688E,147.456,27777.0,0.5249927321853036,62995,4095.885312,MB,58477.0,4.095885312,context_0000,What is the value associated with key 059CBBEC721D? Return only the value.,8622.784512,['812F96F61C09'],32
4096.0,27777.0,synthetic_kv_64k,8.622784512,,504848854848,147.456,27777.0,0.5249927321853036,62995,4095.885312,MB,58477.0,4.095885312,context_0000,What is the value associated with key 1F872B429596? Return only the value.,8622.784512,['B60B5DD8EFFC'],32
4096.0,27777.0,synthetic_kv_64k,8.622784512,,7B854844588C,147.456,27777.0,0.5249927321853036,62995,4095.885312,MB,58477.0,4.095885312,context_0000,What is the value associated with key CAC8A689D07F? Return only the value.,8622.784512,['600C0990A647'],32
4096.0,27777.0,synthetic_kv_64k,8.622784512,,589485548885,147.456,27777.0,0.5249927321853036,62995,4095.885312,MB,58477.0,4.095885312,context_0000,What is the value associated with key A3ECE0653245? Return only the value.,8622.784512,['C570417B6634'],32
4096.0,27777.0,synthetic_kv_64k,8.622784512,,980B0C7031EB,147.456,27777.0,0.5249927321853036,62995,4095.885312,MB,58477.0,4.095885312,context_0000,What is the value associated with key 9F8588E44A48? Return only the value.,8622.784512,['980B0C7031EB'],32
4096.0,27777.0,synthetic_kv_64k,8.622784512,,38584844888C,147.456,27777.0,0.5249927321853036,62995,4095.885312,MB,58477.0,4.095885312,context_0000,What is the value associated with key 0C47FEA35D37? Return only the value.,8622.784512,['1BADA976DC4D'],32
4096.0,27777.0,synthetic_kv_64k,8.622784512,,528585858585,147.456,27777.0,0.5249927321853036,62995,4095.885312,MB,58477.0,4.095885312,context_0000,What is the value associated with key D60BA750350E? Return only the value.,8622.784512,['0C59050DCBFE'],32
4096.0,27777.0,synthetic_kv_64k,8.622784512,,388548848585,147.456,27777.0,0.5249927321853036,62995,4095.885312,MB,58477.0,4.095885312,context_0000,What is the value associated with key 1DA4B0937085? Return only the value.,8622.784512,['71BE6AB1CDB6'],32
4096.0,27777.0,synthetic_kv_64k,8.622784512,,585445445444,147.456,27777.0,0.5249927321853036,62995,4095.885312,MB,58477.0,4.095885312,context_0000,What is the value associated with key 1FA361584F88? Return only the value.,8622.784512,['40B38C1AB2C7'],32
4096.0,27777.0,synthetic_kv_64k,8.622784512,,34858485848584858485848584858485,147.456,27777.0,0.5249927321853036,62995,4095.885312,MB,58477.0,4.095885312,context_0000,What is the value associated with key B3AD797209C0? Return only the value.,8622.784512,['349B27335670'],32
4096.0,27777.0,synthetic_kv_64k,8.622784512,,5048BF7750A9,147.456,27777.0,0.5249927321853036,62995,4095.885312,MB,58477.0,4.095885312,context_0000,What is the value associated with key AF8CB1F81AD9? Return only the value.,8622.784512,['0261A15C159A'],32
4096.0,27777.0,synthetic_kv_64k,8.622784512,,19D9A962D996,147.456,27777.0,0.5249927321853036,62995,4095.885312,MB,58477.0,4.095885312,context_0000,What is the value associated with key 6BBE4D15F7D8? Return only the value.,8622.784512,['19D9A962D996'],32
4096.0,27777.0,synthetic_kv_64k,8.622784512,,584811740357,147.456,27777.0,0.5249927321853036,62995,4095.885312,MB,58477.0,4.095885312,context_0000,What is the value associated with key 8532A9987BDF? Return only the value.,8622.784512,['9F6F451D38FE'],32
4096.0,27777.0,synthetic_kv_64k,8.622784512,,7B8548548485,147.456,27777.0,0.5249927321853036,62995,4095.885312,MB,58477.0,4.095885312,context_0000,What is the value associated with key B3629B0ADA0B? Return only the value.,8622.784512,['6B38231D260B'],32
4096.0,27777.0,synthetic_kv_64k,8.622784512,,7394847FD9B4,147.456,27777.0,0.5249927321853036,62995,4095.885312,MB,58477.0,4.095885312,context_0000,What is the value associated with key E60CD4A5A81E? Return only the value.,8622.784512,['82F71ADBA8CF'],32
4096.0,27777.0,synthetic_kv_64k,8.622784512,,485F1E23DA4B,147.456,27777.0,0.5249927321853036,62995,4095.885312,MB,58477.0,4.095885312,context_0000,What is the value associated with key 9E21B8011026? Return only the value.,8622.784512,['485F1E23DA4B'],32
4096.0,27777.0,synthetic_kv_64k,8.622784512,,827154545454,147.456,27777.0,0.5249927321853036,62995,4095.885312,MB,58477.0,4.095885312,context_0000,What is the value associated with key C8E61D2FED2A? Return only the value.,8622.784512,['7F6B1B341937'],32
4096.0,27777.0,synthetic_kv_64k,8.622784512,,9255ED0940F7,147.456,27777.0,0.5249927321853036,62995,4095.885312,MB,58477.0,4.095885312,context_0000,What is the value associated with key 9BE732DA81F0? Return only the value.,8622.784512,['C7283322C68B'],32
4096.0,27777.0,synthetic_kv_64k,8.622784512,,E448E868182E,147.456,27777.0,0.5249927321853036,62995,4095.885312,MB,58477.0,4.095885312,context_0000,What is the value associated with key D4DD435391B2? Return only the value.,8622.784512,['F91E85ECE729'],32
4096.0,27777.0,synthetic_kv_64k,8.622784512,,5270A41247A2,147.456,27777.0,0.5249927321853036,62995,4095.885312,MB,58477.0,4.095885312,context_0000,What is the value associated with key 5BA033A0DAA7? Return only the value.,8622.784512,['68E5B4146E4A'],32
4096.0,27777.0,synthetic_kv_64k,8.622784512,,368485488544,147.456,27777.0,0.5249927321853036,62995,4095.885312,MB,58477.0,4.095885312,context_0000,What is the value associated with key 290E4B9C22F4? Return only the value.,8622.784512,['8C520A167E18'],32
4096.0,27777.0,synthetic_kv_64k,8.622784512,,B02E352B6EC8,147.456,27777.0,0.5249927321853036,62995,4095.885312,MB,58477.0,4.095885312,context_0000,What is the value associated with key E90D7F111A36? Return only the value.,8622.784512,['B02E352B6EC8'],32
4096.0,27777.0,synthetic_kv_64k,8.622784512,,3C0854A27051,147.456,27777.0,0.5249927321853036,62995,4095.885312,MB,58477.0,4.095885312,context_0000,What is the value associated with key 7B0CEEE13CAE? Return only the value.,8622.784512,['3C0854A27051'],32
4096.0,27777.0,synthetic_kv_64k,8.622784512,,E1CC8078636D,147.456,27777.0,0.5249927321853036,62995,4095.885312,MB,58477.0,4.095885312,context_0000,What is the value associated with key 034300B3700F? Return only the value.,8622.784512,['16C8ABF0263E'],32
4096.0,27777.0,synthetic_kv_64k,8.622784512,,50403A6C7DA6,147.456,27777.0,0.5249927321853036,62995,4095.885312,MB,58477.0,4.095885312,context_0000,What is the value associated with key 1C45E8294A67? Return only the value.,8622.784512,['92FBD5D1C669'],32
4096.0,27777.0,synthetic_kv_64k,8.622784512,,50647744F596,147.456,27777.0,0.5249927321853036,62995,4095.885312,MB,58477.0,4.095885312,context_0000,What is the value associated with key 7E7DAB450578? Return only the value.,8622.784512,['F30E262E5559'],32
4096.0,27777.0,synthetic_kv_64k,8.622784512,,7CAA4E336644,147.456,27777.0,0.5249927321853036,62995,4095.885312,MB,58477.0,4.095885312,context_0000,What is the value associated with key C78F170FA87B? Return only the value.,8622.784512,['133682FF1F2E'],32
4096.0,27777.0,synthetic_kv_64k,8.622784512,,D922D46B7756,147.456,27777.0,0.5249927321853036,62995,4095.885312,MB,58477.0,4.095885312,context_0000,What is the value associated with key B93CB93B770C? Return only the value.,8622.784512,['E79F19EE2C3B'],32
4096.0,27777.0,synthetic_kv_64k,8.622784512,,74ED3B2D520B,147.456,27777.0,0.5249927321853036,62995,4095.885312,MB,58477.0,4.095885312,context_0000,What is the value associated with key A4F341822509? Return only the value.,8622.784512,['74ED3B2D520B'],32
4096.0,27777.0,synthetic_kv_64k,8.622784512,,439D4BC81C16,147.456,27777.0,0.5249927321853036,62995,4095.885312,MB,58477.0,4.095885312,context_0000,What is the value associated with key FA2FFD1935CC? Return only the value.,8622.784512,['439D4BC81C16'],32
4096.0,27777.0,synthetic_kv_64k,8.622784512,,D02C198D13A4,147.456,27777.0,0.5249927321853036,62995,4095.885312,MB,58477.0,4.095885312,context_0000,What is the value associated with key 0CD276DAE194? Return only the value.,8622.784512,['D02C198D13A4'],32
4096.0,27777.0,synthetic_kv_64k,8.622784512,,DA2C0A190939,147.456,27777.0,0.5249927321853036,62995,4095.885312,MB,58477.0,4.095885312,context_0000,What is the value associated with key DFC72CB941FC? Return only the value.,8622.784512,['DA2C0A190939'],32
4096.0,27777.0,synthetic_kv_64k,8.622784512,,8C17093B4D72,147.456,27777.0,0.5249927321853036,62995,4095.885312,MB,58477.0,4.095885312,context_0000,What is the value associated with key 5C374A629C5E? Return only the value.,8622.784512,['AD40CD3566EF'],32
4096.0,27777.0,synthetic_kv_64k,8.622784512,,1DABBD10F87C,147.456,27777.0,0.5249927321853036,62995,4095.885312,MB,58477.0,4.095885312,context_0000,What is the value associated with key 6D0E500D92A7? Return only the value.,8622.784512,['1DABBD10F87C'],32
4096.0,27777.0,synthetic_kv_64k,8.622784512,,53EAC219A845,147.456,27777.0,0.5249927321853036,62995,4095.885312,MB,58477.0,4.095885312,context_0000,What is the value associated with key D9EB1851D1CF? Return only the value.,8622.784512,['E3EAC219A845'],32
4096.0,27777.0,synthetic_kv_64k,8.622784512,,E1CC8078636D,147.456,27777.0,0.5249927321853036,62995,4095.885312,MB,58477.0,4.095885312,context_0000,What is the value associated with key 02790BBF6334? Return only the value.,8622.784512,['236DDA1C96AE'],32
4096.0,27777.0,synthetic_kv_64k,8.622784512,,54232BA6B158,147.456,27777.0,0.5249927321853036,62995,4095.885312,MB,58477.0,4.095885312,context_0000,What is the value associated with key A5AEA9D1A28E? Return only the value.,8622.784512,['54232BA6B158'],32
4096.0,27777.0,synthetic_kv_64k,8.622784512,,7B4D58E0058F,147.456,27777.0,0.5249927321853036,62995,4095.885312,MB,58477.0,4.095885312,context_0000,What is the value associated with key E4FF5B86EA69? Return only the value.,8622.784512,['F480700E0EFC'],32
4096.0,27777.0,synthetic_kv_64k,8.622784512,,495782456FB4,147.456,27777.0,0.5249927321853036,62995,4095.885312,MB,58477.0,4.095885312,context_0000,What is the value associated with key 44AF9F2EBEFC? Return only the value.,8622.784512,['BBAAE0E3C5CE'],32
4096.0,27777.0,synthetic_kv_64k,8.622784512,,50BF9EE4105D,147.456,27777.0,0.5249927321853036,62995,4095.885312,MB,58477.0,4.095885312,context_0000,What is the value associated with key 5F6417CBA85D? Return only the value.,8622.784512,['57BCD0A17FE8'],32
4096.0,27777.0,synthetic_kv_64k,8.622784512,,568D8C34484C,147.456,27777.0,0.5249927321853036,62995,4095.885312,MB,58477.0,4.095885312,context_0000,What is the value associated with key 1D242ED087D4? Return only the value.,8622.784512,['667666995AF5'],32
4096.0,27777.0,synthetic_kv_64k,8.622784512,,D5F04596DA75,147.456,27777.0,0.5249927321853036,62995,4095.885312,MB,58477.0,4.095885312,context_0000,What is the value associated with key 74DFF659F188? Return only the value.,8622.784512,['D5F04596DA75'],32
4096.0,27777.0,synthetic_kv_64k,8.622784512,,7A6ED9C59CD9,147.456,27777.0,0.5249927321853036,62995,4095.885312,MB,58477.0,4.095885312,context_0000,What is the value associated with key B09D62BE4009? Return only the value.,8622.784512,['7A6ED9C59CD9'],32
4096.0,27777.0,synthetic_kv_64k,8.622784512,,C777613758C3,147.456,27777.0,0.5249927321853036,62995,4095.885312,MB,58477.0,4.095885312,context_0000,What is the value associated with key 6BF7CCC62FED? Return only the value.,8622.784512,['E2D9A61ACD8E'],32
4096.0,27777.0,synthetic_kv_64k,8.622784512,,21EC1CF14654,147.456,27777.0,0.5249927321853036,62995,4095.885312,MB,58477.0,4.095885312,context_0000,What is the value associated with key 2AB2CC0243C6? Return only the value.,8622.784512,['21EC1CF14654'],32
4096.0,27777.0,synthetic_kv_64k,8.622784512,,38E516DC5A6E,147.456,27777.0,0.5249927321853036,62995,4095.885312,MB,58477.0,4.095885312,context_0000,What is the value associated with key B9F6B2383056? Return only the value.,8622.784512,['FB480F037337'],32
4096.0,27777.0,synthetic_kv_64k,8.622784512,,1A8C28CE231E,147.456,27777.0,0.5249927321853036,62995,4095.885312,MB,58477.0,4.095885312,context_0000,What is the value associated with key D827F1458426? Return only the value.,8622.784512,['1A8C28CE231E'],32
4096.0,27777.0,synthetic_kv_64k,8.622784512,,A85D8854888C,147.456,27777.0,0.5249927321853036,62995,4095.885312,MB,58477.0,4.095885312,context_0000,What is the value associated with key E9466A80CAC2? Return only the value.,8622.784512,['7B90973B6977'],32
4096.0,27777.0,synthetic_kv_64k,8.622784512,,9CA45D9AD9F1,147.456,27777.0,0.5249927321853036,62995,4095.885312,MB,58477.0,4.095885312,context_0000,What is the value associated with key 91A6CD613988? Return only the value.,8622.784512,['702BADAB2C2F'],32
4096.0,27777.0,synthetic_kv_64k,8.622784512,,9E46A63D4C8E,147.456,27777.0,0.5249927321853036,62995,4095.885312,MB,58477.0,4.095885312,context_0000,What is the value associated with key 9C7F2E671784? Return only the value.,8622.784512,['C777613758C3'],32
4096.0,27777.0,synthetic_kv_64k,8.622784512,,801C80DA2ED7,147.456,27777.0,0.5249927321853036,62995,4095.885312,MB,58477.0,4.095885312,context_0000,What is the value associated with key 9C815BCD236C? Return only the value.,8622.784512,['DCD10760801F'],32
4096.0,27777.0,synthetic_kv_64k,8.622784512,,BA2ED6AA5382,147.456,27777.0,0.5249927321853036,62995,4095.885312,MB,58477.0,4.095885312,context_0000,What is the value associated with key E144AF390A9D? Return only the value.,8622.784512,['BA2ED6AA5382'],32
4096.0,27777.0,synthetic_kv_64k,8.622784512,,7BAB2172A0AA,147.456,27777.0,0.5249927321853036,62995,4095.885312,MB,58477.0,4.095885312,context_0000,What is the value associated with key E44AF933A9FA? Return only the value.,8622.784512,['7BAB2172A0AA'],32
4096.0,27777.0,synthetic_kv_64k,8.622784512,,5742F34A7949,147.456,27777.0,0.5249927321853036,62995,4095.885312,MB,58477.0,4.095885312,context_0000,What is the value associated with key 7CF5EB9F33CB? Return only the value.,8622.784512,['E3391CE97871'],32
4096.0,27777.0,synthetic_kv_64k,8.622784512,,73048545884C,147.456,27777.0,0.5249927321853036,62995,4095.885312,MB,58477.0,4.095885312,context_0000,What is the value associated with key 70D06949ECE5? Return only the value.,8622.784512,['10360BC4D7BA'],32
4096.0,27777.0,synthetic_kv_64k,8.622784512,,032A5071E5F0,147.456,27777.0,0.5249927321853036,62995,4095.885312,MB,58477.0,4.095885312,context_0000,What is the value associated with key A7AC42F90F92? Return only the value.,8622.784512,['032A5071E5F0'],32
4096.0,27777.0,synthetic_kv_64k,8.622784512,,8659A8CBFEAA,147.456,27777.0,0.5249927321853036,62995,4095.885312,MB,58477.0,4.095885312,context_0000,What is the value associated with key DE4BB45E9463? Return only the value.,8622.784512,['865AAD8CBFEA'],32
4096.0,27777.0,synthetic_kv_64k,8.622784512,,58F4591CC524,147.456,27777.0,0.5249927321853036,62995,4095.885312,MB,58477.0,4.095885312,context_0000,What is the value associated with key BE5EC47CC30B? Return only the value.,8622.784512,['B949939F44EB'],32
4096.0,27777.0,synthetic_kv_64k,8.622784512,,37306494DD5C,147.456,27777.0,0.5249927321853036,62995,4095.885312,MB,58477.0,4.095885312,context_0000,What is the value associated with key 395790A4A421? Return only the value.,8622.784512,['F4ACFA575CEA'],32
4096.0,27777.0,synthetic_kv_64k,8.622784512,,58F4591CC524,147.456,27777.0,0.5249927321853036,62995,4095.885312,MB,58477.0,4.095885312,context_0000,What is the value associated with key DF86AB7AEB66? Return only the value.,8622.784512,['84E3569ADEF0'],32
4096.0,27777.0,synthetic_kv_64k,8.622784512,,310C3FA7F104,147.456,27777.0,0.5249927321853036,62995,4095.885312,MB,58477.0,4.095885312,context_0000,What is the value associated with key B03085EA16E0? Return only the value.,8622.784512,['9E44B359390E'],32
4096.0,27777.0,synthetic_kv_64k,8.622784512,,BA05A9660A5A,147.456,27777.0,0.5249927321853036,62995,4095.885312,MB,58477.0,4.095885312,context_0000,What is the value associated with key 6ECF1861C9F3? Return only the value.,8622.784512,['BA05A9660A5A'],32
4096.0,27777.0,synthetic_kv_64k,8.622784512,,A9E8588309DE,147.456,27777.0,0.5249927321853036,62995,4095.885312,MB,58477.0,4.095885312,context_0000,What is the value associated with key 7B5F3FA2BDE0? Return only the value.,8622.784512,['A9E8588309DE'],32
4096.0,27777.0,synthetic_kv_64k,8.622784512,,892084399ED9,147.456,27777.0,0.5249927321853036,62995,4095.885312,MB,58477.0,4.095885312,context_0000,What is the value associated with key A433AD21B4CC? Return only the value.,8622.784512,['260E62874624'],32
4096.0,27777.0,synthetic_kv_64k,8.622784512,,E45E8EEFA5DD,147.456,27777.0,0.5249927321853036,62995,4095.885312,MB,58477.0,4.095885312,context_0000,What is the value associated with key D391D6CADE2C? Return only the value.,8622.784512,['E45E8EEFA5DD'],32
4096.0,27777.0,synthetic_kv_64k,8.622784512,,9CA45D9AD9F1,147.456,27777.0,0.5249927321853036,62995,4095.885312,MB,58477.0,4.095885312,context_0000,What is the value associated with key 9CE7FCDFE961? Return only the value.,8622.784512,['02FB0DF80B89'],32
4096.0,27777.0,synthetic_kv_64k,8.622784512,,7E0F2A061609,147.456,27777.0,0.5249927321853036,62995,4095.885312,MB,58477.0,4.095885312,context_0000,What is the value associated with key EF32A4B5C723? Return only the value.,8622.784512,['816C282C6470'],32
4096.0,27777.0,synthetic_kv_64k,8.622784512,,9FA4D30A298E,147.456,27777.0,0.5249927321853036,62995,4095.885312,MB,58477.0,4.095885312,context_0000,What is the value associated with key 7823D94DF188? Return only the value.,8622.784512,['7EEFDA143A47'],32
4096.0,27777.0,synthetic_kv_64k,8.622784512,,C08FB361E70A,147.456,27777.0,0.5249927321853036,62995,4095.885312,MB,58477.0,4.095885312,context_0000,What is the value associated with key 2A57DE9205EA? Return only the value.,8622.784512,['C05D132A5E58'],32
4096.0,27777.0,synthetic_kv_64k,8.622784512,,54B53DAB1614,147.456,27777.0,0.5249927321853036,62995,4095.885312,MB,58477.0,4.095885312,context_0000,What is the value associated with key 52157DDCA413? Return only the value.,8622.784512,['54B53DAB1614'],32
4096.0,27777.0,synthetic_kv_64k,8.622784512,,81C60CE3C8C8,147.456,27777.0,0.5249927321853036,62995,4095.885312,MB,58477.0,4.095885312,context_0000,What is the value associated with key 4735F85B6D0A? Return only the value.,8622.784512,['81C60CE3C8C8'],32
4096.0,27777.0,synthetic_kv_64k,8.622784512,,60EEA4B0718E,147.456,27777.0,0.5249927321853036,62995,4095.885312,MB,58477.0,4.095885312,context_0000,What is the value associated with key 8CED39034B65? Return only the value.,8622.784512,['60EEA4B0718E'],32
4096.0,27777.0,synthetic_kv_64k,8.622784512,,92B2CD1F75A3,147.456,27777.0,0.5249927321853036,62995,4095.885312,MB,58477.0,4.095885312,context_0000,What is the value associated with key D12D673D2920? Return only the value.,8622.784512,['142E3C28F5DC'],32
4096.0,27777.0,synthetic_kv_64k,8.622784512,,8635DE67A278,147.456,27777.0,0.5249927321853036,62995,4095.885312,MB,58477.0,4.095885312,context_0000,What is the value associated with key 71B675873920? Return only the value.,8622.784512,['92B2CD1F75A3'],32
4096.0,27777.0,synthetic_kv_64k,8.622784512,,7F9ADB496E6D,147.456,27777.0,0.5249927321853036,62995,4095.885312,MB,58477.0,4.095885312,context_0000,What is the value associated with key 168872B696CA? Return only the value.,8622.784512,['7F9ADB496E6D'],32
4096.0,27777.0,synthetic_kv_64k,8.622784512,,C9213F05557C,147.456,27777.0,0.5249927321853036,62995,4095.885312,MB,58477.0,4.095885312,context_0000,What is the value associated with key 50E972730E7B? Return only the value.,8622.784512,['FB0D1E639261'],32
4096.0,27777.0,synthetic_kv_64k,8.622784512,,4654DE67A278,147.456,27777.0,0.5249927321853036,62995,4095.885312,MB,58477.0,4.095885312,context_0000,What is the value associated with key BEC77F53DC0A? Return only the value.,8622.784512,['048CA7437402'],32
4096.0,27777.0,synthetic_kv_64k,8.622784512,,092C698F04F8,147.456,27777.0,0.5249927321853036,62995,4095.885312,MB,58477.0,4.095885312,context_0000,What is the value associated with key 67471A46D536? Return only the value.,8622.784512,['092C698F04F8'],32
4096.0,27777.0,synthetic_kv_64k,8.622784512,,C6557CCC63DE,147.456,27777.0,0.5249927321853036,62995,4095.885312,MB,58477.0,4.095885312,context_0000,What is the value associated with key 8C918EA02346? Return only the value.,8622.784512,['D36E000B1F5E'],32
4096.0,27777.0,synthetic_kv_64k,8.622784512,,2FE9427BBFFB,147.456,27777.0,0.5249927321853036,62995,4095.885312,MB,58477.0,4.095885312,context_0000,What is the value associated with key CAB21744EE3F? Return only the value.,8622.784512,['F6929AAD10CE'],32
4096.0,27777.0,synthetic_kv_64k,8.622784512,,E3DE4DFA21BE,147.456,27777.0,0.5249927321853036,62995,4095.885312,MB,58477.0,4.095885312,context_0000,What is the value associated with key A3359E7B1E95? Return only the value.,8622.784512,['E3DE4DFA21BE'],32
4096.0,27777.0,synthetic_kv_64k,8.622784512,,A79334F43404,147.456,27777.0,0.5249927321853036,62995,4095.885312,MB,58477.0,4.095885312,context_0000,What is the value associated with key 8FF582226C16? Return only the value.,8622.784512,['A79334F43404'],32
4096.0,27777.0,synthetic_kv_64k,8.622784512,,5742F34A7949,147.456,27777.0,0.5249927321853036,62995,4095.885312,MB,58477.0,4.095885312,context_0000,What is the value associated with key 74CAABE5BE96? Return only the value.,8622.784512,['5742F34A7949'],32
4096.0,27777.0,synthetic_kv_64k,8.622784512,,D10B0DE4FAF4,147.456,27777.0,0.5249927321853036,62995,4095.885312,MB,58477.0,4.095885312,context_0000,What is the value associated with key D3475D04032D? Return only the value.,8622.784512,['D10B0DE4FAF4'],32
4096.0,27777.0,synthetic_kv_64k,8.622784512,,54FC74577D47,147.456,27777.0,0.5249927321853036,62995,4095.885312,MB,58477.0,4.095885312,context_0000,What is the value associated with key D82539112943? Return only the value.,8622.784512,['54FC74577D47'],32
4096.0,27777.0,synthetic_kv_64k,8.622784512,,F053DCE0E2BB,147.456,27777.0,0.5249927321853036,62995,4095.885312,MB,58477.0,4.095885312,context_0000,What is the value associated with key C4758F660BBD? Return only the value.,8622.784512,['99969EA87552'],32
4096.0,27777.0,synthetic_kv_64k,8.622784512,,5D24A5CB3C6E,147.456,27777.0,0.5249927321853036,62995,4095.885312,MB,58477.0,4.095885312,context_0000,What is the value associated with key B776791F49F6? Return only the value.,8622.784512,['5D00A83C1C2B'],32
4096.0,27777.0,synthetic_kv_64k,8.622784512,,18F11D30A290,147.456,27777.0,0.5249927321853036,62995,4095.885312,MB,58477.0,4.095885312,context_0000,What is the value associated with key 73D9B7461B72? Return only the value.,8622.784512,['18F11D30A290'],32
4096.0,27777.0,synthetic_kv_64k,8.622784512,,7F8A6342453C,147.456,27777.0,0.5249927321853036,62995,4095.885312,MB,58477.0,4.095885312,context_0000,What is the value associated with key A8AEC262CAD0? Return only the value.,8622.784512,['008F38C46B38'],32
4096.0,27777.0,synthetic_kv_64k,8.622784512,,A237D4734534,147.456,27777.0,0.5249927321853036,62995,4095.885312,MB,58477.0,4.095885312,context_0000,What is the value associated with key 5AEA57632E1E? Return only the value.,8622.784512,['A237D4734534'],32
4096.0,27777.0,synthetic_kv_64k,8.622784512,,8C354ABF6F5C,147.456,27777.0,0.5249927321853036,62995,4095.885312,MB,58477.0,4.095885312,context_0000,What is the value associated with key CCC7F6E5203C? Return only the value.,8622.784512,['8C354ABF6F5C'],32
4096.0,27777.0,synthetic_kv_64k,8.622784512,,1B37B3BC912F,147.456,27777.0,0.5249927321853036,62995,4095.885312,MB,58477.0,4.095885312,context_0000,What is the value associated with key 5FB785A0D089? Return only the value.,8622.784512,['1B37B3BC912F'],32
4096.0,27777.0,synthetic_kv_64k,8.622784512,,7E0F2A061609,147.456,27777.0,0.5249927321853036,62995,4095.885312,MB,58477.0,4.095885312,context_0000,What is the value associated with key E5990BB81D38? Return only the value.,8622.784512,['7E0F2A061609'],32
4096.0,27777.0,synthetic_kv_64k,8.622784512,,C76B7463E34A,147.456,27777.0,0.5249927321853036,62995,4095.885312,MB,58477.0,4.095885312,context_0000,What is the value associated with key D26423F47A55? Return only the value.,8622.784512,['BE15B783E1D5'],32
4096.0,27777.0,synthetic_kv_64k,8.622784512,,41191B61D453,147.456,27777.0,0.5249927321853036,62995,4095.885312,MB,58477.0,4.095885312,context_0000,What is the value associated with key 68C2B8B818CF? Return only the value.,8622.784512,['41191B61D453'],32
4096.0,27777.0,synthetic_kv_64k,8.622784512,,1EE93002D831,147.456,27777.0,0.5249927321853036,62995,4095.885312,MB,58477.0,4.095885312,context_0000,What is the value associated with key 32279C60C81B? Return only the value.,8622.784512,['1EE93002D831'],32
4096.0,27777.0,synthetic_kv_64k,8.622784512,,788458845884,147.456,27777.0,0.5249927321853036,62995,4095.885312,MB,58477.0,4.095885312,context_0000,What is the value associated with key DA29EE22A70B? Return only the value.,8622.784512,['37306494DD5C'],32
4096.0,27777.0,synthetic_kv_64k,8.622784512,,30C9C80B2AF7,147.456,27777.0,0.5249927321853036,62995,4095.885312,MB,58477.0,4.095885312,context_0000,What is the value associated with key D3157500F785? Return only the value.,8622.784512,['30C9C80B2AF7'],32
4096.0,27777.0,synthetic_kv_64k,8.622784512,,C1D41B968925,147.456,27777.0,0.5249927321853036,62995,4095.885312,MB,58477.0,4.095885312,context_0000,What is the value associated with key 5682B77F69B9? Return only the value.,8622.784512,['C1D41B968925'],32
4096.0,27777.0,synthetic_kv_64k,8.622784512,,A21CED376567,147.456,27777.0,0.5249927321853036,62995,4095.885312,MB,58477.0,4.095885312,context_0000,What is the value associated with key 0BE76A1ABA9D? Return only the value.,8622.784512,['A21CED376567'],32
4096.0,27777.0,synthetic_kv_64k,8.622784512,,4C9434EF2552,147.456,27777.0,0.5249927321853036,62995,4095.885312,MB,58477.0,4.095885312,context_0000,What is the value associated with key AC11D6642FE8? Return only the value.,8622.784512,['1F8B96BC532D'],32
4096.0,27777.0,synthetic_kv_64k,8.622784512,,4E378F74535F,147.456,27777.0,0.5249927321853036,62995,4095.885312,MB,58477.0,4.095885312,context_0000,What is the value associated with key E44AC5AB4E57? Return only the value.,8622.784512,['7517735444FB'],32
4096.0,27777.0,synthetic_kv_64k,8.622784512,,92A8B90ED44B,147.456,27777.0,0.5249927321853036,62995,4095.885312,MB,58477.0,4.095885312,context_0000,What is the value associated with key 96DDA8909E31? Return only the value.,8622.784512,['8113F4C8E393'],32
4096.0,27777.0,synthetic_kv_64k,8.622784512,,85535454545454545454545454545454,147.456,27777.0,0.5249927321853036,62995,4095.885312,MB,58477.0,4.095885312,context_0000,What is the value associated with key F6BF22778161? Return only the value.,8622.784512,['011C7FB33BE5'],32
4096.0,27777.0,synthetic_kv_64k,8.622784512,,8DA00C6F3051,147.456,27777.0,0.5249927321853036,62995,4095.885312,MB,58477.0,4.095885312,context_0000,What is the value associated with key BC7887C5F526? Return only the value.,8622.784512,['8DA00C6F3051'],32
4096.0,27777.0,synthetic_kv_64k,8.622784512,,95CAD6BCA712,147.456,27777.0,0.5249927321853036,62995,4095.885312,MB,58477.0,4.095885312,context_0000,What is the value associated with key 6ECCEF705D01? Return only the value.,8622.784512,['95CAD6BCA712'],32
4096.0,27777.0,synthetic_kv_64k,8.622784512,,6F2ED13032DB,147.456,27777.0,0.5249927321853036,62995,4095.885312,MB,58477.0,4.095885312,context_0000,What is the value associated with key ECA37BA16DD7? Return only the value.,8622.784512,['C7F482221AD3'],32
4096.0,27777.0,synthetic_kv_64k,8.622784512,,B11A2D5D2395,147.456,27777.0,0.5249927321853036,62995,4095.885312,MB,58477.0,4.095885312,context_0000,What is the value associated with key E901EBD14B0C? Return only the value.,8622.784512,['B11A2D5D2395'],32
4096.0,27777.0,synthetic_kv_64k,8.622784512,,D0B3BB01B2A5,147.456,27777.0,0.5249927321853036,62995,4095.885312,MB,58477.0,4.095885312,context_0000,What is the value associated with key 2C74941C23FA? Return only the value.,8622.784512,['D0B3BB01B2A5'],32
4096.0,27777.0,synthetic_kv_64k,8.622784512,,A0E64354456C,147.456,27777.0,0.5249927321853036,62995,4095.885312,MB,58477.0,4.095885312,context_0000,What is the value associated with key 1A8220DDA0FF? Return only the value.,8622.784512,['A853632D0302'],32
4096.0,27777.0,synthetic_kv_64k,8.622784512,,57F4F0485B33,147.456,27777.0,0.5249927321853036,62995,4095.885312,MB,58477.0,4.095885312,context_0000,What is the value associated with key 9B2D99BD6240? Return only the value.,8622.784512,['5264E1F85B33'],32
4096.0,27777.0,synthetic_kv_64k,8.622784512,,58845884588458845884588458845884,147.456,27777.0,0.5249927321853036,62995,4095.885312,MB,58477.0,4.095885312,context_0000,What is the value associated with key E1A2810D5C57? Return only the value.,8622.784512,['6B2D6279403C'],32
4096.0,27777.0,synthetic_kv_64k,8.622784512,,B148EA7917E1,147.456,27777.0,0.5249927321853036,62995,4095.885312,MB,58477.0,4.095885312,context_0000,What is the value associated with key 9BE7FAC08FC4? Return only the value.,8622.784512,['B148EA7917E1'],32
4096.0,27777.0,synthetic_kv_64k,8.622784512,,3E654485444C,147.456,27777.0,0.5249927321853036,62995,4095.885312,MB,58477.0,4.095885312,context_0000,What is the value associated with key 3F8CC32AFC4A? Return only the value.,8622.784512,['65DA460A6125'],32
4096.0,27777.0,synthetic_kv_64k,8.622784512,,504885858585,147.456,27777.0,0.5249927321853036,62995,4095.885312,MB,58477.0,4.095885312,context_0000,What is the value associated with key 57C5F6AE10E8? Return only the value.,8622.784512,['4B4EF8722413'],32
4096.0,27777.0,synthetic_kv_64k,8.622784512,,230F2A061609,147.456,27777.0,0.5249927321853036,62995,4095.885312,MB,58477.0,4.095885312,context_0000,What is the value associated with key CE0773EDB223? Return only the value.,8622.784512,['235F2224A806'],32
4096.0,27777.0,synthetic_kv_64k,8.622784512,,302D113EAF84,147.456,27777.0,0.5249927321853036,62995,4095.885312,MB,58477.0,4.095885312,context_0000,What is the value associated with key 9A3F69A9AFF9? Return only the value.,8622.784512,['E2EDB33422CB'],32
4096.0,27777.0,synthetic_kv_64k,8.622784512,,57E3A4BAE8BF,147.456,27777.0,0.5249927321853036,62995,4095.885312,MB,58477.0,4.095885312,context_0000,What is the value associated with key 8325BF98E734? Return only the value.,8622.784512,['D7D34C859233'],32
4096.0,27777.0,synthetic_kv_64k,8.622784512,,5C07D71173E4,147.456,27777.0,0.5249927321853036,62995,4095.885312,MB,58477.0,4.095885312,context_0000,What is the value associated with key 8C3DB3952193? Return only the value.,8622.784512,['505CDC57546D'],32
4096.0,27777.0,synthetic_kv_64k,8.622784512,,50484545414E4348545345535452414E,147.456,27777.0,0.5249927321853036,62995,4095.885312,MB,58477.0,4.095885312,context_0000,What is the value associated with key BCA0B63D65D5? Return only the value.,8622.784512,['8DB7EF7DB821'],32
4096.0,27777.0,synthetic_kv_64k,8.622784512,,448048448484,147.456,27777.0,0.5249927321853036,62995,4095.885312,MB,58477.0,4.095885312,context_0000,What is the value associated with key 37A3A1F0FA7A? Return only the value.,8622.784512,['35AF336D7786'],32
4096.0,27777.0,synthetic_kv_64k,8.622784512,,3C0AA7CD13CB,147.456,27777.0,0.5249927321853036,62995,4095.885312,MB,58477.0,4.095885312,context_0000,What is the value associated with key B6E19FC97264? Return only the value.,8622.784512,['AFC54A636AF5'],32
4096.0,27777.0,synthetic_kv_64k,8.622784512,,504844848484,147.456,27777.0,0.5249927321853036,62995,4095.885312,MB,58477.0,4.095885312,context_0000,What is the value associated with key EBD3586528E6? Return only the value.,8622.784512,['21F6AC20AF11'],32
4096.0,27777.0,synthetic_kv_64k,8.622784512,,5C17093B4D72,147.456,27777.0,0.5249927321853036,62995,4095.885312,MB,58477.0,4.095885312,context_0000,What is the value associated with key B5DCFB38CD91? Return only the value.,8622.784512,['F9A5A66C0FA1'],32
4096.0,27777.0,synthetic_kv_64k,8.622784512,,502C2830888C,147.456,27777.0,0.5249927321853036,62995,4095.885312,MB,58477.0,4.095885312,context_0000,What is the value associated with key 2D85F554E1F8? Return only the value.,8622.784512,['8AE080FF2909'],32
4096.0,27777.0,synthetic_kv_64k,8.622784512,,B5D95287964D,147.456,27777.0,0.5249927321853036,62995,4095.885312,MB,58477.0,4.095885312,context_0000,What is the value associated with key A30AB1BE6DF2? Return only the value.,8622.784512,['B5D95287964D'],32
4096.0,27777.0,synthetic_kv_64k,8.622784512,,8FF15A2C41BC,147.456,27777.0,0.5249927321853036,62995,4095.885312,MB,58477.0,4.095885312,context_0000,What is the value associated with key C2C21D8B32D9? Return only the value.,8622.784512,['8FF15A2C41BC'],32
4096.0,27777.0,synthetic_kv_64k,8.622784512,,5C17093B4D72,147.456,27777.0,0.5249927321853036,62995,4095.885312,MB,58477.0,4.095885312,context_0000,What is the value associated with key 95327AF985FF? Return only the value.,8622.784512,['F1539215583A'],32
4096.0,27777.0,synthetic_kv_64k,8.622784512,,5C17093B4D72,147.456,27777.0,0.5249927321853036,62995,4095.885312,MB,58477.0,4.095885312,context_0000,What is the value associated with key B5CAAACAD101? Return only the value.,8622.784512,['AC9B6ADFD568'],32
4096.0,27777.0,synthetic_kv_64k,8.622784512,,88ADD7654A18,147.456,27777.0,0.5249927321853036,62995,4095.885312,MB,58477.0,4.095885312,context_0000,What is the value associated with key E4D4BF74531C? Return only the value.,8622.784512,['88ADD7654A18'],32
4096.0,27777.0,synthetic_kv_64k,8.622784512,,6C21D8E8B97C,147.456,27777.0,0.5249927321853036,62995,4095.885312,MB,58477.0,4.095885312,context_0000,What is the value associated with key E0A24932936E? Return only the value.,8622.784512,['6C21D8E8B97C'],32
4096.0,27777.0,synthetic_kv_64k,8.622784512,,1B4185D1A1EF,147.456,27777.0,0.5249927321853036,62995,4095.885312,MB,58477.0,4.095885312,context_0000,What is the value associated with key 0344CEED0FFC? Return only the value.,8622.784512,['1B4185D1A1EF'],32
4096.0,27777.0,synthetic_kv_64k,8.622784512,,0D95253421BC,147.456,27777.0,0.5249927321853036,62995,4095.885312,MB,58477.0,4.095885312,context_0000,What is the value associated with key 618006783C34? Return only the value.,8622.784512,['0D95253421BC'],32
4096.0,27777.0,synthetic_kv_64k,8.622784512,,7B07E300444C,147.456,27777.0,0.5249927321853036,62995,4095.885312,MB,58477.0,4.095885312,context_0000,What is the value associated with key 0E7DAB95C72F? Return only the value.,8622.784512,['4458332CCE0A'],32
4096.0,27777.0,synthetic_kv_64k,8.622784512,,FBC829330FC4,147.456,27777.0,0.5249927321853036,62995,4095.885312,MB,58477.0,4.095885312,context_0000,What is the value associated with key C918C00C200C? Return only the value.,8622.784512,['FBC829330FC4'],32
4096.0,27777.0,synthetic_kv_64k,8.622784512,,82A6B3404E8A,147.456,27777.0,0.5249927321853036,62995,4095.885312,MB,58477.0,4.095885312,context_0000,What is the value associated with key AEF2495FA2FC? Return only the value.,8622.784512,['257C4024C424'],32
4096.0,27777.0,synthetic_kv_64k,8.622784512,,C8CBB0CAD2EB,147.456,27777.0,0.5249927321853036,62995,4095.885312,MB,58477.0,4.095885312,context_0000,What is the value associated with key 0FE1D6E1BA00? Return only the value.,8622.784512,['C8CBB0CAD2EB'],32
4096.0,27777.0,synthetic_kv_64k,8.622784512,,892084399ED9,147.456,27777.0,0.5249927321853036,62995,4095.885312,MB,58477.0,4.095885312,context_0000,What is the value associated with key 34394B8E5509? Return only the value.,8622.784512,['8A8AC0EB8875'],32
4096.0,27777.0,synthetic_kv_64k,8.622784512,,73DDD06405A8,147.456,27777.0,0.5249927321853036,62995,4095.885312,MB,58477.0,4.095885312,context_0000,What is the value associated with key 5BD208453B2F? Return only the value.,8622.784512,['73DDD06405A8'],32
4096.0,27777.0,synthetic_kv_64k,8.622784512,,58F4591CC524,147.456,27777.0,0.5249927321853036,62995,4095.885312,MB,58477.0,4.095885312,context_0000,What is the value associated with key 9DB91A3C2131? Return only the value.,8622.784512,['ACEFDE3790FB'],32
4096.0,27777.0,synthetic_kv_64k,8.622784512,,396CDD664071,147.456,27777.0,0.5249927321853036,62995,4095.885312,MB,58477.0,4.095885312,context_0000,What is the value associated with key 8FD7BD4F6118? Return only the value.,8622.784512,['396CDD664071'],32
4096.0,27777.0,synthetic_kv_64k,8.622784512,,A40DBD64987E,147.456,27777.0,0.5249927321853036,62995,4095.885312,MB,58477.0,4.095885312,context_0000,What is the value associated with key A5A9BE0EC2DA? Return only the value.,8622.784512,['638E8FAF6D4A'],32
4096.0,27777.0,synthetic_kv_64k,8.622784512,,C6557CCC63DE,147.456,27777.0,0.5249927321853036,62995,4095.885312,MB,58477.0,4.095885312,context_0000,What is the value associated with key 82CB3CD30E99? Return only the value.,8622.784512,['CBFDC8C85AD6'],32
4096.0,27777.0,synthetic_kv_64k,8.622784512,,0F44D768458C,147.456,27777.0,0.5249927321853036,62995,4095.885312,MB,58477.0,4.095885312,context_0000,What is the value associated with key B235CC7F9517? Return only the value.,8622.784512,['B16449A2AFDE'],32
4096.0,27777.0,synthetic_kv_64k,8.622784512,,4027AB6D845D,147.456,27777.0,0.5249927321853036,62995,4095.885312,MB,58477.0,4.095885312,context_0000,What is the value associated with key 0C06AA1C4023? Return only the value.,8622.784512,['61AFED2E1BCD'],32
4096.0,27777.0,synthetic_kv_64k,8.622784512,,5C17093B4D72,147.456,27777.0,0.5249927321853036,62995,4095.885312,MB,58477.0,4.095885312,context_0000,What is the value associated with key 6AA46336C815? Return only the value.,8622.784512,['C9C1F4EA6B97'],32
4096.0,27777.0,synthetic_kv_64k,8.622784512,,5F98A65E688E,147.456,27777.0,0.5249927321853036,62995,4095.885312,MB,58477.0,4.095885312,context_0000,What is the value associated with key AF65F9CF8499? Return only the value.,8622.784512,['F740500A174E'],32
4096.0,27777.0,synthetic_kv_64k,8.622784512,,403F4CCF0A4B,147.456,27777.0,0.5249927321853036,62995,4095.885312,MB,58477.0,4.095885312,context_0000,What is the value associated with key 0DC58D5809B7? Return only the value.,8622.784512,['BE610351B09D'],32
4096.0,27777.0,synthetic_kv_64k,8.622784512,,3E685454848C,147.456,27777.0,0.5249927321853036,62995,4095.885312,MB,58477.0,4.095885312,context_0000,What is the value associated with key 33FD4057E470? Return only the value.,8622.784512,['DE6C9EDD2182'],32
4096.0,27777.0,synthetic_kv_64k,8.622784512,,52751436655A,147.456,27777.0,0.5249927321853036,62995,4095.885312,MB,58477.0,4.095885312,context_0000,What is the value associated with key DC46C7EAB19B? Return only the value.,8622.784512,['716CDEC00F3A'],32
4096.0,27777.0,synthetic_kv_64k,8.622784512,,288FC3B534DB,147.456,27777.0,0.5249927321853036,62995,4095.885312,MB,58477.0,4.095885312,context_0000,What is the value associated with key 39BDD479CC36? Return only the value.,8622.784512,['A23FE9572BC2'],32
4096.0,27777.0,synthetic_kv_64k,8.622784512,,5E24A5CB3C6E,147.456,27777.0,0.5249927321853036,62995,4095.885312,MB,58477.0,4.095885312,context_0000,What is the value associated with key B5A4B4629214? Return only the value.,8622.784512,['5E24A5CB3C6E'],32
4096.0,27777.0,synthetic_kv_64k,8.622784512,,BD0B8BEEF83F,147.456,27777.0,0.5249927321853036,62995,4095.885312,MB,58477.0,4.095885312,context_0000,What is the value associated with key 96A0C14EBD10? Return only the value.,8622.784512,['BD0B8BEEF83F'],32
4096.0,27777.0,synthetic_kv_64k,8.622784512,,B74E9639927C,147.456,27777.0,0.5249927321853036,62995,4095.885312,MB,58477.0,4.095885312,context_0000,What is the value associated with key 324B9A7791A2? Return only the value.,8622.784512,['B993C6B18D94'],32
4096.0,27777.0,synthetic_kv_64k,8.622784512,,6E67864E6460,147.456,27777.0,0.5249927321853036,62995,4095.885312,MB,58477.0,4.095885312,context_0000,What is the value associated with key 3189F6DBB2B6? Return only the value.,8622.784512,['72E54B4F3B2E'],32
4096.0,27777.0,synthetic_kv_64k,8.622784512,,43485848584858485848584858485848,147.456,27777.0,0.5249927321853036,62995,4095.885312,MB,58477.0,4.095885312,context_0000,What is the value associated with key FBC32D6BC882? Return only the value.,8622.784512,['1310AEC2BB19'],32
4096.0,27777.0,synthetic_kv_64k,8.622784512,,434D58E0058F,147.456,27777.0,0.5249927321853036,62995,4095.885312,MB,58477.0,4.095885312,context_0000,What is the value associated with key F6642FDDB26A? Return only the value.,8622.784512,['BC2E2C7DD667'],32
4096.0,27777.0,synthetic_kv_64k,8.622784512,,5048454345414E4345414E4345414E43,147.456,27777.0,0.5249927321853036,62995,4095.885312,MB,58477.0,4.095885312,context_0000,What is the value associated with key 1E8D838B77AD? Return only the value.,8622.784512,['0A676090103C'],32
4096.0,27777.0,synthetic_kv_64k,8.622784512,,50647744848C,147.456,27777.0,0.5249927321853036,62995,4095.885312,MB,58477.0,4.095885312,context_0000,What is the value associated with key 47736DB2B020? Return only the value.,8622.784512,['43A58E7D3F5A'],32
4096.0,27777.0,synthetic_kv_64k,8.622784512,,388584858F7E,147.456,27777.0,0.5249927321853036,62995,4095.885312,MB,58477.0,4.095885312,context_0000,What is the value associated with key 2932214C0A4D? Return only the value.,8622.784512,['D89495801C3A'],32
4096.0,27777.0,synthetic_kv_64k,8.622784512,,7761549FC34C,147.456,27777.0,0.5249927321853036,62995,4095.885312,MB,58477.0,4.095885312,context_0000,What is the value associated with key 01714148BD11? Return only the value.,8622.784512,['7761549FC34C'],32
4096.0,27777.0,synthetic_kv_64k,8.622784512,,0A3927A158A0,147.456,27777.0,0.5249927321853036,62995,4095.885312,MB,58477.0,4.095885312,context_0000,What is the value associated with key EFFFB5AE329D? Return only the value.,8622.784512,['0A3927A158A0'],32
4096.0,27777.0,synthetic_kv_64k,8.622784512,,50BF9EE4105D,147.456,27777.0,0.5249927321853036,62995,4095.885312,MB,58477.0,4.095885312,context_0000,What is the value associated with key EDBA27591AD4? Return only the value.,8622.784512,['98CD5297E1AD'],32
4096.0,27777.0,synthetic_kv_64k,8.622784512,,93FEA01893FE,147.456,27777.0,0.5249927321853036,62995,4095.885312,MB,58477.0,4.095885312,context_0000,What is the value associated with key C60E0D04DCB6? Return only the value.,8622.784512,['A018EEB093FE'],32
4096.0,27777.0,synthetic_kv_64k,8.622784512,,4D18A971A31F,147.456,27777.0,0.5249927321853036,62995,4095.885312,MB,58477.0,4.095885312,context_0000,What is the value associated with key D7D89D9887BC? Return only the value.,8622.784512,['4D18A971A31F'],32
4096.0,27777.0,synthetic_kv_64k,8.622784512,,8CD7929AF586,147.456,27777.0,0.5249927321853036,62995,4095.885312,MB,58477.0,4.095885312,context_0000,What is the value associated with key CA377D94BF10? Return only the value.,8622.784512,['8CD7929AF586'],32
4096.0,27777.0,synthetic_kv_64k,8.622784512,,8891534FC96D,147.456,27777.0,0.5249927321853036,62995,4095.885312,MB,58477.0,4.095885312,context_0000,What is the value associated with key 12A85BAB7F4A? Return only the value.,8622.784512,['B52AC8B648E0'],32
4096.0,27777.0,synthetic_kv_64k,8.622784512,,5C07D71173E4,147.456,27777.0,0.5249927321853036,62995,4095.885312,MB,58477.0,4.095885312,context_0000,What is the value associated with key 8680515F352C? Return only the value.,8622.784512,['F4FD384F6E3B'],32
4096.0,27777.0,synthetic_kv_64k,8.622784512,,436E07570357,147.456,27777.0,0.5249927321853036,62995,4095.885312,MB,58477.0,4.095885312,context_0000,What is the value associated with key 85462F120B9E? Return only the value.,8622.784512,['C94811740357'],32
4096.0,27777.0,synthetic_kv_64k,8.622784512,,342854155454,147.456,27777.0,0.5249927321853036,62995,4095.885312,MB,58477.0,4.095885312,context_0000,What is the value associated with key 28CC8150E0C9? Return only the value.,8622.784512,['8B076A7A7841'],32
4096.0,27777.0,synthetic_kv_64k,8.622784512,,59721A46D536,147.456,27777.0,0.5249927321853036,62995,4095.885312,MB,58477.0,4.095885312,context_0000,What is the value associated with key 6746897B303D? Return only the value.,8622.784512,['59721789BE63'],32
4096.0,27777.0,synthetic_kv_64k,8.622784512,,A9D0369E5AF8,147.456,27777.0,0.5249927321853036,62995,4095.885312,MB,58477.0,4.095885312,context_0000,What is the value associated with key E22638A06FFE? Return only the value.,8622.784512,['A9D0369E5AF8'],32
4096.0,27777.0,synthetic_kv_64k,8.622784512,,4B275C5D3F1B,147.456,27777.0,0.5249927321853036,62995,4095.885312,MB,58477.0,4.095885312,context_0000,What is the value associated with key 54C054F6516E? Return only the value.,8622.784512,['4B275C5D3F1B'],32
4096.0,27777.0,synthetic_kv_64k,8.622784512,,5C07D71173E4,147.456,27777.0,0.5249927321853036,62995,4095.885312,MB,58477.0,4.095885312,context_0000,What is the value associated with key F34737EC07A6? Return only the value.,8622.784512,['9E47C0AE0B1A'],32
4096.0,27777.0,synthetic_kv_64k,8.622784512,,50545454545454545454545454545454,147.456,27777.0,0.5249927321853036,62995,4095.885312,MB,58477.0,4.095885312,context_0000,What is the value associated with key 799087CEC69D? Return only the value.,8622.784512,['8FB3FF2336E9'],32
4096.0,27777.0,synthetic_kv_64k,8.622784512,,D10B8448588C,147.456,27777.0,0.5249927321853036,62995,4095.885312,MB,58477.0,4.095885312,context_0000,What is the value associated with key C08BD2DD3E26? Return only the value.,8622.784512,['A638FB2B8B80'],32
4096.0,27777.0,synthetic_kv_64k,8.622784512,,5893AB3F8D22,147.456,27777.0,0.5249927321853036,62995,4095.885312,MB,58477.0,4.095885312,context_0000,What is the value associated with key 1D5E0240F59A? Return only the value.,8622.784512,['5893AB3F8D22'],32
4096.0,27777.0,synthetic_kv_64k,8.622784512,,403F4CCF0A4B,147.456,27777.0,0.5249927321853036,62995,4095.885312,MB,58477.0,4.095885312,context_0000,What is the value associated with key 3D8772173FA3? Return only the value.,8622.784512,['A46BE78D147C'],32
4096.0,27777.0,synthetic_kv_64k,8.622784512,,489495801C3A,147.456,27777.0,0.5249927321853036,62995,4095.885312,MB,58477.0,4.095885312,context_0000,What is the value associated with key EB299D1B83DF? Return only the value.,8622.784512,['3E6B9F027CBF'],32
4096.0,27777.0,synthetic_kv_64k,8.622784512,,AFB78E6B798C,147.456,27777.0,0.5249927321853036,62995,4095.885312,MB,58477.0,4.095885312,context_0000,What is the value associated with key 0A35F57A431E? Return only the value.,8622.784512,['E2BAAEBBAF9C'],32
4096.0,27777.0,synthetic_kv_64k,8.622784512,,CBD4EA7A8C21,147.456,27777.0,0.5249927321853036,62995,4095.885312,MB,58477.0,4.095885312,context_0000,What is the value associated with key 61A15228ED8D? Return only the value.,8622.784512,['CBD4EA7A8C21'],32
4096.0,27777.0,synthetic_kv_64k,8.622784512,,71BE6AB1CDB6,147.456,27777.0,0.5249927321853036,62995,4095.885312,MB,58477.0,4.095885312,context_0000,What is the value associated with key 1D06F1EAB64A? Return only the value.,8622.784512,['41AF62C8C3F4'],32
4096.0,27777.0,synthetic_kv_64k,8.622784512,,2493757750A9,147.456,27777.0,0.5249927321853036,62995,4095.885312,MB,58477.0,4.095885312,context_0000,What is the value associated with key B9568A4CFE1F? Return only the value.,8622.784512,['065348677B30'],32
4096.0,27777.0,synthetic_kv_64k,8.622784512,,C53FD275BD43,147.456,27777.0,0.5249927321853036,62995,4095.885312,MB,58477.0,4.095885312,context_0000,What is the value associated with key 8451E94D4FBE? Return only the value.,8622.784512,['C53FD275BD43'],32
4096.0,27777.0,synthetic_kv_64k,8.622784512,,47E3A4BAE8BF,147.456,27777.0,0.5249927321853036,62995,4095.885312,MB,58477.0,4.095885312,context_0000,What is the value associated with key 83A95FFD4015? Return only the value.,8622.784512,['823CCD8565CE'],32
4096.0,27777.0,synthetic_kv_64k,8.622784512,,4BE30B39DCCF,147.456,27777.0,0.5249927321853036,62995,4095.885312,MB,58477.0,4.095885312,context_0000,What is the value associated with key 7C9F7210045A? Return only the value.,8622.784512,['4BE30B39DCCF'],32
4096.0,27777.0,synthetic_kv_64k,8.622784512,,520031487DF8,147.456,27777.0,0.5249927321853036,62995,4095.885312,MB,58477.0,4.095885312,context_0000,What is the value associated with key A6CAE5F5C891? Return only the value.,8622.784512,['520031487DF8'],32
4096.0,27777.0,synthetic_kv_64k,8.622784512,,5C17093B4D72,147.456,27777.0,0.5249927321853036,62995,4095.885312,MB,58477.0,4.095885312,context_0000,What is the value associated with key 1514838E9A61? Return only the value.,8622.784512,['1890F2BE029F'],32
4096.0,27777.0,synthetic_kv_64k,8.622784512,,57D584545454,147.456,27777.0,0.5249927321853036,62995,4095.885312,MB,58477.0,4.095885312,context_0000,What is the value associated with key F8BC2ADA62CE? Return only the value.,8622.784512,['C5F8F4CE8477'],32
4096.0,27777.0,synthetic_kv_64k,8.622784512,,A4B39048584C,147.456,27777.0,0.5249927321853036,62995,4095.885312,MB,58477.0,4.095885312,context_0000,What is the value associated with key 888089B8B7EE? Return only the value.,8622.784512,['A07E01E06AD8'],32
4096.0,27777.0,synthetic_kv_64k,8.622784512,,7384D884884C,147.456,27777.0,0.5249927321853036,62995,4095.885312,MB,58477.0,4.095885312,context_0000,What is the value associated with key 35F510C2C2E5? Return only the value.,8622.784512,['A127AB9B153D'],32
4096.0,27777.0,synthetic_kv_64k,8.622784512,,5417CAAA5BBE,147.456,27777.0,0.5249927321853036,62995,4095.885312,MB,58477.0,4.095885312,context_0000,What is the value associated with key 3692C6097CD8? Return only the value.,8622.784512,['AF76DD6D6B41'],32
4096.0,27777.0,synthetic_kv_64k,8.622784512,,54B53DAB1614,147.456,27777.0,0.5249927321853036,62995,4095.885312,MB,58477.0,4.095885312,context_0000,What is the value associated with key D5EE6C98FD9B? Return only the value.,8622.784512,['34A01A9AF29E'],32
4096.0,27777.0,synthetic_kv_64k,8.622784512,,B540039F3A25,147.456,27777.0,0.5249927321853036,62995,4095.885312,MB,58477.0,4.095885312,context_0000,What is the value associated with key D42889AA4293? Return only the value.,8622.784512,['E0EEB3E6F4C6'],32
4096.0,27777.0,synthetic_kv_64k,8.622784512,,578027945884,147.456,27777.0,0.5249927321853036,62995,4095.885312,MB,58477.0,4.095885312,context_0000,What is the value associated with key BDCAF9E9CF93? Return only the value.,8622.784512,['6F6BC673F2E0'],32
4096.0,27777.0,synthetic_kv_64k,8.622784512,,58545854585458545854585458545854,147.456,27777.0,0.5249927321853036,62995,4095.885312,MB,58477.0,4.095885312,context_0000,What is the value associated with key D116A5850828? Return only the value.,8622.784512,['1276F0938776'],32
4096.0,27777.0,synthetic_kv_64k,8.622784512,,75DC75DC75DC75DC75DC75DC75DC75DC75DC75DC75,147.456,27777.0,0.5249927321853036,62995,4095.885312,MB,58477.0,4.095885312,context_0000,What is the value associated with key AFA0BF343CA7? Return only the value.,8622.784512,['0614275C75DC'],32
4096.0,27777.0,synthetic_kv_64k,8.622784512,,09B254EB4C91,147.456,27777.0,0.5249927321853036,62995,4095.885312,MB,58477.0,4.095885312,context_0000,What is the value associated with key B784758FC8FA? Return only the value.,8622.784512,['09B254EB4C91'],32
4096.0,27777.0,synthetic_kv_64k,8.622784512,,B52AC8B648E0,147.456,27777.0,0.5249927321853036,62995,4095.885312,MB,58477.0,4.095885312,context_0000,What is the value associated with key 12C01667C518? Return only the value.,8622.784512,['2D900DE4833E'],32
4096.0,27777.0,synthetic_kv_64k,8.622784512,,B87854536E4A,147.456,27777.0,0.5249927321853036,62995,4095.885312,MB,58477.0,4.095885312,context_0000,What is the value associated with key 407DCB51A911? Return only the value.,8622.784512,['12088EDE9B46'],32
4096.0,27777.0,synthetic_kv_64k,8.622784512,,E9363A46FBE3,147.456,27777.0,0.5249927321853036,62995,4095.885312,MB,58477.0,4.095885312,context_0000,What is the value associated with key D2559330BA83? Return only the value.,8622.784512,['E9363A46FBE3'],32
4096.0,27777.0,synthetic_kv_64k,8.622784512,,737C63565DA9,147.456,27777.0,0.5249927321853036,62995,4095.885312,MB,58477.0,4.095885312,context_0000,What is the value associated with key 685A4236C0BF? Return only the value.,8622.784512,['737C63561ADD'],32
4096.0,27777.0,synthetic_kv_64k,8.622784512,,50FF6EDABA8C,147.456,27777.0,0.5249927321853036,62995,4095.885312,MB,58477.0,4.095885312,context_0000,What is the value associated with key 6789A155EB2C? Return only the value.,8622.784512,['50FF6EDABA8C'],32
4096.0,27777.0,synthetic_kv_64k,8.622784512,,1E49AC5D4E57,147.456,27777.0,0.5249927321853036,62995,4095.885312,MB,58477.0,4.095885312,context_0000,What is the value associated with key 63B60452F779? Return only the value.,8622.784512,['1E49AC5D4E57'],32
4096.0,27777.0,synthetic_kv_64k,8.622784512,,B20031487DF8,147.456,27777.0,0.5249927321853036,62995,4095.885312,MB,58477.0,4.095885312,context_0000,What is the value associated with key 018288EAE7D4? Return only the value.,8622.784512,['B864A43447FB'],32
4096.0,27777.0,synthetic_kv_64k,8.622784512,,B26D7078C34A,147.456,27777.0,0.5249927321853036,62995,4095.885312,MB,58477.0,4.095885312,context_0000,What is the value associated with key 10309E4C24DD? Return only the value.,8622.784512,['BEF6C186A221'],32
4096.0,27777.0,synthetic_kv_64k,8.622784512,,0C36915D9A63,147.456,27777.0,0.5249927321853036,62995,4095.885312,MB,58477.0,4.095885312,context_0000,What is the value associated with key 0BA695EA6825? Return only the value.,8622.784512,['D926B36D0121'],32
4096.0,27777.0,synthetic_kv_64k,8.622784512,,80B9ED94898B,147.456,27777.0,0.5249927321853036,62995,4095.885312,MB,58477.0,4.095885312,context_0000,What is the value associated with key 5B92129538DF? Return only the value.,8622.784512,['80B9ED94898B'],32
4096.0,27777.0,synthetic_kv_64k,8.622784512,,69865DA3F9CF,147.456,27777.0,0.5249927321853036,62995,4095.885312,MB,58477.0,4.095885312,context_0000,What is the value associated with key 4A321B2BB2EC? Return only the value.,8622.784512,['AF95C971BF51'],32
4096.0,27777.0,synthetic_kv_64k,8.622784512,,A65D936DD1A8,147.456,27777.0,0.5249927321853036,62995,4095.885312,MB,58477.0,4.095885312,context_0000,What is the value associated with key 9B474D2551EB? Return only the value.,8622.784512,['4811162534CA'],32
4096.0,27777.0,synthetic_kv_64k,8.622784512,,98CD5297E1AD,147.456,27777.0,0.5249927321853036,62995,4095.885312,MB,58477.0,4.095885312,context_0000,What is the value associated with key ED3BC3E90323? Return only the value.,8622.784512,['61A4700B8B43'],32
4096.0,27777.0,synthetic_kv_64k,8.622784512,,07E3A9252745,147.456,27777.0,0.5249927321853036,62995,4095.885312,MB,58477.0,4.095885312,context_0000,What is the value associated with key D27665262474? Return only the value.,8622.784512,['07E3A9252745'],32
4096.0,27777.0,synthetic_kv_64k,8.622784512,,C0876A7A7841,147.456,27777.0,0.5249927321853036,62995,4095.885312,MB,58477.0,4.095885312,context_0000,What is the value associated with key 2804795741BB? Return only the value.,8622.784512,['3849889157FD'],32
4096.0,27777.0,synthetic_kv_64k,8.622784512,,855C96405FCD,147.456,27777.0,0.5249927321853036,62995,4095.885312,MB,58477.0,4.095885312,context_0000,What is the value associated with key BF2B22E9E527? Return only the value.,8622.784512,['CBF9641816B7'],32
4096.0,27777.0,synthetic_kv_64k,8.622784512,,4B838BB4995A,147.456,27777.0,0.5249927321853036,62995,4095.885312,MB,58477.0,4.095885312,context_0000,What is the value associated with key D976CC27F386? Return only the value.,8622.784512,['4B838BB4995A'],32
4096.0,27777.0,synthetic_kv_64k,8.622784512,,A84790FA6B57,147.456,27777.0,0.5249927321853036,62995,4095.885312,MB,58477.0,4.095885312,context_0000,What is the value associated with key A250F5CB5BE4? Return only the value.,8622.784512,['4C4D24E2226C'],32
4096.0,27777.0,synthetic_kv_64k,8.622784512,,C7F482221AD3,147.456,27777.0,0.5249927321853036,62995,4095.885312,MB,58477.0,4.095885312,context_0000,What is the value associated with key E310AD62D094? Return only the value.,8622.784512,['F722EA06F94B'],32
4096.0,27777.0,synthetic_kv_64k,8.622784512,,A5DFBAB503FB,147.456,27777.0,0.5249927321853036,62995,4095.885312,MB,58477.0,4.095885312,context_0000,What is the value associated with key DDFCCB863DEA? Return only the value.,8622.784512,['A5DFBAB503FB'],32
4096.0,27777.0,synthetic_kv_64k,8.622784512,,57D59CF3137E,147.456,27777.0,0.5249927321853036,62995,4095.885312,MB,58477.0,4.095885312,context_0000,What is the value associated with key F5175F857B21? Return only the value.,8622.784512,['02DAF3102525'],32
4096.0,27777.0,synthetic_kv_64k,8.622784512,,24318E190D07,147.456,27777.0,0.5249927321853036,62995,4095.885312,MB,58477.0,4.095885312,context_0000,What is the value associated with key DFF08DB3C2C1? Return only the value.,8622.784512,['24318E190D07'],32
4096.0,27777.0,synthetic_kv_64k,8.622784512,,929D0149A2AF,147.456,27777.0,0.5249927321853036,62995,4095.885312,MB,58477.0,4.095885312,context_0000,What is the value associated with key 0AB11F8C56E0? Return only the value.,8622.784512,['929D0149A2AF'],32
4096.0,27777.0,synthetic_kv_64k,8.622784512,,8C2A8982CBF8,147.456,27777.0,0.5249927321853036,62995,4095.885312,MB,58477.0,4.095885312,context_0000,What is the value associated with key 64E298BE5FF0? Return only the value.,8622.784512,['8C2A8982CBF8'],32
4096.0,27777.0,synthetic_kv_64k,8.622784512,,35C64E003D55,147.456,27777.0,0.5249927321853036,62995,4095.885312,MB,58477.0,4.095885312,context_0000,What is the value associated with key 15CAF26D3DD3? Return only the value.,8622.784512,['35C64E003D55'],32
4096.0,27777.0,synthetic_kv_64k,8.622784512,,B9D7E74ED0B3,147.456,27777.0,0.5249927321853036,62995,4095.885312,MB,58477.0,4.095885312,context_0000,What is the value associated with key BDCEBF905D6A? Return only the value.,8622.784512,['B9D7E74ED0B3'],32
4096.0,27777.0,synthetic_kv_64k,8.622784512,,E7D769A3B991,147.456,27777.0,0.5249927321853036,62995,4095.885312,MB,58477.0,4.095885312,context_0000,What is the value associated with key 36345806A961? Return only the value.,8622.784512,['E7D769A3B991'],32
4096.0,27777.0,synthetic_kv_64k,8.622784512,,16EEB891D55D,147.456,27777.0,0.5249927321853036,62995,4095.885312,MB,58477.0,4.095885312,context_0000,What is the value associated with key D9F9A55BC44F? Return only the value.,8622.784512,['24778336A758'],32
4096.0,27777.0,synthetic_kv_64k,8.622784512,,6C877FAF6458,147.456,27777.0,0.5249927321853036,62995,4095.885312,MB,58477.0,4.095885312,context_0000,What is the value associated with key 2F1A29344E15? Return only the value.,8622.784512,['9DEC38858F7E'],32
4096.0,27777.0,synthetic_kv_64k,8.622784512,,4B275C5D3F1B,147.456,27777.0,0.5249927321853036,62995,4095.885312,MB,58477.0,4.095885312,context_0000,What is the value associated with key 40B3D5B211A9? Return only the value.,8622.784512,['1D5731BF5CF6'],32
4096.0,27777.0,synthetic_kv_64k,8.622784512,,4C7FA3760C2D,147.456,27777.0,0.5249927321853036,62995,4095.885312,MB,58477.0,4.095885312,context_0000,What is the value associated with key ABC52E6D7A04? Return only the value.,8622.784512,['913ACCB68571'],32
4096.0,27777.0,synthetic_kv_64k,8.622784512,,CB5D2AD820CA,147.456,27777.0,0.5249927321853036,62995,4095.885312,MB,58477.0,4.095885312,context_0000,What is the value associated with key 0DECDA2D2156? Return only the value.,8622.784512,['C044D9F48BBD'],32
4096.0,27777.0,synthetic_kv_64k,8.622784512,,8C81FE8B4CCB,147.456,27777.0,0.5249927321853036,62995,4095.885312,MB,58477.0,4.095885312,context_0000,What is the value associated with key FD75EEAFCA83? Return only the value.,8622.784512,['8C81FE8B4CCB'],32
4096.0,27777.0,synthetic_kv_64k,8.622784512,,D12B8CB6D1F0,147.456,27777.0,0.5249927321853036,62995,4095.885312,MB,58477.0,4.095885312,context_0000,What is the value associated with key A509761579E7? Return only the value.,8622.784512,['12B98CB6D1F0'],32
4096.0,27777.0,synthetic_kv_64k,8.622784512,,5C17093B4D72,147.456,27777.0,0.5249927321853036,62995,4095.885312,MB,58477.0,4.095885312,context_0000,What is the value associated with key ABF34A68369C? Return only the value.,8622.784512,['402D113EAF84'],32
4096.0,27777.0,synthetic_kv_64k,8.622784512,,3B80AD4A2B3C,147.456,27777.0,0.5249927321853036,62995,4095.885312,MB,58477.0,4.095885312,context_0000,What is the value associated with key 32891923CAFC? Return only the value.,8622.784512,['94A1B9C037AA'],32
4096.0,27777.0,synthetic_kv_64k,8.622784512,,5B6D54B2A582,147.456,27777.0,0.5249927321853036,62995,4095.885312,MB,58477.0,4.095885312,context_0000,What is the value associated with key F3987CB882A0? Return only the value.,8622.784512,['5B6D54B2A582'],32
4096.0,27777.0,synthetic_kv_64k,8.622784512,,3C0AA7CD13CB,147.456,27777.0,0.5249927321853036,62995,4095.885312,MB,58477.0,4.095885312,context_0000,What is the value associated with key ABDA20D2B528? Return only the value.,8622.784512,['3C0AA7CD13CB'],32
4096.0,27777.0,synthetic_kv_64k,8.622784512,,11DE9E98961D,147.456,27777.0,0.5249927321853036,62995,4095.885312,MB,58477.0,4.095885312,context_0000,What is the value associated with key 48FE199C8D94? Return only the value.,8622.784512,['11DE9E98961D'],32
4096.0,27777.0,synthetic_kv_64k,8.622784512,,7C61515A6B43,147.456,27777.0,0.5249927321853036,62995,4095.885312,MB,58477.0,4.095885312,context_0000,What is the value associated with key 3189E66E2C11? Return only the value.,8622.784512,['7C61515A6B43'],32
4096.0,27777.0,synthetic_kv_64k,8.622784512,,A8CF9DC89E1A,147.456,27777.0,0.5249927321853036,62995,4095.885312,MB,58477.0,4.095885312,context_0000,What is the value associated with key 540E735D88F3? Return only the value.,8622.784512,['A8CF9DC89E1A'],32
4096.0,27777.0,synthetic_kv_64k,8.622784512,,2703958C2936,147.456,27777.0,0.5249927321853036,62995,4095.885312,MB,58477.0,4.095885312,context_0000,What is the value associated with key B1864E40BFBA? Return only the value.,8622.784512,['2703958C2936'],32
4096.0,27777.0,synthetic_kv_64k,8.622784512,,CEC55D4F7107,147.456,27777.0,0.5249927321853036,62995,4095.885312,MB,58477.0,4.095885312,context_0000,What is the value associated with key 911D90C80420? Return only the value.,8622.784512,['CEC55D4F7107'],32
4096.0,27777.0,synthetic_kv_64k,8.622784512,,2B2B6DA58DAD,147.456,27777.0,0.5249927321853036,62995,4095.885312,MB,58477.0,4.095885312,context_0000,What is the value associated with key F56A50FB35B0? Return only the value.,8622.784512,['2B2B6DA58DAD'],32
4096.0,27777.0,synthetic_kv_64k,8.622784512,,C9213F05557C,147.456,27777.0,0.5249927321853036,62995,4095.885312,MB,58477.0,4.095885312,context_0000,What is the value associated with key 502E013CA998? Return only the value.,8622.784512,['C9213F05557C'],32
4096.0,27777.0,synthetic_kv_64k,8.622784512,,A40DBD64987E,147.456,27777.0,0.5249927321853036,62995,4095.885312,MB,58477.0,4.095885312,context_0000,What is the value associated with key B65238B5E89A? Return only the value.,8622.784512,['A40DBD64987E'],32
4096.0,27777.0,synthetic_kv_64k,8.622784512,,5C07D71173E4,147.456,27777.0,0.5249927321853036,62995,4095.885312,MB,58477.0,4.095885312,context_0000,What is the value associated with key 46D46FA5D3B0? Return only the value.,8622.784512,['5C07D71173E4'],32
4096.0,27777.0,synthetic_kv_64k,8.622784512,,54E1BBA41AE0,147.456,27777.0,0.5249927321853036,62995,4095.885312,MB,58477.0,4.095885312,context_0000,What is the value associated with key ADF82261DDEF? Return only the value.,8622.784512,['54E1BBA41AE0'],32
4096.0,27777.0,synthetic_kv_64k,8.622784512,,3E429E68444D,147.456,27777.0,0.5249927321853036,62995,4095.885312,MB,58477.0,4.095885312,context_0000,What is the value associated with key 7ADEE0BD202C? Return only the value.,8622.784512,['7202767D3B27'],32
4096.0,27777.0,synthetic_kv_64k,8.622784512,,04C26EDABA8C,147.456,27777.0,0.5249927321853036,62995,4095.885312,MB,58477.0,4.095885312,context_0000,What is the value associated with key C6575BD67D4D? Return only the value.,8622.784512,['7CAA4E336644'],32
4096.0,27777.0,synthetic_kv_64k,8.622784512,,584854448484,147.456,27777.0,0.5249927321853036,62995,4095.885312,MB,58477.0,4.095885312,context_0000,What is the value associated with key 1BDC8D3A5D76? Return only the value.,8622.784512,['A5422CFF45F8'],32
4096.0,27777.0,synthetic_kv_64k,8.622784512,,A0156C17E150,147.456,27777.0,0.5249927321853036,62995,4095.885312,MB,58477.0,4.095885312,context_0000,What is the value associated with key 14FC9B4BF377? Return only the value.,8622.784512,['47D6D77FBEEB'],32
4096.0,27777.0,synthetic_kv_64k,8.622784512,,E6A20478C36E,147.456,27777.0,0.5249927321853036,62995,4095.885312,MB,58477.0,4.095885312,context_0000,What is the value associated with key D391DBD4A86D? Return only the value.,8622.784512,['E42C23D7263D'],32
4096.0,27777.0,synthetic_kv_64k,8.622784512,,1417EB91731A,147.456,27777.0,0.5249927321853036,62995,4095.885312,MB,58477.0,4.095885312,context_0000,What is the value associated with key 324989E2DF24? Return only the value.,8622.784512,['BBC94363589C'],32
4096.0,27777.0,synthetic_kv_64k,8.622784512,,744854444444,147.456,27777.0,0.5249927321853036,62995,4095.885312,MB,58477.0,4.095885312,context_0000,What is the value associated with key A06AE2E6E7A6? Return only the value.,8622.784512,['BA38139309D1'],32
4096.0,27777.0,synthetic_kv_64k,8.622784512,,C08FB361E70A,147.456,27777.0,0.5249927321853036,62995,4095.885312,MB,58477.0,4.095885312,context_0000,What is the value associated with key E461134D695A? Return only the value.,8622.784512,['D97E04C4F46A'],32
4096.0,27777.0,synthetic_kv_64k,8.622784512,,D00907FC584E,147.456,27777.0,0.5249927321853036,62995,4095.885312,MB,58477.0,4.095885312,context_0000,What is the value associated with key A1B281D67019? Return only the value.,8622.784512,['D00907FC584E'],32
4096.0,27777.0,synthetic_kv_64k,8.622784512,,C4EA67B6E467,147.456,27777.0,0.5249927321853036,62995,4095.885312,MB,58477.0,4.095885312,context_0000,What is the value associated with key 943294F6C67A? Return only the value.,8622.784512,['C4EA67B6E467'],32
4096.0,27777.0,synthetic_kv_64k,8.622784512,,0962E80382EB,147.456,27777.0,0.5249927321853036,62995,4095.885312,MB,58477.0,4.095885312,context_0000,What is the value associated with key 3677970C9EB4? Return only the value.,8622.784512,['0962E80382EB'],32
4096.0,27777.0,synthetic_kv_64k,8.622784512,,CEDC8B20CE3E,147.456,27777.0,0.5249927321853036,62995,4095.885312,MB,58477.0,4.095885312,context_0000,What is the value associated with key 42B78D3543BE? Return only the value.,8622.784512,['E4DC8B20CE3E'],32
4096.0,27777.0,synthetic_kv_64k,8.622784512,,844855545454,147.456,27777.0,0.5249927321853036,62995,4095.885312,MB,58477.0,4.095885312,context_0000,What is the value associated with key 8A28FFACA645? Return only the value.,8622.784512,['A76678DBCDE3'],32
4096.0,27777.0,synthetic_kv_64k,8.622784512,,3B8588588888,147.456,27777.0,0.5249927321853036,62995,4095.885312,MB,58477.0,4.095885312,context_0000,What is the value associated with key 260CC6735380? Return only the value.,8622.784512,['647A5DA64A3A'],32
4096.0,27777.0,synthetic_kv_64k,8.622784512,,F722EA06F94B,147.456,27777.0,0.5249927321853036,62995,4095.885312,MB,58477.0,4.095885312,context_0000,What is the value associated with key E435392A9FC4? Return only the value.,8622.784512,['96F0C5AB48DA'],32
4096.0,27777.0,synthetic_kv_64k,8.622784512,,22464A7EEBC2,147.456,27777.0,0.5249927321853036,62995,4095.885312,MB,58477.0,4.095885312,context_0000,What is the value associated with key DB6FBBB4C0CE? Return only the value.,8622.784512,['22464A7EEBC2'],32
4096.0,27777.0,synthetic_kv_64k,8.622784512,,784D8844888C,147.456,27777.0,0.5249927321853036,62995,4095.885312,MB,58477.0,4.095885312,context_0000,What is the value associated with key 804976F6A778? Return only the value.,8622.784512,['172E82AA5C46'],32
4096.0,27777.0,synthetic_kv_64k,8.622784512,,02B6808E08D2,147.456,27777.0,0.5249927321853036,62995,4095.885312,MB,58477.0,4.095885312,context_0000,What is the value associated with key 5D266593B659? Return only the value.,8622.784512,['02B6808E08D2'],32
4096.0,27777.0,synthetic_kv_64k,8.622784512,,50BF9EE4FB9A,147.456,27777.0,0.5249927321853036,62995,4095.885312,MB,58477.0,4.095885312,context_0000,What is the value associated with key 3D27A9A54C24? Return only the value.,8622.784512,['F6C8D9155664'],32
4096.0,27777.0,synthetic_kv_64k,8.622784512,,823C48588888,147.456,27777.0,0.5249927321853036,62995,4095.885312,MB,58477.0,4.095885312,context_0000,What is the value associated with key FB5ACE7968B7? Return only the value.,8622.784512,['AF259D31762A'],32
4096.0,27777.0,synthetic_kv_64k,8.622784512,,7B1D2286E3F8,147.456,27777.0,0.5249927321853036,62995,4095.885312,MB,58477.0,4.095885312,context_0000,What is the value associated with key C1D82A74B90C? Return only the value.,8622.784512,['23EF839E7623'],32
4096.0,27777.0,synthetic_kv_64k,8.622784512,,528C3854584C,147.456,27777.0,0.5249927321853036,62995,4095.885312,MB,58477.0,4.095885312,context_0000,What is the value associated with key 28C2723B80D4? Return only the value.,8622.784512,['90FC2DDC756B'],32
4096.0,27777.0,synthetic_kv_64k,8.622784512,,CB874F035C91,147.456,27777.0,0.5249927321853036,62995,4095.885312,MB,58477.0,4.095885312,context_0000,What is the value associated with key 90D9F2DEC75C? Return only the value.,8622.784512,['DF48A8CF4F62'],32
4096.0,27777.0,synthetic_kv_64k,8.622784512,,578058548884,147.456,27777.0,0.5249927321853036,62995,4095.885312,MB,58477.0,4.095885312,context_0000,What is the value associated with key 256DF7BD8499? Return only the value.,8622.784512,['BB64BC653D94'],32
4096.0,27777.0,synthetic_kv_64k,8.622784512,,5DA8F8B38A8B,147.456,27777.0,0.5249927321853036,62995,4095.885312,MB,58477.0,4.095885312,context_0000,What is the value associated with key F06D7BC6E121? Return only the value.,8622.784512,['0A585BDA0655'],32
4096.0,27777.0,synthetic_kv_64k,8.622784512,,3B537CD61DA4,147.456,27777.0,0.5249927321853036,62995,4095.885312,MB,58477.0,4.095885312,context_0000,What is the value associated with key C2EF38048786? Return only the value.,8622.784512,['3B537CD61DA4'],32
4096.0,27777.0,synthetic_kv_64k,8.622784512,,3BE85E934DE0,147.456,27777.0,0.5249927321853036,62995,4095.885312,MB,58477.0,4.095885312,context_0000,What is the value associated with key 43AC1017AB44? Return only the value.,8622.784512,['3BE85E934DE0'],32
4096.0,27777.0,synthetic_kv_64k,8.622784512,,0C904185300D,147.456,27777.0,0.5249927321853036,62995,4095.885312,MB,58477.0,4.095885312,context_0000,What is the value associated with key AB280AF57E60? Return only the value.,8622.784512,['849434EF2552'],32
4096.0,27777.0,synthetic_kv_64k,8.622784512,,635A5C7AF83D,147.456,27777.0,0.5249927321853036,62995,4095.885312,MB,58477.0,4.095885312,context_0000,What is the value associated with key CA9DE860BCB1? Return only the value.,8622.784512,['635A5C7AF83D'],32
4096.0,27777.0,synthetic_kv_64k,8.622784512,,E1AD7463835E,147.456,27777.0,0.5249927321853036,62995,4095.885312,MB,58477.0,4.095885312,context_0000,What is the value associated with key EAFB783C91EB? Return only the value.,8622.784512,['E1AD7463835E'],32
4096.0,27777.0,synthetic_kv_64k,8.622784512,,A605FB07EE93,147.456,27777.0,0.5249927321853036,62995,4095.885312,MB,58477.0,4.095885312,context_0000,What is the value associated with key 0A370BE3534A? Return only the value.,8622.784512,['A605FB07EE93'],32
4096.0,27777.0,synthetic_kv_64k,8.622784512,,504848858485,147.456,27777.0,0.5249927321853036,62995,4095.885312,MB,58477.0,4.095885312,context_0000,What is the value associated with key 1A6C52F6531F? Return only the value.,8622.784512,['F7EBB4280F0D'],32
4096.0,27777.0,synthetic_kv_64k,8.622784512,,4603D463C183,147.456,27777.0,0.5249927321853036,62995,4095.885312,MB,58477.0,4.095885312,context_0000,What is the value associated with key A2318578B1C6? Return only the value.,8622.784512,['4603D463C183'],32
4096.0,27777.0,synthetic_kv_64k,8.622784512,,5C17093B4D72,147.456,27777.0,0.5249927321853036,62995,4095.885312,MB,58477.0,4.095885312,context_0000,What is the value associated with key BDEDD5BA304C? Return only the value.,8622.784512,['94214368AE93'],32
4096.0,27777.0,synthetic_kv_64k,8.622784512,,702BADAB2C2F,147.456,27777.0,0.5249927321853036,62995,4095.885312,MB,58477.0,4.095885312,context_0000,What is the value associated with key 91F68B5A8683? Return only the value.,8622.784512,['606C2C816BF0'],32
4096.0,27777.0,synthetic_kv_64k,8.622784512,,96725D8416E0,147.456,27777.0,0.5249927321853036,62995,4095.885312,MB,58477.0,4.095885312,context_0000,What is the value associated with key 60E6A75743F9? Return only the value.,8622.784512,['96725D8416E0'],32
4096.0,27777.0,synthetic_kv_64k,8.622784512,,388584848484,147.456,27777.0,0.5249927321853036,62995,4095.885312,MB,58477.0,4.095885312,context_0000,What is the value associated with key E5F2A741104B? Return only the value.,8622.784512,['13EDD5E14D1F'],32
4096.0,27777.0,synthetic_kv_64k,8.622784512,,0A1BE60EC813,147.456,27777.0,0.5249927321853036,62995,4095.885312,MB,58477.0,4.095885312,context_0000,What is the value associated with key 406784440504? Return only the value.,8622.784512,['F9016057153A'],32
4096.0,27777.0,synthetic_kv_64k,8.622784512,,3C448455848C,147.456,27777.0,0.5249927321853036,62995,4095.885312,MB,58477.0,4.095885312,context_0000,What is the value associated with key 390FE8410A39? Return only the value.,8622.784512,['67E58430F0FA'],32
4096.0,27777.0,synthetic_kv_64k,8.622784512,,384858548854,147.456,27777.0,0.5249927321853036,62995,4095.885312,MB,58477.0,4.095885312,context_0000,What is the value associated with key D1365A578607? Return only the value.,8622.784512,['5854DE22DC3F'],32
4096.0,27777.0,synthetic_kv_64k,8.622784512,,51153B90908E,147.456,27777.0,0.5249927321853036,62995,4095.885312,MB,58477.0,4.095885312,context_0000,What is the value associated with key CAEB7CA2F582? Return only the value.,8622.784512,['E31D7B6B911E'],32
4096.0,27777.0,synthetic_kv_64k,8.622784512,,E1CC8078636D,147.456,27777.0,0.5249927321853036,62995,4095.885312,MB,58477.0,4.095885312,context_0000,What is the value associated with key 01B09AAD9234? Return only the value.,8622.784512,['E1CC8078636D'],32
4096.0,27777.0,synthetic_kv_64k,8.622784512,,3E083F09F7A6,147.456,27777.0,0.5249927321853036,62995,4095.885312,MB,58477.0,4.095885312,context_0000,What is the value associated with key 709D23936D45? Return only the value.,8622.784512,['3AE02A6524AF'],32
4096.0,27777.0,synthetic_kv_64k,8.622784512,,57E3A4BAE8BF,147.456,27777.0,0.5249927321853036,62995,4095.885312,MB,58477.0,4.095885312,context_0000,What is the value associated with key 83B813BC0DC6? Return only the value.,8622.784512,['47E3A4BAE8BF'],32
4096.0,27777.0,synthetic_kv_64k,8.622784512,,28482FD90CE1,147.456,27777.0,0.5249927321853036,62995,4095.885312,MB,58477.0,4.095885312,context_0000,What is the value associated with key 26763625FC20? Return only the value.,8622.784512,['28482FD90CE1'],32
4096.0,27777.0,synthetic_kv_64k,8.622784512,,D123B7A1267E,147.456,27777.0,0.5249927321853036,62995,4095.885312,MB,58477.0,4.095885312,context_0000,What is the value associated with key 9A1E5CBAA496? Return only the value.,8622.784512,['D123B7A1267E'],32
4096.0,27777.0,synthetic_kv_64k,8.622784512,,6A243AF7FA21,147.456,27777.0,0.5249927321853036,62995,4095.885312,MB,58477.0,4.095885312,context_0000,What is the value associated with key A93E1E4AE3A7? Return only the value.,8622.784512,['6A243AF7FA21'],32
4096.0,27777.0,synthetic_kv_64k,8.622784512,,58F4591CC524,147.456,27777.0,0.5249927321853036,62995,4095.885312,MB,58477.0,4.095885312,context_0000,What is the value associated with key 5489CFA9026B? Return only the value.,8622.784512,['1D03B862ACC3'],32
4096.0,27777.0,synthetic_kv_64k,8.622784512,,849434EF2552,147.456,27777.0,0.5249927321853036,62995,4095.885312,MB,58477.0,4.095885312,context_0000,What is the value associated with key ACDB7B44ACD0? Return only the value.,8622.784512,['7AA17A9398BB'],32
4096.0,27777.0,synthetic_kv_64k,8.622784512,,7B8788888888,147.456,27777.0,0.5249927321853036,62995,4095.885312,MB,58477.0,4.095885312,context_0000,What is the value associated with key 973E35F0B1BE? Return only the value.,8622.784512,['A5B229476F54'],32
4096.0,27777.0,synthetic_kv_64k,8.622784512,,0E524D4E0618,147.456,27777.0,0.5249927321853036,62995,4095.885312,MB,58477.0,4.095885312,context_0000,What is the value associated with key 6930D5576899? Return only the value.,8622.784512,['3E6105BF0618'],32
4096.0,27777.0,synthetic_kv_64k,8.622784512,,97A492D00319,147.456,27777.0,0.5249927321853036,62995,4095.885312,MB,58477.0,4.095885312,context_0000,What is the value associated with key 20BD0B0B81DE? Return only the value.,8622.784512,['97A492D00319'],32
4096.0,27777.0,synthetic_kv_64k,8.622784512,,27AD98A15E4F,147.456,27777.0,0.5249927321853036,62995,4095.885312,MB,58477.0,4.095885312,context_0000,What is the value associated with key 227D293FC266? Return only the value.,8622.784512,['833CA1298FA2'],32
4096.0,27777.0,synthetic_kv_64k,8.622784512,,41C60CE3C8C8,147.456,27777.0,0.5249927321853036,62995,4095.885312,MB,58477.0,4.095885312,context_0000,What is the value associated with key E40B0A086989? Return only the value.,8622.784512,['259892803DA2'],32
4096.0,27777.0,synthetic_kv_64k,8.622784512,,4DCA621D4DCA,147.456,27777.0,0.5249927321853036,62995,4095.885312,MB,58477.0,4.095885312,context_0000,What is the value associated with key 2A950E503FD8? Return only the value.,8622.784512,['EC25421D4DCA'],32
4096.0,27777.0,synthetic_kv_64k,8.622784512,,1A855A057C11,147.456,27777.0,0.5249927321853036,62995,4095.885312,MB,58477.0,4.095885312,context_0000,What is the value associated with key 84422E16F0B6? Return only the value.,8622.784512,['67CBF54F1B92'],32
4096.0,27777.0,synthetic_kv_64k,8.622784512,,A507C9DF301E,147.456,27777.0,0.5249927321853036,62995,4095.885312,MB,58477.0,4.095885312,context_0000,What is the value associated with key F820996F7E88? Return only the value.,8622.784512,['A33B904865C6'],32
4096.0,27777.0,synthetic_kv_64k,8.622784512,,73EDD5E14D1F,147.456,27777.0,0.5249927321853036,62995,4095.885312,MB,58477.0,4.095885312,context_0000,What is the value associated with key E0E504C44853? Return only the value.,8622.784512,['BA5CB8344070'],32
4096.0,27777.0,synthetic_kv_64k,8.622784512,,77E8BB7EB979,147.456,27777.0,0.5249927321853036,62995,4095.885312,MB,58477.0,4.095885312,context_0000,What is the value associated with key D240A9681FC1? Return only the value.,8622.784512,['F27F48907B6D'],32
4096.0,27777.0,synthetic_kv_64k,8.622784512,,B97809AA5570,147.456,27777.0,0.5249927321853036,62995,4095.885312,MB,58477.0,4.095885312,context_0000,What is the value associated with key 377215F39D39? Return only the value.,8622.784512,['9B4572FEFDC2'],32
4096.0,27777.0,synthetic_kv_64k,8.622784512,,8234567890AB,147.456,27777.0,0.5249927321853036,62995,4095.885312,MB,58477.0,4.095885312,context_0000,What is the value associated with key 78AEFE268E77? Return only the value.,8622.784512,['7B4EDE0787B1'],32
4096.0,27777.0,synthetic_kv_64k,8.622784512,,6928D492B51A,147.456,27777.0,0.5249927321853036,62995,4095.885312,MB,58477.0,4.095885312,context_0000,What is the value associated with key 38282BAA43C9? Return only the value.,8622.784512,['6928D492B51A'],32
4096.0,27777.0,synthetic_kv_64k,8.622784512,,C06895801C3A,147.456,27777.0,0.5249927321853036,62995,4095.885312,MB,58477.0,4.095885312,context_0000,What is the value associated with key 248899D090FD? Return only the value.,8622.784512,['9528CB6BF562'],32
4096.0,27777.0,synthetic_kv_64k,8.622784512,,4128224629CD,147.456,27777.0,0.5249927321853036,62995,4095.885312,MB,58477.0,4.095885312,context_0000,What is the value associated with key C47AD209383B? Return only the value.,8622.784512,['9F8A2E8FF5A8'],32
4096.0,27777.0,synthetic_kv_64k,8.622784512,,2EDC43B7A0EF,147.456,27777.0,0.5249927321853036,62995,4095.885312,MB,58477.0,4.095885312,context_0000,What is the value associated with key 82C4A8DEBD88? Return only the value.,8622.784512,['2AEF43B7A0EF'],32
4096.0,27777.0,synthetic_kv_64k,8.622784512,,5C17093B4D72,147.456,27777.0,0.5249927321853036,62995,4095.885312,MB,58477.0,4.095885312,context_0000,What is the value associated with key AF82B9644E4F? Return only the value.,8622.784512,['EC1F57B94DFB'],32
4096.0,27777.0,synthetic_kv_64k,8.622784512,,119F97314C91,147.456,27777.0,0.5249927321853036,62995,4095.885312,MB,58477.0,4.095885312,context_0000,What is the value associated with key 98B674169E82? Return only the value.,8622.784512,['119F97314C91'],32
4096.0,27777.0,synthetic_kv_64k,8.622784512,,DD76F09E4776,147.456,27777.0,0.5249927321853036,62995,4095.885312,MB,58477.0,4.095885312,context_0000,What is the value associated with key 60D23AD51382? Return only the value.,8622.784512,['21D862ADA157'],32
4096.0,27777.0,synthetic_kv_64k,8.622784512,,8EB78F73198E,147.456,27777.0,0.5249927321853036,62995,4095.885312,MB,58477.0,4.095885312,context_0000,What is the value associated with key 043D1BCB404C? Return only the value.,8622.784512,['85D033CD1D56'],32
4096.0,27777.0,synthetic_kv_64k,8.622784512,,3F467165E36B,147.456,27777.0,0.5249927321853036,62995,4095.885312,MB,58477.0,4.095885312,context_0000,What is the value associated with key E8CADC0E3375? Return only the value.,8622.784512,['AF32811DB4AF'],32
4096.0,27777.0,synthetic_kv_64k,8.622784512,,3FAC16E827B0,147.456,27777.0,0.5249927321853036,62995,4095.885312,MB,58477.0,4.095885312,context_0000,What is the value associated with key D3966B77AF9E? Return only the value.,8622.784512,['9B022649A478'],32
4096.0,27777.0,synthetic_kv_64k,8.622784512,,E2808C6B775A,147.456,27777.0,0.5249927321853036,62995,4095.885312,MB,58477.0,4.095885312,context_0000,What is the value associated with key 2D6B18A70609? Return only the value.,8622.784512,['E6CF79D29001'],32
4096.0,27777.0,synthetic_kv_64k,8.622784512,,E0B409FE4CDD,147.456,27777.0,0.5249927321853036,62995,4095.885312,MB,58477.0,4.095885312,context_0000,What is the value associated with key 998D9D6022C5? Return only the value.,8622.784512,['E0B409FE4CDD'],32
4096.0,27777.0,synthetic_kv_64k,8.622784512,,6C554AFCF9E8,147.456,27777.0,0.5249927321853036,62995,4095.885312,MB,58477.0,4.095885312,context_0000,What is the value associated with key 880BC8AB96AC? Return only the value.,8622.784512,['C09C80DA2ED7'],32
4096.0,27777.0,synthetic_kv_64k,8.622784512,,589374622440,147.456,27777.0,0.5249927321853036,62995,4095.885312,MB,58477.0,4.095885312,context_0000,What is the value associated with key 17DB1E158E2F? Return only the value.,8622.784512,['A8CD7B742440'],32
4096.0,27777.0,synthetic_kv_64k,8.622784512,,8A4D6F88DB9D,147.456,27777.0,0.5249927321853036,62995,4095.885312,MB,58477.0,4.095885312,context_0000,What is the value associated with key E6E8215D3B1F? Return only the value.,8622.784512,['8A0E9A7D509D'],32
4096.0,27777.0,synthetic_kv_64k,8.622784512,,6F9A376048D4,147.456,27777.0,0.5249927321853036,62995,4095.885312,MB,58477.0,4.095885312,context_0000,What is the value associated with key 004ED3D877A8? Return only the value.,8622.784512,['F00FE59FC1C2'],32
4096.0,27777.0,synthetic_kv_64k,8.622784512,,6E76A6340D1A,147.456,27777.0,0.5249927321853036,62995,4095.885312,MB,58477.0,4.095885312,context_0000,What is the value associated with key ADB6C65DE86E? Return only the value.,8622.784512,['6E76A6340D1A'],32
4096.0,27777.0,synthetic_kv_64k,8.622784512,,DD76A972A87E,147.456,27777.0,0.5249927321853036,62995,4095.885312,MB,58477.0,4.095885312,context_0000,What is the value associated with key 6BB185A4B0CB? Return only the value.,8622.784512,['DFF45ED10E7F'],32
4096.0,27777.0,synthetic_kv_64k,8.622784512,,6DD087A20E22,147.456,27777.0,0.5249927321853036,62995,4095.885312,MB,58477.0,4.095885312,context_0000,What is the value associated with key B2980B1EC578? Return only the value.,8622.784512,['6DD087A20E22'],32
4096.0,27777.0,synthetic_kv_64k,8.622784512,,2DBB2138E2E6,147.456,27777.0,0.5249927321853036,62995,4095.885312,MB,58477.0,4.095885312,context_0000,What is the value associated with key F03C3ABF9C65? Return only the value.,8622.784512,['7B6CCD638BA8'],32
4096.0,27777.0,synthetic_kv_64k,8.622784512,,59BB6198B718,147.456,27777.0,0.5249927321853036,62995,4095.885312,MB,58477.0,4.095885312,context_0000,What is the value associated with key C4C7CA20508D? Return only the value.,8622.784512,['59BB6198B718'],32
4096.0,27777.0,synthetic_kv_64k,8.622784512,,E8FB3B85F6E1,147.456,27777.0,0.5249927321853036,62995,4095.885312,MB,58477.0,4.095885312,context_0000,What is the value associated with key CDFB96CBDAFB? Return only the value.,8622.784512,['E869BDCBFFFC'],32
4096.0,27777.0,synthetic_kv_64k,8.622784512,,937CB25B6DE7,147.456,27777.0,0.5249927321853036,62995,4095.885312,MB,58477.0,4.095885312,context_0000,What is the value associated with key D652C2F43C10? Return only the value.,8622.784512,['937CB25B6DE7'],32
4096.0,27777.0,synthetic_kv_64k,8.622784512,,4128224629CD,147.456,27777.0,0.5249927321853036,62995,4095.885312,MB,58477.0,4.095885312,context_0000,What is the value associated with key 6CEC1903F9B3? Return only the value.,8622.784512,['4128224629CD'],32
4096.0,27777.0,synthetic_kv_64k,8.622784512,,27758D2CFE83,147.456,27777.0,0.5249927321853036,62995,4095.885312,MB,58477.0,4.095885312,context_0000,What is the value associated with key C40F7A25ED81? Return only the value.,8622.784512,['E8FB3B85F6E1'],32
4096.0,27777.0,synthetic_kv_64k,8.622784512,,3B23B9A4DE2B,147.456,27777.0,0.5249927321853036,62995,4095.885312,MB,58477.0,4.095885312,context_0000,What is the value associated with key 1575DBEAE9F8? Return only the value.,8622.784512,['992948842A14'],32
4096.0,27777.0,synthetic_kv_64k,8.622784512,,41FF689D1205,147.456,27777.0,0.5249927321853036,62995,4095.885312,MB,58477.0,4.095885312,context_0000,What is the value associated with key 8B31E073C1D0? Return only the value.,8622.784512,['41FF689D1205'],32
4096.0,27777.0,synthetic_kv_64k,8.622784512,,B3DA756EB67D,147.456,27777.0,0.5249927321853036,62995,4095.885312,MB,58477.0,4.095885312,context_0000,What is the value associated with key 01663063AE7F? Return only the value.,8622.784512,['BE5FB58AC738'],32
4096.0,27777.0,synthetic_kv_64k,8.622784512,,0B341111EE29,147.456,27777.0,0.5249927321853036,62995,4095.885312,MB,58477.0,4.095885312,context_0000,What is the value associated with key 01D2CA179780? Return only the value.,8622.784512,['85C593F6F723'],32
4096.0,27777.0,synthetic_kv_64k,8.622784512,,F7336B2B78B9,147.456,27777.0,0.5249927321853036,62995,4095.885312,MB,58477.0,4.095885312,context_0000,What is the value associated with key 850F1E2A03F1? Return only the value.,8622.784512,['600101D77831'],32
4096.0,27777.0,synthetic_kv_64k,8.622784512,,C582058E389E,147.456,27777.0,0.5249927321853036,62995,4095.885312,MB,58477.0,4.095885312,context_0000,What is the value associated with key 3496A79055B0? Return only the value.,8622.784512,['CDE5B0117B0A'],32
4096.0,27777.0,synthetic_kv_64k,8.622784512,,EF4A52CB1AE0,147.456,27777.0,0.5249927321853036,62995,4095.885312,MB,58477.0,4.095885312,context_0000,What is the value associated with key 68AA50DEEF43? Return only the value.,8622.784512,['1B495CBDB682'],32
4096.0,27777.0,synthetic_kv_64k,8.622784512,,95DAA6CDAE3C,147.456,27777.0,0.5249927321853036,62995,4095.885312,MB,58477.0,4.095885312,context_0000,What is the value associated with key 6D13279F91AB? Return only the value.,8622.784512,['95DAA6CDAE3C'],32
4096.0,27777.0,synthetic_kv_64k,8.622784512,,403F4CCF0A4B,147.456,27777.0,0.5249927321853036,62995,4095.885312,MB,58477.0,4.095885312,context_0000,What is the value associated with key 42E440EE131D? Return only the value.,8622.784512,['893EDADFC499'],32
4096.0,27777.0,synthetic_kv_64k,8.622784512,,7B4D58E00357,147.456,27777.0,0.5249927321853036,62995,4095.885312,MB,58477.0,4.095885312,context_0000,What is the value associated with key 908E6C6E8796? Return only the value.,8622.784512,['9CA45D9AD9F1'],32
4096.0,27777.0,synthetic_kv_64k,8.622784512,,7B4D58E0058F,147.456,27777.0,0.5249927321853036,62995,4095.885312,MB,58477.0,4.095885312,context_0000,What is the value associated with key FDE6468B22AF? Return only the value.,8622.784512,['65BFAE3C2CE6'],32
4096.0,27777.0,synthetic_kv_64k,8.622784512,,8D5669C9520F,147.456,27777.0,0.5249927321853036,62995,4095.885312,MB,58477.0,4.095885312,context_0000,What is the value associated with key 3425C145D6BA? Return only the value.,8622.784512,['8D5669C9520F'],32
4096.0,27777.0,synthetic_kv_64k,8.622784512,,58F4591CC524,147.456,27777.0,0.5249927321853036,62995,4095.885312,MB,58477.0,4.095885312,context_0000,What is the value associated with key 8EBCC8A65B85? Return only the value.,8622.784512,['2DC07B8301CF'],32
4096.0,27777.0,synthetic_kv_64k,8.622784512,,50488C38458C,147.456,27777.0,0.5249927321853036,62995,4095.885312,MB,58477.0,4.095885312,context_0000,What is the value associated with key 8F205EC646EB? Return only the value.,8622.784512,['7BD78E0EABB7'],32
4096.0,27777.0,synthetic_kv_64k,8.622784512,,BA5CB8344070,147.456,27777.0,0.5249927321853036,62995,4095.885312,MB,58477.0,4.095885312,context_0000,What is the value associated with key FD0E40F7924B? Return only the value.,8622.784512,['93E04E80D10B'],32
4096.0,27777.0,synthetic_kv_64k,8.622784512,,65EBB49B4B72,147.456,27777.0,0.5249927321853036,62995,4095.885312,MB,58477.0,4.095885312,context_0000,What is the value associated with key C6315827BC1D? Return only the value.,8622.784512,['65EBB49B4B72'],32
4096.0,27777.0,synthetic_kv_64k,8.622784512,,0B6C804E644E,147.456,27777.0,0.5249927321853036,62995,4095.885312,MB,58477.0,4.095885312,context_0000,What is the value associated with key 2358BC5C3CD8? Return only the value.,8622.784512,['DD23DAE13586'],32
4096.0,27777.0,synthetic_kv_64k,8.622784512,,3AD2BF70C042,147.456,27777.0,0.5249927321853036,62995,4095.885312,MB,58477.0,4.095885312,context_0000,What is the value associated with key 1E7CA8C6C2DF? Return only the value.,8622.784512,['3AD2BF70C042'],32
4096.0,27777.0,synthetic_kv_64k,8.622784512,,F301B3061300,147.456,27777.0,0.5249927321853036,62995,4095.885312,MB,58477.0,4.095885312,context_0000,What is the value associated with key C87972540AB7? Return only the value.,8622.784512,['F301B3061300'],32
4096.0,27777.0,synthetic_kv_64k,8.622784512,,3B23B9A4DE2B,147.456,27777.0,0.5249927321853036,62995,4095.885312,MB,58477.0,4.095885312,context_0000,What is the value associated with key 19AB296B67BF? Return only the value.,8622.784512,['822236E6BA85'],32
4096.0,27777.0,synthetic_kv_64k,8.622784512,,8C354ABF6F5C,147.456,27777.0,0.5249927321853036,62995,4095.885312,MB,58477.0,4.095885312,context_0000,What is the value associated with key C93C668B28DA? Return only the value.,8622.784512,['CD0456A3DCCC'],32
4096.0,27777.0,synthetic_kv_64k,8.622784512,,909E8A38D5AA,147.456,27777.0,0.5249927321853036,62995,4095.885312,MB,58477.0,4.095885312,context_0000,What is the value associated with key 9D308CF29000? Return only the value.,8622.784512,['AF3FB2725AA7'],32
4096.0,27777.0,synthetic_kv_64k,8.622784512,,0A35E684588C,147.456,27777.0,0.5249927321853036,62995,4095.885312,MB,58477.0,4.095885312,context_0000,What is the value associated with key 0D53B4F02F6F? Return only the value.,8622.784512,['639C2926205D'],32
4096.0,27777.0,synthetic_kv_64k,8.622784512,,A40DBD64987E,147.456,27777.0,0.5249927321853036,62995,4095.885312,MB,58477.0,4.095885312,context_0000,What is the value associated with key A2C8F6EE137D? Return only the value.,8622.784512,['CDEB015ABA1D'],32
4096.0,27777.0,synthetic_kv_64k,8.622784512,,78BF25343E85,147.456,27777.0,0.5249927321853036,62995,4095.885312,MB,58477.0,4.095885312,context_0000,What is the value associated with key D2C0175194D7? Return only the value.,8622.784512,['78BF25343E85'],32
4096.0,27777.0,synthetic_kv_64k,8.622784512,,58F4591CC524,147.456,27777.0,0.5249927321853036,62995,4095.885312,MB,58477.0,4.095885312,context_0000,What is the value associated with key 99A9ED054732? Return only the value.,8622.784512,['16906F74E55D'],32
4096.0,27777.0,synthetic_kv_64k,8.622784512,,A237D4734534,147.456,27777.0,0.5249927321853036,62995,4095.885312,MB,58477.0,4.095885312,context_0000,What is the value associated with key 4359106793B6? Return only the value.,8622.784512,['5EEF38C5EF5E'],32
4096.0,27777.0,synthetic_kv_64k,8.622784512,,B97809AA5570,147.456,27777.0,0.5249927321853036,62995,4095.885312,MB,58477.0,4.095885312,context_0000,What is the value associated with key 9BE9147D7BFC? Return only the value.,8622.784512,['B97809AA5570'],32
4096.0,27777.0,synthetic_kv_64k,8.622784512,,1E26828E697A,147.456,27777.0,0.5249927321853036,62995,4095.885312,MB,58477.0,4.095885312,context_0000,What is the value associated with key EE416263307C? Return only the value.,8622.784512,['6690FC04CA7A'],32
4096.0,27777.0,synthetic_kv_64k,8.622784512,,54E1143894D4,147.456,27777.0,0.5249927321853036,62995,4095.885312,MB,58477.0,4.095885312,context_0000,What is the value associated with key A7FB9D2CD944? Return only the value.,8622.784512,['495685609E8A'],32
4096.0,27777.0,synthetic_kv_64k,8.622784512,,2CDED1FA82A6,147.456,27777.0,0.5249927321853036,62995,4095.885312,MB,58477.0,4.095885312,context_0000,What is the value associated with key F6A9B62BCCB1? Return only the value.,8622.784512,['0EB598F3F640'],32
4096.0,27777.0,synthetic_kv_64k,8.622784512,,82A6C43082A6,147.456,27777.0,0.5249927321853036,62995,4095.885312,MB,58477.0,4.095885312,context_0000,What is the value associated with key C60BF21A6F38? Return only the value.,8622.784512,['2CDED1FA82A6'],32
4096.0,27777.0,synthetic_kv_64k,8.622784512,,0C36915D9A63,147.456,27777.0,0.5249927321853036,62995,4095.885312,MB,58477.0,4.095885312,context_0000,What is the value associated with key 7E8EA3EA21A2? Return only the value.,8622.784512,['02BD706078EB'],32
4096.0,27777.0,synthetic_kv_64k,8.622784512,,E1AD7463835E,147.456,27777.0,0.5249927321853036,62995,4095.885312,MB,58477.0,4.095885312,context_0000,What is the value associated with key D9BE33A315F3? Return only the value.,8622.784512,['EE46A829907C'],32
4096.0,27777.0,synthetic_kv_64k,8.622784512,,5C17093B4D72,147.456,27777.0,0.5249927321853036,62995,4095.885312,MB,58477.0,4.095885312,context_0000,What is the value associated with key 84A5CDCD0A34? Return only the value.,8622.784512,['31DA4937B90F'],32
4096.0,27777.0,synthetic_kv_64k,8.622784512,,5C17093B4D72,147.456,27777.0,0.5249927321853036,62995,4095.885312,MB,58477.0,4.095885312,context_0000,What is the value associated with key C8B1089A9F4F? Return only the value.,8622.784512,['82B39979CF26'],32
4096.0,27777.0,synthetic_kv_64k,8.622784512,,0F9A8295E9F5,147.456,27777.0,0.5249927321853036,62995,4095.885312,MB,58477.0,4.095885312,context_0000,What is the value associated with key B2CD840C5CB0? Return only the value.,8622.784512,['9D7D3B4EC9F5'],32
4096.0,27777.0,synthetic_kv_64k,8.622784512,,5C17093B4D72,147.456,27777.0,0.5249927321853036,62995,4095.885312,MB,58477.0,4.095885312,context_0000,What is the value associated with key AC8C2B633B18? Return only the value.,8622.784512,['5C17093B4D72'],32
4096.0,27777.0,synthetic_kv_64k,8.622784512,,29C30012D399,147.456,27777.0,0.5249927321853036,62995,4095.885312,MB,58477.0,4.095885312,context_0000,What is the value associated with key A7AF3D3FEC1B? Return only the value.,8622.784512,['F9C30012D399'],32
4096.0,27777.0,synthetic_kv_64k,8.622784512,,46A3FF2F6883,147.456,27777.0,0.5249927321853036,62995,4095.885312,MB,58477.0,4.095885312,context_0000,What is the value associated with key 163B284E4CD4? Return only the value.,8622.784512,['46A3FF2F6883'],32
4096.0,27777.0,synthetic_kv_64k,8.622784512,,6641C798A445: 444444444444,147.456,27777.0,0.5249927321853036,62995,4095.885312,MB,58477.0,4.095885312,context_0000,What is the value associated with key 6641C798A445? Return only the value.,8622.784512,['AB6E5A669316'],32
4096.0,27777.0,synthetic_kv_64k,8.622784512,,50FF6EDABA8C,147.456,27777.0,0.5249927321853036,62995,4095.885312,MB,58477.0,4.095885312,context_0000,What is the value associated with key 67CB65281970? Return only the value.,8622.784512,['33479609598E'],32
4096.0,27777.0,synthetic_kv_64k,8.622784512,,388544848585,147.456,27777.0,0.5249927321853036,62995,4095.885312,MB,58477.0,4.095885312,context_0000,What is the value associated with key 03EF848AC924? Return only the value.,8622.784512,['B420BCA726EB'],32
4096.0,27777.0,synthetic_kv_64k,8.622784512,,0E634453444C,147.456,27777.0,0.5249927321853036,62995,4095.885312,MB,58477.0,4.095885312,context_0000,What is the value associated with key EB4F1190E515? Return only the value.,8622.784512,['8CB217151C03'],32
4096.0,27777.0,synthetic_kv_64k,8.622784512,,5048E18C244C,147.456,27777.0,0.5249927321853036,62995,4095.885312,MB,58477.0,4.095885312,context_0000,What is the value associated with key B9E448D495A4? Return only the value.,8622.784512,['8F22D46B7756'],32
4096.0,27777.0,synthetic_kv_64k,8.622784512,,7B84591CC524,147.456,27777.0,0.5249927321853036,62995,4095.885312,MB,58477.0,4.095885312,context_0000,What is the value associated with key 953BEA3E072A? Return only the value.,8622.784512,['58F4591CC524'],32
4096.0,27777.0,synthetic_kv_64k,8.622784512,,504848585858,147.456,27777.0,0.5249927321853036,62995,4095.885312,MB,58477.0,4.095885312,context_0000,What is the value associated with key D0C5F69A0539? Return only the value.,8622.784512,['39EE46C937E0'],32
4096.0,27777.0,synthetic_kv_64k,8.622784512,,5C07D71173E4,147.456,27777.0,0.5249927321853036,62995,4095.885312,MB,58477.0,4.095885312,context_0000,What is the value associated with key F68A9B3AA1D1? Return only the value.,8622.784512,['746B31CC6738'],32
4096.0,27777.0,synthetic_kv_64k,8.622784512,,6B2D6279403C,147.456,27777.0,0.5249927321853036,62995,4095.885312,MB,58477.0,4.095885312,context_0000,What is the value associated with key 6769EE01B9E0? Return only the value.,8622.784512,['0130932D1648'],32
4096.0,27777.0,synthetic_kv_64k,8.622784512,,81986839F98F,147.456,27777.0,0.5249927321853036,62995,4095.885312,MB,58477.0,4.095885312,context_0000,What is the value associated with key 2CCF42D7F112? Return only the value.,8622.784512,['81986839F98F'],32
4096.0,27777.0,synthetic_kv_64k,8.622784512,,585288548585,147.456,27777.0,0.5249927321853036,62995,4095.885312,MB,58477.0,4.095885312,context_0000,What is the value associated with key 8F021B414999? Return only the value.,8622.784512,['80CF1287E313'],32
4096.0,27777.0,synthetic_kv_64k,8.622784512,,1AE9488309DE,147.456,27777.0,0.5249927321853036,62995,4095.885312,MB,58477.0,4.095885312,context_0000,What is the value associated with key 57084B541670? Return only the value.,8622.784512,['1DF4F26F9B19'],32
4096.0,27777.0,synthetic_kv_64k,8.622784512,,41F8F4EAE769,147.456,27777.0,0.5249927321853036,62995,4095.885312,MB,58477.0,4.095885312,context_0000,What is the value associated with key 8366CD8D9F75? Return only the value.,8622.784512,['41F8F4EAE769'],32
4096.0,27777.0,synthetic_kv_64k,8.622784512,,58F4591CC524,147.456,27777.0,0.5249927321853036,62995,4095.885312,MB,58477.0,4.095885312,context_0000,What is the value associated with key 89B4E048F1DE? Return only the value.,8622.784512,['CB1BD02A6CBB'],32
4096.0,27777.0,synthetic_kv_64k,8.622784512,,44F73CB526D7,147.456,27777.0,0.5249927321853036,62995,4095.885312,MB,58477.0,4.095885312,context_0000,What is the value associated with key 4009932C3EC9? Return only the value.,8622.784512,['7159B1B68ECD'],32
4096.0,27777.0,synthetic_kv_64k,8.622784512,,7BCF902BD154,147.456,27777.0,0.5249927321853036,62995,4095.885312,MB,58477.0,4.095885312,context_0000,What is the value associated with key 6088F74F6900? Return only the value.,8622.784512,['7BCF902BD154'],32
4096.0,27777.0,synthetic_kv_64k,8.622784512,,56F4C1E9C4FA,147.456,27777.0,0.5249927321853036,62995,4095.885312,MB,58477.0,4.095885312,context_0000,What is the value associated with key 3E47C51C91F4? Return only the value.,8622.784512,['56F4C1E9C4FA'],32
4096.0,27777.0,synthetic_kv_64k,8.622784512,,AE7C75771730,147.456,27777.0,0.5249927321853036,62995,4095.885312,MB,58477.0,4.095885312,context_0000,What is the value associated with key C68DF613BDA0? Return only the value.,8622.784512,['AE7C75771730'],32
4096.0,27777.0,synthetic_kv_64k,8.622784512,,DCAD963A4333,147.456,27777.0,0.5249927321853036,62995,4095.885312,MB,58477.0,4.095885312,context_0000,What is the value associated with key E58275F1C654? Return only the value.,8622.784512,['DCAD963A4333'],32
4096.0,27777.0,synthetic_kv_64k,8.622784512,,42001DC3C26E,147.456,27777.0,0.5249927321853036,62995,4095.885312,MB,58477.0,4.095885312,context_0000,What is the value associated with key 7B620700749A? Return only the value.,8622.784512,['42001DC3C26E'],32
4096.0,27777.0,synthetic_kv_64k,8.622784512,,C9E5A237A8C1,147.456,27777.0,0.5249927321853036,62995,4095.885312,MB,58477.0,4.095885312,context_0000,What is the value associated with key 61F6114B3C79? Return only the value.,8622.784512,['C9E5A237A8C1'],32
4096.0,27777.0,synthetic_kv_64k,8.622784512,,3098500E126A,147.456,27777.0,0.5249927321853036,62995,4095.885312,MB,58477.0,4.095885312,context_0000,What is the value associated with key 386AFE83C32A? Return only the value.,8622.784512,['B380AD4A2B3C'],32
4096.0,27777.0,synthetic_kv_64k,8.622784512,,699450D3BA03,147.456,27777.0,0.5249927321853036,62995,4095.885312,MB,58477.0,4.095885312,context_0000,What is the value associated with key CCD73ADCB38C? Return only the value.,8622.784512,['699450D3BA03'],32
4096.0,27777.0,synthetic_kv_64k,8.622784512,,892084399ED9,147.456,27777.0,0.5249927321853036,62995,4095.885312,MB,58477.0,4.095885312,context_0000,What is the value associated with key 5A64F49816AD? Return only the value.,8622.784512,['892084399ED9'],32
4096.0,27777.0,synthetic_kv_64k,8.622784512,,436AD5098E07,147.456,27777.0,0.5249927321853036,62995,4095.885312,MB,58477.0,4.095885312,context_0000,What is the value associated with key B368027D3808? Return only the value.,8622.784512,['436AD5098E07'],32
4096.0,27777.0,synthetic_kv_64k,8.622784512,,53395AE86D18,147.456,27777.0,0.5249927321853036,62995,4095.885312,MB,58477.0,4.095885312,context_0000,What is the value associated with key 498B3F8DCF96? Return only the value.,8622.784512,['662017CF775F'],32
4096.0,27777.0,synthetic_kv_64k,8.622784512,,3E6844588888,147.456,27777.0,0.5249927321853036,62995,4095.885312,MB,58477.0,4.095885312,context_0000,What is the value associated with key BFB0AC777762? Return only the value.,8622.784512,['578CD231F372'],32
4096.0,27777.0,synthetic_kv_64k,8.622784512,,5C2E680E6C3D,147.456,27777.0,0.5249927321853036,62995,4095.885312,MB,58477.0,4.095885312,context_0000,What is the value associated with key 8DF713769FF9? Return only the value.,8622.784512,['2DB1EE6FFBEA'],32
4096.0,27777.0,synthetic_kv_64k,8.622784512,,37F35A81762A,147.456,27777.0,0.5249927321853036,62995,4095.885312,MB,58477.0,4.095885312,context_0000,What is the value associated with key 505979FF89D9? Return only the value.,8622.784512,['37F35A81762A'],32
4096.0,27777.0,synthetic_kv_64k,8.622784512,,2ECA44E22691,147.456,27777.0,0.5249927321853036,62995,4095.885312,MB,58477.0,4.095885312,context_0000,What is the value associated with key 92DEE4F1E8E8? Return only the value.,8622.784512,['2ECA44E22691'],32
4096.0,27777.0,synthetic_kv_64k,8.622784512,,58858485848584858485848584858485,147.456,27777.0,0.5249927321853036,62995,4095.885312,MB,58477.0,4.095885312,context_0000,What is the value associated with key BF04F2765513? Return only the value.,8622.784512,['EE25AEE01EC9'],32
4096.0,27777.0,synthetic_kv_64k,8.622784512,,389D808E6444,147.456,27777.0,0.5249927321853036,62995,4095.885312,MB,58477.0,4.095885312,context_0000,What is the value associated with key 30AEE8F10194? Return only the value.,8622.784512,['BCB37FBE6BB3'],32
4096.0,27777.0,synthetic_kv_64k,8.622784512,,3DF7BC45144A,147.456,27777.0,0.5249927321853036,62995,4095.885312,MB,58477.0,4.095885312,context_0000,What is the value associated with key 3C1F331D58BB? Return only the value.,8622.784512,['3DF7BC45144A'],32
4096.0,27777.0,synthetic_kv_64k,8.622784512,,44295844848C,147.456,27777.0,0.5249927321853036,62995,4095.885312,MB,58477.0,4.095885312,context_0000,What is the value associated with key 43F1DF6C0D60? Return only the value.,8622.784512,['3AAD34EF71DF'],32
4096.0,27777.0,synthetic_kv_64k,8.622784512,,D61A3FEC0A37,147.456,27777.0,0.5249927321853036,62995,4095.885312,MB,58477.0,4.095885312,context_0000,What is the value associated with key D5BE33E88249? Return only the value.,8622.784512,['D61A3FEC0A37'],32
4096.0,27777.0,synthetic_kv_64k,8.622784512,,57D4848D0E84,147.456,27777.0,0.5249927321853036,62995,4095.885312,MB,58477.0,4.095885312,context_0000,What is the value associated with key 5B249E5C5DCD? Return only the value.,8622.784512,['C76827EF5357'],32
4096.0,27777.0,synthetic_kv_64k,8.622784512,,1417EB91731A,147.456,27777.0,0.5249927321853036,62995,4095.885312,MB,58477.0,4.095885312,context_0000,What is the value associated with key 1EB01B4FFD5F? Return only the value.,8622.784512,['1417EB91731A'],32
4096.0,27777.0,synthetic_kv_64k,8.622784512,,E4DC8B20CE3E,147.456,27777.0,0.5249927321853036,62995,4095.885312,MB,58477.0,4.095885312,context_0000,What is the value associated with key F4ADAD0205F5? Return only the value.,8622.784512,['7E1FA9D6290D'],32
4096.0,27777.0,synthetic_kv_64k,8.622784512,,DB6AC3A58237,147.456,27777.0,0.5249927321853036,62995,4095.885312,MB,58477.0,4.095885312,context_0000,What is the value associated with key 01B29D23C3CF? Return only the value.,8622.784512,['DB6AC3A58237'],32
4096.0,27777.0,synthetic_kv_64k,8.622784512,,D9170AD1C18C,147.456,27777.0,0.5249927321853036,62995,4095.885312,MB,58477.0,4.095885312,context_0000,What is the value associated with key F53F8A9E0964? Return only the value.,8622.784512,['D9170AD1C18C'],32
4096.0,27777.0,synthetic_kv_64k,8.622784512,,50BF9EE4105D,147.456,27777.0,0.5249927321853036,62995,4095.885312,MB,58477.0,4.095885312,context_0000,What is the value associated with key 5F067B777E71? Return only the value.,8622.784512,['50BF9EE4105D'],32
4096.0,27777.0,synthetic_kv_64k,8.622784512,,E3D40A3D4333,147.456,27777.0,0.5249927321853036,62995,4095.885312,MB,58477.0,4.095885312,context_0000,What is the value associated with key E5EB7E0A04C2? Return only the value.,8622.784512,['E188FC40A3D4'],32
4096.0,27777.0,synthetic_kv_64k,8.622784512,,4654DE67A278,147.456,27777.0,0.5249927321853036,62995,4095.885312,MB,58477.0,4.095885312,context_0000,What is the value associated with key 9313E5A1C6E4? Return only the value.,8622.784512,['4654DE67A278'],32
4096.0,27777.0,synthetic_kv_64k,8.622784512,,5C07D71173E4,147.456,27777.0,0.5249927321853036,62995,4095.885312,MB,58477.0,4.095885312,context_0000,What is the value associated with key 2ED07DA56B6E? Return only the value.,8622.784512,['C3A6FC014A22'],32
4096.0,27777.0,synthetic_kv_64k,8.622784512,,5C07D71173E4,147.456,27777.0,0.5249927321853036,62995,4095.885312,MB,58477.0,4.095885312,context_0000,What is the value associated with key 82D9EA7F6C7D? Return only the value.,8622.784512,['65DB47BF8DB7'],32
4096.0,27777.0,synthetic_kv_64k,8.622784512,,20D493A05478,147.456,27777.0,0.5249927321853036,62995,4095.885312,MB,58477.0,4.095885312,context_0000,What is the value associated with key C00B38DB128D? Return only the value.,8622.784512,['20D493A05478'],32
4096.0,27777.0,synthetic_kv_64k,8.622784512,,5C07D71173E4,147.456,27777.0,0.5249927321853036,62995,4095.885312,MB,58477.0,4.095885312,context_0000,What is the value associated with key 86960DDCA788? Return only the value.,8622.784512,['6C55CC9CF41C'],32
4096.0,27777.0,synthetic_kv_64k,8.622784512,,08568A6FC4B3,147.456,27777.0,0.5249927321853036,62995,4095.885312,MB,58477.0,4.095885312,context_0000,What is the value associated with key F08D7A732F35? Return only the value.,8622.784512,['08568A6FC4B3'],32
4096.0,27777.0,synthetic_kv_64k,8.622784512,,DC4364CAA1C7,147.456,27777.0,0.5249927321853036,62995,4095.885312,MB,58477.0,4.095885312,context_0000,What is the value associated with key 58E780A23721? Return only the value.,8622.784512,['DC4364CAA1C7'],32
4096.0,27777.0,synthetic_kv_64k,8.622784512,,750A2CBFB769,147.456,27777.0,0.5249927321853036,62995,4095.885312,MB,58477.0,4.095885312,context_0000,What is the value associated with key C6A1AFB3E3AD? Return only the value.,8622.784512,['750A2CBFB769'],32
4096.0,27777.0,synthetic_kv_64k,8.622784512,,5808C100488C,147.456,27777.0,0.5249927321853036,62995,4095.885312,MB,58477.0,4.095885312,context_0000,What is the value associated with key 1ED0F9FC6034? Return only the value.,8622.784512,['84A9B2C027E8'],32
4096.0,27777.0,synthetic_kv_64k,8.622784512,,97FA83639007,147.456,27777.0,0.5249927321853036,62995,4095.885312,MB,58477.0,4.095885312,context_0000,What is the value associated with key 50CE75C72FB6? Return only the value.,8622.784512,['0227B0701A53'],32
4096.0,27777.0,synthetic_kv_64k,8.622784512,,01223D48544E,147.456,27777.0,0.5249927321853036,62995,4095.885312,MB,58477.0,4.095885312,context_0000,What is the value associated with key AC920306A258? Return only the value.,8622.784512,['612235F3DE4A'],32
4096.0,27777.0,synthetic_kv_64k,8.622784512,,5C91534FC96D,147.456,27777.0,0.5249927321853036,62995,4095.885312,MB,58477.0,4.095885312,context_0000,What is the value associated with key 19CA94BCF47A? Return only the value.,8622.784512,['5C91534FC96D'],32
4096.0,27777.0,synthetic_kv_64k,8.622784512,,08634494DD5C,147.456,27777.0,0.5249927321853036,62995,4095.885312,MB,58477.0,4.095885312,context_0000,What is the value associated with key DCA19CDF0664? Return only the value.,8622.784512,['2FE9427BBFFB'],32
4096.0,27777.0,synthetic_kv_64k,8.622784512,,444444444444,147.456,27777.0,0.5249927321853036,62995,4095.885312,MB,58477.0,4.095885312,context_0000,What is the value associated with key 434A8C6EA6AD? Return only the value.,8622.784512,['44F73CB526D7'],32
4096.0,27777.0,synthetic_kv_64k,8.622784512,,57D59CF3137E,147.456,27777.0,0.5249927321853036,62995,4095.885312,MB,58477.0,4.095885312,context_0000,What is the value associated with key F56278AA16EA? Return only the value.,8622.784512,['57D59CF3137E'],32
4096.0,27777.0,synthetic_kv_64k,8.622784512,,5417CAAA5B8D,147.456,27777.0,0.5249927321853036,62995,4095.885312,MB,58477.0,4.095885312,context_0000,What is the value associated with key 2F145DAD348E? Return only the value.,8622.784512,['6C877FAF6458'],32
4096.0,27777.0,synthetic_kv_64k,8.622784512,,7B85D5B077E0,147.456,27777.0,0.5249927321853036,62995,4095.885312,MB,58477.0,4.095885312,context_0000,What is the value associated with key 6B4935E574E0? Return only the value.,8622.784512,['C08FB361E70A'],32
4096.0,27777.0,synthetic_kv_64k,8.622784512,,5A628885888C,147.456,27777.0,0.5249927321853036,62995,4095.885312,MB,58477.0,4.095885312,context_0000,What is the value associated with key 5D755F4FAF10? Return only the value.,8622.784512,['668DDAB51D55'],32
4096.0,27777.0,synthetic_kv_64k,8.622784512,,4C7FA3760C2D,147.456,27777.0,0.5249927321853036,62995,4095.885312,MB,58477.0,4.095885312,context_0000,What is the value associated with key 73624795CD1D? Return only the value.,8622.784512,['92472E0D3860'],32
4096.0,27777.0,synthetic_kv_64k,8.622784512,,504884588485,147.456,27777.0,0.5249927321853036,62995,4095.885312,MB,58477.0,4.095885312,context_0000,What is the value associated with key FAB121925613? Return only the value.,8622.784512,['AF9E936DB4A7'],32
4096.0,27777.0,synthetic_kv_64k,8.622784512,,B8871991103F,147.456,27777.0,0.5249927321853036,62995,4095.885312,MB,58477.0,4.095885312,context_0000,What is the value associated with key D06E3A8359B6? Return only the value.,8622.784512,['B8871991103F'],32
4096.0,27777.0,synthetic_kv_64k,8.622784512,,BA2A3C5DBA42,147.456,27777.0,0.5249927321853036,62995,4095.885312,MB,58477.0,4.095885312,context_0000,What is the value associated with key CDD8451B6267? Return only the value.,8622.784512,['8E2A3C5DBA42'],32
4096.0,27777.0,synthetic_kv_64k,8.622784512,,8C5701D909B4,147.456,27777.0,0.5249927321853036,62995,4095.885312,MB,58477.0,4.095885312,context_0000,What is the value associated with key DB376EA5E341? Return only the value.,8622.784512,['3231618192DE'],32
4096.0,27777.0,synthetic_kv_64k,8.622784512,,BD11F58AB7C7,147.456,27777.0,0.5249927321853036,62995,4095.885312,MB,58477.0,4.095885312,context_0000,What is the value associated with key CCCF255603D4? Return only the value.,8622.784512,['BD11F58AB7C7'],32
4096.0,27777.0,synthetic_kv_64k,8.622784512,,027ECE40483B,147.456,27777.0,0.5249927321853036,62995,4095.885312,MB,58477.0,4.095885312,context_0000,What is the value associated with key 79152648C819? Return only the value.,8622.784512,['027ECE40483B'],32
4096.0,27777.0,synthetic_kv_64k,8.622784512,,2BACD6A919E8,147.456,27777.0,0.5249927321853036,62995,4095.885312,MB,58477.0,4.095885312,context_0000,What is the value associated with key 6BE82D36226C? Return only the value.,8622.784512,['226C7FE5A4B6'],32
4096.0,27777.0,synthetic_kv_64k,8.622784512,,A172D9719E00,147.456,27777.0,0.5249927321853036,62995,4095.885312,MB,58477.0,4.095885312,context_0000,What is the value associated with key E4ADFEDD22D9? Return only the value.,8622.784512,['A172D9719E00'],32
4096.0,27777.0,synthetic_kv_64k,8.622784512,,533F4CCF0A4B,147.456,27777.0,0.5249927321853036,62995,4095.885312,MB,58477.0,4.095885312,context_0000,What is the value associated with key 88B3845A91B8? Return only the value.,8622.784512,['50D3B876A455'],32
4096.0,27777.0,synthetic_kv_64k,8.622784512,,403F4CCF0A4B,147.456,27777.0,0.5249927321853036,62995,4095.885312,MB,58477.0,4.095885312,context_0000,What is the value associated with key 7C93C90B9454? Return only the value.,8622.784512,['403F4CCF0A4B'],32
4096.0,27777.0,synthetic_kv_64k,8.622784512,,8E2A3C5DBA42,147.456,27777.0,0.5249927321853036,62995,4095.885312,MB,58477.0,4.095885312,context_0000,What is the value associated with key DBC68FE84E20? Return only the value.,8622.784512,['0C36915D9A63'],32
4096.0,27777.0,synthetic_kv_64k,8.622784512,,29D0B0C77002,147.456,27777.0,0.5249927321853036,62995,4095.885312,MB,58477.0,4.095885312,context_0000,What is the value associated with key 195665FDAADB? Return only the value.,8622.784512,['29D0B0C77002'],32
4096.0,27777.0,synthetic_kv_64k,8.622784512,,4119D0566199,147.456,27777.0,0.5249927321853036,62995,4095.885312,MB,58477.0,4.095885312,context_0000,What is the value associated with key 37280F5E8B47? Return only the value.,8622.784512,['4119D0566199'],32
4096.0,27777.0,synthetic_kv_64k,8.622784512,,18A7A13EA66D,147.456,27777.0,0.5249927321853036,62995,4095.885312,MB,58477.0,4.095885312,context_0000,What is the value associated with key D6C679FE7CCC? Return only the value.,8622.784512,['18A7A13EA66D'],32
4096.0,27777.0,synthetic_kv_64k,8.622784512,,428055AC0D06,147.456,27777.0,0.5249927321853036,62995,4095.885312,MB,58477.0,4.095885312,context_0000,What is the value associated with key BE9D7329AF6E? Return only the value.,8622.784512,['428055AC0D06'],32
4096.0,27777.0,synthetic_kv_64k,8.622784512,,8EB78F73198E,147.456,27777.0,0.5249927321853036,62995,4095.885312,MB,58477.0,4.095885312,context_0000,What is the value associated with key 5C3D5C6801D6? Return only the value.,8622.784512,['8EB78F73198E'],32
4096.0,27777.0,synthetic_kv_64k,8.622784512,,581941F9994A,147.456,27777.0,0.5249927321853036,62995,4095.885312,MB,58477.0,4.095885312,context_0000,What is the value associated with key CF5DEE8D5DAA? Return only the value.,8622.784512,['581941F9994A'],32
4096.0,27777.0,synthetic_kv_64k,8.622784512,,59E11F096B9D,147.456,27777.0,0.5249927321853036,62995,4095.885312,MB,58477.0,4.095885312,context_0000,What is the value associated with key 69690513EDA8? Return only the value.,8622.784512,['59E11F096B9D'],32
4096.0,27777.0,synthetic_kv_64k,8.622784512,,9B07F68ECE81,147.456,27777.0,0.5249927321853036,62995,4095.885312,MB,58477.0,4.095885312,context_0000,What is the value associated with key ADF9DE0BDE18? Return only the value.,8622.784512,['9B07F68ECE81'],32
4096.0,27777.0,synthetic_kv_64k,8.622784512,,849434EF2552,147.456,27777.0,0.5249927321853036,62995,4095.885312,MB,58477.0,4.095885312,context_0000,What is the value associated with key 93AC32EEEB38? Return only the value.,8622.784512,['A65D936DD1A8'],32
4096.0,27777.0,synthetic_kv_64k,8.622784512,,37997685845C,147.456,27777.0,0.5249927321853036,62995,4095.885312,MB,58477.0,4.095885312,context_0000,What is the value associated with key 89D7A62D7221? Return only the value.,8622.784512,['FAB82CAE93A2'],32
4096.0,27777.0,synthetic_kv_64k,8.622784512,,53395AE86D18,147.456,27777.0,0.5249927321853036,62995,4095.885312,MB,58477.0,4.095885312,context_0000,What is the value associated with key 48DCC7C2564A? Return only the value.,8622.784512,['53395AE86D18'],32
4096.0,27777.0,synthetic_kv_64k,8.622784512,,C6557CCC63DE,147.456,27777.0,0.5249927321853036,62995,4095.885312,MB,58477.0,4.095885312,context_0000,What is the value associated with key 82ACAC565DA6? Return only the value.,8622.784512,['C6557CCC63DE'],32
4096.0,27777.0,synthetic_kv_64k,8.622784512,,4C7FA3760C2D,147.456,27777.0,0.5249927321853036,62995,4095.885312,MB,58477.0,4.095885312,context_0000,What is the value associated with key 726ABC8CFA8F? Return only the value.,8622.784512,['1412E3BEF3D6'],32
4096.0,27777.0,synthetic_kv_64k,8.622784512,,76B849599BED,147.456,27777.0,0.5249927321853036,62995,4095.885312,MB,58477.0,4.095885312,context_0000,What is the value associated with key 9D19618DDE71? Return only the value.,8622.784512,['76B849599BED'],32
4096.0,27777.0,synthetic_kv_64k,8.622784512,,79462514C7CE,147.456,27777.0,0.5249927321853036,62995,4095.885312,MB,58477.0,4.095885312,context_0000,What is the value associated with key F4E3A1B7E3D8? Return only the value.,8622.784512,['DE462514C7CE'],32
4096.0,27777.0,synthetic_kv_64k,8.622784512,,3A743AF7FA21,147.456,27777.0,0.5249927321853036,62995,4095.885312,MB,58477.0,4.095885312,context_0000,What is the value associated with key A3FD2AE63AF6? Return only the value.,8622.784512,['EDB6CEC68CFE'],32
4096.0,27777.0,synthetic_kv_64k,8.622784512,,9CC0A19B224A,147.456,27777.0,0.5249927321853036,62995,4095.885312,MB,58477.0,4.095885312,context_0000,What is the value associated with key 6BFC565F1491? Return only the value.,8622.784512,['9CC0A19B224A'],32
4096.0,27777.0,synthetic_kv_64k,8.622784512,,50FF6EDABA8C,147.456,27777.0,0.5249927321853036,62995,4095.885312,MB,58477.0,4.095885312,context_0000,What is the value associated with key 679F9256D707? Return only the value.,8622.784512,['E835D9518F98'],32
4096.0,27777.0,synthetic_kv_64k,8.622784512,,57F72978CC73,147.456,27777.0,0.5249927321853036,62995,4095.885312,MB,58477.0,4.095885312,context_0000,What is the value associated with key 144012439B0F? Return only the value.,8622.784512,['57F72978CC73'],32
4096.0,27777.0,synthetic_kv_64k,8.622784512,,A72B511EEEB8,147.456,27777.0,0.5249927321853036,62995,4095.885312,MB,58477.0,4.095885312,context_0000,What is the value associated with key 50403A6C7DA6? Return only the value.,8622.784512,['A72B511EEEB8'],32
4096.0,27777.0,synthetic_kv_64k,8.622784512,,9AFA44791214,147.456,27777.0,0.5249927321853036,62995,4095.885312,MB,58477.0,4.095885312,context_0000,What is the value associated with key B5DE4A965478? Return only the value.,8622.784512,['9AFA44791214'],32
4096.0,27777.0,synthetic_kv_64k,8.622784512,,E33F457083E4,147.456,27777.0,0.5249927321853036,62995,4095.885312,MB,58477.0,4.095885312,context_0000,What is the value associated with key 653CA5076897? Return only the value.,8622.784512,['E33F457083E4'],32
4096.0,27777.0,synthetic_kv_64k,8.622784512,,F053DCE0E2BB,147.456,27777.0,0.5249927321853036,62995,4095.885312,MB,58477.0,4.095885312,context_0000,What is the value associated with key C7ED71E4DC42? Return only the value.,8622.784512,['F053DCE0E2BB'],32
4096.0,27777.0,synthetic_kv_64k,8.622784512,,855C96405FCD,147.456,27777.0,0.5249927321853036,62995,4095.885312,MB,58477.0,4.095885312,context_0000,What is the value associated with key BF765CF85EEB? Return only the value.,8622.784512,['855C96405FCD'],32
4096.0,27777.0,synthetic_kv_64k,8.622784512,,2AD569FB2FE6,147.456,27777.0,0.5249927321853036,62995,4095.885312,MB,58477.0,4.095885312,context_0000,What is the value associated with key 7346F72CB6C8? Return only the value.,8622.784512,['2AD569FB2FE6'],32
4096.0,27777.0,synthetic_kv_64k,8.622784512,,0C36915D9A63,147.456,27777.0,0.5249927321853036,62995,4095.885312,MB,58477.0,4.095885312,context_0000,What is the value associated with key DAAD2F132A6D? Return only the value.,8622.784512,['200205E9F407'],32
4096.0,27777.0,synthetic_kv_64k,8.622784512,,406BA97A4F4E,147.456,27777.0,0.5249927321853036,62995,4095.885312,MB,58477.0,4.095885312,context_0000,What is the value associated with key 3C10BA4F4B03? Return only the value.,8622.784512,['406BA97A4F4E'],32
4096.0,27777.0,synthetic_kv_64k,8.622784512,,BFEEB360DFAA,147.456,27777.0,0.5249927321853036,62995,4095.885312,MB,58477.0,4.095885312,context_0000,What is the value associated with key BE6EF0C0804B? Return only the value.,8622.784512,['BFEEB360DFAA'],32
4096.0,27777.0,synthetic_kv_64k,8.622784512,,E3F3F030BFD4,147.456,27777.0,0.5249927321853036,62995,4095.885312,MB,58477.0,4.095885312,context_0000,What is the value associated with key 35E8147F1F67? Return only the value.,8622.784512,['65A42ABAA4F9'],32
4096.0,27777.0,synthetic_kv_64k,8.622784512,,EFD11054B2D5,147.456,27777.0,0.5249927321853036,62995,4095.885312,MB,58477.0,4.095885312,context_0000,What is the value associated with key 18761A5ED196? Return only the value.,8622.784512,['EFD11054B2D5'],32
4096.0,27777.0,synthetic_kv_64k,8.622784512,,3B23B9A4DE2B,147.456,27777.0,0.5249927321853036,62995,4095.885312,MB,58477.0,4.095885312,context_0000,What is the value associated with key 7922E0F1E44C? Return only the value.,8622.784512,['0DC78C662766'],32
4096.0,27777.0,synthetic_kv_64k,8.622784512,,C9E5A237A8C1,147.456,27777.0,0.5249927321853036,62995,4095.885312,MB,58477.0,4.095885312,context_0000,What is the value associated with key C55B06BFD9C4? Return only the value.,8622.784512,['862365A29CC8'],32
4096.0,27777.0,synthetic_kv_64k,8.622784512,,58485848584858485848584858485848,147.456,27777.0,0.5249927321853036,62995,4095.885312,MB,58477.0,4.095885312,context_0000,What is the value associated with key FEFAC3D6CD54? Return only the value.,8622.784512,['1A9B154FF37D'],32
4096.0,27777.0,synthetic_kv_64k,8.622784512,,3F0C3458848C,147.456,27777.0,0.5249927321853036,62995,4095.885312,MB,58477.0,4.095885312,context_0000,What is the value associated with key 9E3B4330125C? Return only the value.,8622.784512,['159527C00F89'],32
4096.0,27777.0,synthetic_kv_64k,8.622784512,,63CCE2AE3F87,147.456,27777.0,0.5249927321853036,62995,4095.885312,MB,58477.0,4.095885312,context_0000,What is the value associated with key EE7CA7A31D25? Return only the value.,8622.784512,['63CCE2AE3F87'],32
4096.0,27777.0,synthetic_kv_64k,8.622784512,,300488848888,147.456,27777.0,0.5249927321853036,62995,4095.885312,MB,58477.0,4.095885312,context_0000,What is the value associated with key 3AB74F32EA54? Return only the value.,8622.784512,['BCD23F5560CD'],32
4096.0,27777.0,synthetic_kv_64k,8.622784512,,3AE02A6524AF,147.456,27777.0,0.5249927321853036,62995,4095.885312,MB,58477.0,4.095885312,context_0000,What is the value associated with key 717248BFB602? Return only the value.,8622.784512,['205CA06109DB'],32
4096.0,27777.0,synthetic_kv_64k,8.622784512,,50FF6EDABA8C,147.456,27777.0,0.5249927321853036,62995,4095.885312,MB,58477.0,4.095885312,context_0000,What is the value associated with key 86D8219B606D? Return only the value.,8622.784512,['2BACD6A919E8'],32
4096.0,27777.0,synthetic_kv_64k,8.622784512,,5B59A9DE5B26,147.456,27777.0,0.5249927321853036,62995,4095.885312,MB,58477.0,4.095885312,context_0000,What is the value associated with key 08FF075072D6? Return only the value.,8622.784512,['5B59A9DE5B26'],32
4096.0,27777.0,synthetic_kv_64k,8.622784512,,7B4D58E0058F,147.456,27777.0,0.5249927321853036,62995,4095.885312,MB,58477.0,4.095885312,context_0000,What is the value associated with key EA4FDC412176? Return only the value.,8622.784512,['DD3E534064B0'],32
4096.0,27777.0,synthetic_kv_64k,8.622784512,,DEF3F99863F2,147.456,27777.0,0.5249927321853036,62995,4095.885312,MB,58477.0,4.095885312,context_0000,What is the value associated with key 779979E546E7? Return only the value.,8622.784512,['DEF3F99863F2'],32
4096.0,27777.0,synthetic_kv_64k,8.622784512,,50488C34585C,147.456,27777.0,0.5249927321853036,62995,4095.885312,MB,58477.0,4.095885312,context_0000,What is the value associated with key EF528A63B93C? Return only the value.,8622.784512,['8C6D45BCF3BA'],32
4096.0,27777.0,synthetic_kv_64k,8.622784512,,7B87C4FEA444,147.456,27777.0,0.5249927321853036,62995,4095.885312,MB,58477.0,4.095885312,context_0000,What is the value associated with key 229671E15B9F? Return only the value.,8622.784512,['F2CFF833EBFB'],32
4096.0,27777.0,synthetic_kv_64k,8.622784512,,8635BC54B8C1,147.456,27777.0,0.5249927321853036,62995,4095.885312,MB,58477.0,4.095885312,context_0000,What is the value associated with key 8A0EB29769B2? Return only the value.,8622.784512,['97402D5245F4'],32
4096.0,27777.0,synthetic_kv_64k,8.622784512,,BFB8A18C5492,147.456,27777.0,0.5249927321853036,62995,4095.885312,MB,58477.0,4.095885312,context_0000,What is the value associated with key 74E098FB4727? Return only the value.,8622.784512,['BFB8A18C5492'],32
4096.0,27777.0,synthetic_kv_64k,8.622784512,,D34884884848,147.456,27777.0,0.5249927321853036,62995,4095.885312,MB,58477.0,4.095885312,context_0000,What is the value associated with key E096A2C723D4? Return only the value.,8622.784512,['6F5A9061498F'],32
4096.0,27777.0,synthetic_kv_64k,8.622784512,,734854848585,147.456,27777.0,0.5249927321853036,62995,4095.885312,MB,58477.0,4.095885312,context_0000,What is the value associated with key A3C986017633? Return only the value.,8622.784512,['88A6A3B81F92'],32
4096.0,27777.0,synthetic_kv_64k,8.622784512,,7B4D58E0058F,147.456,27777.0,0.5249927321853036,62995,4095.885312,MB,58477.0,4.095885312,context_0000,What is the value associated with key E8AF4F45F6F7? Return only the value.,8622.784512,['7B4D58E0058F'],32
4096.0,27777.0,synthetic_kv_64k,8.622784512,,3D8480E6848C,147.456,27777.0,0.5249927321853036,62995,4095.885312,MB,58477.0,4.095885312,context_0000,What is the value associated with key 3A258A27B0B0? Return only the value.,8622.784512,['16EDCE015413'],32
4096.0,27777.0,synthetic_kv_64k,8.622784512,,69865DA3F9CF,147.456,27777.0,0.5249927321853036,62995,4095.885312,MB,58477.0,4.095885312,context_0000,What is the value associated with key 4ED0711DC1DD? Return only the value.,8622.784512,['69865DA3F9CF'],32
4096.0,27777.0,synthetic_kv_64k,8.622784512,,0227B0701A53,147.456,27777.0,0.5249927321853036,62995,4095.885312,MB,58477.0,4.095885312,context_0000,What is the value associated with key 27DD4282B6E4? Return only the value.,8622.784512,['02B34DB6F475'],32
4096.0,27777.0,synthetic_kv_64k,8.622784512,,8C354984168C,147.456,27777.0,0.5249927321853036,62995,4095.885312,MB,58477.0,4.095885312,context_0000,What is the value associated with key 85F800060D5A? Return only the value.,8622.784512,['C21FD0BCBAD5'],32
4096.0,27777.0,synthetic_kv_64k,8.622784512,,49695808D790,147.456,27777.0,0.5249927321853036,62995,4095.885312,MB,58477.0,4.095885312,context_0000,What is the value associated with key 22E4D913057D? Return only the value.,8622.784512,['49695808D790'],32
4096.0,27777.0,synthetic_kv_64k,8.622784512,,B011022111E5,147.456,27777.0,0.5249927321853036,62995,4095.885312,MB,58477.0,4.095885312,context_0000,What is the value associated with key 88FC781D5B6C? Return only the value.,8622.784512,['B011022111E5'],32
4096.0,27777.0,synthetic_kv_64k,8.622784512,,3FBC869C3A8E,147.456,27777.0,0.5249927321853036,62995,4095.885312,MB,58477.0,4.095885312,context_0000,What is the value associated with key 7DEFEC0DFC3A? Return only the value.,8622.784512,['C166F26BCEBF'],32
4096.0,27777.0,synthetic_kv_64k,8.622784512,,C41002568389,147.456,27777.0,0.5249927321853036,62995,4095.885312,MB,58477.0,4.095885312,context_0000,What is the value associated with key 4CB37A211151? Return only the value.,8622.784512,['C41002568389'],32
4096.0,27777.0,synthetic_kv_64k,8.622784512,,BBD06108FFCC,147.456,27777.0,0.5249927321853036,62995,4095.885312,MB,58477.0,4.095885312,context_0000,What is the value associated with key CC476E310234? Return only the value.,8622.784512,['98D54AFCF9E8'],32
4096.0,27777.0,synthetic_kv_64k,8.622784512,,7CAA4E336644,147.456,27777.0,0.5249927321853036,62995,4095.885312,MB,58477.0,4.095885312,context_0000,What is the value associated with key CBF83B30EE97? Return only the value.,8622.784512,['8C5701D909B4'],32
4096.0,27777.0,synthetic_kv_64k,8.622784512,,E1D569678586,147.456,27777.0,0.5249927321853036,62995,4095.885312,MB,58477.0,4.095885312,context_0000,What is the value associated with key 30465FA72012? Return only the value.,8622.784512,['E1D569678586'],32
4096.0,27777.0,synthetic_kv_64k,8.622784512,,3FF9650E78E4,147.456,27777.0,0.5249927321853036,62995,4095.885312,MB,58477.0,4.095885312,context_0000,What is the value associated with key 6FE68F807D8B? Return only the value.,8622.784512,['3FF9650E78E4'],32
4096.0,27777.0,synthetic_kv_64k,8.622784512,,A55FBCB3C168,147.456,27777.0,0.5249927321853036,62995,4095.885312,MB,58477.0,4.095885312,context_0000,What is the value associated with key B70629CC0789? Return only the value.,8622.784512,['A55FBCB3C168'],32
4096.0,27777.0,synthetic_kv_64k,8.622784512,,8B2A2FC6C4E6,147.456,27777.0,0.5249927321853036,62995,4095.885312,MB,58477.0,4.095885312,context_0000,What is the value associated with key D41363C4E76D? Return only the value.,8622.784512,['387860DC12EB'],32
4096.0,27777.0,synthetic_kv_64k,8.622784512,,A0156C17E150,147.456,27777.0,0.5249927321853036,62995,4095.885312,MB,58477.0,4.095885312,context_0000,What is the value associated with key 14474352ACEA? Return only the value.,8622.784512,['A0156C17E150'],32
4096.0,27777.0,synthetic_kv_64k,8.622784512,,CCAC3B8C80F,147.456,27777.0,0.5249927321853036,62995,4095.885312,MB,58477.0,4.095885312,context_0000,What is the value associated with key 84403D53EC43? Return only the value.,8622.784512,['CCCAC3B8C80F'],32
4096.0,27777.0,synthetic_kv_64k,8.622784512,,B0D5C891D55D,147.456,27777.0,0.5249927321853036,62995,4095.885312,MB,58477.0,4.095885312,context_0000,What is the value associated with key 9CFBE8F2C584? Return only the value.,8622.784512,['B1A5CEBD3B2B'],32
4096.0,27777.0,synthetic_kv_64k,8.622784512,,A60148E09502,147.456,27777.0,0.5249927321853036,62995,4095.885312,MB,58477.0,4.095885312,context_0000,What is the value associated with key 4598AF449605? Return only the value.,8622.784512,['A60148E09502'],32
4096.0,27777.0,synthetic_kv_64k,8.622784512,,180DC55FFDE8,147.456,27777.0,0.5249927321853036,62995,4095.885312,MB,58477.0,4.095885312,context_0000,What is the value associated with key 882DBE3074F8? Return only the value.,8622.784512,['44D1CF0E1567'],32
4096.0,27777.0,synthetic_kv_64k,8.622784512,,1186DA7DCC53,147.456,27777.0,0.5249927321853036,62995,4095.885312,MB,58477.0,4.095885312,context_0000,What is the value associated with key 302069B41194? Return only the value.,8622.784512,['1186DA7DCC53'],32
4096.0,27777.0,synthetic_kv_64k,8.622784512,,27AD98A15E4F,147.456,27777.0,0.5249927321853036,62995,4095.885312,MB,58477.0,4.095885312,context_0000,What is the value associated with key 22F92EB23CA3? Return only the value.,8622.784512,['1C404A22EAE9'],32
4096.0,27777.0,synthetic_kv_64k,8.622784512,,5C07D71173E4,147.456,27777.0,0.5249927321853036,62995,4095.885312,MB,58477.0,4.095885312,context_0000,What is the value associated with key 7491A30B669C? Return only the value.,8622.784512,['73E89E2383D0'],32
4096.0,27777.0,synthetic_kv_64k,8.622784512,,7DF39F6CCAB4,147.456,27777.0,0.5249927321853036,62995,4095.885312,MB,58477.0,4.095885312,context_0000,What is the value associated with key B35245AA9503? Return only the value.,8622.784512,['7DF39F6CCAB4'],32
4096.0,27777.0,synthetic_kv_64k,8.622784512,,26F304F718C8,147.456,27777.0,0.5249927321853036,62995,4095.885312,MB,58477.0,4.095885312,context_0000,What is the value associated with key 52153012F819? Return only the value.,8622.784512,['26F304F718C8'],32
4096.0,27777.0,synthetic_kv_64k,8.622784512,,05AA88F3D7EA,147.456,27777.0,0.5249927321853036,62995,4095.885312,MB,58477.0,4.095885312,context_0000,What is the value associated with key F83F0CB4AFE1? Return only the value.,8622.784512,['05AA88F3D7EA'],32
4096.0,27777.0,synthetic_kv_64k,8.622784512,,48381A2E9864,147.456,27777.0,0.5249927321853036,62995,4095.885312,MB,58477.0,4.095885312,context_0000,What is the value associated with key F8EA2F999B2A? Return only the value.,8622.784512,['48381A2E9864'],32
4096.0,27777.0,synthetic_kv_64k,8.622784512,,1890F2BE029F,147.456,27777.0,0.5249927321853036,62995,4095.885312,MB,58477.0,4.095885312,context_0000,What is the value associated with key 200244E9F8FB? Return only the value.,8622.784512,['703CB71714CD'],32
4096.0,27777.0,synthetic_kv_64k,8.622784512,,1890F2BE029F,147.456,27777.0,0.5249927321853036,62995,4095.885312,MB,58477.0,4.095885312,context_0000,What is the value associated with key 0219BA23B07A? Return only the value.,8622.784512,['17173B997815'],32
4096.0,27777.0,synthetic_kv_64k,8.622784512,,CB5D2AD820CA,147.456,27777.0,0.5249927321853036,62995,4095.885312,MB,58477.0,4.095885312,context_0000,What is the value associated with key 03C5269334EF? Return only the value.,8622.784512,['37997E5B3AC9'],32
4096.0,27777.0,synthetic_kv_64k,8.622784512,,5C4432DF8D45,147.456,27777.0,0.5249927321853036,62995,4095.885312,MB,58477.0,4.095885312,context_0000,What is the value associated with key 6B95578799D9? Return only the value.,8622.784512,['C9254FC37D4E'],32
4096.0,27777.0,synthetic_kv_64k,8.622784512,,7B1D2286E3F8,147.456,27777.0,0.5249927321853036,62995,4095.885312,MB,58477.0,4.095885312,context_0000,What is the value associated with key 7F96CCA99089? Return only the value.,8622.784512,['5F13FF7A884D'],32
4096.0,27777.0,synthetic_kv_64k,8.622784512,,784885804585,147.456,27777.0,0.5249927321853036,62995,4095.885312,MB,58477.0,4.095885312,context_0000,What is the value associated with key B26A76B40672? Return only the value.,8622.784512,['081FCA9ACF77'],32
4096.0,27777.0,synthetic_kv_64k,8.622784512,,C025D7F2A678,147.456,27777.0,0.5249927321853036,62995,4095.885312,MB,58477.0,4.095885312,context_0000,What is the value associated with key 1489548B2CE3? Return only the value.,8622.784512,['C025D7F2A678'],32
4096.0,27777.0,synthetic_kv_64k,8.622784512,,44390E588770,147.456,27777.0,0.5249927321853036,62995,4095.885312,MB,58477.0,4.095885312,context_0000,What is the value associated with key 2566F39EF1BE? Return only the value.,8622.784512,['44390E588770'],32
4096.0,27777.0,synthetic_kv_64k,8.622784512,,8B0E12464474,147.456,27777.0,0.5249927321853036,62995,4095.885312,MB,58477.0,4.095885312,context_0000,What is the value associated with key 6475C6913069? Return only the value.,8622.784512,['8B0E12464474'],32
4096.0,27777.0,synthetic_kv_64k,8.622784512,,C08FB361E70A,147.456,27777.0,0.5249927321853036,62995,4095.885312,MB,58477.0,4.095885312,context_0000,What is the value associated with key 2E7D785B8A07? Return only the value.,8622.784512,['E54C3133839E'],32
4096.0,27777.0,synthetic_kv_64k,8.622784512,,61AFD13757E1,147.456,27777.0,0.5249927321853036,62995,4095.885312,MB,58477.0,4.095885312,context_0000,What is the value associated with key 4005D76F1E65? Return only the value.,8622.784512,['61AFD13757E1'],32
4096.0,27777.0,synthetic_kv_64k,8.622784512,,F97F1F38DF55,147.456,27777.0,0.5249927321853036,62995,4095.885312,MB,58477.0,4.095885312,context_0000,What is the value associated with key 033AD4085391? Return only the value.,8622.784512,['F97F1F38DF55'],32
4096.0,27777.0,synthetic_kv_64k,8.622784512,,37997D645C15,147.456,27777.0,0.5249927321853036,62995,4095.885312,MB,58477.0,4.095885312,context_0000,What is the value associated with key B6F5C4A531CD? Return only the value.,8622.784512,['62823FBBFF57'],32
4096.0,27777.0,synthetic_kv_64k,8.622784512,,E36708858F7E,147.456,27777.0,0.5249927321853036,62995,4095.885312,MB,58477.0,4.095885312,context_0000,What is the value associated with key F997C56F05E6? Return only the value.,8622.784512,['3F467165E36B'],32
4096.0,27777.0,synthetic_kv_64k,8.622784512,,32FD08942176,147.456,27777.0,0.5249927321853036,62995,4095.885312,MB,58477.0,4.095885312,context_0000,What is the value associated with key FE99BCD49975? Return only the value.,8622.784512,['32FD08942176'],32
4096.0,27777.0,synthetic_kv_64k,8.622784512,,180DC55FFDE8,147.456,27777.0,0.5249927321853036,62995,4095.885312,MB,58477.0,4.095885312,context_0000,What is the value associated with key BC3E75F94230? Return only the value.,8622.784512,['180DC55FFDE8'],32
4096.0,27777.0,synthetic_kv_64k,8.622784512,,5F9434EF2552,147.456,27777.0,0.5249927321853036,62995,4095.885312,MB,58477.0,4.095885312,context_0000,What is the value associated with key AA7F85695F97? Return only the value.,8622.784512,['355CFB6BF1DC'],32
4096.0,27777.0,synthetic_kv_64k,8.622784512,,F612AE7300EB,147.456,27777.0,0.5249927321853036,62995,4095.885312,MB,58477.0,4.095885312,context_0000,What is the value associated with key 639D790B185C? Return only the value.,8622.784512,['F612AE7300EB'],32
4096.0,27777.0,synthetic_kv_64k,8.622784512,,E49A52B444E8,147.456,27777.0,0.5249927321853036,62995,4095.885312,MB,58477.0,4.095885312,context_0000,What is the value associated with key EFAB4FE66636? Return only the value.,8622.784512,['289A52B444E8'],32
4096.0,27777.0,synthetic_kv_64k,8.622784512,,BEA60ACCB23C,147.456,27777.0,0.5249927321853036,62995,4095.885312,MB,58477.0,4.095885312,context_0000,What is the value associated with key BA6DA110E887? Return only the value.,8622.784512,['BEA60ACCB23C'],32
4096.0,27777.0,synthetic_kv_64k,8.622784512,,1F44855B6C5B,147.456,27777.0,0.5249927321853036,62995,4095.885312,MB,58477.0,4.095885312,context_0000,What is the value associated with key 8CB1EFFAD15B? Return only the value.,8622.784512,['1F44855B6C5B'],32
4096.0,27777.0,synthetic_kv_64k,8.622784512,,4C7FA3760C2D,147.456,27777.0,0.5249927321853036,62995,4095.885312,MB,58477.0,4.095885312,context_0000,What is the value associated with key 7B3140D91A8E? Return only the value.,8622.784512,['4C7FA3760C2D'],32
4096.0,27777.0,synthetic_kv_64k,8.622784512,,0D55E3347BAC,147.456,27777.0,0.5249927321853036,62995,4095.885312,MB,58477.0,4.095885312,context_0000,What is the value associated with key 5C4432DF8D45? Return only the value.,8622.784512,['0D55E3347BAC'],32
4096.0,27777.0,synthetic_kv_64k,8.622784512,,F92837C0F87A,147.456,27777.0,0.5249927321853036,62995,4095.885312,MB,58477.0,4.095885312,context_0000,What is the value associated with key AAACDD18AB28? Return only the value.,8622.784512,['F92837C0F87A'],32
4096.0,27777.0,synthetic_kv_64k,8.622784512,,6F25A206527C,147.456,27777.0,0.5249927321853036,62995,4095.885312,MB,58477.0,4.095885312,context_0000,What is the value associated with key 3C681CE8E12F? Return only the value.,8622.784512,['6F25A206527C'],32
4096.0,27777.0,synthetic_kv_64k,8.622784512,,CB5D2AD820CA,147.456,27777.0,0.5249927321853036,62995,4095.885312,MB,58477.0,4.095885312,context_0000,What is the value associated with key 03DB531350E0? Return only the value.,8622.784512,['CB5D2AD820CA'],32
4096.0,27777.0,synthetic_kv_64k,8.622784512,,65531EA15B0F,147.456,27777.0,0.5249927321853036,62995,4095.885312,MB,58477.0,4.095885312,context_0000,What is the value associated with key 95AE46AE7E06? Return only the value.,8622.784512,['65531EA15B0F'],32
4096.0,27777.0,synthetic_kv_64k,8.622784512,,F80502493A09,147.456,27777.0,0.5249927321853036,62995,4095.885312,MB,58477.0,4.095885312,context_0000,What is the value associated with key 3E3BCA0553A2? Return only the value.,8622.784512,['F80502493A09'],32
4096.0,27777.0,synthetic_kv_64k,8.622784512,,B0D5C891D55D,147.456,27777.0,0.5249927321853036,62995,4095.885312,MB,58477.0,4.095885312,context_0000,What is the value associated with key 94C10AC013D5? Return only the value.,8622.784512,['B0D5C891D55D'],32
4096.0,27777.0,synthetic_kv_64k,8.622784512,,27AD98A15E4F,147.456,27777.0,0.5249927321853036,62995,4095.885312,MB,58477.0,4.095885312,context_0000,What is the value associated with key B03B79AB56D1? Return only the value.,8622.784512,['27AD98A15E4F'],32
4096.0,27777.0,synthetic_kv_64k,8.622784512,,937CB25B6DE7,147.456,27777.0,0.5249927321853036,62995,4095.885312,MB,58477.0,4.095885312,context_0000,What is the value associated with key C5525F13FB98? Return only the value.,8622.784512,['3FAC16E827B0'],32
4096.0,27777.0,synthetic_kv_64k,8.622784512,,AF9A17661795,147.456,27777.0,0.5249927321853036,62995,4095.885312,MB,58477.0,4.095885312,context_0000,What is the value associated with key 7FFA285EED0A? Return only the value.,8622.784512,['AF9A17661795'],32
4096.0,27777.0,synthetic_kv_64k,8.622784512,,F83BEE4C1B18,147.456,27777.0,0.5249927321853036,62995,4095.885312,MB,58477.0,4.095885312,context_0000,What is the value associated with key 56A29E5F8273? Return only the value.,8622.784512,['F83BEE4C1B18'],32
4096.0,27777.0,synthetic_kv_64k,8.622784512,,0F5FA008AC20,147.456,27777.0,0.5249927321853036,62995,4095.885312,MB,58477.0,4.095885312,context_0000,What is the value associated with key C272FF39A117? Return only the value.,8622.784512,['0F5FA008AC20'],32
4096.0,27777.0,synthetic_kv_64k,8.622784512,,2767A502DC4B,147.456,27777.0,0.5249927321853036,62995,4095.885312,MB,58477.0,4.095885312,context_0000,What is the value associated with key 5B030F4D6C40? Return only the value.,8622.784512,['2767A502DC4B'],32
4096.0,27777.0,synthetic_kv_64k,8.622784512,,1B7ECA9D8831,147.456,27777.0,0.5249927321853036,62995,4095.885312,MB,58477.0,4.095885312,context_0000,What is the value associated with key 894EB38A3DB1? Return only the value.,8622.784512,['1B7ECA9D8831'],32
4096.0,27777.0,synthetic_kv_64k,8.622784512,,51153B90908E,147.456,27777.0,0.5249927321853036,62995,4095.885312,MB,58477.0,4.095885312,context_0000,What is the value associated with key 7CE320363A73? Return only the value.,8622.784512,['51153B90908E'],32
4096.0,27777.0,synthetic_kv_64k,8.622784512,,A507C9DF301E,147.456,27777.0,0.5249927321853036,62995,4095.885312,MB,58477.0,4.095885312,context_0000,What is the value associated with key 8EF0FB4F1972? Return only the value.,8622.784512,['A507C9DF301E'],32
4096.0,27777.0,synthetic_kv_64k,8.622784512,,A1A278E89E1A,147.456,27777.0,0.5249927321853036,62995,4095.885312,MB,58477.0,4.095885312,context_0000,What is the value associated with key 58E9C1B6EDD4? Return only the value.,8622.784512,['E44CCE36E92A'],32
4096.0,27777.0,synthetic_kv_64k,8.622784512,,057731662C94,147.456,27777.0,0.5249927321853036,62995,4095.885312,MB,58477.0,4.095885312,context_0000,What is the value associated with key BBB2704FE1A8? Return only the value.,8622.784512,['057731662C94'],32
4096.0,27777.0,synthetic_kv_64k,8.622784512,,B9725BB0DD76,147.456,27777.0,0.5249927321853036,62995,4095.885312,MB,58477.0,4.095885312,context_0000,What is the value associated with key 60B5B072AFC8? Return only the value.,8622.784512,['B9725BB0DD76'],32
4096.0,27777.0,synthetic_kv_64k,8.622784512,,0A1BE60EC813,147.456,27777.0,0.5249927321853036,62995,4095.885312,MB,58477.0,4.095885312,context_0000,What is the value associated with key 402D227DCECC? Return only the value.,8622.784512,['0A1BE60EC813'],32
4096.0,27777.0,synthetic_kv_64k,8.622784512,,8F1C70000009,147.456,27777.0,0.5249927321853036,62995,4095.885312,MB,58477.0,4.095885312,context_0000,What is the value associated with key B4E57C3CC2BC? Return only the value.,8622.784512,['8F1C70000009'],32
4096.0,27777.0,synthetic_kv_64k,8.622784512,,7D76B271115B,147.456,27777.0,0.5249927321853036,62995,4095.885312,MB,58477.0,4.095885312,context_0000,What is the value associated with key 8AF04B726A7C? Return only the value.,8622.784512,['7D76B271115B'],32
4096.0,27777.0,synthetic_kv_64k,8.622784512,,8B2A2FC6C4E6,147.456,27777.0,0.5249927321853036,62995,4095.885312,MB,58477.0,4.095885312,context_0000,What is the value associated with key 911330952621? Return only the value.,8622.784512,['8B2A2FC6C4E6'],32
4096.0,27777.0,synthetic_kv_64k,8.622784512,,77E8BB7EB979,147.456,27777.0,0.5249927321853036,62995,4095.885312,MB,58477.0,4.095885312,context_0000,What is the value associated with key 52DC59008D65? Return only the value.,8622.784512,['77E8BB7EB979'],32
4096.0,27777.0,synthetic_kv_64k,8.622784512,,9943D4D353A5,147.456,27777.0,0.5249927321853036,62995,4095.885312,MB,58477.0,4.095885312,context_0000,What is the value associated with key DE1F467BA9E5? Return only the value.,8622.784512,['9943D4D353A5'],32
4096.0,27777.0,synthetic_kv_64k,8.622784512,,5C4432DF8D45,147.456,27777.0,0.5249927321853036,62995,4095.885312,MB,58477.0,4.095885312,context_0000,What is the value associated with key DC4DEA1AF7D2? Return only the value.,8622.784512,['290C8DF50B01'],32
4096.0,27777.0,synthetic_kv_64k,8.622784512,,8C445654544C,147.456,27777.0,0.5249927321853036,62995,4095.885312,MB,58477.0,4.095885312,context_0000,What is the value associated with key 87F811A1E557? Return only the value.,8622.784512,['730A27AFBFF9'],32
4096.0,27777.0,synthetic_kv_64k,8.622784512,,8AA6436ADB9D,147.456,27777.0,0.5249927321853036,62995,4095.885312,MB,58477.0,4.095885312,context_0000,What is the value associated with key D1C54BB13407? Return only the value.,8622.784512,['8AA6436ADB9D'],32
4096.0,27777.0,synthetic_kv_64k,8.622784512,,C6A2002F2CA4,147.456,27777.0,0.5249927321853036,62995,4095.885312,MB,58477.0,4.095885312,context_0000,What is the value associated with key 743E5DFB1922? Return only the value.,8622.784512,['C6A2002F2CA4'],32
4096.0,27777.0,synthetic_kv_64k,8.622784512,,BBD06108FFCC,147.456,27777.0,0.5249927321853036,62995,4095.885312,MB,58477.0,4.095885312,context_0000,What is the value associated with key 8186A355AD05? Return only the value.,8622.784512,['BBD06108FFCC'],32
4096.0,27777.0,synthetic_kv_64k,8.622784512,,9EA604CAD30A,147.456,27777.0,0.5249927321853036,62995,4095.885312,MB,58477.0,4.095885312,context_0000,What is the value associated with key E2072F7F2CD7? Return only the value.,8622.784512,['9EA604CAD30A'],32
4096.0,27777.0,synthetic_kv_64k,8.622784512,,57E89D3F0C3E,147.456,27777.0,0.5249927321853036,62995,4095.885312,MB,58477.0,4.095885312,context_0000,What is the value associated with key 5D34DB592A19? Return only the value.,8622.784512,['9EC5C6A90598'],32
4096.0,27777.0,synthetic_kv_64k,8.622784512,,1037B893B08A,147.456,27777.0,0.5249927321853036,62995,4095.885312,MB,58477.0,4.095885312,context_0000,What is the value associated with key 52193D211DAF? Return only the value.,8622.784512,['1037B893B08A'],32
4096.0,27777.0,synthetic_kv_64k,8.622784512,,7B4D58E0058F,147.456,27777.0,0.5249927321853036,62995,4095.885312,MB,58477.0,4.095885312,context_0000,What is the value associated with key F798A885A7B4? Return only the value.,8622.784512,['D1AD89F90DE9'],32
4096.0,27777.0,synthetic_kv_64k,8.622784512,,AEE786296FBE,147.456,27777.0,0.5249927321853036,62995,4095.885312,MB,58477.0,4.095885312,context_0000,What is the value associated with key 309B63329992? Return only the value.,8622.784512,['AEE786296FBE'],32
4096.0,27777.0,synthetic_kv_64k,8.622784512,,27758D2CFE83,147.456,27777.0,0.5249927321853036,62995,4095.885312,MB,58477.0,4.095885312,context_0000,What is the value associated with key C4077F5F61AA? Return only the value.,8622.784512,['27758D2CFE83'],32
4096.0,27777.0,synthetic_kv_64k,8.622784512,,E4DC8B20CE3E,147.456,27777.0,0.5249927321853036,62995,4095.885312,MB,58477.0,4.095885312,context_0000,What is the value associated with key 487B9CF023DD? Return only the value.,8622.784512,['68E85295EA96'],32
4096.0,27777.0,synthetic_kv_64k,8.622784512,,18A41C4760A5,147.456,27777.0,0.5249927321853036,62995,4095.885312,MB,58477.0,4.095885312,context_0000,What is the value associated with key 5270A41247A2? Return only the value.,8622.784512,['18A41C4760A5'],32
4096.0,27777.0,synthetic_kv_64k,8.622784512,,0B341111EE29,147.456,27777.0,0.5249927321853036,62995,4095.885312,MB,58477.0,4.095885312,context_0000,What is the value associated with key A8AD85F0786A? Return only the value.,8622.784512,['0B341111EE29'],32
4096.0,27777.0,synthetic_kv_64k,8.622784512,,2DBB2138E2E6,147.456,27777.0,0.5249927321853036,62995,4095.885312,MB,58477.0,4.095885312,context_0000,What is the value associated with key F013D5CF3B4C? Return only the value.,8622.784512,['2DBB2138E2E6'],32
4096.0,27777.0,synthetic_kv_64k,8.622784512,,1B6733BB7382,147.456,27777.0,0.5249927321853036,62995,4095.885312,MB,58477.0,4.095885312,context_0000,What is the value associated with key 0801DF9D3910? Return only the value.,8622.784512,['1B6733BB7382'],32
4096.0,27777.0,synthetic_kv_64k,8.622784512,,08251947EA42,147.456,27777.0,0.5249927321853036,62995,4095.885312,MB,58477.0,4.095885312,context_0000,What is the value associated with key 310D7C413A2A? Return only the value.,8622.784512,['08251947EA42'],32
4096.0,27777.0,synthetic_kv_64k,8.622784512,,637BD617B9C0,147.456,27777.0,0.5249927321853036,62995,4095.885312,MB,58477.0,4.095885312,context_0000,What is the value associated with key A449922DDAB6? Return only the value.,8622.784512,['637BD617B9C0'],32
4096.0,27777.0,synthetic_kv_64k,8.622784512,,7FBCA3760C2D,147.456,27777.0,0.5249927321853036,62995,4095.885312,MB,58477.0,4.095885312,context_0000,What is the value associated with key 7D6AA86D8706? Return only the value.,8622.784512,['9FBC869C3A8E'],32
4096.0,27777.0,synthetic_kv_64k,8.622784512,,0C904185300D,147.456,27777.0,0.5249927321853036,62995,4095.885312,MB,58477.0,4.095885312,context_0000,What is the value associated with key 971DB38950CE? Return only the value.,8622.784512,['0C904185300D'],32
4096.0,27777.0,synthetic_kv_64k,8.622784512,,B7C49B1FC6D1,147.456,27777.0,0.5249927321853036,62995,4095.885312,MB,58477.0,4.095885312,context_0000,What is the value associated with key 38815DC96097? Return only the value.,8622.784512,['B7C49B1FC6D1'],32
4096.0,27777.0,synthetic_kv_64k,8.622784512,,EBC8EE224F70,147.456,27777.0,0.5249927321853036,62995,4095.885312,MB,58477.0,4.095885312,context_0000,What is the value associated with key 03591224CBD2? Return only the value.,8622.784512,['EBC8EE224F70'],32
4096.0,27777.0,synthetic_kv_64k,8.622784512,,EDAB7DCCC026,147.456,27777.0,0.5249927321853036,62995,4095.885312,MB,58477.0,4.095885312,context_0000,What is the value associated with key A7DF356FDC0A? Return only the value.,8622.784512,['EDAB7DCCC026'],32
4096.0,27777.0,synthetic_kv_64k,8.622784512,,C9213F05557C,147.456,27777.0,0.5249927321853036,62995,4095.885312,MB,58477.0,4.095885312,context_0000,What is the value associated with key D503E3C7CA9A? Return only the value.,8622.784512,['77D214780C9D'],32
4096.0,27777.0,synthetic_kv_64k,8.622784512,,3B8E82858C3C,147.456,27777.0,0.5249927321853036,62995,4095.885312,MB,58477.0,4.095885312,context_0000,What is the value associated with key A390CD0FA4A6? Return only the value.,8622.784512,['5C650F8A0C2C'],32
4096.0,27777.0,synthetic_kv_64k,8.622784512,,02B34DB6F475,147.456,27777.0,0.5249927321853036,62995,4095.885312,MB,58477.0,4.095885312,context_0000,What is the value associated with key BE548EDA6433? Return only the value.,8622.784512,['E3F3F030BFD4'],32
4096.0,27777.0,synthetic_kv_64k,8.622784512,,CB535E7B4866,147.456,27777.0,0.5249927321853036,62995,4095.885312,MB,58477.0,4.095885312,context_0000,What is the value associated with key D2706A7BE8B1? Return only the value.,8622.784512,['CB535E7B4866'],32
4096.0,27777.0,synthetic_kv_64k,8.622784512,,9DEFD2DA43EC,147.456,27777.0,0.5249927321853036,62995,4095.885312,MB,58477.0,4.095885312,context_0000,What is the value associated with key 0EECB55BEAAA? Return only the value.,8622.784512,['9DEFD2DA43EC'],32
4096.0,27777.0,synthetic_kv_64k,8.622784512,,BBFB0A683EB8,147.456,27777.0,0.5249927321853036,62995,4095.885312,MB,58477.0,4.095885312,context_0000,What is the value associated with key 876D440C7E5B? Return only the value.,8622.784512,['BBFB0A683EB8'],32
4096.0,27777.0,synthetic_kv_64k,8.622784512,,13F34DCCB05D,147.456,27777.0,0.5249927321853036,62995,4095.885312,MB,58477.0,4.095885312,context_0000,What is the value associated with key D59E1204F4D6? Return only the value.,8622.784512,['13F34DCCB05D'],32
4096.0,27777.0,synthetic_kv_64k,8.622784512,,7B87CAFBC4FE,147.456,27777.0,0.5249927321853036,62995,4095.885312,MB,58477.0,4.095885312,context_0000,What is the value associated with key 3745F1D188B9? Return only the value.,8622.784512,['84FCF5E90352'],32
4096.0,27777.0,synthetic_kv_64k,8.622784512,,4654DE67A278,147.456,27777.0,0.5249927321853036,62995,4095.885312,MB,58477.0,4.095885312,context_0000,What is the value associated with key 19E918DCCEB6? Return only the value.,8622.784512,['3B23B9A4DE2B'],32
4096.0,27777.0,synthetic_kv_64k,8.622784512,,317030807A5D,147.456,27777.0,0.5249927321853036,62995,4095.885312,MB,58477.0,4.095885312,context_0000,What is the value associated with key 62A5881AF04F? Return only the value.,8622.784512,['317030807A5D'],32
4096.0,27777.0,synthetic_kv_64k,8.622784512,,91ED3FAEEF01,147.456,27777.0,0.5249927321853036,62995,4095.885312,MB,58477.0,4.095885312,context_0000,What is the value associated with key A82986B4852C? Return only the value.,8622.784512,['91ED3FAEEF01'],32
4096.0,27777.0,synthetic_kv_64k,8.622784512,,8EF42DCC4095,147.456,27777.0,0.5249927321853036,62995,4095.885312,MB,58477.0,4.095885312,context_0000,What is the value associated with key F28FA0154D65? Return only the value.,8622.784512,['8EF42DCC4095'],32
4096.0,27777.0,synthetic_kv_64k,8.622784512,,BF006A4989A6,147.456,27777.0,0.5249927321853036,62995,4095.885312,MB,58477.0,4.095885312,context_0000,What is the value associated with key 8EE2BFCB3388? Return only the value.,8622.784512,['BF006A4989A6'],32
4096.0,27777.0,synthetic_kv_64k,8.622784512,,9399A37CE1C5,147.456,27777.0,0.5249927321853036,62995,4095.885312,MB,58477.0,4.095885312,context_0000,What is the value associated with key C42B1B02FA24? Return only the value.,8622.784512,['9399A37CE1C5'],32
4096.0,27777.0,synthetic_kv_64k,8.622784512,,5C17093B4D72,147.456,27777.0,0.5249927321853036,62995,4095.885312,MB,58477.0,4.095885312,context_0000,What is the value associated with key ACAB5BA37CB5? Return only the value.,8622.784512,['B3DA756EB67D'],32
4096.0,27777.0,synthetic_kv_64k,8.622784512,,5C650F8A0C2C,147.456,27777.0,0.5249927321853036,62995,4095.885312,MB,58477.0,4.095885312,context_0000,What is the value associated with key 6D54AA4D52A8? Return only the value.,8622.784512,['1AA6E200C157'],32
4096.0,27777.0,synthetic_kv_64k,8.622784512,,77E82E6B77A4,147.456,27777.0,0.5249927321853036,62995,4095.885312,MB,58477.0,4.095885312,context_0000,What is the value associated with key CADE2AB403F6? Return only the value.,8622.784512,['8CCA2E2E77A4'],32
4096.0,27777.0,synthetic_kv_64k,8.622784512,,A85456673E49,147.456,27777.0,0.5249927321853036,62995,4095.885312,MB,58477.0,4.095885312,context_0000,What is the value associated with key 813366CC7376? Return only the value.,8622.784512,['A85456673E49'],32
4096.0,27777.0,synthetic_kv_64k,8.622784512,,9994FF9957A8,147.456,27777.0,0.5249927321853036,62995,4095.885312,MB,58477.0,4.095885312,context_0000,What is the value associated with key 88AD287E4086? Return only the value.,8622.784512,['9994FF9957A8'],32
4096.0,27777.0,synthetic_kv_64k,8.622784512,,E7095A31E916,147.456,27777.0,0.5249927321853036,62995,4095.885312,MB,58477.0,4.095885312,context_0000,What is the value associated with key EEFB71693ED5? Return only the value.,8622.784512,['E7095A31E916'],32
4096.0,27777.0,synthetic_kv_64k,8.622784512,,84A1FDD084A1,147.456,27777.0,0.5249927321853036,62995,4095.885312,MB,58477.0,4.095885312,context_0000,What is the value associated with key 8CD250ADFF63? Return only the value.,8622.784512,['FF31FDD084A1'],32
4096.0,27777.0,synthetic_kv_64k,8.622784512,,698F5F290290,147.456,27777.0,0.5249927321853036,62995,4095.885312,MB,58477.0,4.095885312,context_0000,What is the value associated with key D848531C8812? Return only the value.,8622.784512,['698F5F290290'],32
4096.0,27777.0,synthetic_kv_64k,8.622784512,,D37E6E3B0507,147.456,27777.0,0.5249927321853036,62995,4095.885312,MB,58477.0,4.095885312,context_0000,What is the value associated with key A21CC3A1962D? Return only the value.,8622.784512,['D37E6E3B0507'],32
4096.0,27777.0,synthetic_kv_64k,8.622784512,,3D9F9BC0FA93,147.456,27777.0,0.5249927321853036,62995,4095.885312,MB,58477.0,4.095885312,context_0000,What is the value associated with key 52CDB9D276F4? Return only the value.,8622.784512,['3D9F9BC0FA93'],32
4096.0,27777.0,synthetic_kv_64k,8.622784512,,172E82AA5C46,147.456,27777.0,0.5249927321853036,62995,4095.885312,MB,58477.0,4.095885312,context_0000,What is the value associated with key 8BAE902A405C? Return only the value.,8622.784512,['600436C3FE85'],32
4096.0,27777.0,synthetic_kv_64k,8.622784512,,BE9CED17F6E9,147.456,27777.0,0.5249927321853036,62995,4095.885312,MB,58477.0,4.095885312,context_0000,What is the value associated with key 8CDCC4057420? Return only the value.,8622.784512,['BE9CED17F6E9'],32
4096.0,27777.0,synthetic_kv_64k,8.622784512,,73D0F62ECF88,147.456,27777.0,0.5249927321853036,62995,4095.885312,MB,58477.0,4.095885312,context_0000,What is the value associated with key 5C29410BFC29? Return only the value.,8622.784512,['73D0F62ECF88'],32
4096.0,27777.0,synthetic_kv_64k,8.622784512,,5C07D71173E4,147.456,27777.0,0.5249927321853036,62995,4095.885312,MB,58477.0,4.095885312,context_0000,What is the value associated with key F5B7728F5897? Return only the value.,8622.784512,['000C65A7BA30'],32
4096.0,27777.0,synthetic_kv_64k,8.622784512,,48D3FBA3091F,147.456,27777.0,0.5249927321853036,62995,4095.885312,MB,58477.0,4.095885312,context_0000,What is the value associated with key 08DFB9EFAAD6? Return only the value.,8622.784512,['48D3FBA3091F'],32
4096.0,27777.0,synthetic_kv_64k,8.622784512,,229484820C08,147.456,27777.0,0.5249927321853036,62995,4095.885312,MB,58477.0,4.095885312,context_0000,What is the value associated with key 042C9883E9B1? Return only the value.,8622.784512,['229484820C08'],32
4096.0,27777.0,synthetic_kv_64k,8.622784512,,01AE4D457EA5,147.456,27777.0,0.5249927321853036,62995,4095.885312,MB,58477.0,4.095885312,context_0000,What is the value associated with key E3ECFE503FDC? Return only the value.,8622.784512,['01AE4D457EA5'],32
4096.0,27777.0,synthetic_kv_64k,8.622784512,,36FE38CD9122,147.456,27777.0,0.5249927321853036,62995,4095.885312,MB,58477.0,4.095885312,context_0000,What is the value associated with key FC014CE2AFA2? Return only the value.,8622.784512,['36FE38CD9122'],32
4096.0,27777.0,synthetic_kv_64k,8.622784512,,C582058E389E,147.456,27777.0,0.5249927321853036,62995,4095.885312,MB,58477.0,4.095885312,context_0000,What is the value associated with key 509DDB107E7F? Return only the value.,8622.784512,['C582058E389E'],32
4096.0,27777.0,synthetic_kv_64k,8.622784512,,D284B0916FB7,147.456,27777.0,0.5249927321853036,62995,4095.885312,MB,58477.0,4.095885312,context_0000,What is the value associated with key F17FD26AA790? Return only the value.,8622.784512,['D284B0916FB7'],32
4096.0,27777.0,synthetic_kv_64k,8.622784512,,82E28DBCDE5A,147.456,27777.0,0.5249927321853036,62995,4095.885312,MB,58477.0,4.095885312,context_0000,What is the value associated with key EB4A46A52064? Return only the value.,8622.784512,['82E28DBCDE5A'],32
4096.0,27777.0,synthetic_kv_64k,8.622784512,,9255ED0940F7,147.456,27777.0,0.5249927321853036,62995,4095.885312,MB,58477.0,4.095885312,context_0000,What is the value associated with key 92178E6B3085? Return only the value.,8622.784512,['9255ED0940F7'],32
4096.0,27777.0,synthetic_kv_64k,8.622784512,,75DA09A9161A,147.456,27777.0,0.5249927321853036,62995,4095.885312,MB,58477.0,4.095885312,context_0000,What is the value associated with key 1823279B637C? Return only the value.,8622.784512,['75DA09A9161A'],32
4096.0,27777.0,synthetic_kv_64k,8.622784512,,43D6236EB832,147.456,27777.0,0.5249927321853036,62995,4095.885312,MB,58477.0,4.095885312,context_0000,What is the value associated with key 27F65B0C4170? Return only the value.,8622.784512,['43D6236EB832'],32
4096.0,27777.0,synthetic_kv_64k,8.622784512,,3FF695082801,147.456,27777.0,0.5249927321853036,62995,4095.885312,MB,58477.0,4.095885312,context_0000,What is the value associated with key E3BE5DF924FB? Return only the value.,8622.784512,['3FF695082801'],32
4096.0,27777.0,synthetic_kv_64k,8.622784512,,4CE0CFA28FB8,147.456,27777.0,0.5249927321853036,62995,4095.885312,MB,58477.0,4.095885312,context_0000,What is the value associated with key 41993BA58126? Return only the value.,8622.784512,['4CE0CFA28FB8'],32
4096.0,27777.0,synthetic_kv_64k,8.622784512,,91AE66592D83,147.456,27777.0,0.5249927321853036,62995,4095.885312,MB,58477.0,4.095885312,context_0000,What is the value associated with key 920B17871810? Return only the value.,8622.784512,['91AE66592D83'],32
4096.0,27777.0,synthetic_kv_64k,8.622784512,,13C3BBF8DA91,147.456,27777.0,0.5249927321853036,62995,4095.885312,MB,58477.0,4.095885312,context_0000,What is the value associated with key 37A9EAFA4D5B? Return only the value.,8622.784512,['13C3BBF8DA91'],32
4096.0,27777.0,synthetic_kv_64k,8.622784512,,7B87CAFBC4FE,147.456,27777.0,0.5249927321853036,62995,4095.885312,MB,58477.0,4.095885312,context_0000,What is the value associated with key 531FB93C92D5? Return only the value.,8622.784512,['7B87CAFBC4FE'],32
4096.0,27777.0,synthetic_kv_64k,8.622784512,,E626D3616B3A,147.456,27777.0,0.5249927321853036,62995,4095.885312,MB,58477.0,4.095885312,context_0000,What is the value associated with key 7CFF2C435667? Return only the value.,8622.784512,['E626D3616B3A'],32
4096.0,27777.0,synthetic_kv_64k,8.622784512,,D1CB9383F86D,147.456,27777.0,0.5249927321853036,62995,4095.885312,MB,58477.0,4.095885312,context_0000,What is the value associated with key B3EDB0894DE4? Return only the value.,8622.784512,['D1CB9383F86D'],32
4096.0,27777.0,synthetic_kv_64k,8.622784512,,A46A98611260,147.456,27777.0,0.5249927321853036,62995,4095.885312,MB,58477.0,4.095885312,context_0000,What is the value associated with key 1869E85C1EC9? Return only the value.,8622.784512,['A46A98611260'],32
4096.0,27777.0,synthetic_kv_64k,8.622784512,,CEEFBB1502EA,147.456,27777.0,0.5249927321853036,62995,4095.885312,MB,58477.0,4.095885312,context_0000,What is the value associated with key 09914CE6928B? Return only the value.,8622.784512,['CEEFBB1502EA'],32
4096.0,27777.0,synthetic_kv_64k,8.622784512,,C7B61417182A,147.456,27777.0,0.5249927321853036,62995,4095.885312,MB,58477.0,4.095885312,context_0000,What is the value associated with key 61AD93875413? Return only the value.,8622.784512,['C7B61417182A'],32
4096.0,27777.0,synthetic_kv_64k,8.622784512,,559AC559CD0F,147.456,27777.0,0.5249927321853036,62995,4095.885312,MB,58477.0,4.095885312,context_0000,What is the value associated with key EBFF0E50F355? Return only the value.,8622.784512,['559AC559CD0F'],32
4096.0,27777.0,synthetic_kv_64k,8.622784512,,6F2ED13032DB,147.456,27777.0,0.5249927321853036,62995,4095.885312,MB,58477.0,4.095885312,context_0000,What is the value associated with key E13A5911F42E? Return only the value.,8622.784512,['6F2ED13032DB'],32
4096.0,27777.0,synthetic_kv_64k,8.622784512,,1EDBDE2A2DDF,147.456,27777.0,0.5249927321853036,62995,4095.885312,MB,58477.0,4.095885312,context_0000,What is the value associated with key EE246AA12ABD? Return only the value.,8622.784512,['1EDBDE2A2DDF'],32
4096.0,27777.0,synthetic_kv_64k,8.622784512,,BF673A0A2B59,147.456,27777.0,0.5249927321853036,62995,4095.885312,MB,58477.0,4.095885312,context_0000,What is the value associated with key C538DEAA543E? Return only the value.,8622.784512,['BF673A0A2B59'],32
4096.0,27777.0,synthetic_kv_64k,8.622784512,,EDBC9A307096,147.456,27777.0,0.5249927321853036,62995,4095.885312,MB,58477.0,4.095885312,context_0000,What is the value associated with key D977A71C8948? Return only the value.,8622.784512,['EDBC9A307096'],32
4096.0,27777.0,synthetic_kv_64k,8.622784512,,A1D7C704E80E,147.456,27777.0,0.5249927321853036,62995,4095.885312,MB,58477.0,4.095885312,context_0000,What is the value associated with key A24602ED5D15? Return only the value.,8622.784512,['A1D7C704E80E'],32
4096.0,27777.0,synthetic_kv_64k,8.622784512,,863D4E0648D0,147.456,27777.0,0.5249927321853036,62995,4095.885312,MB,58477.0,4.095885312,context_0000,What is the value associated with key 0DDB61EAAA65? Return only the value.,8622.784512,['863D4E0648D0'],32
4096.0,27777.0,synthetic_kv_64k,8.622784512,,909E8A38D5AA,147.456,27777.0,0.5249927321853036,62995,4095.885312,MB,58477.0,4.095885312,context_0000,What is the value associated with key 51BE0A8AEB94? Return only the value.,8622.784512,['909E8A38D5AA'],32
4096.0,27777.0,synthetic_kv_64k,8.622784512,,B2A0809D6444,147.456,27777.0,0.5249927321853036,62995,4095.885312,MB,58477.0,4.095885312,context_0000,What is the value associated with key 53AB264AE04F? Return only the value.,8622.784512,['B2A0809D6444'],32
4096.0,27777.0,synthetic_kv_64k,8.622784512,,AC730CEEDDC2,147.456,27777.0,0.5249927321853036,62995,4095.885312,MB,58477.0,4.095885312,context_0000,What is the value associated with key 2737388629FF? Return only the value.,8622.784512,['AC730CEEDDC2'],32
4096.0,27777.0,synthetic_kv_64k,8.622784512,,F8966493F5EF,147.456,27777.0,0.5249927321853036,62995,4095.885312,MB,58477.0,4.095885312,context_0000,What is the value associated with key FF53BB48BBBA? Return only the value.,8622.784512,['F8966493F5EF'],32
4096.0,27777.0,synthetic_kv_64k,8.622784512,,9343985A9548,147.456,27777.0,0.5249927321853036,62995,4095.885312,MB,58477.0,4.095885312,context_0000,What is the value associated with key C0BA7213E7CC? Return only the value.,8622.784512,['9343985A9548'],32
4096.0,27777.0,synthetic_kv_64k,8.622784512,,6E9338DA9A90,147.456,27777.0,0.5249927321853036,62995,4095.885312,MB,58477.0,4.095885312,context_0000,What is the value associated with key 170F8135F15A? Return only the value.,8622.784512,['6E9338DA9A90'],32
4096.0,27777.0,synthetic_kv_64k,8.622784512,,25E464F2502E,147.456,27777.0,0.5249927321853036,62995,4095.885312,MB,58477.0,4.095885312,context_0000,What is the value associated with key C94F4A2F3876? Return only the value.,8622.784512,['25E464F2502E'],32
4096.0,27777.0,synthetic_kv_64k,8.622784512,,79D11521AD35,147.456,27777.0,0.5249927321853036,62995,4095.885312,MB,58477.0,4.095885312,context_0000,What is the value associated with key 560F21D72432? Return only the value.,8622.784512,['79D11521AD35'],32
4096.0,27777.0,synthetic_kv_64k,8.622784512,,8C530C9FA6E6,147.456,27777.0,0.5249927321853036,62995,4095.885312,MB,58477.0,4.095885312,context_0000,What is the value associated with key BECC9249EE3A? Return only the value.,8622.784512,['8C530C9FA6E6'],32
4096.0,27777.0,synthetic_kv_64k,8.622784512,,660515C7BC83,147.456,27777.0,0.5249927321853036,62995,4095.885312,MB,58477.0,4.095885312,context_0000,What is the value associated with key 4336663166A7? Return only the value.,8622.784512,['660515C7BC83'],32
4096.0,27777.0,synthetic_kv_64k,8.622784512,,B2A7C6196773,147.456,27777.0,0.5249927321853036,62995,4095.885312,MB,58477.0,4.095885312,context_0000,What is the value associated with key 6F3A80777AC5? Return only the value.,8622.784512,['B2A7C6196773'],32
4096.0,27777.0,synthetic_kv_64k,8.622784512,,7B1D2286E3F8,147.456,27777.0,0.5249927321853036,62995,4095.885312,MB,58477.0,4.095885312,context_0000,What is the value associated with key C3142160446E? Return only the value.,8622.784512,['7B1D2286E3F8'],32
4096.0,27777.0,synthetic_kv_64k,8.622784512,,65337CE4770E,147.456,27777.0,0.5249927321853036,62995,4095.885312,MB,58477.0,4.095885312,context_0000,What is the value associated with key 32B78F2E08D3? Return only the value.,8622.784512,['65337CE4770E'],32
4096.0,27777.0,synthetic_kv_64k,8.622784512,,8FA832339053,147.456,27777.0,0.5249927321853036,62995,4095.885312,MB,58477.0,4.095885312,context_0000,What is the value associated with key 9242A6F9C0E1? Return only the value.,8622.784512,['8FA832339053'],32
4096.0,27777.0,synthetic_kv_64k,8.622784512,,8635BC54B8C1,147.456,27777.0,0.5249927321853036,62995,4095.885312,MB,58477.0,4.095885312,context_0000,What is the value associated with key FF409DB1F7F9? Return only the value.,8622.784512,['8635BC54B8C1'],32
4096.0,27777.0,synthetic_kv_64k,8.622784512,,44291257429E,147.456,27777.0,0.5249927321853036,62995,4095.885312,MB,58477.0,4.095885312,context_0000,What is the value associated with key 3E083F09F7A6? Return only the value.,8622.784512,['44291257429E'],32
4096.0,27777.0,synthetic_kv_64k,8.622784512,,AF4A52CB1AE0,147.456,27777.0,0.5249927321853036,62995,4095.885312,MB,58477.0,4.095885312,context_0000,What is the value associated with key 6E18C6DA85F1? Return only the value.,8622.784512,['AF4A52CB1AE0'],32
